{"type":"FeatureCollection","name":"ne_50m_admin_0_countries","crs":{"type":"name","properties":{"name":"urn:ogc:def:crs:OGC:1.3:CRS84"}},"features":[{"type":"Feature","properties":{"featurecla":"Admin-0 country","scalerank":5,"LABELRANK":3,"SOVEREIGNT":"Venezuela","SOV_A3":"VEN","ADM0_DIF":0,"LEVEL":2,"TYPE":"Sovereign country","TLC":"1","ADMIN":"Venezuela","ADM0_A3":"VEN","GEOU_DIF":0,"GEOUNIT":"Venezuela","GU_A3":"VEN","SU_DIF":0,"SUBUNIT":"Venezuela","SU_A3":"VEN","BRK_DIFF":0,"NAME":"Venezuela","NAME_LONG":"Venezuela","BRK_A3":"VEN","BRK_NAME":"Venezuela","BRK_GROUP":null,"ABBREV":"Ven.","POSTAL":"VE","FORMAL_EN":"Bolivarian Republic of Venezuela","FORMAL_FR":"República Bolivariana de Venezuela","NAME_CIAWF":"Venezuela","NOTE_ADM0":null,"NOTE_BRK":null,"NAME_SORT":"Venezuela, RB","NAME_ALT":null,"MAPCOLOR7":1,"MAPCOLOR8":3,"MAPCOLOR9":1,"MAPCOLOR13":4,"POP_EST":28515829,"POP_RANK":15,"POP_YEAR":2019,"GDP_MD":482359,"GDP_YEAR":2014,"ECONOMY":"5. Emerging region: G20","INCOME_GRP":"3. Upper middle income","FIPS_10":"VE","ISO_A2":"VE","ISO_A2_EH":"VE","ISO_A3":"VEN","ISO_A3_EH":"VEN","ISO_N3":"862","ISO_N3_EH":"862","UN_A3":"862","WB_A2":"VE","WB_A3":"VEN","WOE_ID":23424982,"WOE_ID_EH":23424982,"WOE_NOTE":"Exact WOE match as country","ADM0_ISO":"VEN","ADM0_DIFF":null,"ADM0_TLC":"VEN","ADM0_A3_US":"VEN","ADM0_A3_FR":"VEN","ADM0_A3_RU":"VEN","ADM0_A3_ES":"VEN","ADM0_A3_CN":"VEN","ADM0_A3_TW":"VEN","ADM0_A3_IN":"VEN","ADM0_A3_NP":"VEN","ADM0_A3_PK":"VEN","ADM0_A3_DE":"VEN","ADM0_A3_GB":"VEN","ADM0_A3_BR":"VEN","ADM0_A3_IL":"VEN","ADM0_A3_PS":"VEN","ADM0_A3_SA":"VEN","ADM0_A3_EG":"VEN","ADM0_A3_MA":"VEN","ADM0_A3_PT":"VEN","ADM0_A3_AR":"VEN","ADM0_A3_JP":"VEN","ADM0_A3_KO":"VEN","ADM0_A3_VN":"VEN","ADM0_A3_TR":"VEN","ADM0_A3_ID":"VEN","ADM0_A3_PL":"VEN","ADM0_A3_GR":"VEN","ADM0_A3_IT":"VEN","ADM0_A3_NL":"VEN","ADM0_A3_SE":"VEN","ADM0_A3_BD":"VEN","ADM0_A3_UA":"VEN","ADM0_A3_UN":-99,"ADM0_A3_WB":-99,"CONTINENT":"South America","REGION_UN":"Americas","SUBREGION":"South America","REGION_WB":"Latin America & Caribbean","NAME_LEN":9,"LONG_LEN":9,"ABBREV_LEN":4,"TINY":-99,"HOMEPART":1,"MIN_ZOOM":0,"MIN_LABEL":2.5,"MAX_LABEL":7.5,"LABEL_X":-64.599381,"LABEL_Y":7.182476,"NE_ID":1159321411,"WIKIDATAID":"Q717","NAME_AR":"فنزويلا","NAME_BN":"ভেনেজুয়েলা","NAME_DE":"Venezuela","NAME_EN":"Venezuela","NAME_ES":"Venezuela","NAME_FA":"ونزوئلا","NAME_FR":"Venezuela","NAME_EL":"Βενεζουέλα","NAME_HE":"ונצואלה","NAME_HI":"वेनेज़ुएला","NAME_HU":"Venezuela","NAME_ID":"Venezuela","NAME_IT":"Venezuela","NAME_JA":"ベネズエラ","NAME_KO":"베네수엘라","NAME_NL":"Venezuela","NAME_PL":"Wenezuela","NAME_PT":"Venezuela","NAME_RU":"Венесуэла","NAME_SV":"Venezuela","NAME_TR":"Venezuela","NAME_UK":"Венесуела","NAME_UR":"وینیزویلا","NAME_VI":"Venezuela","NAME_ZH":"委内瑞拉","NAME_ZHT":"委內瑞拉","FCLASS_ISO":"Admin-0 country","TLC_DIFF":null,"FCLASS_TLC":"Admin-0 country","FCLASS_US":null,"FCLASS_FR":null,"FCLASS_RU":null,"FCLASS_ES":null,"FCLASS_CN":null,"FCLASS_TW":null,"FCLASS_IN":null,"FCLASS_NP":null,"FCLASS_PK":null,"FCLASS_DE":null,"FCLASS_GB":null,"FCLASS_BR":null,"FCLASS_IL":null,"FCLASS_PS":null,"FCLASS_SA":null,"FCLASS_EG":null,"FCLASS_MA":null,"FCLASS_PT":null,"FCLASS_AR":null,"FCLASS_JP":null,"FCLASS_KO":null,"FCLASS_VN":null,"FCLASS_TR":null,"FCLASS_ID":null,"FCLASS_PL":null,"FCLASS_GR":null,"FCLASS_IT":null,"FCLASS_NL":null,"FCLASS_SE":null,"FCLASS_BD":null,"FCLASS_UA":null},"bbox":[-73.366211,0.687988,-59.828906,12.177881],"geometry":{"type":"MultiPolygon","coordinates":[[[[-60.821191,9.138379],[-60.941406,9.105566],[-60.939453,9.132324],[-60.907275,9.178711],[-60.844873,9.191797],[-60.821387,9.207666],[-60.781592,9.218359],[-60.758887,9.216455],[-60.73584,9.20332],[-60.790381,9.177197],[-60.821191,9.138379]]],[[[-63.849365,11.131006],[-63.817285,11.000342],[-63.8271,10.97583],[-63.917627,10.887549],[-63.993555,10.881201],[-64.054688,10.884326],[-64.101172,10.901416],[-64.160889,10.958789],[-64.218945,10.941602],[-64.3625,10.961523],[-64.402344,10.981592],[-64.348633,11.051904],[-64.249756,11.080322],[-64.213672,11.086133],[-64.184814,11.042969],[-64.112793,11.005664],[-64.02832,11.001855],[-64.007324,11.068457],[-63.893115,11.167236],[-63.849365,11.131006]]],[[[-65.2125,10.906445],[-65.266406,10.883984],[-65.365234,10.906445],[-65.414648,10.937891],[-65.383203,10.973828],[-65.302344,10.973828],[-65.226562,10.930225],[-65.2125,10.906445]]],[[[-60.9979,8.867334],[-61.059961,8.847021],[-61.069189,8.947314],[-61.050488,8.974365],[-60.944775,9.055029],[-60.91582,9.070312],[-60.89458,9.053369],[-60.899902,9.031885],[-60.84917,8.995703],[-60.861426,8.949609],[-60.916406,8.899268],[-60.9979,8.867334]]],[[[-60.017529,8.549316],[-59.831641,8.305957],[-59.828906,8.27915],[-59.849072,8.248682],[-59.964844,8.191602],[-59.990723,8.162012],[-60.032422,8.053564],[-60.178174,7.994043],[-60.278906,7.919434],[-60.346777,7.854004],[-60.380615,7.827637],[-60.513623,7.813184],[-60.556348,7.772021],[-60.610107,7.64834],[-60.649463,7.596631],[-60.718652,7.535937],[-60.719238,7.498682],[-60.62373,7.36333],[-60.606543,7.32085],[-60.636182,7.256592],[-60.633301,7.211084],[-60.583203,7.156201],[-60.523193,7.143701],[-60.464941,7.166553],[-60.392383,7.164551],[-60.345068,7.15],[-60.325488,7.133984],[-60.32207,7.092041],[-60.3521,7.002881],[-60.39502,6.945361],[-60.586084,6.85708],[-60.671045,6.805957],[-60.71792,6.768311],[-60.82085,6.788477],[-60.87334,6.786914],[-60.913574,6.757812],[-60.937988,6.732764],[-61.00708,6.726611],[-61.104785,6.711377],[-61.145605,6.694531],[-61.177246,6.650928],[-61.203613,6.588379],[-61.181592,6.513379],[-61.151025,6.446533],[-61.152295,6.385107],[-61.128711,6.214307],[-61.159473,6.174414],[-61.224951,6.129199],[-61.303125,6.049512],[-61.39082,5.93877],[-61.376807,5.906982],[-61.167187,5.674219],[-60.954004,5.437402],[-60.742139,5.202051],[-60.711963,5.191553],[-60.671973,5.164355],[-60.63501,5.081982],[-60.604492,4.99458],[-60.603857,4.949365],[-60.627588,4.892529],[-60.67915,4.8271],[-60.741748,4.774121],[-60.833398,4.729199],[-60.90625,4.686816],[-60.966406,4.574707],[-61.002832,4.535254],[-61.036279,4.519336],[-61.102441,4.504687],[-61.209424,4.508057],[-61.280078,4.516895],[-61.367529,4.433008],[-61.479395,4.402246],[-61.554248,4.287793],[-61.82085,4.197021],[-62.081592,4.126318],[-62.153125,4.098389],[-62.410645,4.156738],[-62.472559,4.138525],[-62.543945,4.084326],[-62.609766,4.042285],[-62.665332,4.039648],[-62.712109,4.01792],[-62.739941,3.940332],[-62.7646,3.672949],[-62.856982,3.593457],[-62.968652,3.593945],[-63.045312,3.686475],[-63.13623,3.756445],[-63.294727,3.922266],[-63.338672,3.943896],[-63.379785,3.942871],[-63.526807,3.893701],[-63.596631,3.915039],[-63.65293,3.94082],[-63.746973,3.932568],[-63.914648,3.930664],[-64.021484,3.929102],[-64.073389,3.974414],[-64.121729,4.066992],[-64.154297,4.100146],[-64.19248,4.126855],[-64.255664,4.140332],[-64.525537,4.13999],[-64.576367,4.139893],[-64.613672,4.157715],[-64.665527,4.237109],[-64.722266,4.274414],[-64.788672,4.276025],[-64.817871,4.232275],[-64.702588,4.089307],[-64.668994,4.011816],[-64.56792,3.899805],[-64.275293,3.662695],[-64.221094,3.587402],[-64.227051,3.491211],[-64.22876,3.343994],[-64.218848,3.204687],[-64.143555,3.004883],[-64.037793,2.801514],[-64.009033,2.671875],[-64.028711,2.576074],[-64.048828,2.525098],[-64.046582,2.502393],[-64.024902,2.481885],[-63.92417,2.452441],[-63.712549,2.434033],[-63.584619,2.433936],[-63.389258,2.411914],[-63.374854,2.34043],[-63.393945,2.22251],[-63.43252,2.155566],[-63.463916,2.136035],[-63.570264,2.120508],[-63.682129,2.048145],[-63.844482,1.976709],[-63.937158,1.966992],[-63.975781,1.953027],[-64.008496,1.931592],[-64.035449,1.904443],[-64.067041,1.770508],[-64.114844,1.619287],[-64.205029,1.529492],[-64.304199,1.455273],[-64.405127,1.446875],[-64.486035,1.452783],[-64.52627,1.431006],[-64.584375,1.369873],[-64.667432,1.293848],[-64.731543,1.25332],[-64.817969,1.257129],[-64.910107,1.219727],[-65.026562,1.158447],[-65.10376,1.108105],[-65.169629,1.022217],[-65.263965,0.931885],[-65.36084,0.868652],[-65.407227,0.790479],[-65.473389,0.69126],[-65.556055,0.687988],[-65.562695,0.74751],[-65.522998,0.843408],[-65.566016,0.926074],[-65.644678,0.970361],[-65.681445,0.983447],[-65.718115,0.978027],[-65.811328,0.937256],[-65.925879,0.863135],[-65.996338,0.809766],[-66.060059,0.785352],[-66.191211,0.763281],[-66.30166,0.751953],[-66.347119,0.767187],[-66.429248,0.82168],[-66.619043,0.992139],[-66.876025,1.223047],[-66.895508,1.289893],[-66.884473,1.358252],[-66.931104,1.458008],[-66.95835,1.564209],[-66.981543,1.600781],[-66.988135,1.680176],[-67.043896,1.823193],[-67.089551,1.940332],[-67.131445,1.999854],[-67.113818,2.050586],[-67.131445,2.10127],[-67.165479,2.142578],[-67.215234,2.275488],[-67.197607,2.332764],[-67.21084,2.390137],[-67.252734,2.429443],[-67.312256,2.47168],[-67.391602,2.559912],[-67.486426,2.643652],[-67.534961,2.676758],[-67.568018,2.689941],[-67.59668,2.769336],[-67.618701,2.793604],[-67.667236,2.800195],[-67.766455,2.833301],[-67.859082,2.793604],[-67.86123,2.855322],[-67.834766,2.892822],[-67.514844,3.187256],[-67.353613,3.322656],[-67.336279,3.342627],[-67.322168,3.373975],[-67.311133,3.415869],[-67.347705,3.46377],[-67.498682,3.691113],[-67.551123,3.733838],[-67.602539,3.768799],[-67.661621,3.864258],[-67.732324,4.086523],[-67.783203,4.198242],[-67.798633,4.283887],[-67.79541,4.380713],[-67.814307,4.455078],[-67.855273,4.506885],[-67.855273,4.665479],[-67.814307,4.930811],[-67.804199,5.13252],[-67.824902,5.270459],[-67.788428,5.375488],[-67.694629,5.44751],[-67.642285,5.558789],[-67.631348,5.709375],[-67.575195,5.833105],[-67.473877,5.92998],[-67.439355,6.025537],[-67.471582,6.119775],[-67.481982,6.180273],[-67.568066,6.241797],[-67.727148,6.284961],[-67.85918,6.289893],[-67.938867,6.241943],[-68.143066,6.19751],[-68.471777,6.156543],[-68.736475,6.156787],[-68.937207,6.198193],[-69.089941,6.184375],[-69.194531,6.115332],[-69.268164,6.099707],[-69.31084,6.137598],[-69.35708,6.147998],[-69.427148,6.123975],[-69.439258,6.134912],[-69.594824,6.321484],[-69.738965,6.494385],[-69.904199,6.700244],[-70.09502,6.937939],[-70.129199,6.953613],[-70.188135,6.952051],[-70.266113,6.947949],[-70.3875,6.972607],[-70.470654,7.007129],[-70.535547,7.040527],[-70.655078,7.082764],[-70.737158,7.090039],[-70.810693,7.077588],[-71.013281,6.994434],[-71.128613,6.986719],[-71.217822,6.985205],[-71.457129,7.026367],[-71.620898,7.03291],[-71.811279,7.005811],[-71.892676,6.990332],[-72.006641,7.032617],[-72.084277,7.096875],[-72.156689,7.249707],[-72.207715,7.370264],[-72.296338,7.394531],[-72.394629,7.415088],[-72.442969,7.454883],[-72.471973,7.524268],[-72.478955,7.613232],[-72.468896,7.757959],[-72.45957,7.809863],[-72.446045,7.966113],[-72.391699,8.047705],[-72.357617,8.087305],[-72.36416,8.152783],[-72.390332,8.287061],[-72.416553,8.381982],[-72.525732,8.489697],[-72.66543,8.627588],[-72.725537,8.848291],[-72.796387,9.108984],[-72.8521,9.135156],[-72.904443,9.12207],[-72.960156,9.135156],[-73.009277,9.239941],[-73.058398,9.25957],[-73.136719,9.222803],[-73.193164,9.194141],[-73.336719,9.16792],[-73.366211,9.194141],[-73.356348,9.226855],[-73.295654,9.322021],[-73.224268,9.443604],[-73.14126,9.554639],[-73.064062,9.668213],[-73.006543,9.78916],[-72.967383,10.029736],[-72.940381,10.195752],[-72.869336,10.49126],[-72.73916,10.727197],[-72.690088,10.83584],[-72.572266,10.977148],[-72.518018,11.053906],[-72.446094,11.114258],[-72.248486,11.196436],[-72.012305,11.601953],[-71.958105,11.666406],[-71.719482,11.726855],[-71.536084,11.774072],[-71.400195,11.823535],[-71.355566,11.849756],[-71.319727,11.861914],[-71.349414,11.814941],[-71.414551,11.755176],[-71.488379,11.71875],[-71.868652,11.627344],[-71.90752,11.607959],[-71.956934,11.569922],[-71.957227,11.482812],[-71.946973,11.414453],[-71.835107,11.190332],[-71.791455,11.135059],[-71.641602,11.013525],[-71.675684,10.996729],[-71.730908,10.994678],[-71.69043,10.835498],[-71.598437,10.726221],[-71.594336,10.657373],[-71.664844,10.44375],[-71.793506,10.315967],[-71.884766,10.167236],[-71.955713,10.108057],[-72.112842,9.815576],[-71.993262,9.641504],[-71.97627,9.553223],[-71.873047,9.427637],[-71.805664,9.386426],[-71.760742,9.335742],[-71.781348,9.25],[-71.740137,9.133887],[-71.686719,9.07251],[-71.619531,9.047949],[-71.536621,9.048291],[-71.297949,9.125635],[-71.241406,9.160449],[-71.205371,9.222461],[-71.08584,9.348242],[-71.078418,9.510791],[-71.052686,9.705811],[-71.081738,9.833203],[-71.207227,10.0146],[-71.262207,10.143604],[-71.386621,10.26377],[-71.462793,10.469238],[-71.494238,10.533203],[-71.517871,10.621826],[-71.544629,10.778711],[-71.461133,10.835645],[-71.469531,10.96416],[-71.264355,10.999512],[-70.820508,11.208447],[-70.545605,11.261377],[-70.23252,11.372998],[-70.159961,11.428076],[-70.097119,11.519775],[-70.048535,11.530322],[-69.885352,11.444336],[-69.804785,11.474219],[-69.7729,11.541309],[-69.817334,11.67207],[-69.910937,11.672119],[-70.192578,11.624609],[-70.220117,11.680859],[-70.22002,11.730078],[-70.286523,11.886035],[-70.245117,12.003516],[-70.202783,12.098389],[-70.122021,12.136621],[-70.003955,12.177881],[-69.914355,12.1146],[-69.860107,12.054199],[-69.830615,11.995605],[-69.810547,11.836865],[-69.762402,11.676025],[-69.711914,11.564209],[-69.631592,11.479932],[-69.569824,11.485449],[-69.525732,11.499512],[-69.232568,11.518457],[-69.05459,11.461035],[-68.827979,11.431738],[-68.616211,11.309375],[-68.398633,11.160986],[-68.343164,11.052832],[-68.324805,10.949316],[-68.27207,10.880029],[-68.324707,10.80874],[-68.296289,10.689355],[-68.234082,10.569141],[-68.139941,10.492725],[-67.871631,10.47207],[-67.581348,10.52373],[-67.133301,10.57041],[-66.989062,10.610645],[-66.247217,10.632227],[-66.105859,10.574609],[-66.092139,10.51709],[-66.090479,10.472949],[-65.851758,10.257764],[-65.655859,10.228467],[-65.489355,10.159424],[-65.317383,10.122363],[-65.129102,10.070068],[-65.023291,10.07666],[-64.944043,10.09502],[-64.850488,10.098096],[-64.18833,10.457812],[-63.833691,10.448535],[-63.779053,10.471924],[-63.731885,10.503418],[-63.862695,10.558154],[-64.15791,10.579248],[-64.24751,10.542578],[-64.298193,10.635156],[-64.201953,10.632666],[-63.873437,10.66377],[-63.496777,10.643262],[-63.189893,10.70918],[-63.035498,10.720117],[-62.946729,10.70708],[-62.702344,10.749805],[-62.242285,10.699561],[-61.879492,10.741016],[-61.921387,10.681445],[-62.04043,10.645361],[-62.23291,10.633984],[-62.37998,10.546875],[-62.693555,10.562988],[-62.913574,10.531494],[-62.842969,10.507227],[-62.843018,10.41792],[-62.812939,10.399902],[-62.78125,10.399219],[-62.706299,10.333057],[-62.68584,10.289795],[-62.661621,10.198584],[-62.694678,10.100098],[-62.740576,10.056152],[-62.651172,10.070654],[-62.600488,10.116943],[-62.60791,10.163428],[-62.600488,10.217285],[-62.550342,10.200439],[-62.515137,10.176123],[-62.400928,9.918408],[-62.32041,9.783057],[-62.299805,9.788184],[-62.280664,9.792969],[-62.256738,9.818896],[-62.221143,9.882568],[-62.19043,9.842187],[-62.171973,9.826709],[-62.153369,9.821777],[-62.170312,9.879492],[-62.147461,9.953418],[-62.155322,9.979248],[-62.119629,9.984863],[-62.0771,9.975049],[-62.016504,9.954687],[-61.908594,9.869922],[-61.837256,9.78208],[-61.831152,9.733057],[-61.805371,9.705518],[-61.75874,9.676514],[-61.735937,9.631201],[-61.731738,9.70249],[-61.75918,9.754443],[-61.765918,9.813818],[-61.625391,9.816455],[-61.588867,9.894531],[-61.512305,9.84751],[-61.309375,9.633057],[-61.234424,9.597607],[-61.013379,9.556445],[-60.874072,9.45332],[-60.79248,9.360742],[-60.840967,9.263672],[-60.971045,9.215186],[-61.023145,9.15459],[-61.053076,9.095117],[-61.053564,9.035254],[-61.092969,8.965771],[-61.098828,8.941309],[-61.122363,8.843359],[-61.175879,8.725391],[-61.247266,8.600342],[-61.618701,8.597461],[-61.526904,8.546143],[-61.442578,8.508691],[-61.304004,8.4104],[-61.19375,8.487598],[-61.035986,8.493115],[-60.865234,8.578809],[-60.800977,8.592139],[-60.481494,8.547266],[-60.404492,8.610254],[-60.340234,8.62876],[-60.16748,8.616992],[-60.017529,8.549316]]]]}},{"type":"Feature","properties":{"featurecla":"Admin-0 country","scalerank":6,"LABELRANK":6,"SOVEREIGNT":"Vatican","SOV_A3":"VAT","ADM0_DIF":0,"LEVEL":2,"TYPE":"Sovereign country","TLC":"1","ADMIN":"Vatican","ADM0_A3":"VAT","GEOU_DIF":0,"GEOUNIT":"Vatican","GU_A3":"VAT","SU_DIF":0,"SUBUNIT":"Vatican","SU_A3":"VAT","BRK_DIFF":0,"NAME":"Vatican","NAME_LONG":"Vatican","BRK_A3":"VAT","BRK_NAME":"Vatican","BRK_GROUP":null,"ABBREV":"Vat.","POSTAL":"V","FORMAL_EN":"State of the Vatican City","FORMAL_FR":null,"NAME_CIAWF":"Holy See (Vatican City)","NOTE_ADM0":null,"NOTE_BRK":null,"NAME_SORT":"Vatican (Holy See)","NAME_ALT":"Holy See","MAPCOLOR7":1,"MAPCOLOR8":3,"MAPCOLOR9":4,"MAPCOLOR13":2,"POP_EST":825,"POP_RANK":2,"POP_YEAR":2019,"GDP_MD":-99,"GDP_YEAR":2019,"ECONOMY":"2. Developed region: nonG7","INCOME_GRP":"2. High income: nonOECD","FIPS_10":"VT","ISO_A2":"VA","ISO_A2_EH":"VA","ISO_A3":"VAT","ISO_A3_EH":"VAT","ISO_N3":"336","ISO_N3_EH":"336","UN_A3":"336","WB_A2":"-99","WB_A3":"-99","WOE_ID":23424986,"WOE_ID_EH":23424986,"WOE_NOTE":"Exact WOE match as country","ADM0_ISO":"VAT","ADM0_DIFF":null,"ADM0_TLC":"VAT","ADM0_A3_US":"VAT","ADM0_A3_FR":"VAT","ADM0_A3_RU":"VAT","ADM0_A3_ES":"VAT","ADM0_A3_CN":"VAT","ADM0_A3_TW":"VAT","ADM0_A3_IN":"VAT","ADM0_A3_NP":"VAT","ADM0_A3_PK":"VAT","ADM0_A3_DE":"VAT","ADM0_A3_GB":"VAT","ADM0_A3_BR":"VAT","ADM0_A3_IL":"VAT","ADM0_A3_PS":"VAT","ADM0_A3_SA":"VAT","ADM0_A3_EG":"VAT","ADM0_A3_MA":"VAT","ADM0_A3_PT":"VAT","ADM0_A3_AR":"VAT","ADM0_A3_JP":"VAT","ADM0_A3_KO":"VAT","ADM0_A3_VN":"VAT","ADM0_A3_TR":"VAT","ADM0_A3_ID":"VAT","ADM0_A3_PL":"VAT","ADM0_A3_GR":"VAT","ADM0_A3_IT":"VAT","ADM0_A3_NL":"VAT","ADM0_A3_SE":"VAT","ADM0_A3_BD":"VAT","ADM0_A3_UA":"VAT","ADM0_A3_UN":-99,"ADM0_A3_WB":-99,"CONTINENT":"Europe","REGION_UN":"Europe","SUBREGION":"Southern Europe","REGION_WB":"Europe & Central Asia","NAME_LEN":7,"LONG_LEN":7,"ABBREV_LEN":4,"TINY":4,"HOMEPART":1,"MIN_ZOOM":0,"MIN_LABEL":5,"MAX_LABEL":10,"LABEL_X":12.453418,"LABEL_Y":41.903323,"NE_ID":1159321407,"WIKIDATAID":"Q237","NAME_AR":"الفاتيكان","NAME_BN":"ভ্যাটিকান সিটি","NAME_DE":"Vatikanstadt","NAME_EN":"Vatican City","NAME_ES":"Ciudad del Vaticano","NAME_FA":"واتیکان","NAME_FR":"Cité du Vatican","NAME_EL":"Βατικανό","NAME_HE":"קריית הוותיקן","NAME_HI":"वैटिकन नगर","NAME_HU":"Vatikán","NAME_ID":"Vatikan","NAME_IT":"Città del Vaticano","NAME_JA":"バチカン","NAME_KO":"바티칸 시국","NAME_NL":"Vaticaanstad","NAME_PL":"Watykan","NAME_PT":"Vaticano","NAME_RU":"Ватикан","NAME_SV":"Vatikanstaten","NAME_TR":"Vatikan","NAME_UK":"Ватикан","NAME_UR":"ویٹیکن سٹی","NAME_VI":"Thành Vatican","NAME_ZH":"梵蒂冈","NAME_ZHT":"梵蒂岡","FCLASS_ISO":"Admin-0 country","TLC_DIFF":null,"FCLASS_TLC":"Admin-0 country","FCLASS_US":null,"FCLASS_FR":null,"FCLASS_RU":null,"FCLASS_ES":null,"FCLASS_CN":null,"FCLASS_TW":null,"FCLASS_IN":null,"FCLASS_NP":null,"FCLASS_PK":null,"FCLASS_DE":null,"FCLASS_GB":null,"FCLASS_BR":null,"FCLASS_IL":null,"FCLASS_PS":null,"FCLASS_SA":null,"FCLASS_EG":null,"FCLASS_MA":null,"FCLASS_PT":null,"FCLASS_AR":null,"FCLASS_JP":null,"FCLASS_KO":null,"FCLASS_VN":null,"FCLASS_TR":null,"FCLASS_ID":null,"FCLASS_PL":null,"FCLASS_GR":null,"FCLASS_IT":null,"FCLASS_NL":null,"FCLASS_SE":null,"FCLASS_BD":null,"FCLASS_UA":null},"bbox":[12.427539,41.897559,12.43916,41.906201],"geometry":{"type":"Polygon","coordinates":[[[12.43916,41.898389],[12.430566,41.897559],[12.427539,41.900732],[12.430566,41.905469],[12.438379,41.906201],[12.43916,41.898389]]]}},{"type":"Feature","properties":{"featurecla":"Admin-0 country","scalerank":1,"LABELRANK":4,"SOVEREIGNT":"Uruguay","SOV_A3":"URY","ADM0_DIF":0,"LEVEL":2,"TYPE":"Sovereign country","TLC":"1","ADMIN":"Uruguay","ADM0_A3":"URY","GEOU_DIF":0,"GEOUNIT":"Uruguay","GU_A3":"URY","SU_DIF":0,"SUBUNIT":"Uruguay","SU_A3":"URY","BRK_DIFF":0,"NAME":"Uruguay","NAME_LONG":"Uruguay","BRK_A3":"URY","BRK_NAME":"Uruguay","BRK_GROUP":null,"ABBREV":"Ury.","POSTAL":"UY","FORMAL_EN":"Oriental Republic of Uruguay","FORMAL_FR":null,"NAME_CIAWF":"Uruguay","NOTE_ADM0":null,"NOTE_BRK":null,"NAME_SORT":"Uruguay","NAME_ALT":null,"MAPCOLOR7":1,"MAPCOLOR8":2,"MAPCOLOR9":2,"MAPCOLOR13":10,"POP_EST":3461734,"POP_RANK":12,"POP_YEAR":2019,"GDP_MD":56045,"GDP_YEAR":2019,"ECONOMY":"5. Emerging region: G20","INCOME_GRP":"3. Upper middle income","FIPS_10":"UY","ISO_A2":"UY","ISO_A2_EH":"UY","ISO_A3":"URY","ISO_A3_EH":"URY","ISO_N3":"858","ISO_N3_EH":"858","UN_A3":"858","WB_A2":"UY","WB_A3":"URY","WOE_ID":23424979,"WOE_ID_EH":23424979,"WOE_NOTE":"Exact WOE match as country","ADM0_ISO":"URY","ADM0_DIFF":null,"ADM0_TLC":"URY","ADM0_A3_US":"URY","ADM0_A3_FR":"URY","ADM0_A3_RU":"URY","ADM0_A3_ES":"URY","ADM0_A3_CN":"URY","ADM0_A3_TW":"URY","ADM0_A3_IN":"URY","ADM0_A3_NP":"URY","ADM0_A3_PK":"URY","ADM0_A3_DE":"URY","ADM0_A3_GB":"URY","ADM0_A3_BR":"URY","ADM0_A3_IL":"URY","ADM0_A3_PS":"URY","ADM0_A3_SA":"URY","ADM0_A3_EG":"URY","ADM0_A3_MA":"URY","ADM0_A3_PT":"URY","ADM0_A3_AR":"URY","ADM0_A3_JP":"URY","ADM0_A3_KO":"URY","ADM0_A3_VN":"URY","ADM0_A3_TR":"URY","ADM0_A3_ID":"URY","ADM0_A3_PL":"URY","ADM0_A3_GR":"URY","ADM0_A3_IT":"URY","ADM0_A3_NL":"URY","ADM0_A3_SE":"URY","ADM0_A3_BD":"URY","ADM0_A3_UA":"URY","ADM0_A3_UN":-99,"ADM0_A3_WB":-99,"CONTINENT":"South America","REGION_UN":"Americas","SUBREGION":"South America","REGION_WB":"Latin America & Caribbean","NAME_LEN":7,"LONG_LEN":7,"ABBREV_LEN":4,"TINY":-99,"HOMEPART":1,"MIN_ZOOM":0,"MIN_LABEL":3,"MAX_LABEL":8,"LABEL_X":-55.966942,"LABEL_Y":-32.961127,"NE_ID":1159321353,"WIKIDATAID":"Q77","NAME_AR":"الأوروغواي","NAME_BN":"উরুগুয়ে","NAME_DE":"Uruguay","NAME_EN":"Uruguay","NAME_ES":"Uruguay","NAME_FA":"اروگوئه","NAME_FR":"Uruguay","NAME_EL":"Ουρουγουάη","NAME_HE":"אורוגוואי","NAME_HI":"उरुग्वे","NAME_HU":"Uruguay","NAME_ID":"Uruguay","NAME_IT":"Uruguay","NAME_JA":"ウルグアイ","NAME_KO":"우루과이","NAME_NL":"Uruguay","NAME_PL":"Urugwaj","NAME_PT":"Uruguai","NAME_RU":"Уругвай","NAME_SV":"Uruguay","NAME_TR":"Uruguay","NAME_UK":"Уругвай","NAME_UR":"یوراگوئے","NAME_VI":"Uruguay","NAME_ZH":"乌拉圭","NAME_ZHT":"烏拉圭","FCLASS_ISO":"Admin-0 country","TLC_DIFF":null,"FCLASS_TLC":"Admin-0 country","FCLASS_US":null,"FCLASS_FR":null,"FCLASS_RU":null,"FCLASS_ES":null,"FCLASS_CN":null,"FCLASS_TW":null,"FCLASS_IN":null,"FCLASS_NP":null,"FCLASS_PK":null,"FCLASS_DE":null,"FCLASS_GB":null,"FCLASS_BR":null,"FCLASS_IL":null,"FCLASS_PS":null,"FCLASS_SA":null,"FCLASS_EG":null,"FCLASS_MA":null,"FCLASS_PT":null,"FCLASS_AR":null,"FCLASS_JP":null,"FCLASS_KO":null,"FCLASS_VN":null,"FCLASS_TR":null,"FCLASS_ID":null,"FCLASS_PL":null,"FCLASS_GR":null,"FCLASS_IT":null,"FCLASS_NL":null,"FCLASS_SE":null,"FCLASS_BD":null,"FCLASS_UA":null},"bbox":[-58.438135,-34.932813,-53.125586,-30.101074],"geometry":{"type":"Polygon","coordinates":[[[-53.370605,-33.742188],[-53.41958,-33.779199],[-53.472461,-33.849316],[-53.534521,-34.01748],[-53.74292,-34.249512],[-53.785303,-34.380371],[-54.010254,-34.516992],[-54.168555,-34.670703],[-54.272119,-34.666895],[-54.365332,-34.732715],[-54.902295,-34.932813],[-55.095117,-34.895117],[-55.237891,-34.895801],[-55.370605,-34.807617],[-55.673145,-34.775684],[-55.862939,-34.810938],[-56.11792,-34.90791],[-56.194629,-34.906445],[-56.249951,-34.90127],[-56.387842,-34.861035],[-56.463086,-34.775391],[-56.855176,-34.67666],[-57.170703,-34.452344],[-57.543457,-34.448047],[-57.829102,-34.477344],[-57.873242,-34.447656],[-57.902148,-34.390137],[-57.96123,-34.306934],[-58.207031,-34.109082],[-58.400195,-33.912402],[-58.438135,-33.719141],[-58.411328,-33.508887],[-58.353369,-33.260059],[-58.363525,-33.182324],[-58.292187,-33.137988],[-58.221582,-33.129102],[-58.153564,-33.064648],[-58.092676,-32.967383],[-58.082324,-32.893652],[-58.12959,-32.757227],[-58.162207,-32.566504],[-58.201172,-32.47168],[-58.123047,-32.321875],[-58.119727,-32.248926],[-58.164795,-32.184863],[-58.177002,-32.119043],[-58.156348,-32.051563],[-58.1604,-31.986523],[-58.189014,-31.924219],[-58.16748,-31.872656],[-58.09585,-31.831836],[-58.042334,-31.769238],[-58.006982,-31.684961],[-57.988867,-31.620605],[-57.987988,-31.576172],[-58.009668,-31.534375],[-58.053857,-31.494922],[-58.033398,-31.416602],[-57.94834,-31.299414],[-57.893359,-31.195312],[-57.868408,-31.104395],[-57.870068,-31.031055],[-57.898291,-30.975195],[-57.886328,-30.937402],[-57.834082,-30.91748],[-57.810596,-30.858594],[-57.818555,-30.712012],[-57.87251,-30.591016],[-57.831201,-30.495215],[-57.712695,-30.384473],[-57.650879,-30.29502],[-57.645752,-30.226953],[-57.608887,-30.187793],[-57.552295,-30.26123],[-57.383838,-30.280664],[-57.214453,-30.283398],[-57.186914,-30.264844],[-57.120508,-30.144434],[-57.032715,-30.109961],[-56.937256,-30.101074],[-56.832715,-30.107227],[-56.72168,-30.186914],[-56.407227,-30.447461],[-56.176172,-30.628418],[-56.105859,-30.71377],[-56.044824,-30.777637],[-55.998975,-30.837207],[-56.018457,-30.991895],[-56.015527,-31.059668],[-56.004687,-31.079199],[-55.952002,-31.080859],[-55.873682,-31.069629],[-55.807764,-31.036719],[-55.756348,-30.987109],[-55.705957,-30.946582],[-55.665234,-30.924902],[-55.650488,-30.89209],[-55.627148,-30.858105],[-55.603027,-30.850781],[-55.557324,-30.875977],[-55.449561,-30.964453],[-55.366064,-31.046191],[-55.345508,-31.092969],[-55.313281,-31.141699],[-55.278955,-31.18418],[-55.254639,-31.225586],[-55.173535,-31.27959],[-55.091162,-31.313965],[-55.036035,-31.279004],[-54.895996,-31.391211],[-54.587646,-31.485156],[-54.530908,-31.541992],[-54.477686,-31.622754],[-54.369922,-31.74502],[-54.220557,-31.855176],[-54.100439,-31.901563],[-53.985156,-31.928125],[-53.920605,-31.952344],[-53.876514,-31.994531],[-53.806104,-32.039941],[-53.761719,-32.056836],[-53.746582,-32.097461],[-53.701123,-32.186328],[-53.653613,-32.29873],[-53.601709,-32.403027],[-53.489404,-32.503223],[-53.362744,-32.581152],[-53.23125,-32.625391],[-53.157275,-32.680078],[-53.125586,-32.736719],[-53.214062,-32.821094],[-53.310107,-32.927051],[-53.395215,-33.010352],[-53.482861,-33.068555],[-53.511865,-33.108691],[-53.531348,-33.170898],[-53.530371,-33.500293],[-53.537646,-33.622852],[-53.531348,-33.655469],[-53.518848,-33.677246],[-53.463574,-33.709863],[-53.397559,-33.737305],[-53.370605,-33.742188]]]}},{"type":"Feature","properties":{"featurecla":"Admin-0 country","scalerank":1,"LABELRANK":5,"SOVEREIGNT":"United Kingdom","SOV_A3":"GB1","ADM0_DIF":1,"LEVEL":2,"TYPE":"Disputed","TLC":"1","ADMIN":"Falkland Islands","ADM0_A3":"FLK","GEOU_DIF":0,"GEOUNIT":"Falkland Islands","GU_A3":"FLK","SU_DIF":0,"SUBUNIT":"Falkland Islands","SU_A3":"FLK","BRK_DIFF":1,"NAME":"Falkland Is.","NAME_LONG":"Falkland Islands / Malvinas","BRK_A3":"B12","BRK_NAME":"Falkland Is.","BRK_GROUP":null,"ABBREV":"Flk. Is.","POSTAL":"FK","FORMAL_EN":"Falkland Islands","FORMAL_FR":null,"NAME_CIAWF":"Falkland Islands (Islas Malvinas)","NOTE_ADM0":"U.K.","NOTE_BRK":"Admin. by U.K.; Claimed by Argentina","NAME_SORT":"Falkland Islands","NAME_ALT":"Islas Malvinas","MAPCOLOR7":6,"MAPCOLOR8":6,"MAPCOLOR9":6,"MAPCOLOR13":3,"POP_EST":3398,"POP_RANK":4,"POP_YEAR":2016,"GDP_MD":282,"GDP_YEAR":2012,"ECONOMY":"2. Developed region: nonG7","INCOME_GRP":"1. High income: OECD","FIPS_10":"FK","ISO_A2":"FK","ISO_A2_EH":"FK","ISO_A3":"FLK","ISO_A3_EH":"FLK","ISO_N3":"238","ISO_N3_EH":"238","UN_A3":"238","WB_A2":"-99","WB_A3":"-99","WOE_ID":23424814,"WOE_ID_EH":23424814,"WOE_NOTE":"Exact WOE match as country","ADM0_ISO":"B12","ADM0_DIFF":null,"ADM0_TLC":"B12","ADM0_A3_US":"FLK","ADM0_A3_FR":"FLK","ADM0_A3_RU":"FLK","ADM0_A3_ES":"FLK","ADM0_A3_CN":"FLK","ADM0_A3_TW":"FLK","ADM0_A3_IN":"FLK","ADM0_A3_NP":"FLK","ADM0_A3_PK":"FLK","ADM0_A3_DE":"FLK","ADM0_A3_GB":"FLK","ADM0_A3_BR":"FLK","ADM0_A3_IL":"FLK","ADM0_A3_PS":"FLK","ADM0_A3_SA":"FLK","ADM0_A3_EG":"FLK","ADM0_A3_MA":"FLK","ADM0_A3_PT":"FLK","ADM0_A3_AR":"ARG","ADM0_A3_JP":"FLK","ADM0_A3_KO":"FLK","ADM0_A3_VN":"FLK","ADM0_A3_TR":"FLK","ADM0_A3_ID":"FLK","ADM0_A3_PL":"FLK","ADM0_A3_GR":"FLK","ADM0_A3_IT":"FLK","ADM0_A3_NL":"FLK","ADM0_A3_SE":"FLK","ADM0_A3_BD":"FLK","ADM0_A3_UA":"FLK","ADM0_A3_UN":-99,"ADM0_A3_WB":-99,"CONTINENT":"South America","REGION_UN":"Americas","SUBREGION":"South America","REGION_WB":"Latin America & Caribbean","NAME_LEN":12,"LONG_LEN":27,"ABBREV_LEN":8,"TINY":-99,"HOMEPART":-99,"MIN_ZOOM":0,"MIN_LABEL":4.5,"MAX_LABEL":9,"LABEL_X":-58.738602,"LABEL_Y":-51.608913,"NE_ID":1159320711,"WIKIDATAID":"Q9648","NAME_AR":"جزر فوكلاند","NAME_BN":"ফকল্যান্ড দ্বীপপুঞ্জ","NAME_DE":"Falklandinseln","NAME_EN":"Falkland Islands","NAME_ES":"Islas Malvinas","NAME_FA":"جزایر فالکلند","NAME_FR":"îles Malouines","NAME_EL":"Νήσοι Φώκλαντ","NAME_HE":"איי פוקלנד","NAME_HI":"फ़ॉकलैंड द्वीपसमूह","NAME_HU":"Falkland-szigetek","NAME_ID":"Kepulauan Falkland","NAME_IT":"Isole Falkland","NAME_JA":"フォークランド諸島","NAME_KO":"포클랜드 제도","NAME_NL":"Falklandeilanden","NAME_PL":"Falklandy","NAME_PT":"Ilhas Malvinas","NAME_RU":"Фолклендские острова","NAME_SV":"Falklandsöarna","NAME_TR":"Falkland Adaları","NAME_UK":"Фолклендські острови","NAME_UR":"جزائر فاکلینڈ","NAME_VI":"Quần đảo Falkland","NAME_ZH":"福克兰群岛","NAME_ZHT":"福克蘭群島","FCLASS_ISO":"Admin-0 dependency","TLC_DIFF":null,"FCLASS_TLC":"Admin-0 dependency","FCLASS_US":null,"FCLASS_FR":null,"FCLASS_RU":null,"FCLASS_ES":null,"FCLASS_CN":null,"FCLASS_TW":null,"FCLASS_IN":null,"FCLASS_NP":null,"FCLASS_PK":null,"FCLASS_DE":null,"FCLASS_GB":null,"FCLASS_BR":null,"FCLASS_IL":null,"FCLASS_PS":null,"FCLASS_SA":null,"FCLASS_EG":null,"FCLASS_MA":null,"FCLASS_PT":null,"FCLASS_AR":"Unrecognized","FCLASS_JP":null,"FCLASS_KO":null,"FCLASS_VN":null,"FCLASS_TR":null,"FCLASS_ID":null,"FCLASS_PL":null,"FCLASS_GR":null,"FCLASS_IT":null,"FCLASS_NL":null,"FCLASS_SE":null,"FCLASS_BD":null,"FCLASS_UA":null},"bbox":[-61.14502,-52.308008,-57.791797,-51.269922],"geometry":{"type":"MultiPolygon","coordinates":[[[[-58.850195,-51.269922],[-58.69751,-51.328516],[-58.50625,-51.308105],[-58.42583,-51.324219],[-58.378711,-51.373047],[-58.406738,-51.418359],[-58.467432,-51.411816],[-58.519238,-51.423926],[-58.508936,-51.483594],[-58.47373,-51.509082],[-58.271582,-51.574707],[-58.234521,-51.578613],[-58.241113,-51.551074],[-58.276221,-51.506055],[-58.289307,-51.45752],[-58.259229,-51.41709],[-58.206445,-51.404687],[-57.976514,-51.384375],[-57.92251,-51.403516],[-57.808496,-51.517969],[-57.91543,-51.533789],[-57.960449,-51.583203],[-57.866357,-51.60459],[-57.791797,-51.636133],[-57.831152,-51.68457],[-57.838184,-51.70918],[-58.003955,-51.743457],[-58.150928,-51.76543],[-58.217627,-51.822461],[-58.335986,-51.86377],[-58.683496,-51.93623],[-58.643066,-51.994824],[-58.637695,-52.023047],[-58.652783,-52.099219],[-59.13125,-52.00791],[-59.19585,-52.017676],[-59.068018,-52.173047],[-59.162793,-52.201758],[-59.256348,-52.183105],[-59.341504,-52.195996],[-59.395654,-52.308008],[-59.532227,-52.236426],[-59.64873,-52.134375],[-59.64917,-52.077246],[-59.53667,-51.970605],[-59.570801,-51.925391],[-59.30874,-51.780469],[-59.261768,-51.737305],[-59.180029,-51.7125],[-59.09541,-51.704102],[-59.059521,-51.685449],[-59.065381,-51.650195],[-59.099463,-51.589746],[-59.096631,-51.491406],[-58.88667,-51.35791],[-58.91748,-51.27207],[-58.850195,-51.269922]]],[[[-60.28623,-51.461914],[-60.141553,-51.480957],[-60.008691,-51.410547],[-59.91709,-51.388086],[-59.841602,-51.40332],[-59.788428,-51.445996],[-59.711328,-51.439258],[-59.493457,-51.395703],[-59.465088,-51.410547],[-59.387598,-51.359961],[-59.32085,-51.383594],[-59.268066,-51.427539],[-59.293945,-51.478516],[-59.354199,-51.510938],[-59.392432,-51.556152],[-59.437012,-51.592676],[-59.514209,-51.626563],[-59.573193,-51.680859],[-59.714893,-51.807715],[-59.921387,-51.969531],[-59.989746,-51.984082],[-60.132275,-51.993848],[-60.19375,-51.982715],[-60.246338,-51.986426],[-60.288281,-52.07373],[-60.353467,-52.139941],[-60.384229,-52.154004],[-60.452002,-52.160254],[-60.484082,-52.170312],[-60.508398,-52.194727],[-60.686377,-52.188379],[-60.812207,-52.147754],[-60.961426,-52.057324],[-60.7625,-51.946484],[-60.591064,-51.951562],[-60.449756,-51.877148],[-60.334473,-51.839551],[-60.288672,-51.80127],[-60.238477,-51.771973],[-60.238135,-51.733789],[-60.276514,-51.716602],[-60.32832,-51.718359],[-60.37959,-51.735156],[-60.500098,-51.756543],[-60.58252,-51.712695],[-60.528076,-51.696387],[-60.467236,-51.697168],[-60.280957,-51.656055],[-60.245166,-51.638867],[-60.302637,-51.580469],[-60.414941,-51.54502],[-60.505811,-51.485449],[-60.522754,-51.463184],[-60.518262,-51.427832],[-60.568457,-51.357812],[-60.515723,-51.354297],[-60.445459,-51.399414],[-60.28623,-51.461914]]],[[[-61.01875,-51.785742],[-60.947266,-51.799512],[-60.875977,-51.794238],[-60.916162,-51.896973],[-60.947559,-51.946289],[-61.031982,-51.94248],[-61.115771,-51.875293],[-61.14502,-51.839453],[-61.05166,-51.813965],[-61.01875,-51.785742]]],[[[-58.438818,-52.011035],[-58.432715,-52.099023],[-58.512842,-52.071094],[-58.541406,-52.028418],[-58.49707,-51.999414],[-58.460547,-52.001563],[-58.438818,-52.011035]]],[[[-60.111719,-51.395898],[-60.248828,-51.395996],[-60.275879,-51.363184],[-60.275342,-51.280566],[-60.171387,-51.273438],[-60.069824,-51.30791],[-60.076465,-51.342578],[-60.111719,-51.395898]]],[[[-59.682666,-52.231641],[-59.746582,-52.250879],[-59.764453,-52.242188],[-59.784863,-52.204688],[-59.785937,-52.156152],[-59.793311,-52.13418],[-59.753223,-52.141406],[-59.681006,-52.180078],[-59.682666,-52.231641]]]]}},{"type":"Feature","properties":{"featurecla":"Admin-0 country","scalerank":4,"LABELRANK":6,"SOVEREIGNT":"United Kingdom","SOV_A3":"GB1","ADM0_DIF":1,"LEVEL":2,"TYPE":"Country","TLC":"1","ADMIN":"Jersey","ADM0_A3":"JEY","GEOU_DIF":0,"GEOUNIT":"Jersey","GU_A3":"JEY","SU_DIF":0,"SUBUNIT":"Jersey","SU_A3":"JEY","BRK_DIFF":0,"NAME":"Jersey","NAME_LONG":"Jersey","BRK_A3":"JEY","BRK_NAME":"Jersey","BRK_GROUP":"Channel Islands","ABBREV":"Jey.","POSTAL":"JE","FORMAL_EN":"Bailiwick of Jersey","FORMAL_FR":null,"NAME_CIAWF":"Jersey","NOTE_ADM0":"U.K.","NOTE_BRK":"U.K. crown dependency","NAME_SORT":"Jersey","NAME_ALT":null,"MAPCOLOR7":6,"MAPCOLOR8":6,"MAPCOLOR9":6,"MAPCOLOR13":3,"POP_EST":107800,"POP_RANK":9,"POP_YEAR":2019,"GDP_MD":5080,"GDP_YEAR":2015,"ECONOMY":"2. Developed region: nonG7","INCOME_GRP":"2. High income: nonOECD","FIPS_10":"JE","ISO_A2":"JE","ISO_A2_EH":"JE","ISO_A3":"JEY","ISO_A3_EH":"JEY","ISO_N3":"832","ISO_N3_EH":"832","UN_A3":"832","WB_A2":"JG","WB_A3":"CHI","WOE_ID":23424857,"WOE_ID_EH":23424857,"WOE_NOTE":"Exact WOE match as country","ADM0_ISO":"JEY","ADM0_DIFF":null,"ADM0_TLC":"JEY","ADM0_A3_US":"JEY","ADM0_A3_FR":"JEY","ADM0_A3_RU":"JEY","ADM0_A3_ES":"JEY","ADM0_A3_CN":"JEY","ADM0_A3_TW":"JEY","ADM0_A3_IN":"JEY","ADM0_A3_NP":"JEY","ADM0_A3_PK":"JEY","ADM0_A3_DE":"JEY","ADM0_A3_GB":"JEY","ADM0_A3_BR":"JEY","ADM0_A3_IL":"JEY","ADM0_A3_PS":"JEY","ADM0_A3_SA":"JEY","ADM0_A3_EG":"JEY","ADM0_A3_MA":"JEY","ADM0_A3_PT":"JEY","ADM0_A3_AR":"JEY","ADM0_A3_JP":"JEY","ADM0_A3_KO":"JEY","ADM0_A3_VN":"JEY","ADM0_A3_TR":"JEY","ADM0_A3_ID":"JEY","ADM0_A3_PL":"JEY","ADM0_A3_GR":"JEY","ADM0_A3_IT":"JEY","ADM0_A3_NL":"JEY","ADM0_A3_SE":"JEY","ADM0_A3_BD":"JEY","ADM0_A3_UA":"JEY","ADM0_A3_UN":-99,"ADM0_A3_WB":-99,"CONTINENT":"Europe","REGION_UN":"Europe","SUBREGION":"Northern Europe","REGION_WB":"Europe & Central Asia","NAME_LEN":6,"LONG_LEN":6,"ABBREV_LEN":4,"TINY":-99,"HOMEPART":-99,"MIN_ZOOM":0,"MIN_LABEL":5,"MAX_LABEL":10,"LABEL_X":-2.090146,"LABEL_Y":49.220808,"NE_ID":1159320725,"WIKIDATAID":"Q785","NAME_AR":"جيرزي","NAME_BN":"জার্সি","NAME_DE":"Jersey","NAME_EN":"Jersey","NAME_ES":"Jersey","NAME_FA":"جرزی","NAME_FR":"Jersey","NAME_EL":"Τζέρσεϊ","NAME_HE":"ג'רזי","NAME_HI":"जर्सी","NAME_HU":"Jersey","NAME_ID":"Jersey","NAME_IT":"baliato di Jersey","NAME_JA":"ジャージー","NAME_KO":"저지섬","NAME_NL":"Jersey","NAME_PL":"Jersey","NAME_PT":"Jersey","NAME_RU":"Джерси","NAME_SV":"Jersey","NAME_TR":"Jersey","NAME_UK":"Джерсі","NAME_UR":"جرزی","NAME_VI":"Jersey","NAME_ZH":"泽西","NAME_ZHT":"澤西","FCLASS_ISO":"Admin-0 country","TLC_DIFF":null,"FCLASS_TLC":"Admin-0 country","FCLASS_US":null,"FCLASS_FR":null,"FCLASS_RU":null,"FCLASS_ES":null,"FCLASS_CN":null,"FCLASS_TW":null,"FCLASS_IN":null,"FCLASS_NP":null,"FCLASS_PK":null,"FCLASS_DE":null,"FCLASS_GB":null,"FCLASS_BR":null,"FCLASS_IL":null,"FCLASS_PS":null,"FCLASS_SA":null,"FCLASS_EG":null,"FCLASS_MA":null,"FCLASS_PT":null,"FCLASS_AR":null,"FCLASS_JP":null,"FCLASS_KO":null,"FCLASS_VN":null,"FCLASS_TR":null,"FCLASS_ID":null,"FCLASS_PL":null,"FCLASS_GR":null,"FCLASS_IT":null,"FCLASS_NL":null,"FCLASS_SE":null,"FCLASS_BD":null,"FCLASS_UA":null},"bbox":[-2.23584,49.169824,-2.009912,49.266357],"geometry":{"type":"Polygon","coordinates":[[[-2.018652,49.23125],[-2.009912,49.180811],[-2.05376,49.169824],[-2.091016,49.187402],[-2.165674,49.187402],[-2.23584,49.176367],[-2.220508,49.266357],[-2.082227,49.255371],[-2.018652,49.23125]]]}},{"type":"Feature","properties":{"featurecla":"Admin-0 country","scalerank":4,"LABELRANK":6,"SOVEREIGNT":"United Kingdom","SOV_A3":"GB1","ADM0_DIF":1,"LEVEL":2,"TYPE":"Country","TLC":"1","ADMIN":"Guernsey","ADM0_A3":"GGY","GEOU_DIF":0,"GEOUNIT":"Guernsey","GU_A3":"GGY","SU_DIF":0,"SUBUNIT":"Guernsey","SU_A3":"GGY","BRK_DIFF":0,"NAME":"Guernsey","NAME_LONG":"Guernsey","BRK_A3":"GGY","BRK_NAME":"Guernsey","BRK_GROUP":"Channel Islands","ABBREV":"Guern.","POSTAL":"GG","FORMAL_EN":"Bailiwick of Guernsey","FORMAL_FR":null,"NAME_CIAWF":"Guernsey","NOTE_ADM0":"U.K.","NOTE_BRK":"U.K. crown dependency","NAME_SORT":"Guernsey","NAME_ALT":null,"MAPCOLOR7":6,"MAPCOLOR8":6,"MAPCOLOR9":6,"MAPCOLOR13":3,"POP_EST":62792,"POP_RANK":8,"POP_YEAR":2019,"GDP_MD":3465,"GDP_YEAR":2015,"ECONOMY":"2. Developed region: nonG7","INCOME_GRP":"2. High income: nonOECD","FIPS_10":"GK","ISO_A2":"GG","ISO_A2_EH":"GG","ISO_A3":"GGY","ISO_A3_EH":"GGY","ISO_N3":"831","ISO_N3_EH":"831","UN_A3":"831","WB_A2":"JG","WB_A3":"CHI","WOE_ID":23424827,"WOE_ID_EH":23424827,"WOE_NOTE":"Exact WOE match as country","ADM0_ISO":"GGY","ADM0_DIFF":null,"ADM0_TLC":"GGY","ADM0_A3_US":"GGY","ADM0_A3_FR":"GGY","ADM0_A3_RU":"GGY","ADM0_A3_ES":"GGY","ADM0_A3_CN":"GGY","ADM0_A3_TW":"GGY","ADM0_A3_IN":"GGY","ADM0_A3_NP":"GGY","ADM0_A3_PK":"GGY","ADM0_A3_DE":"GGY","ADM0_A3_GB":"GGY","ADM0_A3_BR":"GGY","ADM0_A3_IL":"GGY","ADM0_A3_PS":"GGY","ADM0_A3_SA":"GGY","ADM0_A3_EG":"GGY","ADM0_A3_MA":"GGY","ADM0_A3_PT":"GGY","ADM0_A3_AR":"GGY","ADM0_A3_JP":"GGY","ADM0_A3_KO":"GGY","ADM0_A3_VN":"GGY","ADM0_A3_TR":"GGY","ADM0_A3_ID":"GGY","ADM0_A3_PL":"GGY","ADM0_A3_GR":"GGY","ADM0_A3_IT":"GGY","ADM0_A3_NL":"GGY","ADM0_A3_SE":"GGY","ADM0_A3_BD":"GGY","ADM0_A3_UA":"GGY","ADM0_A3_UN":-99,"ADM0_A3_WB":-99,"CONTINENT":"Europe","REGION_UN":"Europe","SUBREGION":"Northern Europe","REGION_WB":"Europe & Central Asia","NAME_LEN":8,"LONG_LEN":8,"ABBREV_LEN":6,"TINY":-99,"HOMEPART":-99,"MIN_ZOOM":0,"MIN_LABEL":5,"MAX_LABEL":10,"LABEL_X":-2.561736,"LABEL_Y":49.463533,"NE_ID":1159320715,"WIKIDATAID":"Q25230","NAME_AR":"غيرنزي","NAME_BN":"গার্নসি","NAME_DE":"Guernsey","NAME_EN":"Guernsey","NAME_ES":"Guernsey","NAME_FA":"گرنزی","NAME_FR":"Guernesey","NAME_EL":"Γκέρνσεϊ","NAME_HE":"גרנזי","NAME_HI":"ग्वेर्नसे","NAME_HU":"Guernsey Bailiffség","NAME_ID":"Guernsey","NAME_IT":"Guernsey","NAME_JA":"ガーンジー","NAME_KO":"건지섬","NAME_NL":"Guernsey","NAME_PL":"Guernsey","NAME_PT":"Guernsey","NAME_RU":"Гернси","NAME_SV":"Guernsey","NAME_TR":"Guernsey","NAME_UK":"Гернсі","NAME_UR":"گرنزی","NAME_VI":"Guernsey","NAME_ZH":"根西","NAME_ZHT":"根西","FCLASS_ISO":"Admin-0 country","TLC_DIFF":null,"FCLASS_TLC":"Admin-0 country","FCLASS_US":null,"FCLASS_FR":null,"FCLASS_RU":null,"FCLASS_ES":null,"FCLASS_CN":null,"FCLASS_TW":null,"FCLASS_IN":null,"FCLASS_NP":null,"FCLASS_PK":null,"FCLASS_DE":null,"FCLASS_GB":null,"FCLASS_BR":null,"FCLASS_IL":null,"FCLASS_PS":null,"FCLASS_SA":null,"FCLASS_EG":null,"FCLASS_MA":null,"FCLASS_PT":null,"FCLASS_AR":null,"FCLASS_JP":null,"FCLASS_KO":null,"FCLASS_VN":null,"FCLASS_TR":null,"FCLASS_ID":null,"FCLASS_PL":null,"FCLASS_GR":null,"FCLASS_IT":null,"FCLASS_NL":null,"FCLASS_SE":null,"FCLASS_BD":null,"FCLASS_UA":null},"bbox":[-2.646143,49.428711,-2.512305,49.506592],"geometry":{"type":"Polygon","coordinates":[[[-2.512305,49.494531],[-2.547363,49.428711],[-2.639014,49.450928],[-2.646143,49.468213],[-2.542187,49.506592],[-2.520898,49.506299],[-2.512305,49.494531]]]}},{"type":"Feature","properties":{"featurecla":"Admin-0 country","scalerank":3,"LABELRANK":6,"SOVEREIGNT":"United Kingdom","SOV_A3":"GB1","ADM0_DIF":1,"LEVEL":2,"TYPE":"Country","TLC":"1","ADMIN":"Isle of Man","ADM0_A3":"IMN","GEOU_DIF":0,"GEOUNIT":"Isle of Man","GU_A3":"IMN","SU_DIF":0,"SUBUNIT":"Isle of Man","SU_A3":"IMN","BRK_DIFF":0,"NAME":"Isle of Man","NAME_LONG":"Isle of Man","BRK_A3":"IMN","BRK_NAME":"Isle of Man","BRK_GROUP":null,"ABBREV":"IoMan","POSTAL":"IM","FORMAL_EN":null,"FORMAL_FR":null,"NAME_CIAWF":"Isle of Man","NOTE_ADM0":"U.K.","NOTE_BRK":"U.K. crown dependency","NAME_SORT":"Isle of Man","NAME_ALT":null,"MAPCOLOR7":6,"MAPCOLOR8":6,"MAPCOLOR9":6,"MAPCOLOR13":3,"POP_EST":84584,"POP_RANK":8,"POP_YEAR":2019,"GDP_MD":7491,"GDP_YEAR":2018,"ECONOMY":"2. Developed region: nonG7","INCOME_GRP":"2. High income: nonOECD","FIPS_10":"IM","ISO_A2":"IM","ISO_A2_EH":"IM","ISO_A3":"IMN","ISO_A3_EH":"IMN","ISO_N3":"833","ISO_N3_EH":"833","UN_A3":"833","WB_A2":"IM","WB_A3":"IMY","WOE_ID":23424847,"WOE_ID_EH":23424847,"WOE_NOTE":"Exact WOE match as country","ADM0_ISO":"IMN","ADM0_DIFF":null,"ADM0_TLC":"IMN","ADM0_A3_US":"IMN","ADM0_A3_FR":"IMN","ADM0_A3_RU":"IMN","ADM0_A3_ES":"IMN","ADM0_A3_CN":"IMN","ADM0_A3_TW":"IMN","ADM0_A3_IN":"IMN","ADM0_A3_NP":"IMN","ADM0_A3_PK":"IMN","ADM0_A3_DE":"IMN","ADM0_A3_GB":"IMN","ADM0_A3_BR":"IMN","ADM0_A3_IL":"IMN","ADM0_A3_PS":"IMN","ADM0_A3_SA":"IMN","ADM0_A3_EG":"IMN","ADM0_A3_MA":"IMN","ADM0_A3_PT":"IMN","ADM0_A3_AR":"IMN","ADM0_A3_JP":"IMN","ADM0_A3_KO":"IMN","ADM0_A3_VN":"IMN","ADM0_A3_TR":"IMN","ADM0_A3_ID":"IMN","ADM0_A3_PL":"IMN","ADM0_A3_GR":"IMN","ADM0_A3_IT":"IMN","ADM0_A3_NL":"IMN","ADM0_A3_SE":"IMN","ADM0_A3_BD":"IMN","ADM0_A3_UA":"IMN","ADM0_A3_UN":-99,"ADM0_A3_WB":-99,"CONTINENT":"Europe","REGION_UN":"Europe","SUBREGION":"Northern Europe","REGION_WB":"Europe & Central Asia","NAME_LEN":11,"LONG_LEN":11,"ABBREV_LEN":5,"TINY":-99,"HOMEPART":-99,"MIN_ZOOM":0,"MIN_LABEL":5,"MAX_LABEL":10,"LABEL_X":-4.530069,"LABEL_Y":54.220833,"NE_ID":1159320721,"WIKIDATAID":"Q9676","NAME_AR":"جزيرة مان","NAME_BN":"আইল অব ম্যান","NAME_DE":"Isle of Man","NAME_EN":"Isle of Man","NAME_ES":"Isla de Man","NAME_FA":"جزیره من","NAME_FR":"île de Man","NAME_EL":"Νήσος του Μαν","NAME_HE":"האי מאן","NAME_HI":"आइल ऑफ़ मैन","NAME_HU":"Man","NAME_ID":"Pulau Man","NAME_IT":"Isola di Man","NAME_JA":"マン島","NAME_KO":"맨섬","NAME_NL":"Man","NAME_PL":"Wyspa Man","NAME_PT":"Ilha de Man","NAME_RU":"остров Мэн","NAME_SV":"Isle of Man","NAME_TR":"Man Adası","NAME_UK":"Острів Мен","NAME_UR":"آئل آف مین","NAME_VI":"Đảo Man","NAME_ZH":"马恩岛","NAME_ZHT":"曼島","FCLASS_ISO":"Admin-0 country","TLC_DIFF":null,"FCLASS_TLC":"Admin-0 country","FCLASS_US":null,"FCLASS_FR":null,"FCLASS_RU":null,"FCLASS_ES":null,"FCLASS_CN":null,"FCLASS_TW":null,"FCLASS_IN":null,"FCLASS_NP":null,"FCLASS_PK":null,"FCLASS_DE":null,"FCLASS_GB":null,"FCLASS_BR":null,"FCLASS_IL":null,"FCLASS_PS":null,"FCLASS_SA":null,"FCLASS_EG":null,"FCLASS_MA":null,"FCLASS_PT":null,"FCLASS_AR":null,"FCLASS_JP":null,"FCLASS_KO":null,"FCLASS_VN":null,"FCLASS_TR":null,"FCLASS_ID":null,"FCLASS_PL":null,"FCLASS_GR":null,"FCLASS_IT":null,"FCLASS_NL":null,"FCLASS_SE":null,"FCLASS_BD":null,"FCLASS_UA":null},"bbox":[-4.785352,54.058691,-4.337988,54.407178],"geometry":{"type":"Polygon","coordinates":[[[-4.412061,54.185352],[-4.614258,54.058691],[-4.696094,54.081445],[-4.765771,54.069434],[-4.785352,54.073047],[-4.745557,54.118799],[-4.69873,54.224902],[-4.614844,54.266943],[-4.508643,54.376709],[-4.424707,54.407178],[-4.395557,54.40293],[-4.377197,54.392578],[-4.337988,54.269092],[-4.392285,54.225391],[-4.412061,54.185352]]]}},{"type":"Feature","properties":{"featurecla":"Admin-0 country","scalerank":1,"LABELRANK":2,"SOVEREIGNT":"United Kingdom","SOV_A3":"GB1","ADM0_DIF":1,"LEVEL":2,"TYPE":"Country","TLC":"1","ADMIN":"United Kingdom","ADM0_A3":"GBR","GEOU_DIF":0,"GEOUNIT":"United Kingdom","GU_A3":"GBR","SU_DIF":0,"SUBUNIT":"United Kingdom","SU_A3":"GBR","BRK_DIFF":0,"NAME":"United Kingdom","NAME_LONG":"United Kingdom","BRK_A3":"GBR","BRK_NAME":"United Kingdom","BRK_GROUP":null,"ABBREV":"U.K.","POSTAL":"GB","FORMAL_EN":"United Kingdom of Great Britain and Northern Ireland","FORMAL_FR":null,"NAME_CIAWF":"United Kingdom","NOTE_ADM0":null,"NOTE_BRK":null,"NAME_SORT":"United Kingdom","NAME_ALT":null,"MAPCOLOR7":6,"MAPCOLOR8":6,"MAPCOLOR9":6,"MAPCOLOR13":3,"POP_EST":66834405,"POP_RANK":16,"POP_YEAR":2019,"GDP_MD":2829108,"GDP_YEAR":2019,"ECONOMY":"1. Developed region: G7","INCOME_GRP":"1. High income: OECD","FIPS_10":"UK","ISO_A2":"GB","ISO_A2_EH":"GB","ISO_A3":"GBR","ISO_A3_EH":"GBR","ISO_N3":"826","ISO_N3_EH":"826","UN_A3":"826","WB_A2":"GB","WB_A3":"GBR","WOE_ID":-90,"WOE_ID_EH":23424975,"WOE_NOTE":"Eh ID includes Channel Islands and Isle of Man. UK constituent countries of England (24554868), Wales (12578049), Scotland (12578048), and Northern Ireland (20070563).","ADM0_ISO":"GBR","ADM0_DIFF":null,"ADM0_TLC":"GBR","ADM0_A3_US":"GBR","ADM0_A3_FR":"GBR","ADM0_A3_RU":"GBR","ADM0_A3_ES":"GBR","ADM0_A3_CN":"GBR","ADM0_A3_TW":"GBR","ADM0_A3_IN":"GBR","ADM0_A3_NP":"GBR","ADM0_A3_PK":"GBR","ADM0_A3_DE":"GBR","ADM0_A3_GB":"GBR","ADM0_A3_BR":"GBR","ADM0_A3_IL":"GBR","ADM0_A3_PS":"GBR","ADM0_A3_SA":"GBR","ADM0_A3_EG":"GBR","ADM0_A3_MA":"GBR","ADM0_A3_PT":"GBR","ADM0_A3_AR":"GBR","ADM0_A3_JP":"GBR","ADM0_A3_KO":"GBR","ADM0_A3_VN":"GBR","ADM0_A3_TR":"GBR","ADM0_A3_ID":"GBR","ADM0_A3_PL":"GBR","ADM0_A3_GR":"GBR","ADM0_A3_IT":"GBR","ADM0_A3_NL":"GBR","ADM0_A3_SE":"GBR","ADM0_A3_BD":"GBR","ADM0_A3_UA":"GBR","ADM0_A3_UN":-99,"ADM0_A3_WB":-99,"CONTINENT":"Europe","REGION_UN":"Europe","SUBREGION":"Northern Europe","REGION_WB":"Europe & Central Asia","NAME_LEN":14,"LONG_LEN":14,"ABBREV_LEN":4,"TINY":-99,"HOMEPART":1,"MIN_ZOOM":0,"MIN_LABEL":1.7,"MAX_LABEL":6.7,"LABEL_X":-2.116346,"LABEL_Y":54.402739,"NE_ID":1159320713,"WIKIDATAID":"Q145","NAME_AR":"المملكة المتحدة","NAME_BN":"যুক্তরাজ্য","NAME_DE":"Vereinigtes Königreich","NAME_EN":"United Kingdom","NAME_ES":"Reino Unido","NAME_FA":"بریتانیا","NAME_FR":"Royaume-Uni","NAME_EL":"Ηνωμένο Βασίλειο","NAME_HE":"הממלכה המאוחדת","NAME_HI":"यूनाइटेड किंगडम","NAME_HU":"Egyesült Királyság","NAME_ID":"Britania Raya","NAME_IT":"Regno Unito","NAME_JA":"イギリス","NAME_KO":"영국","NAME_NL":"Verenigd Koninkrijk","NAME_PL":"Wielka Brytania","NAME_PT":"Reino Unido","NAME_RU":"Великобритания","NAME_SV":"Storbritannien","NAME_TR":"Birleşik Krallık","NAME_UK":"Велика Британія","NAME_UR":"مملکت متحدہ","NAME_VI":"Vương quốc Liên hiệp Anh và Bắc Ireland","NAME_ZH":"英国","NAME_ZHT":"英國","FCLASS_ISO":"Admin-0 country","TLC_DIFF":null,"FCLASS_TLC":"Admin-0 country","FCLASS_US":null,"FCLASS_FR":null,"FCLASS_RU":null,"FCLASS_ES":null,"FCLASS_CN":null,"FCLASS_TW":null,"FCLASS_IN":null,"FCLASS_NP":null,"FCLASS_PK":null,"FCLASS_DE":null,"FCLASS_GB":null,"FCLASS_BR":null,"FCLASS_IL":null,"FCLASS_PS":null,"FCLASS_SA":null,"FCLASS_EG":null,"FCLASS_MA":null,"FCLASS_PT":null,"FCLASS_AR":null,"FCLASS_JP":null,"FCLASS_KO":null,"FCLASS_VN":null,"FCLASS_TR":null,"FCLASS_ID":null,"FCLASS_PL":null,"FCLASS_GR":null,"FCLASS_IT":null,"FCLASS_NL":null,"FCLASS_SE":null,"FCLASS_BD":null,"FCLASS_UA":null},"bbox":[-8.144824,50.021387,1.746582,60.831885],"geometry":{"type":"MultiPolygon","coordinates":[[[[-2.667676,51.622998],[-2.742139,51.581104],[-2.978516,51.538867],[-3.080371,51.495801],[-3.258789,51.398486],[-3.293115,51.39043],[-3.562354,51.413818],[-3.762695,51.539941],[-3.890771,51.59165],[-3.943652,51.59751],[-3.99834,51.582129],[-4.115283,51.566406],[-4.23457,51.569092],[-4.173682,51.627344],[-4.091016,51.659912],[-4.276172,51.68252],[-4.327637,51.700244],[-4.386279,51.741064],[-4.531494,51.748047],[-4.600781,51.737646],[-4.717627,51.683691],[-4.902295,51.62627],[-5.124756,51.705859],[-5.168359,51.740723],[-5.167236,51.808057],[-5.200586,51.861377],[-5.262305,51.880176],[-5.18335,51.949658],[-5.088086,51.995898],[-4.878516,52.041846],[-4.561133,52.150879],[-4.383154,52.197314],[-4.217725,52.277441],[-4.149365,52.32627],[-4.099756,52.393115],[-4.050537,52.475146],[-3.980322,52.541748],[-4.048437,52.557617],[-4.078906,52.607861],[-4.070703,52.658838],[-4.039258,52.704053],[-4.067432,52.760742],[-4.117529,52.82002],[-4.114746,52.866162],[-4.101465,52.915479],[-4.22915,52.912842],[-4.356445,52.897412],[-4.471826,52.862451],[-4.583691,52.814941],[-4.683057,52.806152],[-4.681445,52.844141],[-4.63833,52.891113],[-4.525684,52.958203],[-4.405078,53.013818],[-4.362207,53.056055],[-4.328418,53.105127],[-4.268555,53.144531],[-4.111035,53.218945],[-3.809277,53.302686],[-3.764209,53.307617],[-3.645898,53.2979],[-3.52959,53.310547],[-3.427734,53.340674],[-3.326172,53.347168],[-3.097559,53.260303],[-3.165576,53.394678],[-3.064746,53.426855],[-2.918555,53.305371],[-2.86416,53.292578],[-2.749512,53.310205],[-2.79375,53.330713],[-2.84541,53.331934],[-2.913086,53.350244],[-2.969971,53.389209],[-3.0646,53.512842],[-3.059473,53.58623],[-2.995703,53.662549],[-2.925098,53.732764],[-2.984326,53.746729],[-3.031787,53.773584],[-3.045361,53.843848],[-3.026758,53.905908],[-2.899854,53.960693],[-2.862402,54.043848],[-2.846484,54.135303],[-2.867578,54.177246],[-2.993506,54.170508],[-3.054736,54.153418],[-3.109668,54.126318],[-3.165967,54.12793],[-3.321533,54.229102],[-3.410254,54.305615],[-3.569385,54.467578],[-3.592041,54.564355],[-3.4646,54.773096],[-3.26792,54.906592],[-3.03623,54.953076],[-3.081055,54.961963],[-3.434082,54.96377],[-3.550439,54.947412],[-3.658301,54.892871],[-3.719238,54.876123],[-3.783252,54.869922],[-3.841602,54.842773],[-3.898584,54.805078],[-3.95791,54.780957],[-4.075781,54.787207],[-4.132959,54.779248],[-4.174023,54.801074],[-4.208398,54.837158],[-4.253418,54.846777],[-4.303662,54.835693],[-4.409912,54.787061],[-4.51748,54.75835],[-4.647559,54.789014],[-4.818066,54.846143],[-4.851709,54.825293],[-4.889502,54.772266],[-4.91123,54.689453],[-5.032324,54.761377],[-5.135498,54.85752],[-5.170117,54.91792],[-5.172705,54.985889],[-5.116699,55.012256],[-5.055859,54.988135],[-4.965186,55.149463],[-4.784814,55.359424],[-4.721143,55.420996],[-4.676758,55.501318],[-4.684375,55.553906],[-4.72417,55.598291],[-4.891846,55.699121],[-4.889648,55.781201],[-4.87168,55.873926],[-4.826074,55.929541],[-4.806836,55.940137],[-4.584082,55.938672],[-4.670947,55.967383],[-4.844092,56.051172],[-4.841016,56.080859],[-4.800293,56.15835],[-4.819141,56.150488],[-4.85625,56.114697],[-4.9271,56.028076],[-4.970361,56.007861],[-5.092822,55.987305],[-5.11499,55.944629],[-5.134668,55.933496],[-5.19585,55.928662],[-5.2146,55.888867],[-5.228223,55.886328],[-5.245605,55.929248],[-5.247314,56.000391],[-5.222949,56.06582],[-5.176416,56.116992],[-4.996973,56.23335],[-5.084326,56.197461],[-5.282324,56.089941],[-5.383447,56.019238],[-5.410449,55.995361],[-5.418896,55.975244],[-5.418311,55.952051],[-5.3729,55.827686],[-5.38584,55.770117],[-5.556445,55.3896],[-5.58877,55.351416],[-5.618457,55.331445],[-5.646533,55.326855],[-5.730664,55.334131],[-5.768213,55.362646],[-5.767871,55.394971],[-5.7521,55.443457],[-5.681348,55.623975],[-5.650635,55.674121],[-5.605029,55.720752],[-5.504492,55.802393],[-5.506934,55.807715],[-5.573877,55.791699],[-5.602393,55.796973],[-5.622852,55.813135],[-5.60957,56.055273],[-5.555273,56.134961],[-5.534961,56.25083],[-5.487891,56.350049],[-5.433398,56.422314],[-5.391943,56.514795],[-5.329443,56.555908],[-5.312695,56.618799],[-5.242578,56.686865],[-5.188379,56.758057],[-5.217578,56.751025],[-5.564209,56.565723],[-5.652441,56.531982],[-5.772803,56.541016],[-5.864844,56.561865],[-5.936768,56.605713],[-5.968896,56.689893],[-6.057715,56.692139],[-6.133691,56.706689],[-6.132764,56.718018],[-6.034717,56.763916],[-5.877637,56.779639],[-5.730615,56.853076],[-5.861426,56.902686],[-5.850391,56.918408],[-5.736279,56.960645],[-5.591309,57.102344],[-5.561914,57.232715],[-5.63125,57.293945],[-5.656348,57.334082],[-5.794922,57.378809],[-5.818066,57.436084],[-5.801953,57.468018],[-5.756738,57.499219],[-5.688623,57.523535],[-5.581787,57.546777],[-5.67876,57.57168],[-5.714941,57.601074],[-5.742383,57.643652],[-5.744922,57.668311],[-5.694727,57.778223],[-5.665479,57.823535],[-5.60835,57.881348],[-5.349023,57.878076],[-5.319189,57.903613],[-5.289795,57.90459],[-5.157227,57.881348],[-5.176904,57.906396],[-5.39375,58.043604],[-5.413184,58.069727],[-5.351367,58.143701],[-5.346875,58.17666],[-5.355957,58.211914],[-5.338281,58.238721],[-5.269531,58.251416],[-5.059961,58.250146],[-5.008301,58.262646],[-5.031836,58.298291],[-5.080615,58.345166],[-5.090137,58.384521],[-5.078711,58.419287],[-5.076025,58.489258],[-5.066504,58.520215],[-5.016748,58.566553],[-4.975635,58.580322],[-4.924658,58.588379],[-4.809619,58.5729],[-4.765771,58.554199],[-4.71543,58.51001],[-4.678223,58.513574],[-4.534961,58.561572],[-4.491895,58.568457],[-4.433252,58.512842],[-4.188623,58.557227],[-3.859521,58.5771],[-3.661816,58.606299],[-3.453564,58.616895],[-3.259131,58.65],[-3.053076,58.634814],[-3.046191,58.615527],[-3.056982,58.58877],[-3.109668,58.515479],[-3.101123,58.433691],[-3.112891,58.408887],[-3.136768,58.37832],[-3.212354,58.32124],[-3.410986,58.239648],[-3.775,58.0521],[-3.990039,57.959033],[-4.019629,57.914258],[-4.035596,57.852002],[-3.906836,57.839648],[-3.857129,57.818555],[-3.887939,57.786914],[-4.078418,57.677051],[-4.134521,57.577734],[-3.988477,57.58125],[-3.868164,57.600342],[-3.628223,57.662256],[-3.402783,57.708252],[-3.294531,57.710156],[-3.083936,57.673486],[-3.036035,57.672314],[-2.94668,57.689258],[-2.856299,57.692285],[-2.244141,57.680859],[-2.074072,57.702393],[-1.961523,57.67666],[-1.867383,57.612354],[-1.77793,57.49375],[-1.780664,57.474023],[-1.834717,57.419971],[-1.934473,57.352197],[-2.020312,57.258887],[-2.045508,57.208545],[-2.062354,57.153467],[-2.089551,57.102539],[-2.260254,56.86333],[-2.42666,56.730713],[-2.500977,56.636572],[-2.592676,56.561572],[-2.680957,56.514404],[-2.775195,56.482959],[-3.047412,56.449365],[-3.123584,56.425293],[-3.214453,56.383936],[-3.309961,56.363477],[-3.197998,56.366064],[-3.087012,56.389063],[-2.885156,56.39751],[-2.652734,56.318262],[-2.674268,56.253418],[-2.767578,56.202148],[-2.979785,56.194092],[-3.178223,56.080127],[-3.267773,56.045068],[-3.362256,56.027637],[-3.48042,56.032812],[-3.695117,56.06333],[-3.789062,56.095215],[-3.70415,56.043164],[-3.607812,56.016016],[-3.04873,55.951953],[-3.015088,55.958594],[-2.836865,56.02627],[-2.599316,56.027295],[-2.14707,55.902979],[-2.016846,55.807959],[-1.830273,55.671729],[-1.72876,55.618555],[-1.655371,55.570361],[-1.610156,55.498096],[-1.522559,55.259521],[-1.422656,55.026416],[-1.291748,54.773877],[-1.232422,54.703711],[-1.154395,54.654492],[-0.759326,54.541406],[-0.671387,54.503906],[-0.518115,54.395117],[-0.370361,54.279199],[-0.232861,54.190137],[-0.084375,54.118066],[-0.156299,54.080615],[-0.205566,54.021729],[-0.16875,53.94165],[-0.108252,53.865186],[0.010547,53.742822],[0.115332,53.609277],[0.076709,53.629443],[0.036084,53.640527],[-0.019434,53.637207],[-0.07373,53.643652],[-0.173828,53.685449],[-0.27002,53.736768],[-0.461377,53.716162],[-0.567676,53.725391],[-0.659912,53.724023],[-0.485059,53.694385],[-0.293701,53.692334],[0.12832,53.468262],[0.270996,53.335498],[0.355762,53.159961],[0.298047,53.081104],[0.208203,53.030029],[0.124414,52.971582],[0.045898,52.905615],[0.279785,52.808691],[0.330176,52.811621],[0.381934,52.825195],[0.431641,52.858154],[0.515527,52.938379],[0.558789,52.966943],[0.704492,52.977246],[0.826758,52.971094],[0.948535,52.953369],[1.055566,52.958984],[1.271289,52.924561],[1.382129,52.893506],[1.656738,52.753711],[1.716113,52.677246],[1.743359,52.578516],[1.746582,52.468994],[1.700391,52.368896],[1.647363,52.278516],[1.614648,52.161816],[1.591406,52.119775],[1.558984,52.086865],[1.413477,51.994775],[1.316797,51.956934],[1.275977,51.973535],[1.232422,51.97124],[1.227832,51.949121],[1.273828,51.9021],[1.274414,51.845361],[1.188477,51.803369],[1.101172,51.785449],[0.955078,51.807812],[0.752246,51.72959],[0.898047,51.689404],[0.927441,51.646631],[0.890918,51.571436],[0.799219,51.537891],[0.697559,51.523047],[0.593457,51.519482],[0.507227,51.501074],[0.424512,51.465625],[0.52832,51.484473],[0.600293,51.467969],[0.645508,51.404687],[0.686523,51.386572],[0.889355,51.359521],[1.014941,51.359717],[1.257129,51.375098],[1.373438,51.374707],[1.414941,51.363281],[1.415625,51.31084],[1.397559,51.182031],[1.365527,51.155469],[1.044434,51.047266],[0.978613,50.97168],[0.960156,50.925879],[0.772363,50.933984],[0.684375,50.885547],[0.532324,50.853418],[0.414746,50.819189],[0.299707,50.775977],[0.205078,50.763037],[-0.203906,50.814355],[-0.450781,50.810156],[-0.785254,50.76543],[-0.871387,50.772803],[-1.000586,50.815625],[-1.132861,50.84458],[-1.285059,50.857324],[-1.416455,50.896875],[-1.334473,50.820801],[-1.516748,50.747461],[-1.60083,50.732861],[-1.687891,50.735156],[-1.866016,50.715234],[-2.031055,50.725391],[-2.00625,50.673242],[-1.962061,50.627783],[-1.9979,50.608008],[-2.03584,50.603076],[-2.350146,50.637402],[-2.394678,50.630908],[-2.433447,50.599219],[-2.547754,50.616309],[-2.658838,50.669727],[-2.776953,50.705566],[-2.900879,50.722412],[-2.999414,50.716602],[-3.40459,50.632422],[-3.485449,50.547949],[-3.525879,50.428174],[-3.584375,50.321826],[-3.679785,50.239941],[-3.793359,50.229248],[-3.900195,50.285937],[-4.103418,50.348535],[-4.172559,50.39082],[-4.19458,50.393311],[-4.217285,50.378174],[-4.296973,50.359082],[-4.379492,50.358203],[-4.506689,50.341357],[-4.727979,50.290479],[-4.817383,50.255957],[-5.009521,50.160742],[-5.048633,50.134375],[-5.118506,50.03833],[-5.225244,50.021387],[-5.322852,50.082959],[-5.433984,50.104443],[-5.551221,50.083398],[-5.622119,50.050684],[-5.655176,50.077246],[-5.65625,50.131885],[-5.570654,50.196973],[-5.342285,50.246143],[-5.141797,50.37373],[-5.043457,50.451514],[-5.004443,50.495264],[-4.956396,50.523145],[-4.893555,50.533691],[-4.861279,50.582031],[-4.58291,50.776367],[-4.559961,50.820947],[-4.546094,50.900684],[-4.523096,50.977441],[-4.296484,51.027148],[-4.188184,51.188525],[-4.158398,51.201318],[-3.842334,51.230908],[-3.60791,51.228564],[-3.375098,51.196973],[-3.255762,51.194141],[-3.135986,51.205029],[-3.042041,51.248584],[-2.88125,51.405664],[-2.79082,51.474805],[-2.687207,51.537256],[-2.590283,51.608594],[-2.433057,51.740723],[-2.539355,51.695215],[-2.667676,51.622998]]],[[[-4.196777,53.321436],[-4.154883,53.302832],[-4.049365,53.305762],[-4.084277,53.264307],[-4.200391,53.218066],[-4.278613,53.172412],[-4.373047,53.13418],[-4.418848,53.178027],[-4.471973,53.176367],[-4.553223,53.260449],[-4.567871,53.386475],[-4.461719,53.419287],[-4.315088,53.417236],[-4.196777,53.321436]]],[[[-2.548877,59.231348],[-2.662061,59.230176],[-2.603613,59.289307],[-2.535645,59.30415],[-2.406982,59.297559],[-2.429834,59.271045],[-2.548877,59.231348]]],[[[-1.042529,60.513867],[-1.067871,60.502295],[-1.165527,60.603906],[-1.093311,60.720215],[-1.005615,60.716504],[-0.99165,60.686035],[-1.000342,60.658008],[-1.04502,60.655518],[-1.049023,60.646924],[-1.035107,60.59292],[-1.034229,60.530176],[-1.042529,60.513867]]],[[[-1.308105,60.5375],[-1.287402,60.467041],[-1.235742,60.485303],[-1.157764,60.417725],[-1.117969,60.417627],[-1.052441,60.444482],[-1.065674,60.381592],[-1.133691,60.206982],[-1.152783,60.177344],[-1.165723,60.124268],[-1.179248,60.113916],[-1.199316,60.006592],[-1.245312,59.97124],[-1.283789,59.886914],[-1.299463,59.878662],[-1.355859,59.911133],[-1.299512,60.039844],[-1.276172,60.114648],[-1.290918,60.153467],[-1.322803,60.188379],[-1.409033,60.189502],[-1.481494,60.173389],[-1.496875,60.193994],[-1.499121,60.221777],[-1.516602,60.231006],[-1.613037,60.229102],[-1.641357,60.236768],[-1.660059,60.262256],[-1.66377,60.28252],[-1.57666,60.298389],[-1.494434,60.29248],[-1.374609,60.33291],[-1.449561,60.468555],[-1.548828,60.481299],[-1.571777,60.494434],[-1.552637,60.517432],[-1.498145,60.529834],[-1.414209,60.59873],[-1.363965,60.60957],[-1.301709,60.607666],[-1.308105,60.5375]]],[[[-0.774268,60.811963],[-0.774316,60.800488],[-0.826172,60.716162],[-0.825488,60.683936],[-0.909131,60.687012],[-0.922266,60.697266],[-0.938086,60.745654],[-0.927539,60.797168],[-0.91582,60.810449],[-0.891406,60.815918],[-0.864941,60.805811],[-0.823437,60.831885],[-0.801807,60.83125],[-0.774268,60.811963]]],[[[-3.164941,58.794189],[-3.222119,58.780957],[-3.278809,58.781934],[-3.367188,58.839746],[-3.40083,58.881787],[-3.394727,58.909619],[-3.357422,58.918994],[-3.271924,58.905273],[-3.227637,58.857178],[-3.222119,58.825879],[-3.211621,58.813574],[-3.158545,58.801221],[-3.164941,58.794189]]],[[[-2.929395,58.741602],[-2.938965,58.738623],[-2.975391,58.756934],[-3.035449,58.822656],[-2.941211,58.835693],[-2.896436,58.827588],[-2.913086,58.799609],[-2.929395,58.741602]]],[[[-3.057422,59.029639],[-3.070703,59.00498],[-2.994678,59.005566],[-2.88457,58.984521],[-2.81792,58.981885],[-2.762451,58.955811],[-2.793018,58.906934],[-2.826221,58.893262],[-2.86377,58.890527],[-2.994824,58.939355],[-3.166602,58.919092],[-3.200781,58.925293],[-3.22334,58.93877],[-3.232617,58.955518],[-3.232812,58.989648],[-3.242139,58.999707],[-3.304346,58.967432],[-3.331641,58.97124],[-3.34707,58.986719],[-3.353711,59.01875],[-3.346826,59.06499],[-3.310352,59.130811],[-3.248584,59.143945],[-3.156494,59.136328],[-3.051123,59.099023],[-3.019238,59.076025],[-3.02002,59.057666],[-3.057422,59.029639]]],[[[-2.729395,59.186768],[-2.815234,59.161914],[-2.851855,59.182471],[-2.861426,59.246826],[-2.96377,59.274365],[-3.013477,59.291455],[-3.052051,59.323877],[-3.042236,59.333838],[-2.975537,59.347119],[-2.861621,59.28833],[-2.815039,59.24082],[-2.730664,59.226758],[-2.719922,59.219482],[-2.729395,59.186768]]],[[[-6.607617,56.58501],[-6.664453,56.579443],[-6.668555,56.593604],[-6.569922,56.66123],[-6.506055,56.672363],[-6.483691,56.665771],[-6.530078,56.626611],[-6.607617,56.58501]]],[[[-5.10542,55.448828],[-5.231494,55.448096],[-5.277051,55.456738],[-5.331494,55.481055],[-5.392676,55.618359],[-5.370801,55.666943],[-5.345703,55.690723],[-5.318115,55.70918],[-5.251611,55.716943],[-5.185449,55.690967],[-5.1604,55.666797],[-5.10498,55.573975],[-5.094727,55.494336],[-5.10542,55.448828]]],[[[-5.777881,56.344336],[-6.176172,56.288721],[-6.313428,56.293652],[-6.32583,56.320947],[-6.298486,56.33916],[-6.184863,56.356885],[-6.138867,56.490625],[-6.310645,56.552148],[-6.319678,56.569434],[-6.30625,56.598779],[-6.286328,56.611865],[-6.18208,56.642969],[-6.138281,56.649854],[-6.102734,56.645654],[-6.02959,56.609814],[-5.94668,56.534521],[-5.836035,56.522559],[-5.76084,56.490674],[-5.777881,56.344336]]],[[[-6.128906,55.930566],[-6.092822,55.802148],[-6.057617,55.72251],[-6.055322,55.695312],[-6.088379,55.65752],[-6.253174,55.607227],[-6.305078,55.606934],[-6.307227,55.619141],[-6.27002,55.670313],[-6.302051,55.728369],[-6.286426,55.77251],[-6.301758,55.780615],[-6.333887,55.774365],[-6.451953,55.704248],[-6.491357,55.697314],[-6.495654,55.711572],[-6.466455,55.768994],[-6.462842,55.808252],[-6.445264,55.832373],[-6.413184,55.854639],[-6.374951,55.871338],[-6.344141,55.87373],[-6.311279,55.856494],[-6.215674,55.90459],[-6.128906,55.930566]]],[[[-5.970068,55.814551],[-5.990918,55.803809],[-6.041553,55.806787],[-6.060352,55.8229],[-6.070703,55.847656],[-6.071973,55.893115],[-6.041309,55.925635],[-5.911768,55.974756],[-5.970312,55.992188],[-5.972656,56.004443],[-5.939062,56.045264],[-5.799609,56.108789],[-5.762256,56.120312],[-5.725146,56.118555],[-5.797217,56.005615],[-5.970068,55.814551]]],[[[-6.198682,58.363281],[-6.32583,58.188867],[-6.375586,58.18457],[-6.419287,58.140967],[-6.55459,58.092871],[-6.436523,58.091895],[-6.403369,58.075879],[-6.402441,58.041357],[-6.425195,58.021289],[-6.578125,57.941357],[-6.683301,57.911035],[-6.796582,57.827539],[-6.85376,57.826514],[-6.910352,57.773389],[-6.956934,57.750049],[-6.983105,57.75],[-7.013184,57.761768],[-7.083447,57.81377],[-6.955957,57.864893],[-6.944141,57.893652],[-6.856836,57.923535],[-6.86416,57.932861],[-7.002539,57.974902],[-7.05708,58.003174],[-7.051904,58.017969],[-6.985303,58.050488],[-7.016895,58.054785],[-7.038232,58.072314],[-7.076904,58.079004],[-7.088477,58.095361],[-7.095605,58.138281],[-7.085254,58.182178],[-7.044922,58.201562],[-7.028418,58.222314],[-7.012061,58.228711],[-6.949561,58.217676],[-6.88623,58.182568],[-6.812305,58.196094],[-6.726465,58.189404],[-6.724707,58.197559],[-6.787744,58.283887],[-6.776465,58.301514],[-6.742285,58.321631],[-6.544189,58.383154],[-6.297168,58.486621],[-6.237451,58.502832],[-6.219434,58.488721],[-6.194238,58.435107],[-6.198682,58.363281]]],[[[-6.279053,56.964697],[-6.30874,56.951807],[-6.34624,56.954297],[-6.383398,56.970898],[-6.432617,57.01792],[-6.322363,57.050537],[-6.278223,57.031396],[-6.261279,57.009521],[-6.260547,56.985254],[-6.279053,56.964697]]],[[[-6.144727,57.50498],[-6.146143,57.460791],[-6.16377,57.408838],[-6.14082,57.353662],[-6.135547,57.314258],[-6.093408,57.301709],[-6.067627,57.283545],[-5.880273,57.263232],[-5.706006,57.268945],[-5.672461,57.252686],[-5.668652,57.226904],[-5.696191,57.198437],[-5.79541,57.146533],[-5.91377,57.062646],[-5.949072,57.045166],[-5.987305,57.044434],[-6.014746,57.051953],[-6.034375,57.201221],[-6.162744,57.182129],[-6.266113,57.184326],[-6.322705,57.20249],[-6.362402,57.2375],[-6.442432,57.32749],[-6.675439,57.362891],[-6.741309,57.412451],[-6.761133,57.442383],[-6.752734,57.458936],[-6.704199,57.495752],[-6.643457,57.482617],[-6.605859,57.490674],[-6.583008,57.507129],[-6.583496,57.520654],[-6.615283,57.552734],[-6.616797,57.562695],[-6.378516,57.60332],[-6.357666,57.666797],[-6.305957,57.671973],[-6.246924,57.651221],[-6.166064,57.585303],[-6.144727,57.50498]]],[[[-7.205566,57.682959],[-7.092773,57.62666],[-7.182617,57.533301],[-7.320557,57.53374],[-7.514746,57.601953],[-7.515625,57.615869],[-7.499414,57.636328],[-7.470312,57.652539],[-7.440039,57.656396],[-7.391895,57.645215],[-7.324854,57.663135],[-7.271191,57.657471],[-7.205566,57.682959]]],[[[-7.249854,57.115332],[-7.292041,57.109766],[-7.347412,57.115137],[-7.381494,57.130664],[-7.415918,57.192139],[-7.422363,57.229346],[-7.407031,57.298486],[-7.410547,57.381104],[-7.296387,57.383691],[-7.267139,57.371777],[-7.247559,57.126367],[-7.249854,57.115332]]],[[[-7.416895,56.96543],[-7.504785,56.95166],[-7.537402,56.959717],[-7.542969,56.972363],[-7.522949,57.006787],[-7.455469,57.018945],[-7.406689,57.000293],[-7.398926,56.98335],[-7.416895,56.96543]]],[[[-6.218018,54.088721],[-6.303662,54.094873],[-6.363672,54.0771],[-6.402588,54.060645],[-6.440283,54.063623],[-6.548145,54.057275],[-6.649805,54.058643],[-6.664209,54.084766],[-6.646875,54.163428],[-6.669531,54.184717],[-6.766602,54.195605],[-6.802588,54.214355],[-6.85835,54.268652],[-6.869238,54.294043],[-6.877246,54.329102],[-6.936133,54.374316],[-7.007715,54.406689],[-7.049707,54.408252],[-7.133496,54.355371],[-7.202588,54.301807],[-7.178076,54.274902],[-7.155469,54.239502],[-7.193066,54.214111],[-7.306738,54.156006],[-7.324512,54.133447],[-7.355176,54.12124],[-7.409424,54.137305],[-7.544434,54.133594],[-7.606543,54.143848],[-7.67876,54.18667],[-7.854932,54.215283],[-7.884473,54.283789],[-7.918457,54.296582],[-8.118262,54.414258],[-8.144824,54.453516],[-8.118945,54.476953],[-8.044336,54.512451],[-7.793799,54.57124],[-7.754395,54.594922],[-7.746289,54.61582],[-7.819824,54.639697],[-7.886133,54.666064],[-7.90874,54.68335],[-7.910596,54.69834],[-7.872949,54.717871],[-7.797266,54.719287],[-7.7375,54.710449],[-7.68999,54.728027],[-7.606445,54.745703],[-7.550391,54.767969],[-7.502197,54.825439],[-7.45127,54.8771],[-7.445996,54.905127],[-7.401416,55.00332],[-7.376904,55.027686],[-7.218652,55.091992],[-7.178613,55.056885],[-7.100635,55.048291],[-7.030762,55.080615],[-6.947168,55.18252],[-6.888965,55.188916],[-6.824854,55.180664],[-6.698828,55.193457],[-6.475049,55.241016],[-6.375293,55.241797],[-6.234229,55.216846],[-6.12915,55.217383],[-6.035791,55.144531],[-5.985742,55.029688],[-5.869189,54.916211],[-5.716846,54.81748],[-5.710742,54.75708],[-5.765186,54.724658],[-5.879102,54.684375],[-5.878613,54.641309],[-5.803467,54.663037],[-5.738623,54.673047],[-5.58252,54.663428],[-5.52793,54.619629],[-5.490186,54.554053],[-5.47041,54.500195],[-5.483887,54.44165],[-5.525879,54.460205],[-5.568555,54.512598],[-5.615967,54.536719],[-5.671094,54.549756],[-5.646094,54.477881],[-5.655957,54.381738],[-5.631885,54.372656],[-5.557812,54.370996],[-5.606787,54.272559],[-5.708057,54.24585],[-5.826172,54.23584],[-5.854639,54.200977],[-5.876074,54.156055],[-5.937744,54.089062],[-6.019043,54.05127],[-6.119531,54.058887],[-6.218018,54.088721]]],[[[-1.065576,50.690234],[-1.149365,50.655713],[-1.17583,50.615234],[-1.196094,50.599219],[-1.251465,50.588818],[-1.306299,50.588525],[-1.515332,50.669775],[-1.563428,50.666113],[-1.515674,50.70332],[-1.38584,50.733545],[-1.312793,50.773486],[-1.144238,50.734717],[-1.065576,50.690234]]]]}},{"type":"Feature","properties":{"featurecla":"Admin-0 country","scalerank":1,"LABELRANK":3,"SOVEREIGNT":"Ukraine","SOV_A3":"UKR","ADM0_DIF":0,"LEVEL":2,"TYPE":"Sovereign country","TLC":"1","ADMIN":"Ukraine","ADM0_A3":"UKR","GEOU_DIF":0,"GEOUNIT":"Ukraine","GU_A3":"UKR","SU_DIF":0,"SUBUNIT":"Ukraine","SU_A3":"UKR","BRK_DIFF":0,"NAME":"Ukraine","NAME_LONG":"Ukraine","BRK_A3":"UKR","BRK_NAME":"Ukraine","BRK_GROUP":null,"ABBREV":"Ukr.","POSTAL":"UA","FORMAL_EN":"Ukraine","FORMAL_FR":null,"NAME_CIAWF":"Ukraine","NOTE_ADM0":null,"NOTE_BRK":null,"NAME_SORT":"Ukraine","NAME_ALT":null,"MAPCOLOR7":5,"MAPCOLOR8":1,"MAPCOLOR9":6,"MAPCOLOR13":3,"POP_EST":44385155,"POP_RANK":15,"POP_YEAR":2019,"GDP_MD":153781,"GDP_YEAR":2019,"ECONOMY":"6. Developing region","INCOME_GRP":"4. Lower middle income","FIPS_10":"UP","ISO_A2":"UA","ISO_A2_EH":"UA","ISO_A3":"UKR","ISO_A3_EH":"UKR","ISO_N3":"804","ISO_N3_EH":"804","UN_A3":"804","WB_A2":"UA","WB_A3":"UKR","WOE_ID":23424976,"WOE_ID_EH":23424976,"WOE_NOTE":"Exact WOE match as country","ADM0_ISO":"UKR","ADM0_DIFF":null,"ADM0_TLC":"UKR","ADM0_A3_US":"UKR","ADM0_A3_FR":"UKR","ADM0_A3_RU":"UKR","ADM0_A3_ES":"UKR","ADM0_A3_CN":"UKR","ADM0_A3_TW":"UKR","ADM0_A3_IN":"UKR","ADM0_A3_NP":"UKR","ADM0_A3_PK":"UKR","ADM0_A3_DE":"UKR","ADM0_A3_GB":"UKR","ADM0_A3_BR":"UKR","ADM0_A3_IL":"UKR","ADM0_A3_PS":"UKR","ADM0_A3_SA":"UKR","ADM0_A3_EG":"UKR","ADM0_A3_MA":"UKR","ADM0_A3_PT":"UKR","ADM0_A3_AR":"UKR","ADM0_A3_JP":"UKR","ADM0_A3_KO":"UKR","ADM0_A3_VN":"UKR","ADM0_A3_TR":"UKR","ADM0_A3_ID":"UKR","ADM0_A3_PL":"UKR","ADM0_A3_GR":"UKR","ADM0_A3_IT":"UKR","ADM0_A3_NL":"UKR","ADM0_A3_SE":"UKR","ADM0_A3_BD":"UKR","ADM0_A3_UA":"UKR","ADM0_A3_UN":-99,"ADM0_A3_WB":-99,"CONTINENT":"Europe","REGION_UN":"Europe","SUBREGION":"Eastern Europe","REGION_WB":"Europe & Central Asia","NAME_LEN":7,"LONG_LEN":7,"ABBREV_LEN":4,"TINY":-99,"HOMEPART":1,"MIN_ZOOM":0,"MIN_LABEL":2.7,"MAX_LABEL":7,"LABEL_X":32.140865,"LABEL_Y":49.724739,"NE_ID":1159321345,"WIKIDATAID":"Q212","NAME_AR":"أوكرانيا","NAME_BN":"ইউক্রেন","NAME_DE":"Ukraine","NAME_EN":"Ukraine","NAME_ES":"Ucrania","NAME_FA":"اوکراین","NAME_FR":"Ukraine","NAME_EL":"Ουκρανία","NAME_HE":"אוקראינה","NAME_HI":"युक्रेन","NAME_HU":"Ukrajna","NAME_ID":"Ukraina","NAME_IT":"Ucraina","NAME_JA":"ウクライナ","NAME_KO":"우크라이나","NAME_NL":"Oekraïne","NAME_PL":"Ukraina","NAME_PT":"Ucrânia","NAME_RU":"Украина","NAME_SV":"Ukraina","NAME_TR":"Ukrayna","NAME_UK":"Україна","NAME_UR":"یوکرین","NAME_VI":"Ukraina","NAME_ZH":"乌克兰","NAME_ZHT":"烏克蘭","FCLASS_ISO":"Admin-0 country","TLC_DIFF":null,"FCLASS_TLC":"Admin-0 country","FCLASS_US":null,"FCLASS_FR":null,"FCLASS_RU":null,"FCLASS_ES":null,"FCLASS_CN":null,"FCLASS_TW":null,"FCLASS_IN":null,"FCLASS_NP":null,"FCLASS_PK":null,"FCLASS_DE":null,"FCLASS_GB":null,"FCLASS_BR":null,"FCLASS_IL":null,"FCLASS_PS":null,"FCLASS_SA":null,"FCLASS_EG":null,"FCLASS_MA":null,"FCLASS_PT":null,"FCLASS_AR":null,"FCLASS_JP":null,"FCLASS_KO":null,"FCLASS_VN":null,"FCLASS_TR":null,"FCLASS_ID":null,"FCLASS_PL":null,"FCLASS_GR":null,"FCLASS_IT":null,"FCLASS_NL":null,"FCLASS_SE":null,"FCLASS_BD":null,"FCLASS_UA":null},"bbox":[22.131836,45.234131,40.12832,52.353564],"geometry":{"type":"MultiPolygon","coordinates":[[[[38.214355,47.091455],[38.17832,47.080225],[37.828711,47.09585],[37.761147,47.090809],[37.543359,47.074561],[37.339844,46.916895],[37.218555,46.917334],[37.047559,46.876221],[36.932031,46.825146],[36.794824,46.714404],[36.688672,46.764111],[36.558789,46.762695],[36.432031,46.732568],[36.279492,46.658594],[36.194629,46.645508],[36.024902,46.666797],[35.827148,46.624316],[35.400195,46.381396],[35.256641,46.203906],[35.204395,46.169189],[35.132324,46.125879],[35.055273,46.104004],[35.014551,46.106006],[35.217773,46.232178],[35.280176,46.279492],[35.290918,46.314404],[35.291992,46.370703],[35.230371,46.440625],[35.064063,46.267236],[34.969531,46.24209],[34.849609,46.189893],[34.84375,46.073584],[34.857324,45.987354],[34.906641,45.878809],[35.001674,45.733383],[34.946428,45.728686],[34.799726,45.790752],[34.794084,45.892315],[34.686878,45.97695],[34.523249,45.97695],[34.449898,45.965666],[34.353978,46.061586],[34.224203,46.101083],[34.128283,46.089798],[34.02672,46.106725],[33.806667,46.208288],[33.659965,46.219573],[33.654323,46.146222],[33.594141,46.09624],[33.498828,46.078857],[33.429883,46.057617],[33.263477,46.125684],[33.202246,46.175732],[32.941797,46.123779],[32.796875,46.131494],[32.476758,46.083691],[32.329883,46.130371],[32.035742,46.260986],[31.925195,46.287256],[31.83125,46.281689],[31.77998,46.324658],[31.842871,46.346143],[31.915918,46.348682],[31.991699,46.364404],[32.013086,46.387158],[32.008496,46.42998],[31.855762,46.462451],[31.713672,46.471777],[31.623633,46.510254],[31.554883,46.554297],[31.716016,46.55498],[31.87793,46.52168],[32.131445,46.509375],[32.361328,46.474951],[32.418945,46.517773],[32.552539,46.591992],[32.578027,46.615625],[32.354102,46.564844],[32.127246,46.597217],[32.044336,46.64248],[31.974316,46.708789],[31.944922,46.784375],[31.964063,46.854834],[31.939551,46.981982],[31.864746,47.095117],[31.838184,47.157227],[31.75918,47.212842],[31.836914,47.087012],[31.865918,47.003271],[31.912695,46.926123],[31.90166,46.721631],[31.872852,46.649756],[31.77959,46.631641],[31.657031,46.642432],[31.532129,46.664746],[31.563379,46.777295],[31.496875,46.738379],[31.40293,46.628809],[31.320313,46.6125],[31.136816,46.624463],[30.796289,46.552002],[30.772852,46.473047],[30.72168,46.366211],[30.672266,46.304004],[30.656738,46.266504],[30.511523,46.105371],[30.492969,46.090137],[30.219043,45.866748],[30.18418,45.849951],[30.006641,45.797949],[29.90166,45.752393],[29.821191,45.73208],[29.685059,45.754688],[29.628418,45.722461],[29.60166,45.68252],[29.601172,45.6],[29.670313,45.540674],[29.726953,45.343311],[29.705859,45.259912],[29.651953,45.313916],[29.567676,45.370801],[29.403711,45.419678],[29.223535,45.40293],[29.027441,45.320557],[28.894336,45.289941],[28.824316,45.311084],[28.781738,45.309863],[28.766602,45.28623],[28.769824,45.266895],[28.791406,45.251904],[28.788281,45.240967],[28.760742,45.234131],[28.45127,45.292187],[28.317676,45.347119],[28.2125,45.450439],[28.264844,45.483887],[28.310352,45.498584],[28.471387,45.507178],[28.499023,45.517725],[28.501758,45.541553],[28.51377,45.572412],[28.509473,45.617822],[28.491602,45.665771],[28.562305,45.735791],[28.667578,45.793848],[28.729297,45.852002],[28.73877,45.937158],[28.849512,45.978662],[28.947754,46.049951],[28.971875,46.127637],[29.00625,46.176465],[28.94375,46.288428],[28.930566,46.362256],[28.927441,46.424121],[28.958398,46.458496],[29.049902,46.497021],[29.146289,46.526904],[29.18623,46.523975],[29.200781,46.50498],[29.20459,46.379346],[29.223828,46.376953],[29.25459,46.392627],[29.304883,46.466602],[29.339551,46.445068],[29.392871,46.436914],[29.432813,46.455957],[29.458789,46.45376],[29.491016,46.434668],[29.555078,46.407764],[29.614941,46.398828],[29.664551,46.416748],[29.706836,46.44873],[29.751953,46.437793],[29.837891,46.350537],[29.878027,46.360205],[30.075684,46.377832],[30.10752,46.401562],[30.131055,46.423096],[29.924316,46.538867],[29.934766,46.625],[29.94248,46.723779],[29.918066,46.782422],[29.877832,46.828906],[29.719727,46.88291],[29.597754,46.938818],[29.571973,46.964014],[29.568652,46.996729],[29.563477,47.04751],[29.515039,47.091113],[29.510938,47.128027],[29.541797,47.185547],[29.549316,47.246826],[29.53916,47.270996],[29.510645,47.290723],[29.455664,47.292627],[29.383398,47.328027],[29.333789,47.375732],[29.200586,47.444482],[29.159766,47.455664],[29.134863,47.489697],[29.122949,47.530371],[29.150879,47.580859],[29.186035,47.658594],[29.210742,47.731543],[29.211133,47.775],[29.194824,47.882422],[29.125391,47.964551],[29.092969,47.975439],[29.036914,47.952344],[28.97334,47.933008],[28.923145,47.951123],[28.86582,47.995654],[28.773828,48.11958],[28.60166,48.144385],[28.530469,48.150293],[28.463086,48.090527],[28.441992,48.108691],[28.423047,48.146875],[28.3875,48.162109],[28.340527,48.144434],[28.326953,48.161426],[28.347168,48.213037],[28.291016,48.238574],[28.158789,48.237988],[28.088477,48.257031],[28.080078,48.295801],[28.038477,48.321289],[27.963379,48.333545],[27.890625,48.365234],[27.82002,48.41626],[27.714453,48.449512],[27.57373,48.464893],[27.562207,48.47041],[27.549219,48.477734],[27.458398,48.443066],[27.403809,48.415625],[27.336914,48.432715],[27.228516,48.371436],[27.008496,48.368262],[26.900586,48.371924],[26.84707,48.387158],[26.64043,48.294141],[26.618945,48.259863],[26.572461,48.248486],[26.442383,48.22998],[26.305664,48.20376],[26.276953,48.113232],[26.23623,48.064355],[26.162695,47.992529],[25.908691,47.967578],[25.689258,47.932471],[25.464258,47.910791],[25.169629,47.823096],[25.073828,47.745703],[24.979102,47.724121],[24.893359,47.717773],[24.837891,47.76084],[24.650977,47.876514],[24.578906,47.931055],[24.484082,47.947119],[24.380957,47.938037],[24.281934,47.911182],[24.177734,47.906055],[24.059766,47.944775],[24.047363,47.941016],[24.001855,47.935791],[23.708984,47.982617],[23.682031,47.990381],[23.669043,47.992334],[23.628711,47.99585],[23.408203,47.98999],[23.202637,48.084521],[23.139453,48.087402],[23.09082,48.049121],[23.054785,48.006543],[22.912891,47.964258],[22.87666,47.947266],[22.856055,47.960303],[22.846484,47.99707],[22.857227,48.029541],[22.83623,48.060303],[22.782227,48.095215],[22.769141,48.109619],[22.701563,48.107031],[22.683105,48.103613],[22.676367,48.104395],[22.582422,48.134033],[22.520117,48.205371],[22.423828,48.243311],[22.350195,48.256055],[22.316699,48.286621],[22.295117,48.327295],[22.272168,48.358008],[22.269434,48.360889],[22.253711,48.407373],[22.231152,48.412158],[22.227148,48.413428],[22.131836,48.405322],[22.142871,48.568506],[22.295215,48.68584],[22.332617,48.745068],[22.389453,48.873486],[22.432031,48.933545],[22.483203,48.983252],[22.524121,49.031396],[22.538672,49.072705],[22.57998,49.077197],[22.70127,49.039941],[22.809766,49.020752],[22.839746,49.038916],[22.852051,49.062744],[22.84707,49.08125],[22.760156,49.13623],[22.705664,49.171191],[22.702344,49.192725],[22.721973,49.240967],[22.732422,49.295166],[22.719922,49.353809],[22.660645,49.483691],[22.649414,49.539014],[22.706152,49.606201],[22.890723,49.76626],[22.952246,49.826367],[23.036328,49.899072],[23.264453,50.072852],[23.408594,50.173926],[23.506152,50.229834],[23.649023,50.327051],[23.711719,50.377344],[23.972656,50.410059],[24.00498,50.457031],[24.052637,50.508447],[24.089941,50.530469],[24.094727,50.617041],[24.046289,50.722803],[24.007324,50.760156],[23.978418,50.785596],[23.99707,50.809375],[24.025977,50.816162],[24.061621,50.819531],[24.105762,50.844971],[24.095801,50.872754],[23.985742,50.94043],[23.938086,50.992529],[23.863477,51.126221],[23.712207,51.265137],[23.664453,51.310059],[23.657617,51.35249],[23.679688,51.394922],[23.658887,51.448975],[23.605273,51.51792],[23.61377,51.525391],[23.608594,51.610498],[23.64668,51.628857],[23.706836,51.641309],[23.791699,51.637109],[23.864258,51.623975],[23.951172,51.585059],[23.97832,51.591309],[24.126855,51.664648],[24.280078,51.774707],[24.32373,51.838428],[24.361914,51.867529],[24.495215,51.883057],[24.611328,51.889502],[24.685156,51.888281],[24.866406,51.899121],[24.973828,51.911133],[25.066699,51.930518],[25.267188,51.937744],[25.580273,51.924756],[25.785742,51.923828],[25.925293,51.913525],[26.26709,51.855029],[26.394336,51.844434],[26.453418,51.813428],[26.566895,51.801904],[26.773438,51.770703],[26.952832,51.754004],[27.074121,51.76084],[27.141992,51.752051],[27.270117,51.613574],[27.296289,51.597412],[27.347656,51.594141],[27.452344,51.606104],[27.601367,51.601611],[27.689746,51.572412],[27.676758,51.489941],[27.7,51.477979],[27.741309,51.482568],[27.788867,51.52915],[27.828809,51.577441],[27.858594,51.592383],[28.010742,51.559766],[28.080273,51.565039],[28.144434,51.60166],[28.183789,51.607861],[28.291602,51.581836],[28.424609,51.563623],[28.532031,51.562451],[28.599023,51.542627],[28.647754,51.456543],[28.690234,51.438867],[28.73125,51.433398],[28.793262,51.510352],[28.849512,51.540186],[28.927539,51.562158],[28.977734,51.571777],[29.013086,51.598926],[29.060742,51.625439],[29.102051,51.627539],[29.135645,51.617285],[29.174219,51.580615],[29.230469,51.497021],[29.298828,51.413037],[29.346484,51.382568],[29.469629,51.40835],[29.553125,51.43457],[29.706055,51.439551],[29.908789,51.458008],[30.06377,51.482031],[30.160742,51.477881],[30.219531,51.451221],[30.308984,51.399609],[30.333398,51.325537],[30.449512,51.274316],[30.544531,51.265039],[30.576953,51.318359],[30.63252,51.35542],[30.611719,51.406348],[30.602344,51.47124],[30.560742,51.531494],[30.533008,51.596338],[30.583887,51.688965],[30.639453,51.770068],[30.667285,51.814111],[30.755273,51.895166],[30.845703,51.953076],[30.980664,52.046191],[31.079297,52.076953],[31.168457,52.062939],[31.217969,52.050244],[31.345996,52.105371],[31.57373,52.108105],[31.763379,52.101074],[31.782422,52.099414],[31.875586,52.070898],[31.973828,52.046631],[32.041602,52.04502],[32.122266,52.050586],[32.216797,52.082959],[32.282813,52.114014],[32.362988,52.272119],[32.391309,52.294824],[32.435449,52.307227],[32.50791,52.308545],[32.64541,52.279102],[32.806445,52.252637],[32.899707,52.256348],[33.148438,52.34043],[33.287109,52.353564],[33.451855,52.333789],[33.613379,52.332617],[33.735254,52.344775],[33.818848,52.315625],[33.92207,52.251465],[34.015332,52.155957],[34.113086,51.979639],[34.397852,51.78042],[34.402734,51.741504],[34.379297,51.716504],[34.23916,51.692236],[34.121094,51.67915],[34.11543,51.644971],[34.146777,51.607959],[34.200879,51.553809],[34.209277,51.484082],[34.206543,51.419922],[34.229883,51.363232],[34.275,51.340186],[34.280664,51.31167],[34.228418,51.276855],[34.213867,51.255371],[34.23418,51.243799],[34.491016,51.237061],[34.616797,51.203125],[34.712305,51.172217],[34.760352,51.169336],[34.868555,51.189209],[34.990234,51.201758],[35.064063,51.203418],[35.092578,51.180664],[35.115332,51.12085],[35.158105,51.060986],[35.198047,51.043896],[35.269141,51.046777],[35.311914,51.043896],[35.334766,51.021143],[35.309082,50.986914],[35.314746,50.949902],[35.346094,50.904297],[35.383203,50.798926],[35.417383,50.767578],[35.440137,50.727686],[35.440137,50.68208],[35.411621,50.642236],[35.391699,50.610937],[35.411621,50.539697],[35.488477,50.459912],[35.545508,50.43999],[35.591113,50.36875],[35.67373,50.345996],[35.796191,50.405762],[35.890234,50.437109],[36.007812,50.419678],[36.116406,50.408545],[36.189453,50.367822],[36.243359,50.311768],[36.306055,50.280469],[36.368848,50.296826],[36.499805,50.280469],[36.559668,50.234863],[36.619434,50.209229],[36.696387,50.24624],[36.759082,50.291846],[36.988477,50.339551],[37.13125,50.351514],[37.171094,50.360889],[37.254883,50.394971],[37.343164,50.417627],[37.422852,50.411475],[37.501367,50.340723],[37.582324,50.291846],[37.605078,50.214941],[37.704199,50.109082],[37.950293,49.964209],[38.046875,49.92002],[38.1125,49.927832],[38.146777,49.939404],[38.162695,49.954541],[38.177539,50.025391],[38.208691,50.051465],[38.258594,50.052344],[38.451172,49.964062],[38.551953,49.95459],[38.647754,49.952881],[38.77666,49.884326],[38.918359,49.824707],[39.027734,49.818408],[39.114941,49.841748],[39.174805,49.855957],[39.211816,49.833203],[39.245996,49.781934],[39.30293,49.742041],[39.368457,49.730664],[39.462793,49.728027],[39.626563,49.650684],[39.780566,49.572021],[39.876855,49.567676],[39.958496,49.590771],[40.030664,49.596729],[40.080664,49.576855],[40.094922,49.542676],[40.057813,49.49707],[40.057813,49.431543],[40.126172,49.368848],[40.12832,49.307227],[40.108789,49.251562],[40.07002,49.200293],[39.976367,49.129834],[39.889746,49.064062],[39.759473,49.036572],[39.686523,49.00791],[39.705664,48.95957],[39.75332,48.914453],[39.86377,48.877979],[39.98916,48.851416],[40.003613,48.82207],[39.984473,48.807373],[39.904102,48.79375],[39.792871,48.807715],[39.755859,48.78208],[39.70459,48.739355],[39.67041,48.662451],[39.644727,48.591211],[39.76543,48.571875],[39.835645,48.542773],[39.85752,48.484229],[39.882617,48.419092],[39.889844,48.360449],[39.849902,48.331934],[39.847461,48.302783],[39.866309,48.288428],[39.918164,48.281934],[39.95791,48.268896],[39.961035,48.237939],[39.885059,48.168359],[39.813965,48.035303],[39.775781,47.964453],[39.778711,47.887549],[39.735938,47.844824],[39.658496,47.841211],[39.391016,47.83374],[39.158496,47.837402],[39.057813,47.848486],[38.900293,47.855127],[38.822266,47.837012],[38.718945,47.714111],[38.640625,47.665918],[38.510938,47.622412],[38.368848,47.609961],[38.287402,47.55918],[38.258789,47.479541],[38.256543,47.408936],[38.243262,47.373682],[38.212402,47.342773],[38.201367,47.320801],[38.208008,47.296533],[38.241016,47.287695],[38.280762,47.27666],[38.280762,47.259033],[38.265332,47.236963],[38.221191,47.212744],[38.201367,47.175244],[38.205859,47.135596],[38.214355,47.091455]]],[[[32.012207,46.203906],[32.150098,46.154687],[32.009375,46.167822],[31.700195,46.214062],[31.563867,46.257764],[31.528711,46.306592],[31.508789,46.373145],[31.584863,46.303174],[31.638477,46.272559],[32.012207,46.203906]]]]}},{"type":"Feature","properties":{"featurecla":"Admin-0 country","scalerank":3,"LABELRANK":2,"SOVEREIGNT":"Turkey","SOV_A3":"TUR","ADM0_DIF":0,"LEVEL":2,"TYPE":"Sovereign country","TLC":"1","ADMIN":"Turkey","ADM0_A3":"TUR","GEOU_DIF":0,"GEOUNIT":"Turkey","GU_A3":"TUR","SU_DIF":0,"SUBUNIT":"Turkey","SU_A3":"TUR","BRK_DIFF":0,"NAME":"Turkey","NAME_LONG":"Turkey","BRK_A3":"TUR","BRK_NAME":"Turkey","BRK_GROUP":null,"ABBREV":"Tur.","POSTAL":"TR","FORMAL_EN":"Republic of Turkey","FORMAL_FR":null,"NAME_CIAWF":"Turkey","NOTE_ADM0":null,"NOTE_BRK":null,"NAME_SORT":"Turkey","NAME_ALT":null,"MAPCOLOR7":6,"MAPCOLOR8":3,"MAPCOLOR9":8,"MAPCOLOR13":4,"POP_EST":83429615,"POP_RANK":16,"POP_YEAR":2019,"GDP_MD":761425,"GDP_YEAR":2019,"ECONOMY":"4. Emerging region: MIKT","INCOME_GRP":"3. Upper middle income","FIPS_10":"TU","ISO_A2":"TR","ISO_A2_EH":"TR","ISO_A3":"TUR","ISO_A3_EH":"TUR","ISO_N3":"792","ISO_N3_EH":"792","UN_A3":"792","WB_A2":"TR","WB_A3":"TUR","WOE_ID":23424969,"WOE_ID_EH":23424969,"WOE_NOTE":"Exact WOE match as country","ADM0_ISO":"TUR","ADM0_DIFF":null,"ADM0_TLC":"TUR","ADM0_A3_US":"TUR","ADM0_A3_FR":"TUR","ADM0_A3_RU":"TUR","ADM0_A3_ES":"TUR","ADM0_A3_CN":"TUR","ADM0_A3_TW":"TUR","ADM0_A3_IN":"TUR","ADM0_A3_NP":"TUR","ADM0_A3_PK":"TUR","ADM0_A3_DE":"TUR","ADM0_A3_GB":"TUR","ADM0_A3_BR":"TUR","ADM0_A3_IL":"TUR","ADM0_A3_PS":"TUR","ADM0_A3_SA":"TUR","ADM0_A3_EG":"TUR","ADM0_A3_MA":"TUR","ADM0_A3_PT":"TUR","ADM0_A3_AR":"TUR","ADM0_A3_JP":"TUR","ADM0_A3_KO":"TUR","ADM0_A3_VN":"TUR","ADM0_A3_TR":"TUR","ADM0_A3_ID":"TUR","ADM0_A3_PL":"TUR","ADM0_A3_GR":"TUR","ADM0_A3_IT":"TUR","ADM0_A3_NL":"TUR","ADM0_A3_SE":"TUR","ADM0_A3_BD":"TUR","ADM0_A3_UA":"TUR","ADM0_A3_UN":-99,"ADM0_A3_WB":-99,"CONTINENT":"Asia","REGION_UN":"Asia","SUBREGION":"Western Asia","REGION_WB":"Europe & Central Asia","NAME_LEN":6,"LONG_LEN":6,"ABBREV_LEN":4,"TINY":-99,"HOMEPART":1,"MIN_ZOOM":0,"MIN_LABEL":2,"MAX_LABEL":7,"LABEL_X":34.508268,"LABEL_Y":39.345388,"NE_ID":1159321331,"WIKIDATAID":"Q43","NAME_AR":"تركيا","NAME_BN":"তুরস্ক","NAME_DE":"Türkei","NAME_EN":"Turkey","NAME_ES":"Turquía","NAME_FA":"ترکیه","NAME_FR":"Turquie","NAME_EL":"Τουρκία","NAME_HE":"טורקיה","NAME_HI":"तुर्की","NAME_HU":"Törökország","NAME_ID":"Turki","NAME_IT":"Turchia","NAME_JA":"トルコ","NAME_KO":"터키","NAME_NL":"Turkije","NAME_PL":"Turcja","NAME_PT":"Turquia","NAME_RU":"Турция","NAME_SV":"Turkiet","NAME_TR":"Türkiye","NAME_UK":"Туреччина","NAME_UR":"ترکی","NAME_VI":"Thổ Nhĩ Kỳ","NAME_ZH":"土耳其","NAME_ZHT":"土耳其","FCLASS_ISO":"Admin-0 country","TLC_DIFF":null,"FCLASS_TLC":"Admin-0 country","FCLASS_US":null,"FCLASS_FR":null,"FCLASS_RU":null,"FCLASS_ES":null,"FCLASS_CN":null,"FCLASS_TW":null,"FCLASS_IN":null,"FCLASS_NP":null,"FCLASS_PK":null,"FCLASS_DE":null,"FCLASS_GB":null,"FCLASS_BR":null,"FCLASS_IL":null,"FCLASS_PS":null,"FCLASS_SA":null,"FCLASS_EG":null,"FCLASS_MA":null,"FCLASS_PT":null,"FCLASS_AR":null,"FCLASS_JP":null,"FCLASS_KO":null,"FCLASS_VN":null,"FCLASS_TR":null,"FCLASS_ID":null,"FCLASS_PL":null,"FCLASS_GR":null,"FCLASS_IT":null,"FCLASS_NL":null,"FCLASS_SE":null,"FCLASS_BD":null,"FCLASS_UA":null},"bbox":[25.668945,35.831445,44.817188,42.093262],"geometry":{"type":"MultiPolygon","coordinates":[[[[25.97002,40.136328],[25.740234,40.105469],[25.668945,40.135889],[25.740918,40.196289],[25.874805,40.233691],[25.918359,40.237988],[25.977051,40.177832],[25.97002,40.136328]]],[[[41.510059,41.51748],[41.576563,41.497314],[41.701758,41.471582],[41.779395,41.440527],[41.823535,41.432373],[41.925781,41.495654],[42.077734,41.494092],[42.211133,41.486719],[42.27998,41.475],[42.364355,41.454004],[42.466406,41.439844],[42.50791,41.470068],[42.567383,41.559277],[42.59043,41.570703],[42.606836,41.578809],[42.682422,41.585742],[42.754102,41.578906],[42.787891,41.563721],[42.82168,41.492383],[42.906738,41.466846],[43.057129,41.352832],[43.149023,41.307129],[43.171289,41.287939],[43.141016,41.264844],[43.152832,41.236426],[43.205469,41.19917],[43.279297,41.185205],[43.358984,41.190137],[43.402344,41.176562],[43.433398,41.155518],[43.441602,41.125977],[43.439453,41.107129],[43.455273,41.064697],[43.51748,41.004834],[43.591699,40.968213],[43.631641,40.929004],[43.696484,40.794141],[43.722656,40.719531],[43.712891,40.647754],[43.667871,40.574072],[43.569336,40.482373],[43.59375,40.444043],[43.61582,40.393311],[43.608398,40.356592],[43.678125,40.239307],[43.709863,40.166504],[43.683301,40.149658],[43.666211,40.126367],[43.791699,40.070264],[43.941992,40.023145],[44.005371,40.014111],[44.178027,40.035742],[44.289258,40.040381],[44.399609,39.995752],[44.560449,39.887598],[44.733789,39.746484],[44.768262,39.703516],[44.783398,39.684668],[44.817188,39.650439],[44.782129,39.651074],[44.725,39.681738],[44.587109,39.768555],[44.516699,39.73125],[44.455957,39.666748],[44.389355,39.422119],[44.335449,39.396045],[44.24043,39.396777],[44.124023,39.405225],[44.043945,39.392969],[44.023242,39.377441],[44.033789,39.351025],[44.05752,39.31084],[44.074316,39.259961],[44.079102,39.218311],[44.121289,39.180615],[44.178027,39.144824],[44.180566,39.108057],[44.171875,39.05625],[44.158789,39.016748],[44.144531,38.994385],[44.170801,38.934375],[44.232422,38.863232],[44.27168,38.836035],[44.257031,38.700635],[44.280176,38.640674],[44.297852,38.557812],[44.29082,38.420117],[44.298535,38.386279],[44.319629,38.374707],[44.375781,38.36958],[44.430859,38.356787],[44.449902,38.334229],[44.449609,38.317773],[44.380859,38.25459],[44.372754,38.209717],[44.348926,38.146484],[44.329395,38.109277],[44.267969,38.038818],[44.228906,37.967187],[44.211328,37.908057],[44.222949,37.880176],[44.33623,37.871777],[44.397754,37.829248],[44.56123,37.744629],[44.589941,37.710352],[44.545313,37.658154],[44.546094,37.636328],[44.567188,37.608643],[44.577148,37.560205],[44.573145,37.506396],[44.574023,37.4354],[44.604102,37.42373],[44.715137,37.357129],[44.794141,37.290381],[44.796777,37.269775],[44.758301,37.21709],[44.766699,37.156348],[44.765137,37.142432],[44.730957,37.165283],[44.669336,37.173584],[44.605957,37.176025],[44.566016,37.158252],[44.495996,37.110547],[44.401953,37.058496],[44.325586,37.010742],[44.281836,36.978027],[44.245703,36.983301],[44.21748,37.011865],[44.20166,37.051807],[44.208398,37.202637],[44.191797,37.249854],[44.15625,37.282959],[44.114453,37.301855],[44.064648,37.312451],[44.013184,37.313525],[43.940039,37.269287],[43.836426,37.223535],[43.675781,37.227246],[43.567969,37.23584],[43.51582,37.244531],[43.306738,37.314648],[43.263086,37.316504],[43.185156,37.344873],[43.09248,37.367383],[42.936621,37.324756],[42.869141,37.334912],[42.774609,37.371875],[42.741113,37.361914],[42.635449,37.249268],[42.455859,37.128711],[42.358984,37.108594],[42.312891,37.22959],[42.268555,37.276562],[42.247559,37.282227],[42.202734,37.297266],[42.167871,37.288623],[42.059863,37.206055],[41.886816,37.156396],[41.743555,37.126123],[41.515527,37.08916],[41.339551,37.070801],[41.264648,37.069336],[41.102148,37.085889],[40.958887,37.10918],[40.815625,37.108154],[40.705664,37.097705],[40.450391,37.008887],[40.016406,36.826074],[39.686523,36.738623],[39.501465,36.702246],[39.356641,36.681592],[39.108398,36.680566],[38.906445,36.694678],[38.766602,36.693115],[38.688867,36.715088],[38.578027,36.789111],[38.44375,36.862256],[38.383984,36.879248],[38.305859,36.893359],[38.191699,36.901562],[37.906641,36.794629],[37.817969,36.765576],[37.720313,36.743701],[37.523535,36.67832],[37.436328,36.643311],[37.327051,36.646582],[37.187402,36.655908],[37.066211,36.652637],[36.985352,36.702393],[36.941797,36.758398],[36.776563,36.792676],[36.658594,36.802539],[36.628418,36.777686],[36.596875,36.701367],[36.54668,36.506348],[36.5375,36.457422],[36.641406,36.263525],[36.636719,36.233984],[36.562402,36.223926],[36.477051,36.220703],[36.421484,36.203467],[36.375391,36.17124],[36.347559,36.003516],[36.248828,35.972705],[36.201953,35.937549],[36.153613,35.833887],[36.127344,35.831445],[35.967578,35.910059],[35.892676,35.916553],[35.956934,35.998145],[35.887109,36.159082],[35.810938,36.309863],[35.882812,36.406348],[36.031738,36.522705],[36.188477,36.658984],[36.188184,36.743066],[36.180078,36.807227],[36.135156,36.851611],[36.048926,36.910596],[35.90459,36.847607],[35.801563,36.778076],[35.734277,36.763965],[35.661133,36.724316],[35.625586,36.652783],[35.537402,36.597021],[35.393164,36.575195],[35.176172,36.634863],[34.943164,36.725684],[34.81123,36.799268],[34.703613,36.816797],[34.601367,36.784473],[34.299609,36.604199],[34.023438,36.340771],[33.954883,36.295215],[33.694727,36.181982],[33.522754,36.143994],[33.441797,36.152832],[33.099512,36.102979],[32.929492,36.095703],[32.794824,36.035889],[32.533789,36.100732],[32.377734,36.183643],[32.283789,36.267871],[32.130566,36.449121],[32.021973,36.535303],[31.77793,36.612793],[31.352539,36.801074],[31.240625,36.821729],[30.950293,36.848682],[30.644043,36.865674],[30.582031,36.797168],[30.558496,36.52583],[30.506055,36.451123],[30.483594,36.3104],[30.446094,36.269873],[30.387305,36.243262],[30.29541,36.287695],[30.231641,36.307324],[30.083203,36.249365],[29.789258,36.168066],[29.689063,36.156689],[29.34834,36.258838],[29.223633,36.324463],[29.143262,36.397217],[29.116113,36.520117],[29.065527,36.590088],[29.058105,36.638135],[29.038281,36.693457],[28.969629,36.715332],[28.895898,36.673584],[28.816895,36.675293],[28.717676,36.700879],[28.483594,36.803809],[28.303711,36.811963],[28.195605,36.686328],[28.111523,36.646387],[28.019434,36.634473],[28.01416,36.670215],[28.083984,36.751465],[27.803809,36.736475],[27.655859,36.674609],[27.54043,36.684229],[27.453906,36.712158],[27.466895,36.746338],[27.554688,36.758887],[27.630859,36.78667],[27.934473,36.809277],[28.005371,36.831982],[28.083008,36.920264],[28.224414,36.996387],[28.242383,37.029053],[28.133691,37.029492],[27.668359,37.007422],[27.348926,37.01958],[27.311035,36.981885],[27.262988,36.976562],[27.249707,37.07915],[27.300195,37.126855],[27.368164,37.122412],[27.535059,37.163867],[27.520117,37.249121],[27.400586,37.306738],[27.37627,37.340723],[27.289551,37.348682],[27.219238,37.38916],[27.203906,37.491406],[27.147949,37.603613],[27.067969,37.65791],[27.077832,37.687695],[27.224414,37.725439],[27.254785,37.882324],[27.232422,37.978662],[27.158691,37.986865],[26.943848,38.062891],[26.878613,38.054785],[26.807422,38.13833],[26.682813,38.19834],[26.621094,38.176367],[26.582422,38.149268],[26.524707,38.162256],[26.42793,38.214355],[26.33291,38.24248],[26.290723,38.277197],[26.343652,38.370068],[26.416406,38.367871],[26.429688,38.440625],[26.372266,38.561914],[26.377832,38.62417],[26.441309,38.641211],[26.513574,38.629492],[26.586523,38.557031],[26.610352,38.486914],[26.59502,38.418604],[26.641309,38.352441],[26.674219,38.335742],[26.696387,38.405371],[26.727344,38.418604],[26.769922,38.388184],[26.861426,38.372949],[27.098633,38.415723],[27.144238,38.451953],[26.97041,38.447852],[26.906836,38.481738],[26.837793,38.557568],[26.795313,38.626416],[26.787695,38.660205],[26.763672,38.709619],[26.790137,38.736084],[26.90918,38.775781],[27.013672,38.886865],[26.970117,38.919043],[26.920313,38.934229],[26.866211,38.922949],[26.814941,38.960986],[26.808301,39.013916],[26.849316,39.056738],[26.853613,39.115625],[26.719336,39.260645],[26.681836,39.292236],[26.710742,39.339648],[26.813281,39.419043],[26.910938,39.517334],[26.899219,39.549658],[26.827051,39.562891],[26.484082,39.520703],[26.350781,39.484082],[26.113086,39.467383],[26.095996,39.520801],[26.101367,39.568945],[26.154688,39.656641],[26.149805,39.872852],[26.181348,39.990088],[26.313379,40.025],[26.475391,40.197266],[26.738086,40.400244],[27.012109,40.396338],[27.12168,40.452344],[27.28457,40.455615],[27.31416,40.414893],[27.332617,40.375928],[27.475586,40.319922],[27.728027,40.328809],[27.789355,40.350879],[27.848535,40.381738],[27.731836,40.481494],[27.769141,40.509619],[27.874902,40.512939],[27.989551,40.489453],[27.994824,40.466602],[27.964355,40.435303],[27.928906,40.38042],[27.962598,40.369873],[28.289062,40.403027],[28.630273,40.376465],[28.738867,40.390869],[29.007129,40.389746],[29.055176,40.42417],[28.974023,40.467383],[28.894629,40.482422],[28.841211,40.503467],[28.787891,40.534033],[28.958008,40.630566],[29.054102,40.649121],[29.507617,40.708398],[29.844922,40.738086],[29.849219,40.760107],[29.800586,40.760156],[29.364746,40.809277],[29.259766,40.847314],[29.113867,40.937842],[29.082227,40.963428],[29.045508,41.007568],[29.067383,41.10166],[29.094336,41.177246],[29.148145,41.221045],[29.322266,41.227734],[29.919336,41.15083],[30.344922,41.196924],[30.810059,41.084863],[31.254883,41.107617],[31.34668,41.15791],[31.458008,41.32002],[32.086426,41.589209],[32.306445,41.72959],[32.542188,41.806396],[32.94668,41.891748],[33.284766,42.00459],[33.381348,42.017578],[34.192969,41.963672],[34.750488,41.956836],[35.006445,42.063281],[35.154883,42.027539],[35.141016,41.989502],[35.114063,41.956982],[35.12207,41.891113],[35.20918,41.794385],[35.297754,41.728516],[35.558008,41.634033],[35.919824,41.713721],[35.978125,41.704834],[36.051758,41.682568],[36.179199,41.426562],[36.278418,41.336133],[36.405371,41.274609],[36.509668,41.2625],[36.587109,41.32666],[36.64707,41.352539],[36.777734,41.363477],[36.991992,41.275391],[37.066211,41.184424],[37.430957,41.114111],[37.765625,41.078906],[37.910059,41.001904],[38.381055,40.924512],[38.556934,40.936523],[38.852148,41.017676],[39.426367,41.106445],[39.80791,40.98252],[39.911133,40.966455],[40.000195,40.977148],[40.128418,40.943018],[40.265234,40.961328],[40.6875,41.107422],[40.819531,41.190234],[40.959473,41.211621],[41.083594,41.261182],[41.414355,41.423633],[41.510059,41.51748]]],[[[28.014453,41.969043],[27.987305,41.854883],[28.050293,41.72915],[28.197852,41.554492],[28.346387,41.466357],[28.946777,41.248389],[29.057227,41.229736],[29.032129,41.140479],[28.995996,41.061133],[28.95625,41.008203],[28.780371,40.97417],[28.294922,41.071484],[28.172168,41.080713],[28.085547,41.061328],[27.925195,40.990576],[27.747363,41.013281],[27.499414,40.973145],[27.430176,40.839941],[27.258008,40.687354],[26.974609,40.564014],[26.77207,40.498047],[26.467969,40.261475],[26.32998,40.123389],[26.271777,40.096582],[26.202734,40.075391],[26.225977,40.141699],[26.260156,40.202393],[26.252344,40.248145],[26.253809,40.314697],[26.355273,40.390234],[26.447461,40.44502],[26.720313,40.544238],[26.79209,40.626611],[26.578125,40.624658],[26.360938,40.606348],[26.224219,40.618066],[26.105469,40.611328],[26.067773,40.683398],[26.038965,40.726758],[26.069727,40.740283],[26.10918,40.749658],[26.178906,40.826514],[26.241211,40.883203],[26.331055,40.954492],[26.354102,40.99707],[26.354102,41.036768],[26.332617,41.064307],[26.328418,41.097021],[26.325684,41.143262],[26.330664,41.23877],[26.536426,41.343115],[26.602344,41.35415],[26.624902,41.401758],[26.609766,41.512158],[26.581348,41.60127],[26.544531,41.607227],[26.49502,41.633252],[26.4625,41.663379],[26.410547,41.696338],[26.320898,41.716553],[26.317969,41.744678],[26.327246,41.772803],[26.360352,41.801562],[26.511426,41.826367],[26.529297,41.84668],[26.549707,41.896729],[26.579688,41.947949],[26.615332,41.964893],[26.679199,41.96333],[26.800391,41.975146],[26.884863,41.991846],[26.96875,42.026855],[27.011719,42.058643],[27.193359,42.0771],[27.244336,42.093262],[27.294922,42.079541],[27.362891,42.025049],[27.474805,41.946875],[27.534863,41.920801],[27.579883,41.93291],[27.661133,41.961328],[27.738867,41.961523],[27.80166,41.956543],[27.831934,41.981299],[27.879199,41.986621],[28.014453,41.969043]]]]}},{"type":"Feature","properties":{"featurecla":"Admin-0 country","scalerank":1,"LABELRANK":4,"SOVEREIGNT":"Switzerland","SOV_A3":"CHE","ADM0_DIF":0,"LEVEL":2,"TYPE":"Sovereign country","TLC":"1","ADMIN":"Switzerland","ADM0_A3":"CHE","GEOU_DIF":0,"GEOUNIT":"Switzerland","GU_A3":"CHE","SU_DIF":0,"SUBUNIT":"Switzerland","SU_A3":"CHE","BRK_DIFF":0,"NAME":"Switzerland","NAME_LONG":"Switzerland","BRK_A3":"CHE","BRK_NAME":"Switzerland","BRK_GROUP":null,"ABBREV":"Switz.","POSTAL":"CH","FORMAL_EN":"Swiss Confederation","FORMAL_FR":null,"NAME_CIAWF":"Switzerland","NOTE_ADM0":null,"NOTE_BRK":null,"NAME_SORT":"Switzerland","NAME_ALT":null,"MAPCOLOR7":5,"MAPCOLOR8":2,"MAPCOLOR9":7,"MAPCOLOR13":3,"POP_EST":8574832,"POP_RANK":13,"POP_YEAR":2019,"GDP_MD":703082,"GDP_YEAR":2019,"ECONOMY":"2. Developed region: nonG7","INCOME_GRP":"1. High income: OECD","FIPS_10":"SZ","ISO_A2":"CH","ISO_A2_EH":"CH","ISO_A3":"CHE","ISO_A3_EH":"CHE","ISO_N3":"756","ISO_N3_EH":"756","UN_A3":"756","WB_A2":"CH","WB_A3":"CHE","WOE_ID":23424957,"WOE_ID_EH":23424957,"WOE_NOTE":"Exact WOE match as country","ADM0_ISO":"CHE","ADM0_DIFF":null,"ADM0_TLC":"CHE","ADM0_A3_US":"CHE","ADM0_A3_FR":"CHE","ADM0_A3_RU":"CHE","ADM0_A3_ES":"CHE","ADM0_A3_CN":"CHE","ADM0_A3_TW":"CHE","ADM0_A3_IN":"CHE","ADM0_A3_NP":"CHE","ADM0_A3_PK":"CHE","ADM0_A3_DE":"CHE","ADM0_A3_GB":"CHE","ADM0_A3_BR":"CHE","ADM0_A3_IL":"CHE","ADM0_A3_PS":"CHE","ADM0_A3_SA":"CHE","ADM0_A3_EG":"CHE","ADM0_A3_MA":"CHE","ADM0_A3_PT":"CHE","ADM0_A3_AR":"CHE","ADM0_A3_JP":"CHE","ADM0_A3_KO":"CHE","ADM0_A3_VN":"CHE","ADM0_A3_TR":"CHE","ADM0_A3_ID":"CHE","ADM0_A3_PL":"CHE","ADM0_A3_GR":"CHE","ADM0_A3_IT":"CHE","ADM0_A3_NL":"CHE","ADM0_A3_SE":"CHE","ADM0_A3_BD":"CHE","ADM0_A3_UA":"CHE","ADM0_A3_UN":-99,"ADM0_A3_WB":-99,"CONTINENT":"Europe","REGION_UN":"Europe","SUBREGION":"Western Europe","REGION_WB":"Europe & Central Asia","NAME_LEN":11,"LONG_LEN":11,"ABBREV_LEN":6,"TINY":-99,"HOMEPART":1,"MIN_ZOOM":0,"MIN_LABEL":4,"MAX_LABEL":9,"LABEL_X":7.463965,"LABEL_Y":46.719114,"NE_ID":1159320491,"WIKIDATAID":"Q39","NAME_AR":"سويسرا","NAME_BN":"সুইজারল্যান্ড","NAME_DE":"Schweiz","NAME_EN":"Switzerland","NAME_ES":"Suiza","NAME_FA":"سوئیس","NAME_FR":"Suisse","NAME_EL":"Ελβετία","NAME_HE":"שווייץ","NAME_HI":"स्विट्ज़रलैण्ड","NAME_HU":"Svájc","NAME_ID":"Swiss","NAME_IT":"Svizzera","NAME_JA":"スイス","NAME_KO":"스위스","NAME_NL":"Zwitserland","NAME_PL":"Szwajcaria","NAME_PT":"Suíça","NAME_RU":"Швейцария","NAME_SV":"Schweiz","NAME_TR":"İsviçre","NAME_UK":"Швейцарія","NAME_UR":"سویٹزرلینڈ","NAME_VI":"Thụy Sĩ","NAME_ZH":"瑞士","NAME_ZHT":"瑞士","FCLASS_ISO":"Admin-0 country","TLC_DIFF":null,"FCLASS_TLC":"Admin-0 country","FCLASS_US":null,"FCLASS_FR":null,"FCLASS_RU":null,"FCLASS_ES":null,"FCLASS_CN":null,"FCLASS_TW":null,"FCLASS_IN":null,"FCLASS_NP":null,"FCLASS_PK":null,"FCLASS_DE":null,"FCLASS_GB":null,"FCLASS_BR":null,"FCLASS_IL":null,"FCLASS_PS":null,"FCLASS_SA":null,"FCLASS_EG":null,"FCLASS_MA":null,"FCLASS_PT":null,"FCLASS_AR":null,"FCLASS_JP":null,"FCLASS_KO":null,"FCLASS_VN":null,"FCLASS_TR":null,"FCLASS_ID":null,"FCLASS_PL":null,"FCLASS_GR":null,"FCLASS_IT":null,"FCLASS_NL":null,"FCLASS_SE":null,"FCLASS_BD":null,"FCLASS_UA":null},"bbox":[5.97002,45.830029,10.45459,47.775635],"geometry":{"type":"Polygon","coordinates":[[[9.524023,47.524219],[9.554395,47.511133],[9.625879,47.467041],[9.609082,47.391797],[9.527539,47.270752],[9.484277,47.172656],[9.479492,47.09751],[9.487695,47.062256],[9.502344,47.062744],[9.580273,47.057373],[9.619922,47.057471],[9.74502,47.037109],[9.845313,47.007373],[9.864648,46.975977],[9.877734,46.937695],[9.996875,46.885352],[10.133496,46.851514],[10.179785,46.862354],[10.349414,46.984766],[10.414941,46.964404],[10.45459,46.899414],[10.452832,46.864941],[10.406055,46.734863],[10.397949,46.665039],[10.438281,46.618848],[10.44248,46.582861],[10.430664,46.550049],[10.363086,46.54707],[10.272266,46.564844],[10.195508,46.621094],[10.1375,46.614355],[10.087012,46.599902],[10.06123,46.546777],[10.038281,46.483203],[10.045605,46.4479],[10.081934,46.420752],[10.109668,46.362842],[10.129883,46.287988],[10.145215,46.253516],[10.12832,46.238232],[10.080566,46.227979],[10.041016,46.238086],[9.97168,46.327686],[9.939258,46.361816],[9.884473,46.367773],[9.787793,46.346045],[9.639453,46.295898],[9.57959,46.296094],[9.528711,46.306201],[9.481055,46.348779],[9.440625,46.430811],[9.427637,46.482324],[9.399316,46.480664],[9.304395,46.495557],[9.260156,46.475195],[9.259766,46.39126],[9.251074,46.286768],[9.203418,46.219238],[9.070996,46.102441],[9.022363,46.051465],[9.003027,46.014893],[8.998926,45.983105],[9.019141,45.928125],[9.04668,45.875586],[9.02373,45.845703],[8.953711,45.830029],[8.904297,45.861963],[8.885156,45.918701],[8.778027,45.996191],[8.826758,46.061035],[8.818555,46.077148],[8.641699,46.110791],[8.56543,46.159814],[8.458398,46.245898],[8.438477,46.282861],[8.442969,46.402783],[8.436816,46.431885],[8.422559,46.446045],[8.370703,46.445117],[8.298535,46.403418],[8.231934,46.341211],[8.095703,46.271045],[8.081543,46.256006],[8.127246,46.187598],[8.125195,46.160937],[8.014258,46.051904],[7.993164,46.015918],[7.852344,45.947461],[7.787891,45.921826],[7.592578,45.972217],[7.538574,45.978174],[7.451563,45.944434],[7.32793,45.912354],[7.129004,45.88042],[7.055762,45.903809],[7.021094,45.925781],[7.003906,45.958838],[6.953711,46.017139],[6.897266,46.051758],[6.858008,46.089404],[6.805664,46.130664],[6.77207,46.165137],[6.816797,46.275195],[6.78418,46.313965],[6.767383,46.369189],[6.776074,46.406641],[6.758105,46.415771],[6.578223,46.437354],[6.428906,46.430518],[6.321875,46.393701],[6.234668,46.332617],[6.224219,46.319434],[6.22959,46.308447],[6.272949,46.252246],[6.199414,46.193066],[6.086621,46.147021],[6.006641,46.142334],[5.971484,46.151221],[5.97002,46.214697],[6.036133,46.238086],[6.095898,46.279395],[6.115918,46.337646],[6.123242,46.378613],[6.060254,46.428174],[6.067969,46.458545],[6.107031,46.516064],[6.129688,46.566992],[6.160742,46.611035],[6.285156,46.683057],[6.410156,46.75542],[6.429004,46.832275],[6.438574,46.925879],[6.45625,46.94834],[6.624805,47.004346],[6.666895,47.026514],[6.688086,47.058252],[6.820703,47.163184],[6.952051,47.267187],[6.978516,47.302051],[7.000586,47.32251],[7.000586,47.339453],[6.984082,47.352539],[6.921484,47.36123],[6.900391,47.394238],[6.968359,47.453223],[7.053418,47.489355],[7.136035,47.489844],[7.169238,47.473242],[7.16748,47.453711],[7.203125,47.432715],[7.265723,47.425781],[7.343164,47.433105],[7.42002,47.455176],[7.467383,47.507666],[7.494922,47.547363],[7.615625,47.592725],[7.698047,47.569873],[7.927051,47.563867],[8.09375,47.576172],[8.198242,47.606934],[8.327832,47.606934],[8.414746,47.5896],[8.430078,47.592139],[8.454004,47.596191],[8.477637,47.612695],[8.559473,47.624023],[8.570508,47.637793],[8.56709,47.651904],[8.552344,47.659131],[8.451758,47.651807],[8.413281,47.662695],[8.403418,47.687793],[8.435742,47.731348],[8.509863,47.766895],[8.572656,47.775635],[8.617871,47.766113],[8.72832,47.700049],[8.754785,47.698047],[8.770117,47.709912],[8.793066,47.716553],[8.831152,47.703613],[8.874023,47.662695],[8.881152,47.656396],[9.127539,47.670703],[9.182813,47.670703],[9.35,47.598926],[9.524023,47.524219]]]}},{"type":"Feature","properties":{"featurecla":"Admin-0 country","scalerank":3,"LABELRANK":3,"SOVEREIGNT":"Sweden","SOV_A3":"SWE","ADM0_DIF":0,"LEVEL":2,"TYPE":"Sovereign country","TLC":"1","ADMIN":"Sweden","ADM0_A3":"SWE","GEOU_DIF":0,"GEOUNIT":"Sweden","GU_A3":"SWE","SU_DIF":0,"SUBUNIT":"Sweden","SU_A3":"SWE","BRK_DIFF":0,"NAME":"Sweden","NAME_LONG":"Sweden","BRK_A3":"SWE","BRK_NAME":"Sweden","BRK_GROUP":null,"ABBREV":"Swe.","POSTAL":"S","FORMAL_EN":"Kingdom of Sweden","FORMAL_FR":null,"NAME_CIAWF":"Sweden","NOTE_ADM0":null,"NOTE_BRK":null,"NAME_SORT":"Sweden","NAME_ALT":null,"MAPCOLOR7":1,"MAPCOLOR8":4,"MAPCOLOR9":2,"MAPCOLOR13":4,"POP_EST":10285453,"POP_RANK":14,"POP_YEAR":2019,"GDP_MD":530883,"GDP_YEAR":2019,"ECONOMY":"2. Developed region: nonG7","INCOME_GRP":"1. High income: OECD","FIPS_10":"SW","ISO_A2":"SE","ISO_A2_EH":"SE","ISO_A3":"SWE","ISO_A3_EH":"SWE","ISO_N3":"752","ISO_N3_EH":"752","UN_A3":"752","WB_A2":"SE","WB_A3":"SWE","WOE_ID":23424954,"WOE_ID_EH":23424954,"WOE_NOTE":"Exact WOE match as country","ADM0_ISO":"SWE","ADM0_DIFF":null,"ADM0_TLC":"SWE","ADM0_A3_US":"SWE","ADM0_A3_FR":"SWE","ADM0_A3_RU":"SWE","ADM0_A3_ES":"SWE","ADM0_A3_CN":"SWE","ADM0_A3_TW":"SWE","ADM0_A3_IN":"SWE","ADM0_A3_NP":"SWE","ADM0_A3_PK":"SWE","ADM0_A3_DE":"SWE","ADM0_A3_GB":"SWE","ADM0_A3_BR":"SWE","ADM0_A3_IL":"SWE","ADM0_A3_PS":"SWE","ADM0_A3_SA":"SWE","ADM0_A3_EG":"SWE","ADM0_A3_MA":"SWE","ADM0_A3_PT":"SWE","ADM0_A3_AR":"SWE","ADM0_A3_JP":"SWE","ADM0_A3_KO":"SWE","ADM0_A3_VN":"SWE","ADM0_A3_TR":"SWE","ADM0_A3_ID":"SWE","ADM0_A3_PL":"SWE","ADM0_A3_GR":"SWE","ADM0_A3_IT":"SWE","ADM0_A3_NL":"SWE","ADM0_A3_SE":"SWE","ADM0_A3_BD":"SWE","ADM0_A3_UA":"SWE","ADM0_A3_UN":-99,"ADM0_A3_WB":-99,"CONTINENT":"Europe","REGION_UN":"Europe","SUBREGION":"Northern Europe","REGION_WB":"Europe & Central Asia","NAME_LEN":6,"LONG_LEN":6,"ABBREV_LEN":4,"TINY":-99,"HOMEPART":1,"MIN_ZOOM":0,"MIN_LABEL":2,"MAX_LABEL":7,"LABEL_X":19.01705,"LABEL_Y":65.85918,"NE_ID":1159321287,"WIKIDATAID":"Q34","NAME_AR":"السويد","NAME_BN":"সুইডেন","NAME_DE":"Schweden","NAME_EN":"Sweden","NAME_ES":"Suecia","NAME_FA":"سوئد","NAME_FR":"Suède","NAME_EL":"Σουηδία","NAME_HE":"שוודיה","NAME_HI":"स्वीडन","NAME_HU":"Svédország","NAME_ID":"Swedia","NAME_IT":"Svezia","NAME_JA":"スウェーデン","NAME_KO":"스웨덴","NAME_NL":"Zweden","NAME_PL":"Szwecja","NAME_PT":"Suécia","NAME_RU":"Швеция","NAME_SV":"Sverige","NAME_TR":"İsveç","NAME_UK":"Швеція","NAME_UR":"سویڈن","NAME_VI":"Thụy Điển","NAME_ZH":"瑞典","NAME_ZHT":"瑞典","FCLASS_ISO":"Admin-0 country","TLC_DIFF":null,"FCLASS_TLC":"Admin-0 country","FCLASS_US":null,"FCLASS_FR":null,"FCLASS_RU":null,"FCLASS_ES":null,"FCLASS_CN":null,"FCLASS_TW":null,"FCLASS_IN":null,"FCLASS_NP":null,"FCLASS_PK":null,"FCLASS_DE":null,"FCLASS_GB":null,"FCLASS_BR":null,"FCLASS_IL":null,"FCLASS_PS":null,"FCLASS_SA":null,"FCLASS_EG":null,"FCLASS_MA":null,"FCLASS_PT":null,"FCLASS_AR":null,"FCLASS_JP":null,"FCLASS_KO":null,"FCLASS_VN":null,"FCLASS_TR":null,"FCLASS_ID":null,"FCLASS_PL":null,"FCLASS_GR":null,"FCLASS_IT":null,"FCLASS_NL":null,"FCLASS_SE":null,"FCLASS_BD":null,"FCLASS_UA":null},"bbox":[11.147168,55.346387,24.155469,69.036865],"geometry":{"type":"MultiPolygon","coordinates":[[[[19.076465,57.835938],[18.99375,57.812109],[18.945117,57.741602],[18.878125,57.729687],[18.813867,57.706201],[18.790918,57.483105],[18.90791,57.39834],[18.843652,57.386475],[18.784863,57.361084],[18.742871,57.323535],[18.699902,57.242725],[18.538477,57.196924],[18.477344,57.163037],[18.387207,57.087646],[18.340234,56.978223],[18.248926,56.931543],[18.146387,56.920508],[18.206543,57.010156],[18.285352,57.083203],[18.20957,57.133301],[18.163965,57.211719],[18.105078,57.271875],[18.151953,57.339062],[18.128906,57.44917],[18.136523,57.556641],[18.204883,57.610889],[18.283203,57.655127],[18.405176,57.756836],[18.537402,57.830566],[18.721875,57.863721],[18.805176,57.833154],[18.841113,57.900195],[18.900586,57.915479],[18.956445,57.9],[19.076465,57.835938]]],[[[16.528516,56.290527],[16.477148,56.240186],[16.431641,56.24375],[16.40127,56.310889],[16.394141,56.483643],[16.412305,56.568994],[16.630371,56.876855],[16.727734,56.902002],[16.864648,57.090674],[16.901563,57.174609],[16.960938,57.250195],[16.995996,57.317773],[17.025391,57.345068],[17.089258,57.332275],[17.117676,57.319824],[17.050391,57.280469],[17.058203,57.229248],[17.053516,57.208008],[16.883691,56.985205],[16.838281,56.840527],[16.778027,56.805225],[16.528516,56.290527]]],[[[11.388281,59.036523],[11.470703,58.909521],[11.543555,58.893018],[11.642773,58.926074],[11.712207,59.018652],[11.751855,59.157568],[11.798145,59.289893],[11.743359,59.431445],[11.684863,59.555762],[11.680762,59.592285],[11.834277,59.697168],[11.88125,59.782471],[11.932129,59.863672],[11.988281,59.891309],[12.071875,59.897607],[12.169238,59.912891],[12.291992,59.967236],[12.402051,60.040039],[12.486133,60.106787],[12.514648,60.238867],[12.51582,60.305225],[12.552832,60.354492],[12.588672,60.450732],[12.553809,60.545654],[12.445312,60.689648],[12.314648,60.892139],[12.294141,61.002686],[12.353711,61.023193],[12.467578,61.041504],[12.683008,61.046826],[12.706055,61.059863],[12.727832,61.108252],[12.776367,61.173975],[12.828223,61.221826],[12.863672,61.290283],[12.880762,61.352295],[12.75752,61.445703],[12.596094,61.541309],[12.486816,61.572998],[12.29209,61.653467],[12.155371,61.720752],[12.233691,61.976855],[12.291992,62.167432],[12.301367,62.21377],[12.303516,62.285596],[12.114551,62.591895],[12.121875,62.66001],[12.139844,62.721338],[12.119629,62.825928],[12.108594,62.919482],[12.141016,62.947852],[12.218164,63.000635],[12.144629,63.08252],[12.138672,63.08916],[11.999902,63.291699],[12.212109,63.492236],[12.175195,63.595947],[12.301953,63.671191],[12.532715,63.843555],[12.6625,63.940479],[12.690039,63.957422],[12.792773,64],[12.987598,64.050488],[13.203516,64.075098],[13.299609,64.074805],[13.670703,64.040625],[13.960547,64.014014],[14.002734,64.040723],[14.063281,64.095508],[14.141211,64.173535],[14.148047,64.260303],[14.119922,64.387744],[14.077637,64.464014],[13.873535,64.513574],[13.650293,64.581543],[13.924805,64.796777],[14.115137,64.946143],[14.352441,65.17085],[14.42627,65.264355],[14.479688,65.301465],[14.549512,65.646387],[14.595801,65.742871],[14.63457,65.793262],[14.635156,65.84502],[14.609961,65.932275],[14.543262,66.129346],[14.917969,66.153711],[15.040039,66.167529],[15.15332,66.191064],[15.374902,66.252051],[15.483789,66.305957],[15.422949,66.489844],[15.557031,66.5521],[15.88418,66.768848],[16.237695,66.976416],[16.403516,67.05498],[16.420703,67.093359],[16.434277,67.155078],[16.360645,67.252002],[16.281543,67.312061],[16.127441,67.42583],[16.193555,67.505176],[16.307129,67.520605],[16.457129,67.551758],[16.574121,67.61958],[16.585547,67.62832],[16.783594,67.89502],[17.170508,68.030127],[17.324609,68.103809],[17.564746,68.048438],[17.916699,67.964893],[18.073242,68.087842],[18.125,68.133447],[18.17666,68.200635],[18.155957,68.316846],[18.14707,68.467773],[18.162598,68.528418],[18.303027,68.55542],[18.378613,68.562402],[18.769824,68.500049],[18.868262,68.501123],[19.052637,68.492725],[19.258984,68.465332],[19.691211,68.392432],[19.87002,68.362256],[19.969824,68.356396],[20.055957,68.390381],[20.240039,68.477539],[19.968848,68.542041],[20.147461,68.607324],[20.240039,68.673145],[20.319434,68.754053],[20.348047,68.84873],[20.337109,68.899658],[20.282324,68.934326],[20.116699,69.020898],[20.491992,69.033301],[20.622168,69.036865],[20.895117,68.979834],[20.907031,68.96748],[20.908984,68.937744],[20.918555,68.906934],[21.183398,68.828809],[21.259766,68.787451],[21.422363,68.724609],[21.46543,68.690674],[21.616016,68.650977],[21.724023,68.608545],[21.850195,68.574121],[21.997461,68.520605],[22.195117,68.477979],[22.362109,68.464062],[22.782422,68.391016],[22.854102,68.367334],[22.975391,68.316455],[23.097852,68.257568],[23.18252,68.136621],[23.318555,68.130322],[23.355469,68.088672],[23.474219,68.017334],[23.638867,67.954395],[23.63291,67.933203],[23.501855,67.875195],[23.487793,67.796582],[23.500195,67.696191],[23.541309,67.614307],[23.537012,67.590381],[23.504492,67.562158],[23.46543,67.517871],[23.451465,67.479199],[23.454883,67.460254],[23.468066,67.449951],[23.537109,67.44917],[23.66084,67.440039],[23.733594,67.4229],[23.774902,67.328613],[23.760938,67.310498],[23.656641,67.267822],[23.626074,67.233936],[23.623047,67.184131],[23.641504,67.129395],[23.677344,67.068115],[23.758984,67.002588],[23.869336,66.934033],[23.941797,66.877832],[23.976074,66.838232],[23.988574,66.810547],[23.938867,66.775732],[23.894141,66.706885],[23.88584,66.628027],[23.865527,66.576611],[23.768359,66.505859],[23.701172,66.480762],[23.682031,66.443408],[23.673828,66.380713],[23.693555,66.304297],[23.700293,66.252637],[23.720996,66.21543],[23.751465,66.191162],[23.907324,66.148242],[23.994629,66.060352],[24.049023,65.989844],[24.155469,65.805273],[23.890527,65.782227],[23.691406,65.828516],[23.59209,65.805322],[23.418359,65.804346],[23.221094,65.786133],[23.15459,65.749902],[23.102344,65.735352],[22.919336,65.786475],[22.746582,65.870947],[22.620313,65.806543],[22.538574,65.794336],[22.465137,65.852637],[22.400977,65.862109],[22.366309,65.842676],[22.335938,65.791162],[22.287598,65.750635],[22.275,65.725],[22.266602,65.621533],[22.254004,65.597559],[22.08623,65.610938],[22.096289,65.583789],[22.132812,65.570117],[22.147559,65.552881],[22.086719,65.530225],[21.920117,65.532373],[21.903125,65.50835],[21.95,65.470361],[21.913477,65.437109],[21.87959,65.424023],[21.680664,65.403369],[21.565527,65.408105],[21.532617,65.386572],[21.523438,65.358594],[21.545215,65.331152],[21.595996,65.316553],[21.612695,65.299121],[21.60918,65.261377],[21.566895,65.254541],[21.446875,65.32085],[21.410352,65.317432],[21.437793,65.282959],[21.506348,65.245361],[21.545996,65.206982],[21.580664,65.160791],[21.573926,65.125781],[21.424902,65.012695],[21.29375,64.94126],[21.195898,64.876904],[21.138184,64.808691],[21.20498,64.774316],[21.279297,64.724707],[21.331543,64.629346],[21.393848,64.544336],[21.519629,64.463086],[21.494336,64.416113],[21.465039,64.37959],[21.255762,64.29917],[21.018457,64.177979],[20.762695,63.867822],[20.677637,63.82627],[20.453711,63.77373],[20.371387,63.7229],[20.204688,63.662451],[19.913672,63.610547],[19.781641,63.538184],[19.72207,63.46333],[19.655762,63.458008],[19.590039,63.487256],[19.502344,63.509033],[19.490918,63.460205],[19.494629,63.424365],[19.354297,63.47749],[19.288086,63.42876],[19.236328,63.347363],[19.034375,63.237744],[18.816699,63.257471],[18.792285,63.238135],[18.850195,63.224121],[18.858984,63.206592],[18.819434,63.197266],[18.75957,63.198242],[18.667188,63.176563],[18.606445,63.178271],[18.577637,63.126416],[18.530664,63.063525],[18.407715,63.0375],[18.344238,63.032129],[18.312891,62.996387],[18.502051,62.988867],[18.486914,62.958594],[18.482617,62.92832],[18.463086,62.89585],[18.248047,62.849072],[18.214941,62.812207],[18.17002,62.789355],[18.074414,62.790674],[18.07793,62.811963],[18.093555,62.836035],[17.951074,62.833887],[17.906641,62.886768],[17.87959,62.873193],[17.895605,62.830518],[17.93291,62.786133],[17.974414,62.721045],[17.940723,62.679883],[17.903027,62.659473],[17.930469,62.640625],[18.006543,62.62627],[18.037305,62.600537],[17.94707,62.578467],[17.834473,62.502734],[17.717773,62.500879],[17.646387,62.450879],[17.570605,62.451025],[17.508984,62.48252],[17.410254,62.508398],[17.378418,62.462793],[17.37334,62.426514],[17.429004,62.334717],[17.535254,62.263672],[17.633691,62.233008],[17.562891,62.212305],[17.510156,62.166309],[17.446582,62.022656],[17.412012,61.966113],[17.374512,61.866309],[17.398242,61.78208],[17.417285,61.740674],[17.46543,61.684473],[17.33457,61.691699],[17.196387,61.724561],[17.215625,61.656348],[17.130762,61.575732],[17.146582,61.504639],[17.164258,61.458301],[17.137988,61.381689],[17.17793,61.357617],[17.199609,61.311963],[17.163867,61.278271],[17.179785,61.249268],[17.185742,61.146533],[17.212891,60.98584],[17.20293,60.951855],[17.278906,60.812158],[17.26123,60.763184],[17.250977,60.700781],[17.359863,60.64082],[17.457031,60.641797],[17.555469,60.642725],[17.593066,60.627686],[17.630762,60.585254],[17.661133,60.535156],[17.742188,60.539307],[17.871582,60.580078],[17.955762,60.589795],[18.011328,60.511426],[18.1625,60.40791],[18.250488,60.361523],[18.4,60.337109],[18.55752,60.253564],[18.535449,60.152881],[18.601172,60.119238],[18.787012,60.079492],[18.852734,60.025879],[18.884277,59.980176],[18.933203,59.942285],[18.99043,59.827783],[18.970508,59.757227],[18.895605,59.732959],[18.71875,59.657373],[18.639941,59.600928],[18.578125,59.565771],[18.402441,59.490381],[18.338086,59.476855],[18.276465,59.437646],[18.216895,59.420508],[18.163574,59.430371],[17.964258,59.359375],[17.979785,59.329053],[18.132617,59.316211],[18.210547,59.331445],[18.270508,59.367139],[18.336035,59.375342],[18.395801,59.368604],[18.45918,59.396729],[18.508887,59.407959],[18.560254,59.394482],[18.617578,59.327051],[18.498633,59.291943],[18.414258,59.290332],[18.373047,59.179736],[18.321973,59.132227],[18.285352,59.109375],[18.098145,59.062305],[17.974609,59.002637],[17.829004,58.95459],[17.76543,58.965039],[17.669629,58.916211],[17.456738,58.858398],[17.347656,58.780518],[17.102832,58.71084],[16.978125,58.65415],[16.639355,58.651172],[16.31582,58.663623],[16.214258,58.63667],[16.318066,58.62832],[16.39082,58.601855],[16.478027,58.612891],[16.683008,58.599658],[16.788477,58.585254],[16.923828,58.492578],[16.824316,58.459619],[16.651953,58.434326],[16.716602,58.302881],[16.769922,58.214258],[16.700098,58.160791],[16.694922,57.917529],[16.596973,57.912891],[16.555371,57.812256],[16.58623,57.760937],[16.583789,57.641748],[16.604199,57.568311],[16.652246,57.500684],[16.630859,57.430176],[16.475977,57.265137],[16.479492,57.187695],[16.507324,57.141699],[16.52793,57.068164],[16.45752,56.926807],[16.407813,56.808691],[16.34873,56.709277],[16.216504,56.58999],[16.150684,56.50083],[15.99668,56.222607],[15.920313,56.167383],[15.82666,56.124951],[15.722266,56.164209],[15.626563,56.185596],[15.509668,56.183008],[15.326563,56.15083],[15.051172,56.172217],[14.782031,56.161914],[14.713965,56.134131],[14.754785,56.033154],[14.655566,56.019922],[14.558594,56.048633],[14.473242,56.014355],[14.401953,55.976758],[14.261914,55.887549],[14.215039,55.832617],[14.20293,55.72915],[14.276465,55.636377],[14.341699,55.527734],[14.17373,55.396631],[14.07998,55.392187],[13.806348,55.428564],[13.321387,55.346387],[12.88584,55.411377],[12.940625,55.481592],[12.93877,55.533203],[12.963379,55.612598],[12.978027,55.693799],[12.973926,55.748145],[12.941992,55.806055],[12.83457,55.881836],[12.592578,56.137598],[12.520996,56.245557],[12.471191,56.290527],[12.507031,56.292969],[12.706348,56.23501],[12.752832,56.242139],[12.80166,56.263916],[12.742188,56.346875],[12.691113,56.384424],[12.656445,56.440576],[12.773145,56.455762],[12.857422,56.452393],[12.919531,56.515576],[12.883691,56.617725],[12.793164,56.64917],[12.717578,56.662842],[12.572656,56.823291],[12.421484,56.906396],[12.151855,57.226953],[12.053223,57.446973],[11.961523,57.426074],[11.916992,57.521924],[11.885059,57.612695],[11.878711,57.679443],[11.734961,57.717676],[11.729102,57.764453],[11.703223,57.973193],[11.549023,58.001221],[11.449316,58.118359],[11.431543,58.33999],[11.32998,58.380322],[11.248242,58.369141],[11.252051,58.424072],[11.271582,58.475635],[11.223828,58.679932],[11.20791,58.866406],[11.169141,58.922705],[11.147168,58.988623],[11.166895,59.045557],[11.195801,59.078271],[11.295313,59.086865],[11.388281,59.036523]]],[[[19.156348,57.922607],[19.138379,57.860254],[19.086523,57.86499],[19.039258,57.911035],[19.134863,57.981348],[19.281152,57.977539],[19.331445,57.962891],[19.156348,57.922607]]],[[[18.416211,59.029102],[18.371875,59.01958],[18.349902,59.022607],[18.377246,59.069043],[18.397559,59.089111],[18.464941,59.107861],[18.485547,59.10459],[18.416211,59.029102]]],[[[18.59541,59.470361],[18.570312,59.437256],[18.545117,59.477832],[18.555176,59.485791],[18.572363,59.52583],[18.620898,59.547803],[18.698438,59.534619],[18.697949,59.524609],[18.623828,59.492188],[18.59541,59.470361]]]]}},{"type":"Feature","properties":{"featurecla":"Admin-0 country","scalerank":1,"LABELRANK":4,"SOVEREIGNT":"Suriname","SOV_A3":"SUR","ADM0_DIF":0,"LEVEL":2,"TYPE":"Sovereign country","TLC":"1","ADMIN":"Suriname","ADM0_A3":"SUR","GEOU_DIF":0,"GEOUNIT":"Suriname","GU_A3":"SUR","SU_DIF":0,"SUBUNIT":"Suriname","SU_A3":"SUR","BRK_DIFF":0,"NAME":"Suriname","NAME_LONG":"Suriname","BRK_A3":"SUR","BRK_NAME":"Suriname","BRK_GROUP":null,"ABBREV":"Sur.","POSTAL":"SR","FORMAL_EN":"Republic of Suriname","FORMAL_FR":null,"NAME_CIAWF":"Suriname","NOTE_ADM0":null,"NOTE_BRK":null,"NAME_SORT":"Suriname","NAME_ALT":null,"MAPCOLOR7":1,"MAPCOLOR8":4,"MAPCOLOR9":7,"MAPCOLOR13":6,"POP_EST":581363,"POP_RANK":11,"POP_YEAR":2019,"GDP_MD":3697,"GDP_YEAR":2019,"ECONOMY":"6. Developing region","INCOME_GRP":"3. Upper middle income","FIPS_10":"NS","ISO_A2":"SR","ISO_A2_EH":"SR","ISO_A3":"SUR","ISO_A3_EH":"SUR","ISO_N3":"740","ISO_N3_EH":"740","UN_A3":"740","WB_A2":"SR","WB_A3":"SUR","WOE_ID":23424913,"WOE_ID_EH":23424913,"WOE_NOTE":"Exact WOE match as country","ADM0_ISO":"SUR","ADM0_DIFF":null,"ADM0_TLC":"SUR","ADM0_A3_US":"SUR","ADM0_A3_FR":"SUR","ADM0_A3_RU":"SUR","ADM0_A3_ES":"SUR","ADM0_A3_CN":"SUR","ADM0_A3_TW":"SUR","ADM0_A3_IN":"SUR","ADM0_A3_NP":"SUR","ADM0_A3_PK":"SUR","ADM0_A3_DE":"SUR","ADM0_A3_GB":"SUR","ADM0_A3_BR":"SUR","ADM0_A3_IL":"SUR","ADM0_A3_PS":"SUR","ADM0_A3_SA":"SUR","ADM0_A3_EG":"SUR","ADM0_A3_MA":"SUR","ADM0_A3_PT":"SUR","ADM0_A3_AR":"SUR","ADM0_A3_JP":"SUR","ADM0_A3_KO":"SUR","ADM0_A3_VN":"SUR","ADM0_A3_TR":"SUR","ADM0_A3_ID":"SUR","ADM0_A3_PL":"SUR","ADM0_A3_GR":"SUR","ADM0_A3_IT":"SUR","ADM0_A3_NL":"SUR","ADM0_A3_SE":"SUR","ADM0_A3_BD":"SUR","ADM0_A3_UA":"SUR","ADM0_A3_UN":-99,"ADM0_A3_WB":-99,"CONTINENT":"South America","REGION_UN":"Americas","SUBREGION":"South America","REGION_WB":"Latin America & Caribbean","NAME_LEN":8,"LONG_LEN":8,"ABBREV_LEN":4,"TINY":-99,"HOMEPART":1,"MIN_ZOOM":0,"MIN_LABEL":4,"MAX_LABEL":9,"LABEL_X":-55.91094,"LABEL_Y":4.143987,"NE_ID":1159321281,"WIKIDATAID":"Q730","NAME_AR":"سورينام","NAME_BN":"সুরিনাম","NAME_DE":"Suriname","NAME_EN":"Suriname","NAME_ES":"Surinam","NAME_FA":"سورینام","NAME_FR":"Suriname","NAME_EL":"Σουρινάμ","NAME_HE":"סורינאם","NAME_HI":"सूरीनाम","NAME_HU":"Suriname","NAME_ID":"Suriname","NAME_IT":"Suriname","NAME_JA":"スリナム","NAME_KO":"수리남","NAME_NL":"Suriname","NAME_PL":"Surinam","NAME_PT":"Suriname","NAME_RU":"Суринам","NAME_SV":"Surinam","NAME_TR":"Surinam","NAME_UK":"Суринам","NAME_UR":"سرینام","NAME_VI":"Suriname","NAME_ZH":"苏里南","NAME_ZHT":"蘇利南","FCLASS_ISO":"Admin-0 country","TLC_DIFF":null,"FCLASS_TLC":"Admin-0 country","FCLASS_US":null,"FCLASS_FR":null,"FCLASS_RU":null,"FCLASS_ES":null,"FCLASS_CN":null,"FCLASS_TW":null,"FCLASS_IN":null,"FCLASS_NP":null,"FCLASS_PK":null,"FCLASS_DE":null,"FCLASS_GB":null,"FCLASS_BR":null,"FCLASS_IL":null,"FCLASS_PS":null,"FCLASS_SA":null,"FCLASS_EG":null,"FCLASS_MA":null,"FCLASS_PT":null,"FCLASS_AR":null,"FCLASS_JP":null,"FCLASS_KO":null,"FCLASS_VN":null,"FCLASS_TR":null,"FCLASS_ID":null,"FCLASS_PL":null,"FCLASS_GR":null,"FCLASS_IT":null,"FCLASS_NL":null,"FCLASS_SE":null,"FCLASS_BD":null,"FCLASS_UA":null},"bbox":[-58.054492,1.842236,-53.990479,5.993457],"geometry":{"type":"Polygon","coordinates":[[[-54.155957,5.358984],[-54.240186,5.288232],[-54.331641,5.187402],[-54.452197,5.013477],[-54.446875,4.958789],[-54.47334,4.914697],[-54.479687,4.836523],[-54.471143,4.749316],[-54.440234,4.691992],[-54.426074,4.583008],[-54.449609,4.48501],[-54.440674,4.428027],[-54.416016,4.337646],[-54.39624,4.241406],[-54.398389,4.20249],[-54.369141,4.170947],[-54.342139,4.140039],[-54.350732,4.054102],[-54.255518,3.901074],[-54.197461,3.834424],[-54.112793,3.769434],[-54.081982,3.705957],[-54.034229,3.629395],[-54.005908,3.62041],[-53.990479,3.589551],[-54.005957,3.530518],[-54.00957,3.448535],[-54.063184,3.35332],[-54.188037,3.17876],[-54.203125,3.138184],[-54.170703,2.993604],[-54.188086,2.874854],[-54.195508,2.817871],[-54.256738,2.713721],[-54.402002,2.461523],[-54.485547,2.416113],[-54.535937,2.343311],[-54.568408,2.342578],[-54.604736,2.335791],[-54.61626,2.326758],[-54.661865,2.327539],[-54.697412,2.359814],[-54.70293,2.397949],[-54.722217,2.44165],[-54.766846,2.454736],[-54.85166,2.439551],[-54.876074,2.450391],[-54.926562,2.497363],[-54.968408,2.54834],[-54.978662,2.597656],[-55.005811,2.592969],[-55.070312,2.54834],[-55.114111,2.539209],[-55.148828,2.550781],[-55.187695,2.54751],[-55.286035,2.499658],[-55.343994,2.48877],[-55.385352,2.440625],[-55.658936,2.41875],[-55.730566,2.406152],[-55.89375,2.489502],[-55.935937,2.516602],[-55.957471,2.520459],[-55.975586,2.515967],[-55.993506,2.49751],[-56.020361,2.392773],[-56.045117,2.364404],[-56.087793,2.341309],[-56.129395,2.299512],[-56.137695,2.259033],[-56.073633,2.236768],[-56.020068,2.158154],[-55.961963,2.095117],[-55.915332,2.039551],[-55.921631,1.97666],[-55.929639,1.8875],[-55.96333,1.85708],[-56.019922,1.842236],[-56.227148,1.885352],[-56.38584,1.923877],[-56.452832,1.932324],[-56.482812,1.942139],[-56.522363,1.974805],[-56.562695,2.005078],[-56.627197,2.016016],[-56.704346,2.036475],[-56.761133,2.114893],[-56.819824,2.22666],[-56.840527,2.277148],[-56.886426,2.325977],[-56.931494,2.395361],[-56.945215,2.456836],[-56.979297,2.513232],[-56.997119,2.532178],[-57.023486,2.608984],[-57.028955,2.6375],[-57.041943,2.641113],[-57.060449,2.665674],[-57.096875,2.747852],[-57.105127,2.768262],[-57.121143,2.775537],[-57.163623,2.833252],[-57.197363,2.853271],[-57.209814,2.882812],[-57.206934,2.963379],[-57.225,3.003076],[-57.230566,3.078564],[-57.231641,3.108887],[-57.248975,3.142285],[-57.27793,3.164307],[-57.28291,3.218848],[-57.289941,3.353613],[-57.303662,3.3771],[-57.425586,3.375439],[-57.437891,3.362256],[-57.490576,3.354297],[-57.549609,3.352832],[-57.602734,3.370947],[-57.646729,3.394531],[-57.656104,3.42373],[-57.649463,3.517383],[-57.720361,3.588281],[-57.832666,3.675977],[-57.866553,3.787256],[-57.907715,3.856689],[-58.032227,4.001953],[-58.054297,4.10166],[-58.054492,4.171924],[-58.010742,4.236475],[-57.949756,4.349951],[-57.924707,4.453125],[-57.90625,4.506787],[-57.874707,4.5771],[-57.845996,4.668164],[-57.867871,4.724316],[-57.904883,4.779297],[-57.917041,4.82041],[-57.881104,4.880615],[-57.844922,4.923047],[-57.804102,4.929053],[-57.752002,4.954492],[-57.711084,4.991064],[-57.648828,5.000684],[-57.570898,5.004492],[-57.412158,5.00459],[-57.331006,5.020166],[-57.305762,5.049561],[-57.30957,5.105859],[-57.269287,5.157031],[-57.226855,5.178516],[-57.209814,5.19541],[-57.207324,5.214209],[-57.218457,5.231543],[-57.235303,5.242871],[-57.279639,5.246777],[-57.318555,5.335352],[-57.291895,5.373975],[-57.25752,5.445166],[-57.2479,5.485254],[-57.194775,5.548437],[-57.182129,5.528906],[-57.14082,5.643799],[-57.136035,5.737207],[-57.10459,5.829395],[-57.056641,5.938672],[-56.969824,5.992871],[-56.466016,5.937744],[-56.235596,5.885352],[-55.939551,5.795459],[-55.897607,5.699316],[-55.895508,5.795459],[-55.909912,5.892627],[-55.828174,5.96167],[-55.64834,5.985889],[-55.379297,5.952637],[-55.148291,5.993457],[-54.833691,5.98833],[-54.356152,5.909863],[-54.142334,5.856348],[-54.054199,5.80791],[-54.037402,5.720508],[-54.045947,5.608887],[-54.080469,5.502246],[-54.155957,5.358984]]]}},{"type":"Feature","properties":{"featurecla":"Admin-0 country","scalerank":4,"LABELRANK":2,"SOVEREIGNT":"Spain","SOV_A3":"ESP","ADM0_DIF":0,"LEVEL":2,"TYPE":"Sovereign country","TLC":"1","ADMIN":"Spain","ADM0_A3":"ESP","GEOU_DIF":0,"GEOUNIT":"Spain","GU_A3":"ESP","SU_DIF":0,"SUBUNIT":"Spain","SU_A3":"ESP","BRK_DIFF":0,"NAME":"Spain","NAME_LONG":"Spain","BRK_A3":"ESP","BRK_NAME":"Spain","BRK_GROUP":null,"ABBREV":"Sp.","POSTAL":"E","FORMAL_EN":"Kingdom of Spain","FORMAL_FR":null,"NAME_CIAWF":"Spain","NOTE_ADM0":null,"NOTE_BRK":null,"NAME_SORT":"Spain","NAME_ALT":null,"MAPCOLOR7":4,"MAPCOLOR8":5,"MAPCOLOR9":5,"MAPCOLOR13":5,"POP_EST":47076781,"POP_RANK":15,"POP_YEAR":2019,"GDP_MD":1393490,"GDP_YEAR":2019,"ECONOMY":"2. Developed region: nonG7","INCOME_GRP":"1. High income: OECD","FIPS_10":"SP","ISO_A2":"ES","ISO_A2_EH":"ES","ISO_A3":"ESP","ISO_A3_EH":"ESP","ISO_N3":"724","ISO_N3_EH":"724","UN_A3":"724","WB_A2":"ES","WB_A3":"ESP","WOE_ID":23424950,"WOE_ID_EH":23424950,"WOE_NOTE":"Exact WOE match as country","ADM0_ISO":"ESP","ADM0_DIFF":null,"ADM0_TLC":"ESP","ADM0_A3_US":"ESP","ADM0_A3_FR":"ESP","ADM0_A3_RU":"ESP","ADM0_A3_ES":"ESP","ADM0_A3_CN":"ESP","ADM0_A3_TW":"ESP","ADM0_A3_IN":"ESP","ADM0_A3_NP":"ESP","ADM0_A3_PK":"ESP","ADM0_A3_DE":"ESP","ADM0_A3_GB":"ESP","ADM0_A3_BR":"ESP","ADM0_A3_IL":"ESP","ADM0_A3_PS":"ESP","ADM0_A3_SA":"ESP","ADM0_A3_EG":"ESP","ADM0_A3_MA":"ESP","ADM0_A3_PT":"ESP","ADM0_A3_AR":"ESP","ADM0_A3_JP":"ESP","ADM0_A3_KO":"ESP","ADM0_A3_VN":"ESP","ADM0_A3_TR":"ESP","ADM0_A3_ID":"ESP","ADM0_A3_PL":"ESP","ADM0_A3_GR":"ESP","ADM0_A3_IT":"ESP","ADM0_A3_NL":"ESP","ADM0_A3_SE":"ESP","ADM0_A3_BD":"ESP","ADM0_A3_UA":"ESP","ADM0_A3_UN":-99,"ADM0_A3_WB":-99,"CONTINENT":"Europe","REGION_UN":"Europe","SUBREGION":"Southern Europe","REGION_WB":"Europe & Central Asia","NAME_LEN":5,"LONG_LEN":5,"ABBREV_LEN":3,"TINY":-99,"HOMEPART":1,"MIN_ZOOM":0,"MIN_LABEL":2,"MAX_LABEL":7,"LABEL_X":-3.464718,"LABEL_Y":40.090953,"NE_ID":1159320587,"WIKIDATAID":"Q29","NAME_AR":"إسبانيا","NAME_BN":"স্পেন","NAME_DE":"Spanien","NAME_EN":"Spain","NAME_ES":"España","NAME_FA":"اسپانیا","NAME_FR":"Espagne","NAME_EL":"Ισπανία","NAME_HE":"ספרד","NAME_HI":"स्पेन","NAME_HU":"Spanyolország","NAME_ID":"Spanyol","NAME_IT":"Spagna","NAME_JA":"スペイン","NAME_KO":"스페인","NAME_NL":"Spanje","NAME_PL":"Hiszpania","NAME_PT":"Espanha","NAME_RU":"Испания","NAME_SV":"Spanien","NAME_TR":"İspanya","NAME_UK":"Іспанія","NAME_UR":"ہسپانیہ","NAME_VI":"Tây Ban Nha","NAME_ZH":"西班牙","NAME_ZHT":"西班牙","FCLASS_ISO":"Admin-0 country","TLC_DIFF":null,"FCLASS_TLC":"Admin-0 country","FCLASS_US":null,"FCLASS_FR":null,"FCLASS_RU":null,"FCLASS_ES":null,"FCLASS_CN":null,"FCLASS_TW":null,"FCLASS_IN":null,"FCLASS_NP":null,"FCLASS_PK":null,"FCLASS_DE":null,"FCLASS_GB":null,"FCLASS_BR":null,"FCLASS_IL":null,"FCLASS_PS":null,"FCLASS_SA":null,"FCLASS_EG":null,"FCLASS_MA":null,"FCLASS_PT":null,"FCLASS_AR":null,"FCLASS_JP":null,"FCLASS_KO":null,"FCLASS_VN":null,"FCLASS_TR":null,"FCLASS_ID":null,"FCLASS_PL":null,"FCLASS_GR":null,"FCLASS_IT":null,"FCLASS_NL":null,"FCLASS_SE":null,"FCLASS_BD":null,"FCLASS_UA":null},"bbox":[-18.160547,27.646387,4.32207,43.764551],"geometry":{"type":"MultiPolygon","coordinates":[[[[1.593945,38.67207],[1.571191,38.658838],[1.50498,38.670996],[1.405762,38.670996],[1.401953,38.711426],[1.417188,38.739648],[1.436328,38.768213],[1.496875,38.711914],[1.592676,38.701465],[1.593945,38.67207]]],[[[3.145313,39.790088],[3.241113,39.756689],[3.342188,39.786719],[3.395898,39.777295],[3.448926,39.76123],[3.461816,39.697754],[3.414648,39.627148],[3.34873,39.555664],[3.292969,39.477051],[3.244727,39.386621],[3.15459,39.333252],[3.072852,39.30127],[2.900098,39.368359],[2.799805,39.385059],[2.769824,39.410254],[2.745996,39.510254],[2.700586,39.542139],[2.634082,39.556201],[2.575879,39.530664],[2.499512,39.477881],[2.458789,39.530469],[2.394336,39.540381],[2.37002,39.57207],[2.371289,39.613086],[2.784961,39.854834],[2.904785,39.908301],[3.158691,39.970508],[3.197559,39.961084],[3.164453,39.924219],[3.166992,39.907715],[3.198633,39.889844],[3.190918,39.861377],[3.158691,39.836572],[3.145313,39.790088]]],[[[4.293652,39.841846],[4.275293,39.830273],[3.967676,39.94585],[3.867188,39.95874],[3.842676,39.976367],[3.84541,40.036475],[3.853418,40.063037],[4.05918,40.075098],[4.225781,40.032373],[4.315137,39.917236],[4.32207,39.89751],[4.293652,39.841846]]],[[[1.445215,38.918701],[1.408984,38.857275],[1.256934,38.879004],[1.22334,38.903857],[1.25625,38.973389],[1.299805,38.981738],[1.302539,39.031152],[1.348633,39.080811],[1.564453,39.121045],[1.613184,39.087402],[1.623633,39.038818],[1.494531,38.93252],[1.445215,38.918701]]],[[[-1.794043,43.407324],[-1.792725,43.372559],[-1.753271,43.324707],[-1.712842,43.307031],[-1.627148,43.282471],[-1.561475,43.279199],[-1.471729,43.267676],[-1.410693,43.240088],[-1.407324,43.197119],[-1.422607,43.149121],[-1.459424,43.10498],[-1.480469,43.071143],[-1.46084,43.051758],[-1.42876,43.036768],[-1.394043,43.032617],[-1.370508,43.037598],[-1.352734,43.064258],[-1.318848,43.096973],[-1.300049,43.100977],[-1.301562,43.082471],[-1.285449,43.059619],[-1.175439,43.021143],[-0.933838,42.949512],[-0.839209,42.948193],[-0.762646,42.939795],[-0.740186,42.909521],[-0.586426,42.798975],[-0.549805,42.802002],[-0.481152,42.799316],[-0.398438,42.808105],[-0.338574,42.828809],[-0.299316,42.825342],[-0.256055,42.803955],[-0.205322,42.785303],[-0.140039,42.748926],[-0.081494,42.703857],[-0.041162,42.689111],[0.201367,42.719336],[0.255469,42.69292],[0.312891,42.693262],[0.377246,42.700146],[0.517676,42.686279],[0.631641,42.6896],[0.641992,42.700635],[0.651758,42.800439],[0.669824,42.835742],[0.696875,42.845117],[0.764453,42.838037],[1.010059,42.778955],[1.111133,42.742041],[1.208301,42.713135],[1.293262,42.709961],[1.349414,42.690674],[1.42832,42.595898],[1.414844,42.548389],[1.421973,42.530811],[1.430273,42.497852],[1.428125,42.461328],[1.448828,42.437451],[1.48623,42.434473],[1.534082,42.441699],[1.586426,42.455957],[1.678516,42.49668],[1.706055,42.50332],[1.859766,42.45708],[1.92793,42.426318],[1.951465,42.392773],[1.986523,42.358496],[2.032715,42.353516],[2.09834,42.386084],[2.200391,42.420947],[2.374414,42.390283],[2.567969,42.345801],[2.65166,42.340479],[2.654785,42.362109],[2.67002,42.393018],[2.701855,42.408496],[2.749414,42.413037],[2.815625,42.429248],[2.891406,42.456055],[2.97002,42.467236],[3.052637,42.447217],[3.152148,42.431006],[3.211426,42.431152],[3.239844,42.367871],[3.287891,42.343701],[3.306738,42.288965],[3.218652,42.260352],[3.166406,42.256494],[3.150391,42.162451],[3.175195,42.135986],[3.224609,42.111133],[3.238086,42.082227],[3.248047,41.944238],[3.146875,41.861035],[3.004883,41.767432],[2.310938,41.466504],[2.145605,41.320752],[2.082617,41.287402],[1.566602,41.195605],[1.205859,41.097559],[1.03291,41.062061],[0.816895,40.891602],[0.714648,40.822852],[0.796094,40.803809],[0.891113,40.722363],[0.85918,40.68623],[0.720605,40.630469],[0.660059,40.61333],[0.627148,40.622217],[0.596094,40.614502],[0.363672,40.319043],[0.158398,40.106592],[0.043066,40.013965],[-0.075146,39.875928],[-0.327002,39.519873],[-0.328955,39.41709],[-0.204932,39.062598],[-0.133789,38.969482],[-0.034131,38.891211],[0.154883,38.824658],[0.201563,38.75918],[0.136328,38.696777],[-0.052734,38.585693],[-0.38125,38.435645],[-0.520801,38.317285],[-0.550684,38.203125],[-0.646777,38.151855],[-0.683203,37.992041],[-0.741553,37.886133],[-0.752734,37.850244],[-0.814648,37.769922],[-0.823096,37.711621],[-0.721582,37.631055],[-0.771875,37.59624],[-0.822168,37.580762],[-0.938086,37.571338],[-1.327539,37.561133],[-1.640967,37.386963],[-1.797607,37.232861],[-1.939307,36.94585],[-2.111523,36.77666],[-2.187695,36.745459],[-2.305566,36.819824],[-2.452832,36.831152],[-2.595703,36.806494],[-2.670605,36.747559],[-2.787549,36.714746],[-2.901855,36.743164],[-3.14917,36.758496],[-3.259131,36.755762],[-3.43125,36.70791],[-3.578809,36.739844],[-3.827783,36.756055],[-4.366846,36.718115],[-4.434863,36.700244],[-4.502246,36.62915],[-4.674121,36.506445],[-4.935303,36.502051],[-5.171484,36.423779],[-5.230518,36.373633],[-5.329687,36.235742],[-5.360937,36.134912],[-5.381592,36.134082],[-5.407227,36.158887],[-5.443604,36.150586],[-5.4625,36.073779],[-5.55127,36.038818],[-5.625488,36.025928],[-5.808398,36.08833],[-5.960693,36.181738],[-6.040674,36.188428],[-6.170459,36.333789],[-6.22627,36.426465],[-6.265918,36.526514],[-6.257715,36.564844],[-6.268945,36.596729],[-6.384131,36.637012],[-6.412256,36.728857],[-6.32832,36.848145],[-6.259424,36.898975],[-6.216797,36.913574],[-6.320947,36.908496],[-6.396191,36.831641],[-6.492432,36.954639],[-6.884619,37.194238],[-6.859375,37.24917],[-6.86377,37.278906],[-6.929492,37.214941],[-6.974658,37.198437],[-7.174951,37.208789],[-7.406152,37.179443],[-7.467187,37.428027],[-7.496045,37.523584],[-7.503516,37.585498],[-7.443945,37.728271],[-7.378906,37.786377],[-7.292236,37.906445],[-7.185449,38.006348],[-7.07251,38.030029],[-7.022852,38.044727],[-6.981104,38.121973],[-6.957568,38.187891],[-6.974805,38.194434],[-7.106396,38.181006],[-7.343018,38.457422],[-7.335791,38.501465],[-7.305957,38.566846],[-7.286377,38.649365],[-7.281543,38.714551],[-7.219922,38.770508],[-7.125488,38.826953],[-7.046045,38.907031],[-7.00625,38.985254],[-6.997949,39.056445],[-7.042969,39.10708],[-7.172412,39.135205],[-7.305762,39.338135],[-7.335449,39.465137],[-7.362695,39.47832],[-7.445117,39.536182],[-7.524219,39.644727],[-7.535693,39.661572],[-7.454102,39.680664],[-7.117676,39.681689],[-7.047412,39.705566],[-7.036719,39.713965],[-6.975391,39.798389],[-6.911182,39.937109],[-6.896094,40.021826],[-6.916406,40.056836],[-7.027832,40.142627],[-7.032617,40.16792],[-7.014697,40.20835],[-6.948437,40.251611],[-6.858887,40.300732],[-6.810156,40.343115],[-6.821777,40.37627],[-6.847949,40.410986],[-6.852051,40.443262],[-6.835693,40.483154],[-6.829834,40.619092],[-6.818359,40.654053],[-6.835889,40.77749],[-6.857715,40.87832],[-6.928467,41.009131],[-6.915527,41.038037],[-6.882812,41.062402],[-6.775781,41.107715],[-6.690137,41.214502],[-6.565918,41.303711],[-6.403125,41.375391],[-6.289355,41.455029],[-6.244336,41.515918],[-6.2125,41.532031],[-6.22168,41.560449],[-6.243115,41.601807],[-6.308057,41.642187],[-6.391699,41.665381],[-6.484668,41.664404],[-6.542187,41.67251],[-6.558984,41.704053],[-6.552588,41.789551],[-6.55752,41.874121],[-6.575342,41.913086],[-6.618262,41.942383],[-6.703613,41.93457],[-6.777295,41.958496],[-6.833203,41.96416],[-6.865527,41.945264],[-7.030469,41.950635],[-7.099121,41.964209],[-7.147119,41.981152],[-7.17793,41.97168],[-7.195361,41.955225],[-7.19834,41.929395],[-7.209619,41.895264],[-7.268555,41.864404],[-7.403613,41.833691],[-7.512598,41.835986],[-7.612598,41.857959],[-7.644678,41.873975],[-7.693066,41.888477],[-7.896387,41.870557],[-7.92085,41.883643],[-7.990967,41.851904],[-8.094434,41.814209],[-8.15249,41.811963],[-8.173535,41.819971],[-8.18125,41.836963],[-8.224756,41.89585],[-8.21333,41.9271],[-8.12998,42.018164],[-8.139307,42.039941],[-8.173584,42.069385],[-8.204199,42.111865],[-8.213086,42.133691],[-8.266064,42.137402],[-8.322559,42.115088],[-8.538086,42.069336],[-8.589648,42.052734],[-8.682959,42.008496],[-8.777148,41.941064],[-8.852344,41.926904],[-8.87832,41.946875],[-8.887207,42.105273],[-8.772461,42.210596],[-8.690918,42.27417],[-8.729199,42.287012],[-8.81582,42.285254],[-8.809961,42.334473],[-8.769385,42.358154],[-8.730029,42.411719],[-8.776172,42.434814],[-8.812109,42.470068],[-8.809912,42.562354],[-8.799902,42.599902],[-8.811523,42.640332],[-8.987793,42.585645],[-9.033105,42.593848],[-9.035059,42.662354],[-8.937207,42.766699],[-8.927197,42.798584],[-9.041602,42.814014],[-9.127197,42.865234],[-9.179443,42.910986],[-9.235205,42.976904],[-9.235645,43.035791],[-9.178076,43.174023],[-9.095557,43.214209],[-9.024512,43.238965],[-8.873682,43.334424],[-8.665625,43.316602],[-8.537061,43.337061],[-8.421582,43.38584],[-8.355469,43.396826],[-8.248926,43.439404],[-8.252295,43.496924],[-8.288867,43.5396],[-8.256738,43.579883],[-8.137158,43.629053],[-8.004687,43.694385],[-7.852734,43.706982],[-7.698145,43.764551],[-7.59458,43.727344],[-7.503613,43.739941],[-7.399316,43.695801],[-7.261963,43.594629],[-7.060986,43.553955],[-6.900684,43.585645],[-6.617285,43.592383],[-6.475684,43.578906],[-6.224121,43.603857],[-6.080127,43.594922],[-5.84668,43.645068],[-5.66582,43.582471],[-5.315723,43.553174],[-5.105273,43.501855],[-4.523047,43.415723],[-4.312793,43.414746],[-4.015332,43.463086],[-3.889355,43.499414],[-3.774023,43.477881],[-3.604639,43.519482],[-3.523633,43.511035],[-3.417871,43.451709],[-3.045605,43.371582],[-2.947705,43.439697],[-2.875049,43.454443],[-2.60708,43.412744],[-2.337109,43.328027],[-2.19668,43.321924],[-1.991309,43.345068],[-1.828516,43.40083],[-1.794043,43.407324]]],[[[-16.334473,28.379932],[-16.418213,28.151416],[-16.49624,28.061914],[-16.542773,28.03208],[-16.658008,28.007178],[-16.794727,28.14917],[-16.866016,28.293262],[-16.905322,28.3396],[-16.843066,28.376123],[-16.752051,28.369824],[-16.556836,28.400488],[-16.517432,28.412695],[-16.318994,28.558203],[-16.123633,28.575977],[-16.119141,28.528271],[-16.334473,28.379932]]],[[[-13.715967,28.91123],[-13.783984,28.845459],[-13.859912,28.869092],[-13.823633,29.01333],[-13.788184,29.056104],[-13.650098,29.118994],[-13.535059,29.144287],[-13.501416,29.21123],[-13.463574,29.237207],[-13.422949,29.19751],[-13.45376,29.151367],[-13.47793,29.006592],[-13.554688,28.960205],[-13.715967,28.91123]]],[[[-14.196777,28.169287],[-14.332617,28.056006],[-14.468604,28.082373],[-14.491797,28.100928],[-14.355566,28.129687],[-14.231982,28.21582],[-14.152588,28.406641],[-14.028369,28.617432],[-14.003369,28.706689],[-13.95415,28.741455],[-13.886279,28.744678],[-13.857227,28.738037],[-13.827148,28.691211],[-13.827588,28.585156],[-13.862988,28.409326],[-13.928027,28.253467],[-14.196777,28.169287]]],[[[-15.400586,28.147363],[-15.406689,28.070508],[-15.383154,27.992822],[-15.38916,27.874707],[-15.436768,27.810693],[-15.559375,27.746973],[-15.655762,27.758398],[-15.710303,27.784082],[-15.807324,27.887549],[-15.809473,27.994482],[-15.720947,28.06416],[-15.682764,28.154053],[-15.452783,28.136914],[-15.432715,28.154248],[-15.415479,28.159326],[-15.400586,28.147363]]],[[[-17.184668,28.021973],[-17.225391,28.013525],[-17.273926,28.038281],[-17.324902,28.117676],[-17.290332,28.176318],[-17.258594,28.203174],[-17.214355,28.199268],[-17.129639,28.155957],[-17.10376,28.111133],[-17.101074,28.083447],[-17.184668,28.021973]]],[[[-17.887939,27.80957],[-17.984766,27.646387],[-18.106592,27.707471],[-18.135937,27.72793],[-18.160547,27.761475],[-18.043359,27.768115],[-17.924512,27.850146],[-17.887939,27.80957]]],[[[-17.834277,28.493213],[-17.859375,28.485693],[-17.882129,28.5646],[-18.000781,28.758252],[-17.928809,28.84458],[-17.797559,28.846777],[-17.744531,28.786572],[-17.726562,28.724463],[-17.751611,28.688574],[-17.744385,28.616016],[-17.758008,28.569092],[-17.834277,28.493213]]]]}},{"type":"Feature","properties":{"featurecla":"Admin-0 country","scalerank":1,"LABELRANK":6,"SOVEREIGNT":"Slovakia","SOV_A3":"SVK","ADM0_DIF":0,"LEVEL":2,"TYPE":"Sovereign country","TLC":"1","ADMIN":"Slovakia","ADM0_A3":"SVK","GEOU_DIF":0,"GEOUNIT":"Slovakia","GU_A3":"SVK","SU_DIF":0,"SUBUNIT":"Slovakia","SU_A3":"SVK","BRK_DIFF":0,"NAME":"Slovakia","NAME_LONG":"Slovakia","BRK_A3":"SVK","BRK_NAME":"Slovakia","BRK_GROUP":null,"ABBREV":"Svk.","POSTAL":"SK","FORMAL_EN":"Slovak Republic","FORMAL_FR":null,"NAME_CIAWF":"Slovakia","NOTE_ADM0":null,"NOTE_BRK":null,"NAME_SORT":"Slovak Republic","NAME_ALT":null,"MAPCOLOR7":2,"MAPCOLOR8":4,"MAPCOLOR9":4,"MAPCOLOR13":9,"POP_EST":5454073,"POP_RANK":13,"POP_YEAR":2019,"GDP_MD":105079,"GDP_YEAR":2019,"ECONOMY":"2. Developed region: nonG7","INCOME_GRP":"1. High income: OECD","FIPS_10":"LO","ISO_A2":"SK","ISO_A2_EH":"SK","ISO_A3":"SVK","ISO_A3_EH":"SVK","ISO_N3":"703","ISO_N3_EH":"703","UN_A3":"703","WB_A2":"SK","WB_A3":"SVK","WOE_ID":23424877,"WOE_ID_EH":23424877,"WOE_NOTE":"Exact WOE match as country","ADM0_ISO":"SVK","ADM0_DIFF":null,"ADM0_TLC":"SVK","ADM0_A3_US":"SVK","ADM0_A3_FR":"SVK","ADM0_A3_RU":"SVK","ADM0_A3_ES":"SVK","ADM0_A3_CN":"SVK","ADM0_A3_TW":"SVK","ADM0_A3_IN":"SVK","ADM0_A3_NP":"SVK","ADM0_A3_PK":"SVK","ADM0_A3_DE":"SVK","ADM0_A3_GB":"SVK","ADM0_A3_BR":"SVK","ADM0_A3_IL":"SVK","ADM0_A3_PS":"SVK","ADM0_A3_SA":"SVK","ADM0_A3_EG":"SVK","ADM0_A3_MA":"SVK","ADM0_A3_PT":"SVK","ADM0_A3_AR":"SVK","ADM0_A3_JP":"SVK","ADM0_A3_KO":"SVK","ADM0_A3_VN":"SVK","ADM0_A3_TR":"SVK","ADM0_A3_ID":"SVK","ADM0_A3_PL":"SVK","ADM0_A3_GR":"SVK","ADM0_A3_IT":"SVK","ADM0_A3_NL":"SVK","ADM0_A3_SE":"SVK","ADM0_A3_BD":"SVK","ADM0_A3_UA":"SVK","ADM0_A3_UN":-99,"ADM0_A3_WB":-99,"CONTINENT":"Europe","REGION_UN":"Europe","SUBREGION":"Eastern Europe","REGION_WB":"Europe & Central Asia","NAME_LEN":8,"LONG_LEN":8,"ABBREV_LEN":4,"TINY":-99,"HOMEPART":1,"MIN_ZOOM":0,"MIN_LABEL":4,"MAX_LABEL":9,"LABEL_X":19.049868,"LABEL_Y":48.734044,"NE_ID":1159321283,"WIKIDATAID":"Q214","NAME_AR":"سلوفاكيا","NAME_BN":"স্লোভাকিয়া","NAME_DE":"Slowakei","NAME_EN":"Slovakia","NAME_ES":"Eslovaquia","NAME_FA":"اسلواکی","NAME_FR":"Slovaquie","NAME_EL":"Σλοβακία","NAME_HE":"סלובקיה","NAME_HI":"स्लोवाकिया","NAME_HU":"Szlovákia","NAME_ID":"Slowakia","NAME_IT":"Slovacchia","NAME_JA":"スロバキア","NAME_KO":"슬로바키아","NAME_NL":"Slowakije","NAME_PL":"Słowacja","NAME_PT":"Eslováquia","NAME_RU":"Словакия","NAME_SV":"Slovakien","NAME_TR":"Slovakya","NAME_UK":"Словаччина","NAME_UR":"سلوواکیہ","NAME_VI":"Slovakia","NAME_ZH":"斯洛伐克","NAME_ZHT":"斯洛伐克","FCLASS_ISO":"Admin-0 country","TLC_DIFF":null,"FCLASS_TLC":"Admin-0 country","FCLASS_US":null,"FCLASS_FR":null,"FCLASS_RU":null,"FCLASS_ES":null,"FCLASS_CN":null,"FCLASS_TW":null,"FCLASS_IN":null,"FCLASS_NP":null,"FCLASS_PK":null,"FCLASS_DE":null,"FCLASS_GB":null,"FCLASS_BR":null,"FCLASS_IL":null,"FCLASS_PS":null,"FCLASS_SA":null,"FCLASS_EG":null,"FCLASS_MA":null,"FCLASS_PT":null,"FCLASS_AR":null,"FCLASS_JP":null,"FCLASS_KO":null,"FCLASS_VN":null,"FCLASS_TR":null,"FCLASS_ID":null,"FCLASS_PL":null,"FCLASS_GR":null,"FCLASS_IT":null,"FCLASS_NL":null,"FCLASS_SE":null,"FCLASS_BD":null,"FCLASS_UA":null},"bbox":[16.862695,47.763428,22.538672,49.597705],"geometry":{"type":"Polygon","coordinates":[[[22.538672,49.072705],[22.524121,49.031396],[22.483203,48.983252],[22.432031,48.933545],[22.389453,48.873486],[22.332617,48.745068],[22.295215,48.68584],[22.142871,48.568506],[22.131836,48.405322],[22.111328,48.393359],[21.766992,48.338086],[21.721484,48.346582],[21.674609,48.378369],[21.648633,48.401465],[21.63252,48.418506],[21.602637,48.463672],[21.563184,48.495703],[21.504688,48.521875],[21.451367,48.552246],[21.382422,48.553467],[21.196387,48.510596],[21.067285,48.505908],[20.981152,48.519678],[20.866602,48.545654],[20.643164,48.549707],[20.490039,48.526904],[20.475,48.495117],[20.333789,48.295557],[20.128613,48.222021],[19.950391,48.146631],[19.898633,48.131348],[19.810059,48.155029],[19.70918,48.199805],[19.625391,48.223096],[19.564258,48.212842],[19.497461,48.162109],[19.466992,48.110693],[19.265137,48.073047],[18.91416,48.05083],[18.791895,48.000293],[18.750098,47.939453],[18.74834,47.892676],[18.778027,47.852881],[18.740625,47.806494],[18.724219,47.787158],[18.47627,47.777002],[18.145605,47.763428],[17.947949,47.766895],[17.761914,47.770166],[17.635254,47.809912],[17.480664,47.887598],[17.317285,47.990918],[17.301563,47.993359],[17.277246,48.004346],[17.174609,48.012061],[17.147363,48.005957],[17.085938,48.039551],[17.067871,48.083252],[16.972656,48.198096],[16.86543,48.386914],[16.862695,48.441406],[16.904492,48.503516],[16.943359,48.550928],[16.948828,48.588574],[16.953125,48.598828],[16.985254,48.676904],[17.063281,48.780762],[17.135645,48.841064],[17.188477,48.860937],[17.296875,48.842822],[17.482617,48.827783],[17.625391,48.841846],[17.758496,48.888135],[17.830859,48.928613],[17.892676,48.971143],[17.913281,48.99873],[17.940723,49.011963],[18.050879,49.036523],[18.085938,49.065137],[18.100391,49.119336],[18.109961,49.179785],[18.132617,49.224561],[18.160938,49.257373],[18.364844,49.33623],[18.383105,49.363916],[18.41582,49.390918],[18.476074,49.421094],[18.53457,49.464697],[18.596484,49.491455],[18.676172,49.488477],[18.749707,49.493994],[18.807031,49.509229],[18.832227,49.510791],[18.938184,49.498291],[18.957227,49.448291],[18.968359,49.39624],[19.149414,49.4],[19.250195,49.511426],[19.302344,49.524854],[19.38623,49.563623],[19.441602,49.597705],[19.479688,49.576367],[19.534766,49.504785],[19.593066,49.447119],[19.62666,49.424365],[19.630273,49.406641],[19.66416,49.396045],[19.730078,49.3896],[19.773926,49.372168],[19.787012,49.318555],[19.787988,49.269971],[19.767383,49.235205],[19.756641,49.204395],[19.802246,49.192334],[19.868945,49.204004],[19.916113,49.221387],[20.057617,49.181299],[20.107617,49.270752],[20.163672,49.316406],[20.236523,49.337646],[20.302539,49.365527],[20.362988,49.385254],[20.404688,49.384082],[20.422656,49.392334],[20.474512,49.390186],[20.53457,49.381201],[20.616113,49.391699],[20.729004,49.369922],[20.799512,49.328662],[20.868457,49.314697],[20.947266,49.31709],[21.001172,49.339844],[21.079395,49.418262],[21.136133,49.417041],[21.225,49.429443],[21.350488,49.42876],[21.639648,49.411963],[21.712109,49.381934],[21.890137,49.343457],[21.967676,49.299072],[22.002148,49.246094],[22.020117,49.209521],[22.202539,49.153223],[22.473047,49.081299],[22.538672,49.072705]]]}},{"type":"Feature","properties":{"featurecla":"Admin-0 country","scalerank":1,"LABELRANK":6,"SOVEREIGNT":"Slovenia","SOV_A3":"SVN","ADM0_DIF":0,"LEVEL":2,"TYPE":"Sovereign country","TLC":"1","ADMIN":"Slovenia","ADM0_A3":"SVN","GEOU_DIF":0,"GEOUNIT":"Slovenia","GU_A3":"SVN","SU_DIF":0,"SUBUNIT":"Slovenia","SU_A3":"SVN","BRK_DIFF":0,"NAME":"Slovenia","NAME_LONG":"Slovenia","BRK_A3":"SVN","BRK_NAME":"Slovenia","BRK_GROUP":null,"ABBREV":"Slo.","POSTAL":"SLO","FORMAL_EN":"Republic of Slovenia","FORMAL_FR":null,"NAME_CIAWF":"Slovenia","NOTE_ADM0":null,"NOTE_BRK":null,"NAME_SORT":"Slovenia","NAME_ALT":null,"MAPCOLOR7":2,"MAPCOLOR8":3,"MAPCOLOR9":2,"MAPCOLOR13":12,"POP_EST":2087946,"POP_RANK":12,"POP_YEAR":2019,"GDP_MD":54174,"GDP_YEAR":2019,"ECONOMY":"2. Developed region: nonG7","INCOME_GRP":"1. High income: OECD","FIPS_10":"SI","ISO_A2":"SI","ISO_A2_EH":"SI","ISO_A3":"SVN","ISO_A3_EH":"SVN","ISO_N3":"705","ISO_N3_EH":"705","UN_A3":"705","WB_A2":"SI","WB_A3":"SVN","WOE_ID":23424945,"WOE_ID_EH":23424945,"WOE_NOTE":"Exact WOE match as country","ADM0_ISO":"SVN","ADM0_DIFF":null,"ADM0_TLC":"SVN","ADM0_A3_US":"SVN","ADM0_A3_FR":"SVN","ADM0_A3_RU":"SVN","ADM0_A3_ES":"SVN","ADM0_A3_CN":"SVN","ADM0_A3_TW":"SVN","ADM0_A3_IN":"SVN","ADM0_A3_NP":"SVN","ADM0_A3_PK":"SVN","ADM0_A3_DE":"SVN","ADM0_A3_GB":"SVN","ADM0_A3_BR":"SVN","ADM0_A3_IL":"SVN","ADM0_A3_PS":"SVN","ADM0_A3_SA":"SVN","ADM0_A3_EG":"SVN","ADM0_A3_MA":"SVN","ADM0_A3_PT":"SVN","ADM0_A3_AR":"SVN","ADM0_A3_JP":"SVN","ADM0_A3_KO":"SVN","ADM0_A3_VN":"SVN","ADM0_A3_TR":"SVN","ADM0_A3_ID":"SVN","ADM0_A3_PL":"SVN","ADM0_A3_GR":"SVN","ADM0_A3_IT":"SVN","ADM0_A3_NL":"SVN","ADM0_A3_SE":"SVN","ADM0_A3_BD":"SVN","ADM0_A3_UA":"SVN","ADM0_A3_UN":-99,"ADM0_A3_WB":-99,"CONTINENT":"Europe","REGION_UN":"Europe","SUBREGION":"Southern Europe","REGION_WB":"Europe & Central Asia","NAME_LEN":8,"LONG_LEN":8,"ABBREV_LEN":4,"TINY":-99,"HOMEPART":1,"MIN_ZOOM":0,"MIN_LABEL":5,"MAX_LABEL":10,"LABEL_X":14.915312,"LABEL_Y":46.06076,"NE_ID":1159321285,"WIKIDATAID":"Q215","NAME_AR":"سلوفينيا","NAME_BN":"স্লোভেনিয়া","NAME_DE":"Slowenien","NAME_EN":"Slovenia","NAME_ES":"Eslovenia","NAME_FA":"اسلوونی","NAME_FR":"Slovénie","NAME_EL":"Σλοβενία","NAME_HE":"סלובניה","NAME_HI":"स्लोवेनिया","NAME_HU":"Szlovénia","NAME_ID":"Slovenia","NAME_IT":"Slovenia","NAME_JA":"スロベニア","NAME_KO":"슬로베니아","NAME_NL":"Slovenië","NAME_PL":"Słowenia","NAME_PT":"Eslovénia","NAME_RU":"Словения","NAME_SV":"Slovenien","NAME_TR":"Slovenya","NAME_UK":"Словенія","NAME_UR":"سلووینیا","NAME_VI":"Slovenia","NAME_ZH":"斯洛文尼亚","NAME_ZHT":"斯洛維尼亞","FCLASS_ISO":"Admin-0 country","TLC_DIFF":null,"FCLASS_TLC":"Admin-0 country","FCLASS_US":null,"FCLASS_FR":null,"FCLASS_RU":null,"FCLASS_ES":null,"FCLASS_CN":null,"FCLASS_TW":null,"FCLASS_IN":null,"FCLASS_NP":null,"FCLASS_PK":null,"FCLASS_DE":null,"FCLASS_GB":null,"FCLASS_BR":null,"FCLASS_IL":null,"FCLASS_PS":null,"FCLASS_SA":null,"FCLASS_EG":null,"FCLASS_MA":null,"FCLASS_PT":null,"FCLASS_AR":null,"FCLASS_JP":null,"FCLASS_KO":null,"FCLASS_VN":null,"FCLASS_TR":null,"FCLASS_ID":null,"FCLASS_PL":null,"FCLASS_GR":null,"FCLASS_IT":null,"FCLASS_NL":null,"FCLASS_SE":null,"FCLASS_BD":null,"FCLASS_UA":null},"bbox":[13.378223,45.428369,16.516211,46.863281],"geometry":{"type":"Polygon","coordinates":[[[16.516211,46.499902],[16.427637,46.524414],[16.321191,46.534619],[16.301172,46.521387],[16.258398,46.50791],[16.236719,46.483838],[16.25332,46.389111],[16.227441,46.372852],[16.106445,46.382227],[16.066504,46.371338],[16.000684,46.305371],[15.933301,46.277637],[15.847559,46.257861],[15.784277,46.233984],[15.704199,46.213232],[15.635938,46.200732],[15.608984,46.171924],[15.592578,46.13999],[15.596875,46.109229],[15.666211,46.048486],[15.675586,45.983691],[15.668066,45.904443],[15.652148,45.862158],[15.624805,45.834033],[15.454102,45.797607],[15.277051,45.732617],[15.272949,45.717725],[15.353711,45.659912],[15.356934,45.645508],[15.290137,45.612646],[15.283594,45.579687],[15.291211,45.541553],[15.32666,45.502295],[15.339453,45.467041],[15.24209,45.441406],[15.110449,45.450781],[14.95459,45.499902],[14.9,45.492676],[14.84707,45.467334],[14.793066,45.478223],[14.733594,45.508496],[14.649512,45.571484],[14.608594,45.610107],[14.591797,45.65127],[14.568848,45.657227],[14.533984,45.645264],[14.505176,45.595215],[14.427344,45.505762],[14.369922,45.481445],[14.283008,45.486621],[14.16123,45.485156],[14.085547,45.477832],[13.992773,45.509424],[13.970313,45.503369],[13.970117,45.482617],[13.935645,45.449805],[13.878711,45.428369],[13.615234,45.476758],[13.57793,45.516895],[13.637305,45.535937],[13.719824,45.587598],[13.775977,45.581982],[13.844727,45.592871],[13.874707,45.614844],[13.831152,45.68042],[13.72168,45.761279],[13.663477,45.791992],[13.583398,45.812354],[13.569629,45.834131],[13.613965,45.96167],[13.600586,45.979785],[13.50918,45.973779],[13.487695,45.987109],[13.480273,46.009229],[13.486426,46.039551],[13.548047,46.089111],[13.616602,46.133105],[13.634961,46.157764],[13.63252,46.177051],[13.544727,46.196582],[13.491797,46.216602],[13.449805,46.223535],[13.420996,46.212305],[13.399609,46.224951],[13.378223,46.261621],[13.399512,46.317529],[13.478516,46.369189],[13.563281,46.415088],[13.637109,46.448535],[13.679688,46.462891],[13.7,46.520264],[13.743945,46.514307],[13.831348,46.51123],[13.928809,46.498193],[14.019629,46.482178],[14.099512,46.461914],[14.267285,46.440723],[14.419922,46.42793],[14.465918,46.416113],[14.503516,46.417041],[14.549805,46.399707],[14.577148,46.412939],[14.596973,46.436084],[14.680176,46.463428],[14.756738,46.499121],[14.810547,46.54458],[14.840625,46.580469],[14.893262,46.605908],[14.949414,46.613232],[15.000684,46.625977],[15.216992,46.642969],[15.439258,46.629639],[15.545313,46.654639],[15.632617,46.698437],[15.760254,46.710742],[15.766895,46.711279],[15.957617,46.677637],[15.972266,46.697217],[15.980469,46.705859],[15.976855,46.801367],[16.037207,46.844824],[16.093066,46.863281],[16.283594,46.857275],[16.308496,46.827979],[16.318457,46.78252],[16.335449,46.721631],[16.367188,46.704785],[16.38457,46.680811],[16.38125,46.638672],[16.418457,46.607227],[16.505664,46.52207],[16.516211,46.499902]]]}},{"type":"Feature","properties":{"featurecla":"Admin-0 country","scalerank":1,"LABELRANK":5,"SOVEREIGNT":"Republic of Serbia","SOV_A3":"SRB","ADM0_DIF":0,"LEVEL":2,"TYPE":"Sovereign country","TLC":"1","ADMIN":"Republic of Serbia","ADM0_A3":"SRB","GEOU_DIF":0,"GEOUNIT":"Republic of Serbia","GU_A3":"SRB","SU_DIF":0,"SUBUNIT":"Republic of Serbia","SU_A3":"SRB","BRK_DIFF":0,"NAME":"Serbia","NAME_LONG":"Serbia","BRK_A3":"SRB","BRK_NAME":"Serbia","BRK_GROUP":null,"ABBREV":"Serb.","POSTAL":"RS","FORMAL_EN":"Republic of Serbia","FORMAL_FR":null,"NAME_CIAWF":"Serbia","NOTE_ADM0":null,"NOTE_BRK":null,"NAME_SORT":"Serbia","NAME_ALT":null,"MAPCOLOR7":3,"MAPCOLOR8":3,"MAPCOLOR9":2,"MAPCOLOR13":10,"POP_EST":6944975,"POP_RANK":13,"POP_YEAR":2019,"GDP_MD":51475,"GDP_YEAR":2019,"ECONOMY":"6. Developing region","INCOME_GRP":"3. Upper middle income","FIPS_10":"RI","ISO_A2":"RS","ISO_A2_EH":"RS","ISO_A3":"SRB","ISO_A3_EH":"SRB","ISO_N3":"688","ISO_N3_EH":"688","UN_A3":"688","WB_A2":"YF","WB_A3":"SRB","WOE_ID":-90,"WOE_ID_EH":20069818,"WOE_NOTE":"Expired WOE also contains Kosovo.","ADM0_ISO":"SRB","ADM0_DIFF":null,"ADM0_TLC":"SRB","ADM0_A3_US":"SRB","ADM0_A3_FR":"SRB","ADM0_A3_RU":"SRB","ADM0_A3_ES":"SRB","ADM0_A3_CN":"SRB","ADM0_A3_TW":"SRB","ADM0_A3_IN":"SRB","ADM0_A3_NP":"SRB","ADM0_A3_PK":"SRB","ADM0_A3_DE":"SRB","ADM0_A3_GB":"SRB","ADM0_A3_BR":"SRB","ADM0_A3_IL":"SRB","ADM0_A3_PS":"SRB","ADM0_A3_SA":"SRB","ADM0_A3_EG":"SRB","ADM0_A3_MA":"SRB","ADM0_A3_PT":"SRB","ADM0_A3_AR":"SRB","ADM0_A3_JP":"SRB","ADM0_A3_KO":"SRB","ADM0_A3_VN":"SRB","ADM0_A3_TR":"SRB","ADM0_A3_ID":"SRB","ADM0_A3_PL":"SRB","ADM0_A3_GR":"SRB","ADM0_A3_IT":"SRB","ADM0_A3_NL":"SRB","ADM0_A3_SE":"SRB","ADM0_A3_BD":"SRB","ADM0_A3_UA":"SRB","ADM0_A3_UN":-99,"ADM0_A3_WB":-99,"CONTINENT":"Europe","REGION_UN":"Europe","SUBREGION":"Southern Europe","REGION_WB":"Europe & Central Asia","NAME_LEN":6,"LONG_LEN":6,"ABBREV_LEN":5,"TINY":-99,"HOMEPART":1,"MIN_ZOOM":0,"MIN_LABEL":4,"MAX_LABEL":7,"LABEL_X":20.787989,"LABEL_Y":44.189919,"NE_ID":1159321267,"WIKIDATAID":"Q403","NAME_AR":"صربيا","NAME_BN":"সার্বিয়া","NAME_DE":"Serbien","NAME_EN":"Serbia","NAME_ES":"Serbia","NAME_FA":"صربستان","NAME_FR":"Serbie","NAME_EL":"Σερβία","NAME_HE":"סרביה","NAME_HI":"सर्बिया","NAME_HU":"Szerbia","NAME_ID":"Serbia","NAME_IT":"Serbia","NAME_JA":"セルビア","NAME_KO":"세르비아","NAME_NL":"Servië","NAME_PL":"Serbia","NAME_PT":"Sérvia","NAME_RU":"Сербия","NAME_SV":"Serbien","NAME_TR":"Sırbistan","NAME_UK":"Сербія","NAME_UR":"سربیا","NAME_VI":"Serbia","NAME_ZH":"塞尔维亚","NAME_ZHT":"塞爾維亞","FCLASS_ISO":"Admin-0 country","TLC_DIFF":null,"FCLASS_TLC":"Admin-0 country","FCLASS_US":null,"FCLASS_FR":null,"FCLASS_RU":null,"FCLASS_ES":null,"FCLASS_CN":null,"FCLASS_TW":null,"FCLASS_IN":null,"FCLASS_NP":null,"FCLASS_PK":null,"FCLASS_DE":null,"FCLASS_GB":null,"FCLASS_BR":null,"FCLASS_IL":null,"FCLASS_PS":null,"FCLASS_SA":null,"FCLASS_EG":null,"FCLASS_MA":null,"FCLASS_PT":null,"FCLASS_AR":null,"FCLASS_JP":null,"FCLASS_KO":null,"FCLASS_VN":null,"FCLASS_TR":null,"FCLASS_ID":null,"FCLASS_PL":null,"FCLASS_GR":null,"FCLASS_IT":null,"FCLASS_NL":null,"FCLASS_SE":null,"FCLASS_BD":null,"FCLASS_UA":null},"bbox":[18.839063,42.242139,22.976855,46.169189],"geometry":{"type":"Polygon","coordinates":[[[21.360059,44.82666],[21.523145,44.790088],[21.59707,44.75542],[21.636133,44.710449],[21.740234,44.680664],[21.909277,44.666113],[22.026953,44.619873],[22.093066,44.541943],[22.200977,44.560693],[22.350684,44.676123],[22.497656,44.70625],[22.64209,44.650977],[22.720898,44.605518],[22.734375,44.569922],[22.700781,44.555518],[22.620117,44.562354],[22.554004,44.540332],[22.502344,44.4896],[22.494531,44.435449],[22.530664,44.377979],[22.581836,44.33833],[22.647949,44.316455],[22.683301,44.286475],[22.687891,44.248291],[22.705078,44.237793],[22.66748,44.220215],[22.626563,44.194092],[22.603418,44.148584],[22.597461,44.075293],[22.469043,44.018018],[22.420801,44.007422],[22.399023,43.969531],[22.36543,43.862109],[22.369629,43.781299],[22.386914,43.740137],[22.394824,43.706641],[22.436328,43.665479],[22.474121,43.602246],[22.499121,43.518848],[22.55459,43.454492],[22.696973,43.391064],[22.767578,43.35415],[22.819727,43.300732],[22.85957,43.252344],[22.976855,43.187988],[22.967969,43.142041],[22.942285,43.09707],[22.915234,43.075977],[22.856836,43.018262],[22.799902,42.985742],[22.706152,42.883936],[22.558105,42.878467],[22.522754,42.870312],[22.466797,42.84248],[22.439258,42.79165],[22.465625,42.750781],[22.463281,42.709473],[22.43623,42.629102],[22.47207,42.543311],[22.524219,42.503906],[22.532422,42.481201],[22.523535,42.440967],[22.445703,42.359131],[22.42207,42.328857],[22.344043,42.313965],[22.317383,42.321729],[22.277051,42.349854],[22.239746,42.358154],[22.14668,42.325],[22.052051,42.304639],[21.977539,42.320068],[21.904102,42.32207],[21.853027,42.308398],[21.814648,42.303125],[21.739258,42.267725],[21.618262,42.242139],[21.5625,42.24751],[21.541602,42.280811],[21.518945,42.328418],[21.52998,42.35],[21.609863,42.387451],[21.619043,42.423242],[21.730664,42.595459],[21.752148,42.651514],[21.75293,42.669824],[21.723828,42.681982],[21.6625,42.681494],[21.390625,42.751416],[21.403027,42.831543],[21.323145,42.874707],[21.237109,42.913232],[21.222656,42.956201],[21.127051,43.043018],[21.057031,43.091699],[20.967676,43.116016],[20.890723,43.15166],[20.844434,43.173437],[20.823828,43.213965],[20.823828,43.237939],[20.800586,43.261084],[20.763379,43.258594],[20.700586,43.226367],[20.623145,43.198633],[20.609668,43.178418],[20.637598,43.130371],[20.657617,43.099854],[20.648535,43.070947],[20.624023,43.03418],[20.475098,42.953027],[20.458398,42.924561],[20.486816,42.879053],[20.468848,42.85791],[20.344336,42.82793],[20.347656,42.852783],[20.339941,42.892871],[20.268457,42.935449],[20.167871,42.968506],[19.944043,43.081641],[19.858008,43.096533],[19.781152,43.109766],[19.670996,43.163965],[19.614453,43.173437],[19.551563,43.212256],[19.414648,43.342822],[19.298242,43.413965],[19.21875,43.449951],[19.196484,43.48501],[19.191602,43.521045],[19.194336,43.533301],[19.254492,43.584375],[19.300781,43.591797],[19.360352,43.593457],[19.399609,43.567578],[19.45127,43.562061],[19.47998,43.595166],[19.495117,43.642871],[19.488184,43.703564],[19.364063,43.844775],[19.257227,43.943311],[19.24502,43.965039],[19.268066,43.983447],[19.305273,43.993359],[19.345215,43.985107],[19.449414,43.978027],[19.549512,43.987109],[19.583691,44.011084],[19.583789,44.043457],[19.547168,44.073486],[19.430176,44.154492],[19.338867,44.22583],[19.231543,44.280566],[19.151855,44.302539],[19.12832,44.330273],[19.118457,44.359961],[19.127344,44.414551],[19.132422,44.483789],[19.151367,44.527344],[19.223145,44.60957],[19.291895,44.696777],[19.334473,44.780664],[19.356836,44.858545],[19.348633,44.880908],[19.312695,44.897461],[19.236816,44.914258],[19.131543,44.899609],[19.04209,44.871338],[19.007129,44.869189],[18.995508,44.904004],[19.00957,44.919385],[19.037598,44.917529],[19.060547,44.910986],[19.085254,44.926758],[19.1,44.973779],[19.062891,45.137207],[19.129688,45.151709],[19.130762,45.175488],[19.136914,45.19624],[19.205957,45.167773],[19.303027,45.167285],[19.388086,45.172998],[19.400977,45.189062],[19.4,45.2125],[19.382324,45.230615],[19.352246,45.24541],[19.330273,45.268066],[19.272852,45.277979],[19.093066,45.336914],[19.004688,45.399512],[19.007617,45.46582],[19.033301,45.502197],[19.064258,45.51499],[19.055078,45.527246],[18.953711,45.558008],[18.917871,45.60083],[18.947266,45.655811],[18.894531,45.76709],[18.839063,45.835742],[18.893555,45.865527],[18.901074,45.907617],[18.905371,45.931738],[18.927832,45.931396],[19.015723,45.959717],[19.047656,45.982666],[19.066211,46.009521],[19.087305,46.016162],[19.146289,45.987012],[19.208398,45.984424],[19.278125,46.002881],[19.330273,46.028516],[19.392871,46.049805],[19.421289,46.064453],[19.45752,46.087354],[19.530762,46.155176],[19.613477,46.169189],[19.724512,46.151904],[19.844434,46.145898],[19.934082,46.161475],[20.161426,46.141895],[20.210156,46.126025],[20.241797,46.108594],[20.301367,46.050684],[20.358594,45.975488],[20.437988,45.940771],[20.532617,45.899512],[20.581152,45.869482],[20.652734,45.779395],[20.709277,45.735254],[20.727832,45.737402],[20.746875,45.748975],[20.760156,45.758105],[20.775,45.749805],[20.775781,45.72251],[20.779297,45.662012],[20.76582,45.597461],[20.786035,45.536475],[20.786523,45.51748],[20.772461,45.500098],[20.774219,45.484424],[20.794043,45.467871],[20.870801,45.427539],[20.941797,45.365332],[21.023828,45.321533],[21.099902,45.293555],[21.147852,45.291748],[21.226465,45.241309],[21.381738,45.205078],[21.431445,45.192529],[21.46543,45.171875],[21.490234,45.1479],[21.491797,45.122266],[21.467871,45.109863],[21.434473,45.075146],[21.420703,45.032959],[21.395898,45.022217],[21.371094,45.021387],[21.35293,45.008984],[21.357031,44.990771],[21.377734,44.973437],[21.409961,44.957715],[21.471973,44.941992],[21.533203,44.918848],[21.532324,44.900684],[21.519922,44.880811],[21.442188,44.873389],[21.384375,44.870068],[21.35791,44.861816],[21.360059,44.82666]]]}},{"type":"Feature","properties":{"featurecla":"Admin-0 country","scalerank":3,"LABELRANK":6,"SOVEREIGNT":"San Marino","SOV_A3":"SMR","ADM0_DIF":0,"LEVEL":2,"TYPE":"Sovereign country","TLC":"1","ADMIN":"San Marino","ADM0_A3":"SMR","GEOU_DIF":0,"GEOUNIT":"San Marino","GU_A3":"SMR","SU_DIF":0,"SUBUNIT":"San Marino","SU_A3":"SMR","BRK_DIFF":0,"NAME":"San Marino","NAME_LONG":"San Marino","BRK_A3":"SMR","BRK_NAME":"San Marino","BRK_GROUP":null,"ABBREV":"S.M.","POSTAL":"RSM","FORMAL_EN":"Republic of San Marino","FORMAL_FR":null,"NAME_CIAWF":"San Marino","NOTE_ADM0":null,"NOTE_BRK":null,"NAME_SORT":"San Marino","NAME_ALT":null,"MAPCOLOR7":2,"MAPCOLOR8":3,"MAPCOLOR9":1,"MAPCOLOR13":6,"POP_EST":33860,"POP_RANK":7,"POP_YEAR":2019,"GDP_MD":1655,"GDP_YEAR":2018,"ECONOMY":"2. Developed region: nonG7","INCOME_GRP":"2. High income: nonOECD","FIPS_10":"SM","ISO_A2":"SM","ISO_A2_EH":"SM","ISO_A3":"SMR","ISO_A3_EH":"SMR","ISO_N3":"674","ISO_N3_EH":"674","UN_A3":"674","WB_A2":"SM","WB_A3":"SMR","WOE_ID":23424947,"WOE_ID_EH":23424947,"WOE_NOTE":"Exact WOE match as country","ADM0_ISO":"SMR","ADM0_DIFF":null,"ADM0_TLC":"SMR","ADM0_A3_US":"SMR","ADM0_A3_FR":"SMR","ADM0_A3_RU":"SMR","ADM0_A3_ES":"SMR","ADM0_A3_CN":"SMR","ADM0_A3_TW":"SMR","ADM0_A3_IN":"SMR","ADM0_A3_NP":"SMR","ADM0_A3_PK":"SMR","ADM0_A3_DE":"SMR","ADM0_A3_GB":"SMR","ADM0_A3_BR":"SMR","ADM0_A3_IL":"SMR","ADM0_A3_PS":"SMR","ADM0_A3_SA":"SMR","ADM0_A3_EG":"SMR","ADM0_A3_MA":"SMR","ADM0_A3_PT":"SMR","ADM0_A3_AR":"SMR","ADM0_A3_JP":"SMR","ADM0_A3_KO":"SMR","ADM0_A3_VN":"SMR","ADM0_A3_TR":"SMR","ADM0_A3_ID":"SMR","ADM0_A3_PL":"SMR","ADM0_A3_GR":"SMR","ADM0_A3_IT":"SMR","ADM0_A3_NL":"SMR","ADM0_A3_SE":"SMR","ADM0_A3_BD":"SMR","ADM0_A3_UA":"SMR","ADM0_A3_UN":-99,"ADM0_A3_WB":-99,"CONTINENT":"Europe","REGION_UN":"Europe","SUBREGION":"Southern Europe","REGION_WB":"Europe & Central Asia","NAME_LEN":10,"LONG_LEN":10,"ABBREV_LEN":4,"TINY":5,"HOMEPART":1,"MIN_ZOOM":0,"MIN_LABEL":5,"MAX_LABEL":10,"LABEL_X":12.441206,"LABEL_Y":43.933916,"NE_ID":1159321255,"WIKIDATAID":"Q238","NAME_AR":"سان مارينو","NAME_BN":"সান মারিনো","NAME_DE":"San Marino","NAME_EN":"San Marino","NAME_ES":"San Marino","NAME_FA":"سان مارینو","NAME_FR":"Saint-Marin","NAME_EL":"Άγιος Μαρίνος","NAME_HE":"סן מרינו","NAME_HI":"सान मारिनो","NAME_HU":"San Marino","NAME_ID":"San Marino","NAME_IT":"San Marino","NAME_JA":"サンマリノ","NAME_KO":"산마리노","NAME_NL":"San Marino","NAME_PL":"San Marino","NAME_PT":"San Marino","NAME_RU":"Сан-Марино","NAME_SV":"San Marino","NAME_TR":"San Marino","NAME_UK":"Сан-Марино","NAME_UR":"سان مارینو","NAME_VI":"San Marino","NAME_ZH":"圣马力诺","NAME_ZHT":"聖馬力諾","FCLASS_ISO":"Admin-0 country","TLC_DIFF":null,"FCLASS_TLC":"Admin-0 country","FCLASS_US":null,"FCLASS_FR":null,"FCLASS_RU":null,"FCLASS_ES":null,"FCLASS_CN":null,"FCLASS_TW":null,"FCLASS_IN":null,"FCLASS_NP":null,"FCLASS_PK":null,"FCLASS_DE":null,"FCLASS_GB":null,"FCLASS_BR":null,"FCLASS_IL":null,"FCLASS_PS":null,"FCLASS_SA":null,"FCLASS_EG":null,"FCLASS_MA":null,"FCLASS_PT":null,"FCLASS_AR":null,"FCLASS_JP":null,"FCLASS_KO":null,"FCLASS_VN":null,"FCLASS_TR":null,"FCLASS_ID":null,"FCLASS_PL":null,"FCLASS_GR":null,"FCLASS_IT":null,"FCLASS_NL":null,"FCLASS_SE":null,"FCLASS_BD":null,"FCLASS_UA":null},"bbox":[12.396875,43.894092,12.514648,43.989746],"geometry":{"type":"Polygon","coordinates":[[[12.485254,43.901416],[12.426367,43.894092],[12.396875,43.93457],[12.441113,43.982422],[12.503711,43.989746],[12.514648,43.952979],[12.485254,43.901416]]]}},{"type":"Feature","properties":{"featurecla":"Admin-0 country","scalerank":1,"LABELRANK":3,"SOVEREIGNT":"Romania","SOV_A3":"ROU","ADM0_DIF":0,"LEVEL":2,"TYPE":"Sovereign country","TLC":"1","ADMIN":"Romania","ADM0_A3":"ROU","GEOU_DIF":0,"GEOUNIT":"Romania","GU_A3":"ROU","SU_DIF":0,"SUBUNIT":"Romania","SU_A3":"ROU","BRK_DIFF":0,"NAME":"Romania","NAME_LONG":"Romania","BRK_A3":"ROU","BRK_NAME":"Romania","BRK_GROUP":null,"ABBREV":"Rom.","POSTAL":"RO","FORMAL_EN":"Romania","FORMAL_FR":null,"NAME_CIAWF":"Romania","NOTE_ADM0":null,"NOTE_BRK":null,"NAME_SORT":"Romania","NAME_ALT":null,"MAPCOLOR7":1,"MAPCOLOR8":4,"MAPCOLOR9":3,"MAPCOLOR13":13,"POP_EST":19356544,"POP_RANK":14,"POP_YEAR":2019,"GDP_MD":250077,"GDP_YEAR":2019,"ECONOMY":"2. Developed region: nonG7","INCOME_GRP":"3. Upper middle income","FIPS_10":"RO","ISO_A2":"RO","ISO_A2_EH":"RO","ISO_A3":"ROU","ISO_A3_EH":"ROU","ISO_N3":"642","ISO_N3_EH":"642","UN_A3":"642","WB_A2":"RO","WB_A3":"ROM","WOE_ID":23424933,"WOE_ID_EH":23424933,"WOE_NOTE":"Exact WOE match as country","ADM0_ISO":"ROU","ADM0_DIFF":null,"ADM0_TLC":"ROU","ADM0_A3_US":"ROU","ADM0_A3_FR":"ROU","ADM0_A3_RU":"ROU","ADM0_A3_ES":"ROU","ADM0_A3_CN":"ROU","ADM0_A3_TW":"ROU","ADM0_A3_IN":"ROU","ADM0_A3_NP":"ROU","ADM0_A3_PK":"ROU","ADM0_A3_DE":"ROU","ADM0_A3_GB":"ROU","ADM0_A3_BR":"ROU","ADM0_A3_IL":"ROU","ADM0_A3_PS":"ROU","ADM0_A3_SA":"ROU","ADM0_A3_EG":"ROU","ADM0_A3_MA":"ROU","ADM0_A3_PT":"ROU","ADM0_A3_AR":"ROU","ADM0_A3_JP":"ROU","ADM0_A3_KO":"ROU","ADM0_A3_VN":"ROU","ADM0_A3_TR":"ROU","ADM0_A3_ID":"ROU","ADM0_A3_PL":"ROU","ADM0_A3_GR":"ROU","ADM0_A3_IT":"ROU","ADM0_A3_NL":"ROU","ADM0_A3_SE":"ROU","ADM0_A3_BD":"ROU","ADM0_A3_UA":"ROU","ADM0_A3_UN":-99,"ADM0_A3_WB":-99,"CONTINENT":"Europe","REGION_UN":"Europe","SUBREGION":"Eastern Europe","REGION_WB":"Europe & Central Asia","NAME_LEN":7,"LONG_LEN":7,"ABBREV_LEN":4,"TINY":-99,"HOMEPART":1,"MIN_ZOOM":0,"MIN_LABEL":3,"MAX_LABEL":8,"LABEL_X":24.972624,"LABEL_Y":45.733237,"NE_ID":1159321199,"WIKIDATAID":"Q218","NAME_AR":"رومانيا","NAME_BN":"রোমানিয়া","NAME_DE":"Rumänien","NAME_EN":"Romania","NAME_ES":"Rumania","NAME_FA":"رومانی","NAME_FR":"Roumanie","NAME_EL":"Ρουμανία","NAME_HE":"רומניה","NAME_HI":"रोमानिया","NAME_HU":"Románia","NAME_ID":"Rumania","NAME_IT":"Romania","NAME_JA":"ルーマニア","NAME_KO":"루마니아","NAME_NL":"Roemenië","NAME_PL":"Rumunia","NAME_PT":"Roménia","NAME_RU":"Румыния","NAME_SV":"Rumänien","NAME_TR":"Romanya","NAME_UK":"Румунія","NAME_UR":"رومانیہ","NAME_VI":"Romania","NAME_ZH":"罗马尼亚","NAME_ZHT":"羅馬尼亞","FCLASS_ISO":"Admin-0 country","TLC_DIFF":null,"FCLASS_TLC":"Admin-0 country","FCLASS_US":null,"FCLASS_FR":null,"FCLASS_RU":null,"FCLASS_ES":null,"FCLASS_CN":null,"FCLASS_TW":null,"FCLASS_IN":null,"FCLASS_NP":null,"FCLASS_PK":null,"FCLASS_DE":null,"FCLASS_GB":null,"FCLASS_BR":null,"FCLASS_IL":null,"FCLASS_PS":null,"FCLASS_SA":null,"FCLASS_EG":null,"FCLASS_MA":null,"FCLASS_PT":null,"FCLASS_AR":null,"FCLASS_JP":null,"FCLASS_KO":null,"FCLASS_VN":null,"FCLASS_TR":null,"FCLASS_ID":null,"FCLASS_PL":null,"FCLASS_GR":null,"FCLASS_IT":null,"FCLASS_NL":null,"FCLASS_SE":null,"FCLASS_BD":null,"FCLASS_UA":null},"bbox":[20.241797,43.670801,29.705859,48.263477],"geometry":{"type":"Polygon","coordinates":[[[28.2125,45.450439],[28.317676,45.347119],[28.45127,45.292187],[28.760742,45.234131],[28.788281,45.240967],[28.791406,45.251904],[28.769824,45.266895],[28.766602,45.28623],[28.781738,45.309863],[28.824316,45.311084],[28.894336,45.289941],[29.027441,45.320557],[29.223535,45.40293],[29.403711,45.419678],[29.567676,45.370801],[29.651953,45.313916],[29.705859,45.259912],[29.689063,45.193213],[29.678613,45.15166],[29.635352,44.979639],[29.605469,44.915479],[29.55752,44.843408],[29.048242,44.757568],[29.081055,44.798828],[29.069141,44.871143],[29.047754,44.925684],[29.095313,44.975049],[28.980664,44.99292],[28.930566,44.96582],[28.891504,44.918652],[28.926172,44.81001],[28.87041,44.749951],[28.849023,44.716309],[28.846484,44.636865],[28.813574,44.60249],[28.807031,44.565039],[28.888184,44.574756],[28.851758,44.506104],[28.699219,44.374219],[28.64541,44.295654],[28.658594,43.983838],[28.590723,43.797412],[28.585352,43.742236],[28.423438,43.740479],[28.375195,43.744775],[28.221973,43.772852],[28.05,43.822412],[27.948926,43.918604],[27.884277,43.987354],[27.738574,43.956299],[27.710742,43.9646],[27.670898,43.997803],[27.561035,44.020068],[27.425391,44.020508],[27.120703,44.146143],[27.086914,44.167383],[26.847754,44.146191],[26.489258,44.083984],[26.21582,44.007275],[25.933398,43.870557],[25.818848,43.766846],[25.686133,43.711768],[25.49707,43.670801],[25.159668,43.686328],[24.808203,43.738428],[24.430566,43.794385],[24.226758,43.763477],[23.950781,43.78667],[23.53457,43.853564],[23.224609,43.873877],[22.919043,43.834473],[22.867676,43.864551],[22.856445,43.899023],[22.868262,43.9479],[22.911328,43.987207],[22.985352,44.016992],[23.024414,44.047217],[23.028516,44.077979],[22.94541,44.127295],[22.775195,44.195215],[22.705078,44.237793],[22.687891,44.248291],[22.683301,44.286475],[22.647949,44.316455],[22.581836,44.33833],[22.530664,44.377979],[22.494531,44.435449],[22.502344,44.4896],[22.554004,44.540332],[22.620117,44.562354],[22.700781,44.555518],[22.734375,44.569922],[22.720898,44.605518],[22.64209,44.650977],[22.497656,44.70625],[22.350684,44.676123],[22.200977,44.560693],[22.093066,44.541943],[22.026953,44.619873],[21.909277,44.666113],[21.740234,44.680664],[21.636133,44.710449],[21.59707,44.75542],[21.523145,44.790088],[21.360059,44.82666],[21.35791,44.861816],[21.384375,44.870068],[21.442188,44.873389],[21.519922,44.880811],[21.532324,44.900684],[21.533203,44.918848],[21.471973,44.941992],[21.409961,44.957715],[21.377734,44.973437],[21.357031,44.990771],[21.35293,45.008984],[21.371094,45.021387],[21.395898,45.022217],[21.420703,45.032959],[21.434473,45.075146],[21.467871,45.109863],[21.491797,45.122266],[21.490234,45.1479],[21.46543,45.171875],[21.431445,45.192529],[21.381738,45.205078],[21.226465,45.241309],[21.147852,45.291748],[21.099902,45.293555],[21.023828,45.321533],[20.941797,45.365332],[20.870801,45.427539],[20.794043,45.467871],[20.774219,45.484424],[20.772461,45.500098],[20.786523,45.51748],[20.786035,45.536475],[20.76582,45.597461],[20.779297,45.662012],[20.775781,45.72251],[20.775,45.749805],[20.760156,45.758105],[20.746875,45.748975],[20.727832,45.737402],[20.709277,45.735254],[20.652734,45.779395],[20.581152,45.869482],[20.532617,45.899512],[20.437988,45.940771],[20.358594,45.975488],[20.301367,46.050684],[20.241797,46.108594],[20.280957,46.133008],[20.508105,46.166943],[20.613672,46.133496],[20.661035,46.145654],[20.707422,46.172803],[20.732715,46.194434],[20.737402,46.21748],[20.760254,46.24624],[20.837012,46.259717],[21.039844,46.242236],[21.12168,46.282422],[21.151953,46.304346],[21.17041,46.352686],[21.191797,46.391553],[21.264551,46.412305],[21.263281,46.447754],[21.252246,46.486377],[21.294531,46.572461],[21.320215,46.607812],[21.361328,46.620752],[21.411035,46.647852],[21.49707,46.704297],[21.477051,46.753369],[21.494434,46.789746],[21.58418,46.878369],[21.652637,46.96377],[21.651465,47.006543],[21.661426,47.043896],[21.721777,47.084814],[21.785449,47.138135],[21.869336,47.30459],[21.899219,47.332568],[21.954297,47.364258],[21.995313,47.395703],[21.999707,47.505029],[22.037988,47.536621],[22.111914,47.572021],[22.185059,47.629053],[22.244629,47.696387],[22.290625,47.727832],[22.351465,47.73623],[22.41748,47.762646],[22.491406,47.772559],[22.562891,47.75957],[22.608398,47.766309],[22.676758,47.799023],[22.851758,47.922559],[22.87666,47.947266],[22.912891,47.964258],[23.054785,48.006543],[23.09082,48.049121],[23.139453,48.087402],[23.202637,48.084521],[23.408203,47.98999],[23.628711,47.99585],[23.669043,47.992334],[23.682031,47.990381],[23.708984,47.982617],[24.001855,47.935791],[24.047363,47.941016],[24.059766,47.944775],[24.177734,47.906055],[24.281934,47.911182],[24.380957,47.938037],[24.484082,47.947119],[24.578906,47.931055],[24.650977,47.876514],[24.837891,47.76084],[24.893359,47.717773],[24.979102,47.724121],[25.073828,47.745703],[25.169629,47.823096],[25.464258,47.910791],[25.689258,47.932471],[25.908691,47.967578],[26.162695,47.992529],[26.23623,48.064355],[26.276953,48.113232],[26.305664,48.20376],[26.442383,48.22998],[26.572461,48.248486],[26.618945,48.259863],[26.71377,48.263477],[26.787305,48.255811],[26.900977,48.211133],[26.980762,48.155029],[27.012207,48.110498],[27.080371,48.047656],[27.152051,47.959277],[27.230859,47.841748],[27.248145,47.782227],[27.27793,47.717969],[27.336914,47.639746],[27.449219,47.553125],[27.464844,47.53667],[27.51582,47.475635],[27.614063,47.340527],[27.696191,47.286426],[27.767969,47.227588],[27.802344,47.168311],[27.853809,47.114502],[27.974219,47.043213],[28.071777,46.978418],[28.15,46.79209],[28.204688,46.706396],[28.239453,46.64082],[28.222656,46.508057],[28.244336,46.45127],[28.199609,46.347559],[28.119141,46.138672],[28.099707,45.972607],[28.113574,45.883057],[28.115527,45.825537],[28.134961,45.788867],[28.15625,45.713086],[28.159766,45.647119],[28.130859,45.628271],[28.090332,45.612744],[28.074707,45.598975],[28.111914,45.569141],[28.1625,45.51377],[28.2125,45.450439]]]}},{"type":"Feature","properties":{"featurecla":"Admin-0 country","scalerank":3,"LABELRANK":2,"SOVEREIGNT":"Portugal","SOV_A3":"PRT","ADM0_DIF":0,"LEVEL":2,"TYPE":"Sovereign country","TLC":"1","ADMIN":"Portugal","ADM0_A3":"PRT","GEOU_DIF":0,"GEOUNIT":"Portugal","GU_A3":"PRT","SU_DIF":1,"SUBUNIT":"Portugal","SU_A3":"PR1","BRK_DIFF":0,"NAME":"Portugal","NAME_LONG":"Portugal","BRK_A3":"PR1","BRK_NAME":"Portugal","BRK_GROUP":null,"ABBREV":"Port.","POSTAL":"P","FORMAL_EN":"Portuguese Republic","FORMAL_FR":null,"NAME_CIAWF":"Portugal","NOTE_ADM0":null,"NOTE_BRK":null,"NAME_SORT":"Portugal","NAME_ALT":null,"MAPCOLOR7":1,"MAPCOLOR8":7,"MAPCOLOR9":1,"MAPCOLOR13":4,"POP_EST":10269417,"POP_RANK":14,"POP_YEAR":2019,"GDP_MD":238785,"GDP_YEAR":2019,"ECONOMY":"2. Developed region: nonG7","INCOME_GRP":"1. High income: OECD","FIPS_10":"PO","ISO_A2":"PT","ISO_A2_EH":"PT","ISO_A3":"PRT","ISO_A3_EH":"PRT","ISO_N3":"620","ISO_N3_EH":"620","UN_A3":"620","WB_A2":"PT","WB_A3":"PRT","WOE_ID":23424925,"WOE_ID_EH":23424925,"WOE_NOTE":"Exact WOE match as country","ADM0_ISO":"PR1","ADM0_DIFF":null,"ADM0_TLC":"PR1","ADM0_A3_US":"PRT","ADM0_A3_FR":"PRT","ADM0_A3_RU":"PRT","ADM0_A3_ES":"PRT","ADM0_A3_CN":"PRT","ADM0_A3_TW":"PRT","ADM0_A3_IN":"PRT","ADM0_A3_NP":"PRT","ADM0_A3_PK":"PRT","ADM0_A3_DE":"PRT","ADM0_A3_GB":"PRT","ADM0_A3_BR":"PRT","ADM0_A3_IL":"PRT","ADM0_A3_PS":"PRT","ADM0_A3_SA":"PRT","ADM0_A3_EG":"PRT","ADM0_A3_MA":"PRT","ADM0_A3_PT":"PRT","ADM0_A3_AR":"PRT","ADM0_A3_JP":"PRT","ADM0_A3_KO":"PRT","ADM0_A3_VN":"PRT","ADM0_A3_TR":"PRT","ADM0_A3_ID":"PRT","ADM0_A3_PL":"PRT","ADM0_A3_GR":"PRT","ADM0_A3_IT":"PRT","ADM0_A3_NL":"PRT","ADM0_A3_SE":"PRT","ADM0_A3_BD":"PRT","ADM0_A3_UA":"PRT","ADM0_A3_UN":-99,"ADM0_A3_WB":-99,"CONTINENT":"Europe","REGION_UN":"Europe","SUBREGION":"Southern Europe","REGION_WB":"Europe & Central Asia","NAME_LEN":8,"LONG_LEN":8,"ABBREV_LEN":5,"TINY":-99,"HOMEPART":1,"MIN_ZOOM":0,"MIN_LABEL":3,"MAX_LABEL":8,"LABEL_X":-8.271754,"LABEL_Y":39.606675,"NE_ID":1159321187,"WIKIDATAID":"Q45","NAME_AR":"البرتغال","NAME_BN":"পর্তুগাল","NAME_DE":"Portugal","NAME_EN":"Portugal","NAME_ES":"Portugal","NAME_FA":"پرتغال","NAME_FR":"Portugal","NAME_EL":"Πορτογαλία","NAME_HE":"פורטוגל","NAME_HI":"पुर्तगाल","NAME_HU":"Portugália","NAME_ID":"Portugal","NAME_IT":"Portogallo","NAME_JA":"ポルトガル","NAME_KO":"포르투갈","NAME_NL":"Portugal","NAME_PL":"Portugalia","NAME_PT":"Portugal","NAME_RU":"Португалия","NAME_SV":"Portugal","NAME_TR":"Portekiz","NAME_UK":"Португалія","NAME_UR":"پرتگال","NAME_VI":"Bồ Đào Nha","NAME_ZH":"葡萄牙","NAME_ZHT":"葡萄牙","FCLASS_ISO":"Admin-0 country","TLC_DIFF":null,"FCLASS_TLC":"Admin-0 country","FCLASS_US":null,"FCLASS_FR":null,"FCLASS_RU":null,"FCLASS_ES":null,"FCLASS_CN":null,"FCLASS_TW":null,"FCLASS_IN":null,"FCLASS_NP":null,"FCLASS_PK":null,"FCLASS_DE":null,"FCLASS_GB":null,"FCLASS_BR":null,"FCLASS_IL":null,"FCLASS_PS":null,"FCLASS_SA":null,"FCLASS_EG":null,"FCLASS_MA":null,"FCLASS_PT":null,"FCLASS_AR":null,"FCLASS_JP":null,"FCLASS_KO":null,"FCLASS_VN":null,"FCLASS_TR":null,"FCLASS_ID":null,"FCLASS_PL":null,"FCLASS_GR":null,"FCLASS_IT":null,"FCLASS_NL":null,"FCLASS_SE":null,"FCLASS_BD":null,"FCLASS_UA":null},"bbox":[-31.282959,32.648291,-6.2125,42.137402],"geometry":{"type":"MultiPolygon","coordinates":[[[[-17.190869,32.868604],[-17.054492,32.815869],[-16.929199,32.841406],[-16.773975,32.773535],[-16.693262,32.758008],[-16.765283,32.709717],[-16.837402,32.648291],[-17.018262,32.662793],[-17.171191,32.721875],[-17.226025,32.766846],[-17.241016,32.807373],[-17.190869,32.868604]]],[[[-8.777148,41.941064],[-8.682959,42.008496],[-8.589648,42.052734],[-8.538086,42.069336],[-8.322559,42.115088],[-8.266064,42.137402],[-8.213086,42.133691],[-8.204199,42.111865],[-8.173584,42.069385],[-8.139307,42.039941],[-8.12998,42.018164],[-8.21333,41.9271],[-8.224756,41.89585],[-8.18125,41.836963],[-8.173535,41.819971],[-8.15249,41.811963],[-8.094434,41.814209],[-7.990967,41.851904],[-7.92085,41.883643],[-7.896387,41.870557],[-7.693066,41.888477],[-7.644678,41.873975],[-7.612598,41.857959],[-7.512598,41.835986],[-7.403613,41.833691],[-7.268555,41.864404],[-7.209619,41.895264],[-7.19834,41.929395],[-7.195361,41.955225],[-7.17793,41.97168],[-7.147119,41.981152],[-7.099121,41.964209],[-7.030469,41.950635],[-6.865527,41.945264],[-6.833203,41.96416],[-6.777295,41.958496],[-6.703613,41.93457],[-6.618262,41.942383],[-6.575342,41.913086],[-6.55752,41.874121],[-6.552588,41.789551],[-6.558984,41.704053],[-6.542187,41.67251],[-6.484668,41.664404],[-6.391699,41.665381],[-6.308057,41.642187],[-6.243115,41.601807],[-6.22168,41.560449],[-6.2125,41.532031],[-6.244336,41.515918],[-6.289355,41.455029],[-6.403125,41.375391],[-6.565918,41.303711],[-6.690137,41.214502],[-6.775781,41.107715],[-6.882812,41.062402],[-6.915527,41.038037],[-6.928467,41.009131],[-6.857715,40.87832],[-6.835889,40.77749],[-6.818359,40.654053],[-6.829834,40.619092],[-6.835693,40.483154],[-6.852051,40.443262],[-6.847949,40.410986],[-6.821777,40.37627],[-6.810156,40.343115],[-6.858887,40.300732],[-6.948437,40.251611],[-7.014697,40.20835],[-7.032617,40.16792],[-7.027832,40.142627],[-6.916406,40.056836],[-6.896094,40.021826],[-6.911182,39.937109],[-6.975391,39.798389],[-7.036719,39.713965],[-7.047412,39.705566],[-7.117676,39.681689],[-7.454102,39.680664],[-7.535693,39.661572],[-7.524219,39.644727],[-7.445117,39.536182],[-7.362695,39.47832],[-7.335449,39.465137],[-7.305762,39.338135],[-7.172412,39.135205],[-7.042969,39.10708],[-6.997949,39.056445],[-7.00625,38.985254],[-7.046045,38.907031],[-7.125488,38.826953],[-7.219922,38.770508],[-7.281543,38.714551],[-7.286377,38.649365],[-7.305957,38.566846],[-7.335791,38.501465],[-7.343018,38.457422],[-7.106396,38.181006],[-6.974805,38.194434],[-6.957568,38.187891],[-6.981104,38.121973],[-7.022852,38.044727],[-7.07251,38.030029],[-7.185449,38.006348],[-7.292236,37.906445],[-7.378906,37.786377],[-7.443945,37.728271],[-7.503516,37.585498],[-7.496045,37.523584],[-7.467187,37.428027],[-7.406152,37.179443],[-7.493604,37.168311],[-7.834131,37.005713],[-7.939697,37.00542],[-8.136768,37.077051],[-8.484326,37.100049],[-8.597656,37.121338],[-8.739111,37.074609],[-8.848437,37.075684],[-8.935352,37.016016],[-8.997803,37.032275],[-8.92627,37.166064],[-8.81416,37.430811],[-8.818555,37.592432],[-8.791846,37.732812],[-8.822656,37.871875],[-8.878955,37.958691],[-8.802246,38.183838],[-8.810937,38.299756],[-8.881104,38.44668],[-8.668311,38.424316],[-8.733984,38.482422],[-8.798877,38.518164],[-8.861621,38.509961],[-8.914795,38.512109],[-9.095996,38.455225],[-9.186719,38.438184],[-9.213281,38.448096],[-9.203369,38.538965],[-9.250391,38.656738],[-9.177832,38.687793],[-9.093311,38.69668],[-9.021484,38.746875],[-8.977051,38.80293],[-9.000488,38.903027],[-8.938086,38.998096],[-8.791602,39.078174],[-8.86748,39.065967],[-8.954297,39.016064],[-9.091016,38.834668],[-9.135791,38.742773],[-9.252295,38.712793],[-9.356738,38.6979],[-9.410205,38.70752],[-9.474121,38.730859],[-9.479736,38.798779],[-9.474756,38.85293],[-9.431445,38.960449],[-9.414355,39.112109],[-9.352832,39.248145],[-9.357227,39.284277],[-9.374756,39.338281],[-9.319629,39.391113],[-9.251416,39.426025],[-9.148291,39.542578],[-9.004053,39.820557],[-8.837842,40.115674],[-8.851318,40.151807],[-8.886621,40.179443],[-8.872656,40.259082],[-8.772412,40.605664],[-8.731592,40.650928],[-8.684619,40.752539],[-8.673975,40.916504],[-8.655566,41.029492],[-8.659814,41.086279],[-8.674609,41.154492],[-8.738379,41.284668],[-8.805664,41.56001],[-8.81084,41.651953],[-8.75542,41.698389],[-8.846387,41.705176],[-8.887598,41.7646],[-8.878223,41.83208],[-8.777148,41.941064]]],[[[-25.027344,36.959961],[-25.031543,36.941553],[-25.088379,36.948877],[-25.159912,36.943359],[-25.198389,36.996533],[-25.163525,37.018555],[-25.08291,37.024023],[-25.044336,37.000195],[-25.027344,36.959961]]],[[[-31.137109,39.406934],[-31.181348,39.358936],[-31.257617,39.375977],[-31.282959,39.394092],[-31.26084,39.496777],[-31.199854,39.52085],[-31.138623,39.479443],[-31.137109,39.406934]]],[[[-27.075244,38.643457],[-27.095313,38.634033],[-27.302832,38.661035],[-27.361914,38.697852],[-27.385937,38.76582],[-27.351025,38.788965],[-27.259668,38.802686],[-27.127002,38.789844],[-27.041943,38.741211],[-27.041992,38.678906],[-27.075244,38.643457]]],[[[-27.778467,38.555615],[-27.825879,38.543555],[-28.092334,38.620557],[-28.187256,38.655371],[-28.310645,38.743896],[-27.962646,38.636328],[-27.778467,38.555615]]],[[[-28.641309,38.525],[-28.743848,38.522363],[-28.842041,38.598437],[-28.697754,38.638477],[-28.65542,38.614062],[-28.624219,38.586328],[-28.605811,38.550732],[-28.641309,38.525]]],[[[-28.147266,38.452686],[-28.064795,38.412744],[-28.189746,38.40415],[-28.231152,38.384668],[-28.332422,38.412891],[-28.454492,38.408643],[-28.531152,38.462549],[-28.548828,38.518555],[-28.510254,38.553027],[-28.402148,38.553369],[-28.147266,38.452686]]],[[[-25.648975,37.840918],[-25.585498,37.834033],[-25.266602,37.848633],[-25.181934,37.837891],[-25.190723,37.764355],[-25.251123,37.73501],[-25.439014,37.715332],[-25.734473,37.762891],[-25.833691,37.826074],[-25.847852,37.872412],[-25.845898,37.894043],[-25.78374,37.911133],[-25.648975,37.840918]]]]}},{"type":"Feature","properties":{"featurecla":"Admin-0 country","scalerank":1,"LABELRANK":3,"SOVEREIGNT":"Poland","SOV_A3":"POL","ADM0_DIF":0,"LEVEL":2,"TYPE":"Sovereign country","TLC":"1","ADMIN":"Poland","ADM0_A3":"POL","GEOU_DIF":0,"GEOUNIT":"Poland","GU_A3":"POL","SU_DIF":0,"SUBUNIT":"Poland","SU_A3":"POL","BRK_DIFF":0,"NAME":"Poland","NAME_LONG":"Poland","BRK_A3":"POL","BRK_NAME":"Poland","BRK_GROUP":null,"ABBREV":"Pol.","POSTAL":"PL","FORMAL_EN":"Republic of Poland","FORMAL_FR":null,"NAME_CIAWF":"Poland","NOTE_ADM0":null,"NOTE_BRK":null,"NAME_SORT":"Poland","NAME_ALT":null,"MAPCOLOR7":3,"MAPCOLOR8":7,"MAPCOLOR9":1,"MAPCOLOR13":2,"POP_EST":37970874,"POP_RANK":15,"POP_YEAR":2019,"GDP_MD":595858,"GDP_YEAR":2019,"ECONOMY":"2. Developed region: nonG7","INCOME_GRP":"1. High income: OECD","FIPS_10":"PL","ISO_A2":"PL","ISO_A2_EH":"PL","ISO_A3":"POL","ISO_A3_EH":"POL","ISO_N3":"616","ISO_N3_EH":"616","UN_A3":"616","WB_A2":"PL","WB_A3":"POL","WOE_ID":23424923,"WOE_ID_EH":23424923,"WOE_NOTE":"Exact WOE match as country","ADM0_ISO":"POL","ADM0_DIFF":null,"ADM0_TLC":"POL","ADM0_A3_US":"POL","ADM0_A3_FR":"POL","ADM0_A3_RU":"POL","ADM0_A3_ES":"POL","ADM0_A3_CN":"POL","ADM0_A3_TW":"POL","ADM0_A3_IN":"POL","ADM0_A3_NP":"POL","ADM0_A3_PK":"POL","ADM0_A3_DE":"POL","ADM0_A3_GB":"POL","ADM0_A3_BR":"POL","ADM0_A3_IL":"POL","ADM0_A3_PS":"POL","ADM0_A3_SA":"POL","ADM0_A3_EG":"POL","ADM0_A3_MA":"POL","ADM0_A3_PT":"POL","ADM0_A3_AR":"POL","ADM0_A3_JP":"POL","ADM0_A3_KO":"POL","ADM0_A3_VN":"POL","ADM0_A3_TR":"POL","ADM0_A3_ID":"POL","ADM0_A3_PL":"POL","ADM0_A3_GR":"POL","ADM0_A3_IT":"POL","ADM0_A3_NL":"POL","ADM0_A3_SE":"POL","ADM0_A3_BD":"POL","ADM0_A3_UA":"POL","ADM0_A3_UN":-99,"ADM0_A3_WB":-99,"CONTINENT":"Europe","REGION_UN":"Europe","SUBREGION":"Eastern Europe","REGION_WB":"Europe & Central Asia","NAME_LEN":6,"LONG_LEN":6,"ABBREV_LEN":4,"TINY":-99,"HOMEPART":1,"MIN_ZOOM":0,"MIN_LABEL":2.5,"MAX_LABEL":7,"LABEL_X":19.490468,"LABEL_Y":51.990316,"NE_ID":1159321179,"WIKIDATAID":"Q36","NAME_AR":"بولندا","NAME_BN":"পোল্যান্ড","NAME_DE":"Polen","NAME_EN":"Poland","NAME_ES":"Polonia","NAME_FA":"لهستان","NAME_FR":"Pologne","NAME_EL":"Πολωνία","NAME_HE":"פולין","NAME_HI":"पोलैंड","NAME_HU":"Lengyelország","NAME_ID":"Polandia","NAME_IT":"Polonia","NAME_JA":"ポーランド","NAME_KO":"폴란드","NAME_NL":"Polen","NAME_PL":"Polska","NAME_PT":"Polónia","NAME_RU":"Польша","NAME_SV":"Polen","NAME_TR":"Polonya","NAME_UK":"Польща","NAME_UR":"پولینڈ","NAME_VI":"Ba Lan","NAME_ZH":"波兰","NAME_ZHT":"波蘭","FCLASS_ISO":"Admin-0 country","TLC_DIFF":null,"FCLASS_TLC":"Admin-0 country","FCLASS_US":null,"FCLASS_FR":null,"FCLASS_RU":null,"FCLASS_ES":null,"FCLASS_CN":null,"FCLASS_TW":null,"FCLASS_IN":null,"FCLASS_NP":null,"FCLASS_PK":null,"FCLASS_DE":null,"FCLASS_GB":null,"FCLASS_BR":null,"FCLASS_IL":null,"FCLASS_PS":null,"FCLASS_SA":null,"FCLASS_EG":null,"FCLASS_MA":null,"FCLASS_PT":null,"FCLASS_AR":null,"FCLASS_JP":null,"FCLASS_KO":null,"FCLASS_VN":null,"FCLASS_TR":null,"FCLASS_ID":null,"FCLASS_PL":null,"FCLASS_GR":null,"FCLASS_IT":null,"FCLASS_NL":null,"FCLASS_SE":null,"FCLASS_BD":null,"FCLASS_UA":null},"bbox":[14.128613,49.020752,24.105762,54.838184],"geometry":{"type":"Polygon","coordinates":[[[23.605273,51.51792],[23.658887,51.448975],[23.679688,51.394922],[23.657617,51.35249],[23.664453,51.310059],[23.712207,51.265137],[23.863477,51.126221],[23.938086,50.992529],[23.985742,50.94043],[24.095801,50.872754],[24.105762,50.844971],[24.061621,50.819531],[24.025977,50.816162],[23.99707,50.809375],[23.978418,50.785596],[24.007324,50.760156],[24.046289,50.722803],[24.094727,50.617041],[24.089941,50.530469],[24.052637,50.508447],[24.00498,50.457031],[23.972656,50.410059],[23.711719,50.377344],[23.649023,50.327051],[23.506152,50.229834],[23.408594,50.173926],[23.264453,50.072852],[23.036328,49.899072],[22.952246,49.826367],[22.890723,49.76626],[22.706152,49.606201],[22.649414,49.539014],[22.660645,49.483691],[22.719922,49.353809],[22.732422,49.295166],[22.721973,49.240967],[22.702344,49.192725],[22.705664,49.171191],[22.760156,49.13623],[22.84707,49.08125],[22.852051,49.062744],[22.839746,49.038916],[22.809766,49.020752],[22.70127,49.039941],[22.57998,49.077197],[22.538672,49.072705],[22.473047,49.081299],[22.202539,49.153223],[22.020117,49.209521],[22.002148,49.246094],[21.967676,49.299072],[21.890137,49.343457],[21.712109,49.381934],[21.639648,49.411963],[21.350488,49.42876],[21.225,49.429443],[21.136133,49.417041],[21.079395,49.418262],[21.001172,49.339844],[20.947266,49.31709],[20.868457,49.314697],[20.799512,49.328662],[20.729004,49.369922],[20.616113,49.391699],[20.53457,49.381201],[20.474512,49.390186],[20.422656,49.392334],[20.404688,49.384082],[20.362988,49.385254],[20.302539,49.365527],[20.236523,49.337646],[20.163672,49.316406],[20.107617,49.270752],[20.057617,49.181299],[19.916113,49.221387],[19.868945,49.204004],[19.802246,49.192334],[19.756641,49.204395],[19.767383,49.235205],[19.787988,49.269971],[19.787012,49.318555],[19.773926,49.372168],[19.730078,49.3896],[19.66416,49.396045],[19.630273,49.406641],[19.62666,49.424365],[19.593066,49.447119],[19.534766,49.504785],[19.479688,49.576367],[19.441602,49.597705],[19.38623,49.563623],[19.302344,49.524854],[19.250195,49.511426],[19.149414,49.4],[18.968359,49.39624],[18.957227,49.448291],[18.938184,49.498291],[18.832227,49.510791],[18.829297,49.540137],[18.806934,49.613721],[18.594629,49.757812],[18.568848,49.81792],[18.577148,49.841113],[18.562402,49.879346],[18.516211,49.902393],[18.348438,49.929834],[18.305273,49.914062],[18.266309,49.930273],[18.205273,49.964746],[18.099219,49.992773],[18.087695,50.007275],[18.049512,50.031934],[18.02832,50.035254],[18.014648,50.020264],[17.983789,49.999072],[17.874805,49.972266],[17.83125,49.983301],[17.791699,50.006592],[17.746582,50.056787],[17.681055,50.100781],[17.627051,50.116406],[17.596289,50.139502],[17.589355,50.157471],[17.709277,50.193555],[17.735449,50.230762],[17.720117,50.298633],[17.702246,50.307178],[17.654688,50.284229],[17.55459,50.264062],[17.462305,50.254785],[17.415234,50.254785],[17.151953,50.37832],[16.980762,50.416113],[16.880078,50.427051],[16.869141,50.414502],[16.914746,50.345215],[16.993359,50.259717],[16.989648,50.236914],[16.895313,50.201953],[16.841797,50.186719],[16.778613,50.157031],[16.725293,50.116064],[16.679102,50.097461],[16.63916,50.102148],[16.59668,50.121924],[16.487598,50.248389],[16.350488,50.345215],[16.33418,50.366895],[16.291309,50.371875],[16.230762,50.394092],[16.210352,50.42373],[16.240723,50.454687],[16.28252,50.483008],[16.356641,50.500488],[16.379102,50.516895],[16.392285,50.54165],[16.419727,50.573633],[16.4125,50.585156],[16.359961,50.621387],[16.282227,50.655615],[16.066406,50.629932],[16.007227,50.611621],[15.973828,50.635449],[15.948535,50.670264],[15.893945,50.676904],[15.819238,50.708691],[15.730566,50.739697],[15.643945,50.748877],[15.463965,50.793848],[15.394629,50.796289],[15.354395,50.811768],[15.312598,50.845752],[15.277051,50.883008],[15.258594,50.958545],[15.125977,50.992871],[14.99375,51.014355],[14.984473,51.003418],[14.989941,50.927246],[14.98291,50.886572],[14.895801,50.861377],[14.809375,50.858984],[14.814258,50.871631],[14.91748,51.00874],[14.963867,51.095117],[15.016602,51.252734],[14.953125,51.377148],[14.935547,51.435352],[14.905957,51.46333],[14.724707,51.523877],[14.710938,51.544922],[14.738672,51.627148],[14.724902,51.661719],[14.681348,51.698193],[14.623926,51.770801],[14.60166,51.832373],[14.674902,51.904834],[14.692969,51.958008],[14.724805,52.030859],[14.748145,52.070801],[14.752539,52.081836],[14.70459,52.110205],[14.692383,52.150049],[14.705371,52.207471],[14.679883,52.25],[14.615625,52.277637],[14.573926,52.31416],[14.55459,52.359668],[14.569727,52.431104],[14.619434,52.528516],[14.514063,52.645605],[14.253711,52.78252],[14.128613,52.878223],[14.138867,52.932861],[14.193652,52.982324],[14.293164,53.026758],[14.368555,53.105566],[14.410938,53.199023],[14.412305,53.216748],[14.414551,53.283496],[14.29873,53.556445],[14.279883,53.624756],[14.266113,53.707129],[14.258887,53.729639],[14.487598,53.671875],[14.583496,53.639355],[14.571582,53.675879],[14.552148,53.707324],[14.564941,53.753516],[14.558398,53.823193],[14.350879,53.85874],[14.213672,53.870752],[14.198242,53.919043],[14.211426,53.950342],[14.249316,53.931934],[14.38418,53.924707],[14.715723,54.018311],[15.288379,54.139893],[15.9,54.253955],[16.042773,54.266357],[16.186328,54.290381],[16.239355,54.333057],[16.292285,54.361621],[16.375586,54.436865],[16.559766,54.553809],[16.885449,54.596387],[17.007031,54.651855],[17.261914,54.729541],[17.842969,54.816699],[18.085645,54.83584],[18.323438,54.838184],[18.535156,54.769434],[18.759277,54.68457],[18.799609,54.63335],[18.67832,54.665283],[18.501563,54.741504],[18.43623,54.744727],[18.587109,54.512891],[18.669629,54.430908],[18.836426,54.36958],[18.97627,54.348926],[19.407129,54.386084],[19.560156,54.434619],[19.604395,54.45918],[19.644238,54.44707],[19.924316,54.433984],[20.208203,54.420752],[20.664746,54.406641],[21.140527,54.391797],[21.63418,54.376465],[22.168457,54.359863],[22.731836,54.350098],[22.766211,54.356787],[22.82373,54.395801],[22.893945,54.390527],[22.976758,54.366357],[23.015527,54.34834],[23.031934,54.327881],[23.042188,54.304199],[23.0875,54.299463],[23.170313,54.281445],[23.282324,54.240332],[23.370117,54.200488],[23.453613,54.143457],[23.481348,54.079004],[23.483008,54.005957],[23.477637,53.958936],[23.484668,53.939795],[23.598926,53.599219],[23.789258,53.270947],[23.85918,53.112109],[23.887109,53.027539],[23.909375,52.904883],[23.916309,52.81875],[23.91543,52.770264],[23.90127,52.703613],[23.844727,52.664209],[23.47959,52.551562],[23.410938,52.516211],[23.30332,52.428369],[23.204102,52.337891],[23.18125,52.306982],[23.175098,52.286621],[23.196973,52.256934],[23.327148,52.208447],[23.458398,52.169531],[23.501172,52.140381],[23.597949,52.103076],[23.633301,52.06958],[23.652441,52.040381],[23.651074,51.972998],[23.607422,51.879785],[23.625684,51.809326],[23.581348,51.762402],[23.544824,51.710254],[23.539648,51.618896],[23.605273,51.51792]]]}},{"type":"Feature","properties":{"featurecla":"Admin-0 country","scalerank":1,"LABELRANK":2,"SOVEREIGNT":"Peru","SOV_A3":"PER","ADM0_DIF":0,"LEVEL":2,"TYPE":"Sovereign country","TLC":"1","ADMIN":"Peru","ADM0_A3":"PER","GEOU_DIF":0,"GEOUNIT":"Peru","GU_A3":"PER","SU_DIF":0,"SUBUNIT":"Peru","SU_A3":"PER","BRK_DIFF":0,"NAME":"Peru","NAME_LONG":"Peru","BRK_A3":"PER","BRK_NAME":"Peru","BRK_GROUP":null,"ABBREV":"Peru","POSTAL":"PE","FORMAL_EN":"Republic of Peru","FORMAL_FR":null,"NAME_CIAWF":"Peru","NOTE_ADM0":null,"NOTE_BRK":null,"NAME_SORT":"Peru","NAME_ALT":null,"MAPCOLOR7":4,"MAPCOLOR8":4,"MAPCOLOR9":4,"MAPCOLOR13":11,"POP_EST":32510453,"POP_RANK":15,"POP_YEAR":2019,"GDP_MD":226848,"GDP_YEAR":2019,"ECONOMY":"5. Emerging region: G20","INCOME_GRP":"3. Upper middle income","FIPS_10":"PE","ISO_A2":"PE","ISO_A2_EH":"PE","ISO_A3":"PER","ISO_A3_EH":"PER","ISO_N3":"604","ISO_N3_EH":"604","UN_A3":"604","WB_A2":"PE","WB_A3":"PER","WOE_ID":23424919,"WOE_ID_EH":23424919,"WOE_NOTE":"Exact WOE match as country","ADM0_ISO":"PER","ADM0_DIFF":null,"ADM0_TLC":"PER","ADM0_A3_US":"PER","ADM0_A3_FR":"PER","ADM0_A3_RU":"PER","ADM0_A3_ES":"PER","ADM0_A3_CN":"PER","ADM0_A3_TW":"PER","ADM0_A3_IN":"PER","ADM0_A3_NP":"PER","ADM0_A3_PK":"PER","ADM0_A3_DE":"PER","ADM0_A3_GB":"PER","ADM0_A3_BR":"PER","ADM0_A3_IL":"PER","ADM0_A3_PS":"PER","ADM0_A3_SA":"PER","ADM0_A3_EG":"PER","ADM0_A3_MA":"PER","ADM0_A3_PT":"PER","ADM0_A3_AR":"PER","ADM0_A3_JP":"PER","ADM0_A3_KO":"PER","ADM0_A3_VN":"PER","ADM0_A3_TR":"PER","ADM0_A3_ID":"PER","ADM0_A3_PL":"PER","ADM0_A3_GR":"PER","ADM0_A3_IT":"PER","ADM0_A3_NL":"PER","ADM0_A3_SE":"PER","ADM0_A3_BD":"PER","ADM0_A3_UA":"PER","ADM0_A3_UN":-99,"ADM0_A3_WB":-99,"CONTINENT":"South America","REGION_UN":"Americas","SUBREGION":"South America","REGION_WB":"Latin America & Caribbean","NAME_LEN":4,"LONG_LEN":4,"ABBREV_LEN":4,"TINY":-99,"HOMEPART":1,"MIN_ZOOM":0,"MIN_LABEL":2,"MAX_LABEL":7,"LABEL_X":-72.90016,"LABEL_Y":-12.976679,"NE_ID":1159321163,"WIKIDATAID":"Q419","NAME_AR":"بيرو","NAME_BN":"পেরু","NAME_DE":"Peru","NAME_EN":"Peru","NAME_ES":"Perú","NAME_FA":"پرو","NAME_FR":"Pérou","NAME_EL":"Περού","NAME_HE":"פרו","NAME_HI":"पेरू","NAME_HU":"Peru","NAME_ID":"Peru","NAME_IT":"Perù","NAME_JA":"ペルー","NAME_KO":"페루","NAME_NL":"Peru","NAME_PL":"Peru","NAME_PT":"Peru","NAME_RU":"Перу","NAME_SV":"Peru","NAME_TR":"Peru","NAME_UK":"Перу","NAME_UR":"پیرو","NAME_VI":"Peru","NAME_ZH":"秘鲁","NAME_ZHT":"秘魯","FCLASS_ISO":"Admin-0 country","TLC_DIFF":null,"FCLASS_TLC":"Admin-0 country","FCLASS_US":null,"FCLASS_FR":null,"FCLASS_RU":null,"FCLASS_ES":null,"FCLASS_CN":null,"FCLASS_TW":null,"FCLASS_IN":null,"FCLASS_NP":null,"FCLASS_PK":null,"FCLASS_DE":null,"FCLASS_GB":null,"FCLASS_BR":null,"FCLASS_IL":null,"FCLASS_PS":null,"FCLASS_SA":null,"FCLASS_EG":null,"FCLASS_MA":null,"FCLASS_PT":null,"FCLASS_AR":null,"FCLASS_JP":null,"FCLASS_KO":null,"FCLASS_VN":null,"FCLASS_TR":null,"FCLASS_ID":null,"FCLASS_PL":null,"FCLASS_GR":null,"FCLASS_IT":null,"FCLASS_NL":null,"FCLASS_SE":null,"FCLASS_BD":null,"FCLASS_UA":null},"bbox":[-81.336621,-18.345605,-68.685254,-0.041748],"geometry":{"type":"Polygon","coordinates":[[[-69.965918,-4.235938],[-69.972021,-4.301172],[-70.003955,-4.327246],[-70.05332,-4.333105],[-70.128809,-4.286621],[-70.183984,-4.298145],[-70.23916,-4.301172],[-70.316895,-4.246973],[-70.343652,-4.193652],[-70.404639,-4.150098],[-70.530664,-4.167578],[-70.63457,-4.168652],[-70.721582,-4.158887],[-70.799512,-4.17334],[-70.866016,-4.22959],[-70.915625,-4.295313],[-70.973682,-4.350488],[-71.144238,-4.387207],[-71.23501,-4.388184],[-71.316797,-4.424316],[-71.438281,-4.437598],[-71.521338,-4.469727],[-71.668359,-4.487305],[-71.844727,-4.504395],[-71.943164,-4.55332],[-71.982422,-4.574609],[-72.08252,-4.642285],[-72.256787,-4.748926],[-72.352832,-4.786035],[-72.468994,-4.90127],[-72.60835,-5.00957],[-72.69873,-5.067188],[-72.831934,-5.09375],[-72.887061,-5.122754],[-72.907471,-5.157715],[-72.895801,-5.198242],[-72.918262,-5.302539],[-72.958936,-5.495215],[-72.970215,-5.589648],[-72.979883,-5.634863],[-73.068066,-5.789551],[-73.162891,-5.933398],[-73.209375,-6.028711],[-73.235547,-6.098438],[-73.206494,-6.156445],[-73.167725,-6.260645],[-73.135352,-6.344336],[-73.126318,-6.400879],[-73.137354,-6.46582],[-73.177441,-6.525195],[-73.240332,-6.564063],[-73.325488,-6.574707],[-73.499902,-6.679492],[-73.694531,-6.833789],[-73.758105,-6.905762],[-73.77627,-6.973535],[-73.804639,-7.079883],[-73.793018,-7.135059],[-73.758203,-7.172754],[-73.72334,-7.262793],[-73.72041,-7.309277],[-73.749463,-7.335352],[-73.804639,-7.341211],[-73.854004,-7.349902],[-73.891748,-7.373145],[-73.929443,-7.367285],[-73.964307,-7.378906],[-73.964307,-7.416699],[-73.952686,-7.460254],[-73.958496,-7.506641],[-73.981738,-7.535742],[-74.002051,-7.556055],[-73.981738,-7.585059],[-73.946875,-7.61123],[-73.894629,-7.654785],[-73.82207,-7.738965],[-73.766895,-7.753516],[-73.72041,-7.78252],[-73.7146,-7.829004],[-73.732031,-7.875391],[-73.772705,-7.895703],[-73.775586,-7.936426],[-73.72041,-7.985742],[-73.682666,-8.020605],[-73.644922,-8.072852],[-73.610107,-8.14541],[-73.610107,-8.191895],[-73.572363,-8.249902],[-73.549121,-8.299316],[-73.549121,-8.345801],[-73.488135,-8.392188],[-73.435889,-8.427051],[-73.398145,-8.458984],[-73.3604,-8.479297],[-73.351709,-8.51416],[-73.356738,-8.566992],[-73.302441,-8.654004],[-73.203125,-8.719336],[-73.122559,-8.814063],[-73.070508,-8.882812],[-72.974023,-8.993164],[-72.970361,-9.120117],[-73.089844,-9.265723],[-73.209424,-9.411426],[-73.01377,-9.407422],[-72.814258,-9.410352],[-72.605469,-9.452051],[-72.464746,-9.492188],[-72.379053,-9.510156],[-72.318066,-9.556641],[-72.289014,-9.629199],[-72.26582,-9.688477],[-72.259961,-9.774316],[-72.172852,-9.844043],[-72.179102,-9.910156],[-72.181592,-10.003711],[-72.142969,-10.005176],[-71.887451,-10.005566],[-71.608008,-10.006055],[-71.339404,-9.988574],[-71.237939,-9.966016],[-71.115283,-9.852441],[-71.041748,-9.81875],[-70.970752,-9.765723],[-70.884521,-9.669043],[-70.81626,-9.625293],[-70.758496,-9.57168],[-70.672461,-9.517969],[-70.636914,-9.478223],[-70.60791,-9.463672],[-70.541113,-9.4375],[-70.570166,-9.489844],[-70.592236,-9.543457],[-70.59917,-9.620508],[-70.567236,-9.70459],[-70.593799,-9.76748],[-70.636914,-9.82373],[-70.637598,-9.971777],[-70.638525,-10.181543],[-70.639355,-10.361328],[-70.640332,-10.586035],[-70.641553,-10.84082],[-70.642334,-11.010254],[-70.596533,-10.976855],[-70.533252,-10.946875],[-70.450879,-11.024805],[-70.392285,-11.058594],[-70.341992,-11.066699],[-70.290381,-11.064258],[-70.220068,-11.047656],[-70.066309,-10.982422],[-69.960352,-10.929883],[-69.839795,-10.933398],[-69.674023,-10.954102],[-69.578613,-10.951758],[-69.453613,-11.16875],[-69.362012,-11.327539],[-69.257715,-11.508594],[-69.17373,-11.654297],[-69.046191,-11.875684],[-68.936035,-12.066797],[-68.818701,-12.27041],[-68.685254,-12.501953],[-68.728125,-12.560742],[-68.762891,-12.607715],[-68.759082,-12.687207],[-68.811816,-12.72959],[-68.867676,-12.755176],[-68.93374,-12.82207],[-68.978613,-12.880078],[-68.980518,-12.962598],[-68.972266,-13.382324],[-68.983447,-13.496387],[-69.017529,-13.594434],[-69.052832,-13.643945],[-69.074121,-13.682813],[-69.023047,-13.780273],[-68.974268,-13.975977],[-68.937451,-14.014648],[-68.891699,-14.094336],[-68.870898,-14.169727],[-68.880322,-14.198828],[-68.971777,-14.234375],[-69.004492,-14.265039],[-69.013135,-14.377246],[-69.052783,-14.417578],[-69.119727,-14.470313],[-69.162695,-14.530957],[-69.199268,-14.572559],[-69.234912,-14.59707],[-69.252344,-14.671094],[-69.276025,-14.745898],[-69.359473,-14.795313],[-69.37373,-14.8875],[-69.374707,-14.962988],[-69.330713,-15.038965],[-69.187109,-15.19873],[-69.172461,-15.236621],[-69.254297,-15.33291],[-69.301904,-15.399414],[-69.418506,-15.603418],[-69.420898,-15.640625],[-69.391895,-15.736914],[-69.217578,-16.149121],[-69.187988,-16.182813],[-69.13418,-16.221973],[-69.04624,-16.217676],[-68.913477,-16.261914],[-68.848828,-16.312793],[-68.842773,-16.337891],[-68.857812,-16.354785],[-68.928027,-16.389063],[-69.00625,-16.433691],[-69.03291,-16.475977],[-69.038379,-16.542676],[-69.020703,-16.642188],[-69.054541,-16.674316],[-69.13252,-16.713086],[-69.199805,-16.768457],[-69.267236,-16.860938],[-69.381543,-17.001367],[-69.421094,-17.040039],[-69.43833,-17.088379],[-69.50332,-17.104785],[-69.624854,-17.200195],[-69.645703,-17.248535],[-69.625879,-17.294434],[-69.563818,-17.33291],[-69.521924,-17.388965],[-69.510986,-17.460352],[-69.511084,-17.504883],[-69.510937,-17.506055],[-69.586426,-17.573242],[-69.684766,-17.649805],[-69.806104,-17.664941],[-69.8521,-17.703809],[-69.841504,-17.785156],[-69.802441,-17.9],[-69.802588,-17.990234],[-69.839697,-18.093457],[-69.926367,-18.206055],[-70.059082,-18.283496],[-70.183789,-18.325195],[-70.282275,-18.325391],[-70.37749,-18.333594],[-70.418262,-18.345605],[-70.491602,-18.277734],[-70.81748,-18.052539],[-70.941699,-17.932031],[-71.056592,-17.875684],[-71.336963,-17.68252],[-71.364941,-17.620508],[-71.399414,-17.421973],[-71.435889,-17.366016],[-71.532227,-17.294336],[-71.774463,-17.198828],[-71.868359,-17.151074],[-71.966895,-17.064063],[-72.111279,-17.002539],[-72.268604,-16.876172],[-72.3625,-16.775],[-72.467676,-16.708105],[-72.793945,-16.614551],[-72.957715,-16.520898],[-73.26377,-16.388574],[-73.400049,-16.304297],[-73.727686,-16.20166],[-73.824951,-16.152832],[-74.14707,-15.9125],[-74.3729,-15.833984],[-74.554883,-15.699023],[-75.104248,-15.411914],[-75.190527,-15.320117],[-75.274561,-15.178125],[-75.396582,-15.093555],[-75.533643,-14.899219],[-75.737695,-14.784961],[-75.933887,-14.633594],[-76.006299,-14.495801],[-76.136475,-14.320312],[-76.175146,-14.22666],[-76.289014,-14.133105],[-76.297021,-13.948438],[-76.376465,-13.863086],[-76.319482,-13.821484],[-76.259229,-13.802832],[-76.183936,-13.515234],[-76.223633,-13.371191],[-76.427344,-13.109961],[-76.502148,-12.984375],[-76.555225,-12.823438],[-76.637109,-12.728027],[-76.758008,-12.527148],[-76.832129,-12.34873],[-76.994092,-12.219238],[-77.038135,-12.172754],[-77.062695,-12.106836],[-77.152734,-12.060352],[-77.157617,-11.923438],[-77.220312,-11.663379],[-77.309912,-11.532422],[-77.633203,-11.287793],[-77.638574,-11.193555],[-77.664307,-11.02207],[-77.736084,-10.836719],[-78.095459,-10.260645],[-78.185596,-10.089063],[-78.275586,-9.810352],[-78.356494,-9.652051],[-78.445654,-9.370605],[-78.580127,-9.156641],[-78.6646,-8.971094],[-78.75459,-8.74043],[-78.762256,-8.616992],[-78.925391,-8.40459],[-79.012256,-8.210156],[-79.164404,-8.047168],[-79.312842,-7.923242],[-79.377246,-7.835547],[-79.588867,-7.418945],[-79.617725,-7.295605],[-79.761963,-7.066504],[-79.904687,-6.90166],[-79.994971,-6.768945],[-80.110254,-6.649609],[-80.811621,-6.282227],[-81.058447,-6.129395],[-81.142041,-6.056738],[-81.180518,-5.942383],[-81.164307,-5.875293],[-81.091846,-5.812402],[-80.99165,-5.860938],[-80.930664,-5.84082],[-80.882715,-5.758984],[-80.881934,-5.635059],[-80.943115,-5.475391],[-81.167676,-5.16709],[-81.150732,-5.101855],[-81.108496,-5.027832],[-81.195068,-4.879492],[-81.289404,-4.760742],[-81.336621,-4.669531],[-81.283203,-4.322266],[-81.232031,-4.234277],[-80.891943,-3.881641],[-80.798584,-3.731055],[-80.652734,-3.638184],[-80.503662,-3.496094],[-80.324658,-3.387891],[-80.29834,-3.406445],[-80.273535,-3.424609],[-80.271875,-3.461035],[-80.265234,-3.49248],[-80.24541,-3.522168],[-80.24375,-3.576758],[-80.220605,-3.613184],[-80.218945,-3.654492],[-80.217285,-3.710742],[-80.228857,-3.738867],[-80.217578,-3.787695],[-80.179248,-3.877734],[-80.194141,-3.905859],[-80.230518,-3.924023],[-80.266895,-3.948828],[-80.303271,-4.005078],[-80.357861,-4.003418],[-80.437207,-3.978613],[-80.490137,-4.010059],[-80.51001,-4.069531],[-80.493457,-4.119141],[-80.488477,-4.165527],[-80.45376,-4.205176],[-80.352881,-4.208496],[-80.443848,-4.33584],[-80.488477,-4.393652],[-80.478564,-4.430078],[-80.42417,-4.461426],[-80.383496,-4.463672],[-80.293359,-4.416797],[-80.232178,-4.349023],[-80.197461,-4.311035],[-80.139551,-4.296094],[-80.063525,-4.327539],[-79.962891,-4.390332],[-79.845117,-4.445898],[-79.797266,-4.476367],[-79.710986,-4.467578],[-79.638525,-4.454883],[-79.577686,-4.500586],[-79.516162,-4.53916],[-79.501904,-4.670605],[-79.455762,-4.766211],[-79.399414,-4.840039],[-79.330957,-4.927832],[-79.268115,-4.957617],[-79.18667,-4.958203],[-79.07627,-4.990625],[-79.033301,-4.969141],[-78.995264,-4.908008],[-78.975391,-4.873242],[-78.919189,-4.858398],[-78.914209,-4.818652],[-78.925781,-4.770703],[-78.907617,-4.714453],[-78.861523,-4.665039],[-78.743066,-4.592676],[-78.686035,-4.562402],[-78.674463,-4.517676],[-78.65293,-4.458203],[-78.66123,-4.425098],[-78.685156,-4.383984],[-78.679395,-4.325879],[-78.647998,-4.248145],[-78.603369,-4.157324],[-78.565137,-4.041602],[-78.550439,-3.986914],[-78.509082,-3.952148],[-78.493457,-3.902051],[-78.471045,-3.843066],[-78.419775,-3.776855],[-78.421436,-3.705762],[-78.399951,-3.674316],[-78.398047,-3.594824],[-78.347266,-3.43125],[-78.345361,-3.397363],[-78.323047,-3.388281],[-78.28418,-3.399023],[-78.250732,-3.436133],[-78.240381,-3.472559],[-78.226318,-3.48916],[-78.194873,-3.48584],[-78.158496,-3.465137],[-78.160986,-3.432129],[-78.187451,-3.399805],[-78.194629,-3.380469],[-78.183301,-3.350195],[-78.128223,-3.283887],[-78.06792,-3.206836],[-77.938477,-3.046973],[-77.860596,-2.981641],[-77.658984,-2.912402],[-77.506494,-2.859961],[-77.360059,-2.809668],[-77.161475,-2.737695],[-76.880762,-2.635938],[-76.679102,-2.562598],[-76.499365,-2.432324],[-76.360156,-2.331348],[-76.240918,-2.243945],[-76.089795,-2.133105],[-75.885449,-1.893457],[-75.744531,-1.728125],[-75.64165,-1.607324],[-75.570557,-1.53125],[-75.513867,-1.316309],[-75.44917,-1.071191],[-75.42041,-0.962207],[-75.408057,-0.924316],[-75.380127,-0.940234],[-75.348193,-0.966797],[-75.30918,-0.968066],[-75.272412,-0.966797],[-75.249609,-0.951855],[-75.283594,-0.707129],[-75.278711,-0.653906],[-75.259375,-0.590137],[-75.263232,-0.555371],[-75.325244,-0.506543],[-75.424707,-0.408887],[-75.465967,-0.321777],[-75.491064,-0.24834],[-75.560596,-0.200098],[-75.632031,-0.157617],[-75.62627,-0.122852],[-75.58374,-0.122852],[-75.475977,-0.157129],[-75.398389,-0.145996],[-75.340479,-0.142188],[-75.284473,-0.106543],[-75.224609,-0.041748],[-75.184082,-0.041748],[-75.138379,-0.050488],[-75.054688,-0.116699],[-75.00498,-0.155859],[-74.945312,-0.188184],[-74.888818,-0.199414],[-74.8375,-0.20332],[-74.801758,-0.200098],[-74.780469,-0.244531],[-74.755371,-0.298633],[-74.69165,-0.335254],[-74.616357,-0.37002],[-74.555078,-0.429883],[-74.513867,-0.470117],[-74.465186,-0.517676],[-74.417871,-0.580664],[-74.374902,-0.691406],[-74.353125,-0.766602],[-74.328613,-0.808398],[-74.334424,-0.850879],[-74.283887,-0.927832],[-74.246387,-0.970605],[-74.180762,-0.997754],[-74.054395,-1.028613],[-73.986816,-1.098145],[-73.926953,-1.125195],[-73.863184,-1.19668],[-73.807178,-1.217969],[-73.735742,-1.21416],[-73.664307,-1.248828],[-73.610254,-1.316406],[-73.575488,-1.401367],[-73.521387,-1.449707],[-73.494336,-1.536621],[-73.525244,-1.638867],[-73.496289,-1.693066],[-73.440283,-1.737402],[-73.349512,-1.783887],[-73.266455,-1.772266],[-73.223975,-1.787695],[-73.196973,-1.830273],[-73.181494,-1.880371],[-73.145215,-2.00332],[-73.126514,-2.081055],[-73.160205,-2.156348],[-73.172656,-2.208398],[-73.154492,-2.278223],[-73.068164,-2.312012],[-72.989648,-2.339746],[-72.941113,-2.394043],[-72.887158,-2.408496],[-72.81123,-2.405469],[-72.71416,-2.392188],[-72.660156,-2.361035],[-72.625342,-2.35166],[-72.586719,-2.365137],[-72.500684,-2.39502],[-72.395605,-2.428906],[-72.300732,-2.409277],[-72.218457,-2.400488],[-72.136816,-2.380664],[-72.053809,-2.324609],[-71.984277,-2.326563],[-71.932471,-2.288672],[-71.867285,-2.227734],[-71.802734,-2.166309],[-71.752539,-2.152734],[-71.671484,-2.182129],[-71.559473,-2.224219],[-71.496094,-2.279199],[-71.447461,-2.29375],[-71.396973,-2.334082],[-71.300098,-2.334863],[-71.196387,-2.313086],[-71.113379,-2.24541],[-71.027295,-2.225781],[-70.968555,-2.206836],[-70.914551,-2.218555],[-70.705371,-2.341992],[-70.647998,-2.405762],[-70.575879,-2.418262],[-70.516797,-2.453125],[-70.418213,-2.490723],[-70.36416,-2.529297],[-70.294629,-2.552539],[-70.244434,-2.606543],[-70.164746,-2.639844],[-70.09585,-2.658203],[-70.064746,-2.70166],[-70.064453,-2.730762],[-70.074023,-2.750195],[-70.14707,-2.864063],[-70.290137,-3.087305],[-70.418994,-3.288281],[-70.62168,-3.60459],[-70.735107,-3.781543],[-70.706201,-3.788965],[-70.529687,-3.866406],[-70.48584,-3.869336],[-70.421094,-3.849609],[-70.379199,-3.81875],[-70.339502,-3.814355],[-70.298437,-3.844238],[-70.240283,-3.882715],[-70.198389,-3.995117],[-70.167529,-4.050195],[-70.094775,-4.092188],[-70.017187,-4.162012],[-69.965918,-4.235938]]]}},{"type":"Feature","properties":{"featurecla":"Admin-0 country","scalerank":1,"LABELRANK":4,"SOVEREIGNT":"Paraguay","SOV_A3":"PRY","ADM0_DIF":0,"LEVEL":2,"TYPE":"Sovereign country","TLC":"1","ADMIN":"Paraguay","ADM0_A3":"PRY","GEOU_DIF":0,"GEOUNIT":"Paraguay","GU_A3":"PRY","SU_DIF":0,"SUBUNIT":"Paraguay","SU_A3":"PRY","BRK_DIFF":0,"NAME":"Paraguay","NAME_LONG":"Paraguay","BRK_A3":"PRY","BRK_NAME":"Paraguay","BRK_GROUP":null,"ABBREV":"Para.","POSTAL":"PY","FORMAL_EN":"Republic of Paraguay","FORMAL_FR":null,"NAME_CIAWF":"Paraguay","NOTE_ADM0":null,"NOTE_BRK":null,"NAME_SORT":"Paraguay","NAME_ALT":null,"MAPCOLOR7":6,"MAPCOLOR8":3,"MAPCOLOR9":6,"MAPCOLOR13":2,"POP_EST":7044636,"POP_RANK":13,"POP_YEAR":2019,"GDP_MD":38145,"GDP_YEAR":2019,"ECONOMY":"5. Emerging region: G20","INCOME_GRP":"4. Lower middle income","FIPS_10":"PA","ISO_A2":"PY","ISO_A2_EH":"PY","ISO_A3":"PRY","ISO_A3_EH":"PRY","ISO_N3":"600","ISO_N3_EH":"600","UN_A3":"600","WB_A2":"PY","WB_A3":"PRY","WOE_ID":23424917,"WOE_ID_EH":23424917,"WOE_NOTE":"Exact WOE match as country","ADM0_ISO":"PRY","ADM0_DIFF":null,"ADM0_TLC":"PRY","ADM0_A3_US":"PRY","ADM0_A3_FR":"PRY","ADM0_A3_RU":"PRY","ADM0_A3_ES":"PRY","ADM0_A3_CN":"PRY","ADM0_A3_TW":"PRY","ADM0_A3_IN":"PRY","ADM0_A3_NP":"PRY","ADM0_A3_PK":"PRY","ADM0_A3_DE":"PRY","ADM0_A3_GB":"PRY","ADM0_A3_BR":"PRY","ADM0_A3_IL":"PRY","ADM0_A3_PS":"PRY","ADM0_A3_SA":"PRY","ADM0_A3_EG":"PRY","ADM0_A3_MA":"PRY","ADM0_A3_PT":"PRY","ADM0_A3_AR":"PRY","ADM0_A3_JP":"PRY","ADM0_A3_KO":"PRY","ADM0_A3_VN":"PRY","ADM0_A3_TR":"PRY","ADM0_A3_ID":"PRY","ADM0_A3_PL":"PRY","ADM0_A3_GR":"PRY","ADM0_A3_IT":"PRY","ADM0_A3_NL":"PRY","ADM0_A3_SE":"PRY","ADM0_A3_BD":"PRY","ADM0_A3_UA":"PRY","ADM0_A3_UN":-99,"ADM0_A3_WB":-99,"CONTINENT":"South America","REGION_UN":"Americas","SUBREGION":"South America","REGION_WB":"Latin America & Caribbean","NAME_LEN":8,"LONG_LEN":8,"ABBREV_LEN":5,"TINY":-99,"HOMEPART":1,"MIN_ZOOM":0,"MIN_LABEL":3,"MAX_LABEL":8,"LABEL_X":-60.146394,"LABEL_Y":-21.674509,"NE_ID":1159321195,"WIKIDATAID":"Q733","NAME_AR":"باراغواي","NAME_BN":"প্যারাগুয়ে","NAME_DE":"Paraguay","NAME_EN":"Paraguay","NAME_ES":"Paraguay","NAME_FA":"پاراگوئه","NAME_FR":"Paraguay","NAME_EL":"Παραγουάη","NAME_HE":"פרגוואי","NAME_HI":"पैराग्वे","NAME_HU":"Paraguay","NAME_ID":"Paraguay","NAME_IT":"Paraguay","NAME_JA":"パラグアイ","NAME_KO":"파라과이","NAME_NL":"Paraguay","NAME_PL":"Paragwaj","NAME_PT":"Paraguai","NAME_RU":"Парагвай","NAME_SV":"Paraguay","NAME_TR":"Paraguay","NAME_UK":"Парагвай","NAME_UR":"پیراگوئے","NAME_VI":"Paraguay","NAME_ZH":"巴拉圭","NAME_ZHT":"巴拉圭","FCLASS_ISO":"Admin-0 country","TLC_DIFF":null,"FCLASS_TLC":"Admin-0 country","FCLASS_US":null,"FCLASS_FR":null,"FCLASS_RU":null,"FCLASS_ES":null,"FCLASS_CN":null,"FCLASS_TW":null,"FCLASS_IN":null,"FCLASS_NP":null,"FCLASS_PK":null,"FCLASS_DE":null,"FCLASS_GB":null,"FCLASS_BR":null,"FCLASS_IL":null,"FCLASS_PS":null,"FCLASS_SA":null,"FCLASS_EG":null,"FCLASS_MA":null,"FCLASS_PT":null,"FCLASS_AR":null,"FCLASS_JP":null,"FCLASS_KO":null,"FCLASS_VN":null,"FCLASS_TR":null,"FCLASS_ID":null,"FCLASS_PL":null,"FCLASS_GR":null,"FCLASS_IT":null,"FCLASS_NL":null,"FCLASS_SE":null,"FCLASS_BD":null,"FCLASS_UA":null},"bbox":[-62.650977,-27.553809,-54.241797,-19.28623],"geometry":{"type":"Polygon","coordinates":[[[-58.159766,-20.164648],[-58.137793,-20.237305],[-58.124609,-20.293457],[-58.091504,-20.333203],[-58.058447,-20.386133],[-58.025391,-20.41582],[-58.002246,-20.46543],[-58.008838,-20.52168],[-57.995605,-20.594434],[-57.979053,-20.657324],[-57.9625,-20.673828],[-57.915137,-20.690332],[-57.891406,-20.747461],[-57.908496,-20.776367],[-57.901904,-20.809375],[-57.884814,-20.841699],[-57.900488,-20.873047],[-57.892236,-20.89707],[-57.86001,-20.918555],[-57.830225,-20.997949],[-57.826953,-21.133594],[-57.86001,-21.20625],[-57.886475,-21.26582],[-57.893066,-21.302246],[-57.873242,-21.355078],[-57.906299,-21.417969],[-57.945996,-21.494043],[-57.936084,-21.546973],[-57.929443,-21.596582],[-57.926172,-21.649512],[-57.916211,-21.699121],[-57.929443,-21.751953],[-57.942676,-21.79834],[-57.949316,-21.851172],[-57.932764,-21.910742],[-57.9625,-21.966992],[-57.979053,-22.006641],[-57.985693,-22.046387],[-57.955908,-22.10918],[-57.879834,-22.135645],[-57.820312,-22.142285],[-57.764062,-22.10918],[-57.721094,-22.099219],[-57.641699,-22.129004],[-57.568945,-22.181934],[-57.476367,-22.188574],[-57.393652,-22.198438],[-57.330859,-22.215039],[-57.238232,-22.195215],[-57.142334,-22.215039],[-57.029883,-22.244824],[-56.937256,-22.271289],[-56.844678,-22.264648],[-56.775195,-22.261328],[-56.702441,-22.231543],[-56.633008,-22.234863],[-56.580078,-22.181934],[-56.550293,-22.135645],[-56.523828,-22.102539],[-56.447803,-22.076172],[-56.394873,-22.092676],[-56.351855,-22.178613],[-56.275781,-22.228223],[-56.246045,-22.264648],[-56.189844,-22.281152],[-56.06748,-22.284473],[-55.991406,-22.281152],[-55.905371,-22.307617],[-55.84917,-22.307617],[-55.799561,-22.353906],[-55.753271,-22.410156],[-55.746631,-22.512695],[-55.703662,-22.59209],[-55.647412,-22.621875],[-55.617676,-22.671484],[-55.627588,-22.740918],[-55.654053,-22.810352],[-55.650732,-22.886426],[-55.620996,-22.955859],[-55.620996,-23.025293],[-55.601123,-23.094727],[-55.561426,-23.154297],[-55.548193,-23.250195],[-55.554834,-23.319629],[-55.528369,-23.359375],[-55.518457,-23.415625],[-55.534961,-23.461914],[-55.541602,-23.524707],[-55.538281,-23.580957],[-55.518457,-23.627246],[-55.458887,-23.686719],[-55.442383,-23.792578],[-55.442383,-23.865332],[-55.415918,-23.951367],[-55.366309,-23.991016],[-55.286914,-24.004297],[-55.194336,-24.01748],[-55.081885,-23.997656],[-54.982666,-23.974512],[-54.926465,-23.951367],[-54.817285,-23.888477],[-54.721387,-23.852148],[-54.671777,-23.829004],[-54.625488,-23.8125],[-54.52959,-23.852148],[-54.440234,-23.901758],[-54.370801,-23.971191],[-54.241797,-24.047266],[-54.266895,-24.06582],[-54.318262,-24.128125],[-54.317285,-24.20127],[-54.281006,-24.306055],[-54.312939,-24.528125],[-54.412988,-24.86748],[-54.454102,-25.065234],[-54.43623,-25.121289],[-54.473145,-25.220215],[-54.610547,-25.432715],[-54.615869,-25.576074],[-54.631934,-26.005762],[-54.677734,-26.308789],[-54.755078,-26.53291],[-54.825488,-26.652246],[-54.888916,-26.666797],[-54.934473,-26.702539],[-54.962158,-26.759375],[-55.013623,-26.806641],[-55.088867,-26.844531],[-55.129639,-26.886035],[-55.135937,-26.931152],[-55.208008,-26.960156],[-55.345801,-26.973145],[-55.42666,-27.009277],[-55.450635,-27.068359],[-55.496729,-27.115332],[-55.564893,-27.15],[-55.597266,-27.207617],[-55.593799,-27.288086],[-55.63291,-27.357129],[-55.714648,-27.414844],[-55.78999,-27.416406],[-55.859033,-27.361914],[-55.951465,-27.325684],[-56.067334,-27.307715],[-56.164062,-27.321484],[-56.241699,-27.366797],[-56.310547,-27.43877],[-56.370508,-27.537402],[-56.437158,-27.553809],[-56.510547,-27.487891],[-56.603369,-27.467871],[-56.715723,-27.49375],[-56.805176,-27.484668],[-56.871729,-27.440625],[-56.973975,-27.435742],[-57.111816,-27.470117],[-57.39126,-27.430469],[-57.812207,-27.316602],[-58.168262,-27.273438],[-58.604834,-27.314355],[-58.641748,-27.196094],[-58.618604,-27.132129],[-58.547705,-27.083984],[-58.503223,-27.029492],[-58.485254,-26.968457],[-58.436328,-26.921973],[-58.356445,-26.890039],[-58.322559,-26.857617],[-58.334668,-26.824902],[-58.317676,-26.795898],[-58.27168,-26.770703],[-58.245557,-26.731055],[-58.239355,-26.676855],[-58.22207,-26.65],[-58.191309,-26.62998],[-58.187939,-26.592578],[-58.205176,-26.476562],[-58.203027,-26.381445],[-58.181494,-26.307422],[-58.154687,-26.262598],[-58.135645,-26.251465],[-58.118066,-26.224902],[-58.111133,-26.180176],[-58.082422,-26.138574],[-57.943115,-26.05293],[-57.890625,-26.006543],[-57.88623,-25.964258],[-57.865234,-25.906934],[-57.782471,-25.783691],[-57.75708,-25.725977],[-57.754785,-25.69707],[-57.725488,-25.667188],[-57.62583,-25.59873],[-57.57168,-25.53418],[-57.563135,-25.47373],[-57.587158,-25.405078],[-57.643896,-25.328418],[-57.82168,-25.136426],[-57.959814,-25.049219],[-58.136475,-24.977148],[-58.252783,-24.953809],[-58.308691,-24.979102],[-58.365381,-24.959277],[-58.422803,-24.894141],[-58.519629,-24.842871],[-58.724023,-24.786621],[-59.187256,-24.562305],[-59.372949,-24.453906],[-59.4354,-24.387012],[-59.608594,-24.266797],[-59.89248,-24.093555],[-60.110303,-24.00918],[-60.262207,-24.013965],[-60.505371,-23.963574],[-60.839844,-23.858105],[-61.03291,-23.755664],[-61.084717,-23.656445],[-61.208398,-23.557031],[-61.403955,-23.45752],[-61.505518,-23.391992],[-61.513037,-23.360449],[-61.570996,-23.319434],[-61.679492,-23.26875],[-61.798535,-23.182031],[-61.928027,-23.059277],[-62.066602,-22.869434],[-62.21416,-22.612402],[-62.37251,-22.43916],[-62.541553,-22.349609],[-62.625977,-22.29043],[-62.625684,-22.261523],[-62.650977,-22.233691],[-62.628516,-22.183984],[-62.566943,-21.988672],[-62.477832,-21.705273],[-62.385449,-21.411719],[-62.27666,-21.066016],[-62.276514,-20.820801],[-62.276318,-20.5625],[-62.121631,-20.349902],[-62.011816,-20.199023],[-61.916943,-20.055371],[-61.820898,-19.809473],[-61.756836,-19.645313],[-61.511816,-19.606445],[-61.095996,-19.520996],[-60.88877,-19.478516],[-60.451611,-19.38877],[-60.007373,-19.297559],[-59.540869,-19.291797],[-59.090527,-19.28623],[-58.741113,-19.490234],[-58.474219,-19.646094],[-58.180176,-19.817871],[-58.160059,-19.854883],[-58.139941,-19.998828],[-58.159766,-20.164648]]]}},{"type":"Feature","properties":{"featurecla":"Admin-0 country","scalerank":1,"LABELRANK":3,"SOVEREIGNT":"Norway","SOV_A3":"NOR","ADM0_DIF":0,"LEVEL":2,"TYPE":"Sovereign country","TLC":null,"ADMIN":"Norway","ADM0_A3":"NOR","GEOU_DIF":0,"GEOUNIT":"Norway","GU_A3":"NOR","SU_DIF":0,"SUBUNIT":"Norway","SU_A3":"NOR","BRK_DIFF":0,"NAME":"Norway","NAME_LONG":"Norway","BRK_A3":"NOR","BRK_NAME":"Norway","BRK_GROUP":null,"ABBREV":"Nor.","POSTAL":"N","FORMAL_EN":"Kingdom of Norway","FORMAL_FR":null,"NAME_CIAWF":"Norway","NOTE_ADM0":null,"NOTE_BRK":null,"NAME_SORT":"Norway","NAME_ALT":null,"MAPCOLOR7":5,"MAPCOLOR8":3,"MAPCOLOR9":8,"MAPCOLOR13":12,"POP_EST":5347896,"POP_RANK":13,"POP_YEAR":2019,"GDP_MD":403336,"GDP_YEAR":2019,"ECONOMY":"2. Developed region: nonG7","INCOME_GRP":"1. High income: OECD","FIPS_10":"-99","ISO_A2":"-99","ISO_A2_EH":"NO","ISO_A3":"-99","ISO_A3_EH":"NOR","ISO_N3":"-99","ISO_N3_EH":"578","UN_A3":"-99","WB_A2":"-99","WB_A3":"-99","WOE_ID":-90,"WOE_ID_EH":23424910,"WOE_NOTE":"Does not include Svalbard, Jan Mayen, or Bouvet Islands (28289410).","ADM0_ISO":"NOR","ADM0_DIFF":null,"ADM0_TLC":"NOR","ADM0_A3_US":"NOR","ADM0_A3_FR":"NOR","ADM0_A3_RU":"NOR","ADM0_A3_ES":"NOR","ADM0_A3_CN":"NOR","ADM0_A3_TW":"NOR","ADM0_A3_IN":"NOR","ADM0_A3_NP":"NOR","ADM0_A3_PK":"NOR","ADM0_A3_DE":"NOR","ADM0_A3_GB":"NOR","ADM0_A3_BR":"NOR","ADM0_A3_IL":"NOR","ADM0_A3_PS":"NOR","ADM0_A3_SA":"NOR","ADM0_A3_EG":"NOR","ADM0_A3_MA":"NOR","ADM0_A3_PT":"NOR","ADM0_A3_AR":"NOR","ADM0_A3_JP":"NOR","ADM0_A3_KO":"NOR","ADM0_A3_VN":"NOR","ADM0_A3_TR":"NOR","ADM0_A3_ID":"NOR","ADM0_A3_PL":"NOR","ADM0_A3_GR":"NOR","ADM0_A3_IT":"NOR","ADM0_A3_NL":"NOR","ADM0_A3_SE":"NOR","ADM0_A3_BD":"NOR","ADM0_A3_UA":"NOR","ADM0_A3_UN":-99,"ADM0_A3_WB":-99,"CONTINENT":"Europe","REGION_UN":"Europe","SUBREGION":"Northern Europe","REGION_WB":"Europe & Central Asia","NAME_LEN":6,"LONG_LEN":6,"ABBREV_LEN":4,"TINY":-99,"HOMEPART":1,"MIN_ZOOM":0,"MIN_LABEL":3,"MAX_LABEL":7,"LABEL_X":9.679975,"LABEL_Y":61.357092,"NE_ID":1159321109,"WIKIDATAID":"Q20","NAME_AR":"النرويج","NAME_BN":"নরওয়ে","NAME_DE":"Norwegen","NAME_EN":"Norway","NAME_ES":"Noruega","NAME_FA":"نروژ","NAME_FR":"Norvège","NAME_EL":"Νορβηγία","NAME_HE":"נורווגיה","NAME_HI":"नॉर्वे","NAME_HU":"Norvégia","NAME_ID":"Norwegia","NAME_IT":"Norvegia","NAME_JA":"ノルウェー","NAME_KO":"노르웨이","NAME_NL":"Noorwegen","NAME_PL":"Norwegia","NAME_PT":"Noruega","NAME_RU":"Норвегия","NAME_SV":"Norge","NAME_TR":"Norveç","NAME_UK":"Норвегія","NAME_UR":"ناروے","NAME_VI":"Na Uy","NAME_ZH":"挪威","NAME_ZHT":"挪威","FCLASS_ISO":"Unrecognized","TLC_DIFF":null,"FCLASS_TLC":"Unrecognized","FCLASS_US":null,"FCLASS_FR":null,"FCLASS_RU":null,"FCLASS_ES":null,"FCLASS_CN":null,"FCLASS_TW":null,"FCLASS_IN":null,"FCLASS_NP":null,"FCLASS_PK":null,"FCLASS_DE":null,"FCLASS_GB":null,"FCLASS_BR":null,"FCLASS_IL":null,"FCLASS_PS":null,"FCLASS_SA":null,"FCLASS_EG":null,"FCLASS_MA":null,"FCLASS_PT":null,"FCLASS_AR":null,"FCLASS_JP":null,"FCLASS_KO":null,"FCLASS_VN":null,"FCLASS_TR":null,"FCLASS_ID":null,"FCLASS_PL":null,"FCLASS_GR":null,"FCLASS_IT":null,"FCLASS_NL":null,"FCLASS_SE":null,"FCLASS_BD":null,"FCLASS_UA":null},"bbox":[-9.098877,58.020947,33.629297,80.477832],"geometry":{"type":"MultiPolygon","coordinates":[[[[20.622168,69.036865],[20.491992,69.033301],[20.116699,69.020898],[20.282324,68.934326],[20.337109,68.899658],[20.348047,68.84873],[20.319434,68.754053],[20.240039,68.673145],[20.147461,68.607324],[19.968848,68.542041],[20.240039,68.477539],[20.055957,68.390381],[19.969824,68.356396],[19.87002,68.362256],[19.691211,68.392432],[19.258984,68.465332],[19.052637,68.492725],[18.868262,68.501123],[18.769824,68.500049],[18.378613,68.562402],[18.303027,68.55542],[18.162598,68.528418],[18.14707,68.467773],[18.155957,68.316846],[18.17666,68.200635],[18.125,68.133447],[18.073242,68.087842],[17.916699,67.964893],[17.564746,68.048438],[17.324609,68.103809],[17.170508,68.030127],[16.783594,67.89502],[16.585547,67.62832],[16.574121,67.61958],[16.457129,67.551758],[16.307129,67.520605],[16.193555,67.505176],[16.127441,67.42583],[16.281543,67.312061],[16.360645,67.252002],[16.434277,67.155078],[16.420703,67.093359],[16.403516,67.05498],[16.237695,66.976416],[15.88418,66.768848],[15.557031,66.5521],[15.422949,66.489844],[15.483789,66.305957],[15.374902,66.252051],[15.15332,66.191064],[15.040039,66.167529],[14.917969,66.153711],[14.543262,66.129346],[14.609961,65.932275],[14.635156,65.84502],[14.63457,65.793262],[14.595801,65.742871],[14.549512,65.646387],[14.479688,65.301465],[14.42627,65.264355],[14.352441,65.17085],[14.115137,64.946143],[13.924805,64.796777],[13.650293,64.581543],[13.873535,64.513574],[14.077637,64.464014],[14.119922,64.387744],[14.148047,64.260303],[14.141211,64.173535],[14.063281,64.095508],[14.002734,64.040723],[13.960547,64.014014],[13.670703,64.040625],[13.299609,64.074805],[13.203516,64.075098],[12.987598,64.050488],[12.792773,64],[12.690039,63.957422],[12.6625,63.940479],[12.532715,63.843555],[12.301953,63.671191],[12.175195,63.595947],[12.212109,63.492236],[11.999902,63.291699],[12.138672,63.08916],[12.144629,63.08252],[12.218164,63.000635],[12.141016,62.947852],[12.108594,62.919482],[12.119629,62.825928],[12.139844,62.721338],[12.121875,62.66001],[12.114551,62.591895],[12.303516,62.285596],[12.301367,62.21377],[12.291992,62.167432],[12.233691,61.976855],[12.155371,61.720752],[12.29209,61.653467],[12.486816,61.572998],[12.596094,61.541309],[12.75752,61.445703],[12.880762,61.352295],[12.863672,61.290283],[12.828223,61.221826],[12.776367,61.173975],[12.727832,61.108252],[12.706055,61.059863],[12.683008,61.046826],[12.467578,61.041504],[12.353711,61.023193],[12.294141,61.002686],[12.314648,60.892139],[12.445312,60.689648],[12.553809,60.545654],[12.588672,60.450732],[12.552832,60.354492],[12.51582,60.305225],[12.514648,60.238867],[12.486133,60.106787],[12.402051,60.040039],[12.291992,59.967236],[12.169238,59.912891],[12.071875,59.897607],[11.988281,59.891309],[11.932129,59.863672],[11.88125,59.782471],[11.834277,59.697168],[11.680762,59.592285],[11.684863,59.555762],[11.743359,59.431445],[11.798145,59.289893],[11.751855,59.157568],[11.712207,59.018652],[11.642773,58.926074],[11.543555,58.893018],[11.470703,58.909521],[11.388281,59.036523],[11.386426,59.065723],[11.365918,59.104541],[11.132129,59.143213],[11.09082,59.141797],[10.998926,59.164453],[10.94502,59.17085],[10.834473,59.183936],[10.742578,59.295996],[10.644922,59.389209],[10.631055,59.428174],[10.634375,59.60249],[10.604492,59.680029],[10.595313,59.764551],[10.533887,59.695801],[10.569531,59.587109],[10.49375,59.541504],[10.398145,59.519336],[10.407129,59.455664],[10.446387,59.443604],[10.45459,59.37749],[10.431348,59.279639],[10.243164,59.062061],[10.205176,59.038672],[10.179395,59.009277],[10.083105,59.028809],[9.95957,58.968213],[9.842578,58.958496],[9.800195,59.027051],[9.635156,59.117773],[9.557227,59.112695],[9.627148,59.06792],[9.696094,59.009717],[9.656934,58.971191],[9.618457,58.946045],[9.551074,58.933008],[9.309961,58.856836],[9.395801,58.805664],[9.322949,58.747559],[9.238672,58.739014],[9.19375,58.711865],[9.178125,58.675],[8.928418,58.569971],[8.521387,58.300586],[8.312207,58.224463],[8.166113,58.145313],[8.037402,58.147266],[7.875586,58.07998],[7.465918,58.020947],[7.194141,58.047656],[7.004883,58.024219],[6.903418,58.070508],[6.890234,58.102295],[6.895313,58.120752],[6.912305,58.142871],[6.877051,58.150732],[6.802832,58.154541],[6.771094,58.132227],[6.766797,58.081543],[6.731445,58.068311],[6.590527,58.097314],[6.555078,58.123437],[6.605762,58.176367],[6.69248,58.224023],[6.676758,58.233789],[6.659863,58.262744],[6.617578,58.266406],[6.491504,58.259424],[6.389063,58.267969],[6.054688,58.375146],[5.976562,58.432324],[5.706836,58.523633],[5.585938,58.62041],[5.517285,58.726514],[5.522461,58.822656],[5.555566,58.975195],[5.612207,59.012891],[5.854297,58.959473],[6.099023,58.870264],[6.137305,58.874658],[6.21416,58.944678],[6.363281,59.000928],[6.321094,59.016455],[6.099414,58.951953],[6.016992,58.987695],[5.88916,59.060498],[5.88916,59.097949],[5.94873,59.135449],[5.968555,59.186133],[5.937305,59.233984],[5.951855,59.299072],[6.050684,59.368164],[6.198926,59.438086],[6.305664,59.505566],[6.415332,59.547119],[6.403906,59.560986],[6.278516,59.534521],[6.158594,59.489648],[6.017383,59.414453],[5.845215,59.353467],[5.717969,59.329834],[5.657324,59.310254],[5.564063,59.291211],[5.467578,59.203809],[5.362305,59.166357],[5.173242,59.162549],[5.131641,59.226465],[5.185059,59.453662],[5.242188,59.564307],[5.304883,59.642578],[5.403516,59.655762],[5.472461,59.713086],[5.529688,59.713086],[5.579492,59.686621],[5.772168,59.660938],[5.867285,59.733984],[5.991016,59.744678],[6.216602,59.818359],[6.211914,59.831787],[6.059277,59.815576],[5.966699,59.813184],[5.833984,59.794678],[5.763477,59.80791],[5.730469,59.863086],[5.783594,59.912793],[5.996484,60.031494],[6.069922,60.083496],[6.111816,60.13208],[6.105176,60.165137],[6.140527,60.233496],[6.34873,60.352979],[6.518066,60.407568],[6.573633,60.360596],[6.526367,60.213623],[6.526855,60.15293],[6.660938,60.367236],[6.719922,60.418164],[6.787109,60.454102],[6.949707,60.478223],[6.995703,60.511963],[6.806348,60.500781],[6.346973,60.419092],[6.15332,60.34624],[6.101758,60.290137],[5.967383,60.205566],[5.904395,60.150635],[5.876563,60.07002],[5.800879,60.026221],[5.698828,60.01001],[5.557031,59.907764],[5.494531,59.825586],[5.353418,59.760107],[5.263867,59.709766],[5.234473,59.691797],[5.186035,59.642285],[5.145801,59.638818],[5.110742,59.667822],[5.104883,59.731689],[5.119238,59.833691],[5.187109,59.90708],[5.219531,59.97876],[5.174414,60.045703],[5.205664,60.087939],[5.26543,60.086475],[5.376465,60.067236],[5.494531,60.070312],[5.688574,60.123193],[5.657617,60.154102],[5.573828,60.158496],[5.417383,60.154102],[5.28584,60.205713],[5.183594,60.308398],[5.137109,60.445605],[5.168164,60.484814],[5.546484,60.624561],[5.64834,60.687988],[5.589355,60.694287],[5.447363,60.617334],[5.244043,60.56958],[5.11582,60.635986],[5.049121,60.70752],[5.010742,60.858545],[5.024609,60.936133],[5.008594,61.038184],[5.09541,61.071338],[5.19248,61.053711],[5.288184,61.047168],[5.505273,61.056104],[5.983984,61.117334],[6.292578,61.080957],[6.417969,61.084277],[6.609863,61.137012],[6.777832,61.142432],[6.903418,61.102148],[6.97207,61.055957],[6.980566,60.994141],[7.038672,60.95293],[7.07793,60.966309],[7.04668,61.015283],[7.040137,61.091162],[7.54502,61.177148],[7.604492,61.210547],[7.403906,61.222168],[7.346582,61.300586],[7.452539,61.419238],[7.442578,61.434619],[7.331152,61.372021],[7.27627,61.283936],[7.298047,61.213623],[7.275977,61.180957],[7.173535,61.165967],[6.942578,61.160547],[6.794336,61.190381],[6.657031,61.206592],[6.610254,61.229102],[6.625879,61.279297],[6.599902,61.289648],[6.543066,61.244531],[6.492578,61.15459],[6.383496,61.133887],[6.08252,61.167285],[5.646777,61.147607],[5.45127,61.102344],[5.324609,61.108252],[5.106738,61.187549],[5.02168,61.250586],[4.989941,61.377686],[5.002734,61.433594],[5.172461,61.457129],[5.258301,61.455469],[5.338672,61.485498],[5.267578,61.505029],[5.167578,61.543359],[5.099414,61.620166],[4.99668,61.645215],[4.927832,61.710693],[4.910352,61.80957],[4.930078,61.87832],[4.985059,61.900439],[5.116992,61.8854],[5.465332,61.896924],[5.793262,61.8271],[6.01582,61.7875],[6.466699,61.807422],[6.730762,61.869775],[6.682324,61.887012],[6.395898,61.850977],[6.131152,61.852441],[5.664453,61.9229],[5.473047,61.945605],[5.266895,61.935596],[5.15957,61.956982],[5.096484,62.02666],[5.143164,62.159912],[5.240918,62.188672],[5.293848,62.153906],[5.357715,62.151709],[5.422363,62.207373],[5.484277,62.239111],[5.533301,62.310889],[5.718164,62.378906],[5.796289,62.384668],[5.908301,62.416016],[5.979785,62.407129],[6.025586,62.375684],[6.083496,62.349609],[6.208984,62.352783],[6.580078,62.407275],[6.62002,62.423291],[6.692383,62.468066],[6.457129,62.448096],[6.261719,62.416309],[6.136133,62.407471],[6.118457,62.447168],[6.164746,62.482422],[6.2375,62.519922],[6.272852,62.583838],[6.35293,62.611133],[6.439453,62.609668],[6.618359,62.621289],[6.744629,62.637891],[6.961133,62.626758],[7.283789,62.602295],[7.491797,62.542822],[7.570117,62.548193],[7.653125,62.564014],[7.690723,62.585596],[7.527441,62.610303],[7.518164,62.645508],[7.538379,62.67207],[7.804688,62.720996],[8.095508,62.731836],[8.045508,62.77124],[7.408398,62.711768],[7.24209,62.752344],[7.11084,62.752002],[7.024902,62.728809],[6.77998,62.700732],[6.734961,62.720703],[6.781543,62.789648],[6.928223,62.902734],[6.94043,62.930469],[7.008496,62.957666],[7.389063,63.023291],[7.571875,63.099512],[7.654297,63.10918],[7.736035,63.103857],[7.860352,63.112793],[8.100586,63.090967],[8.211133,62.995508],[8.310547,62.965527],[8.623145,62.84624],[8.60918,62.880566],[8.338574,63.042187],[8.235156,63.082178],[8.158008,63.161523],[8.184473,63.236523],[8.271484,63.286572],[8.580176,63.313379],[8.635547,63.342334],[8.641016,63.39209],[8.59375,63.426123],[8.480176,63.42417],[8.386523,63.445264],[8.360742,63.498877],[8.398145,63.535107],[8.576172,63.601172],[8.673633,63.622607],[8.842383,63.645898],[9.13584,63.593652],[9.158105,63.56626],[9.075879,63.500391],[9.08418,63.463428],[9.156055,63.459326],[9.323633,63.570361],[9.520703,63.585693],[9.602246,63.60957],[9.696875,63.624561],[9.832227,63.52417],[9.891504,63.492041],[9.936035,63.478857],[9.979199,63.395264],[10.020996,63.39082],[10.080566,63.432715],[10.188574,63.454785],[10.340039,63.469336],[10.590918,63.447217],[10.704492,63.463574],[10.760156,63.461279],[10.706738,63.536328],[10.673633,63.558008],[10.725293,63.625],[10.779199,63.651172],[10.952539,63.698193],[11.117871,63.719189],[11.225781,63.763818],[11.370703,63.804834],[11.347949,63.837695],[11.307617,63.875732],[11.213867,63.878125],[11.175586,63.898877],[11.294629,63.948193],[11.457617,64.002979],[11.429199,64.024512],[11.306641,64.048877],[11.213574,64.030518],[11.075195,63.988135],[10.914258,63.921094],[10.966699,63.901562],[11.047266,63.845215],[10.934863,63.770215],[10.33916,63.571045],[10.055078,63.512695],[9.924023,63.521777],[9.892773,63.576221],[9.832324,63.616504],[9.76748,63.699512],[9.657227,63.697314],[9.594629,63.678955],[9.567285,63.706152],[9.614746,63.794824],[9.708008,63.864893],[9.864453,63.917822],[9.939453,63.981738],[10.009961,64.083154],[10.23623,64.179639],[10.565625,64.418311],[10.833984,64.494482],[10.932324,64.577734],[11.09043,64.614551],[11.225391,64.679492],[11.331348,64.685937],[11.523828,64.744385],[11.63291,64.813916],[11.561719,64.818262],[11.39248,64.772998],[11.296777,64.754785],[11.303516,64.829395],[11.349902,64.905908],[11.489355,64.97583],[12.159668,65.178955],[12.226562,65.145361],[12.306543,65.085986],[12.508398,65.099414],[12.738379,65.214404],[12.915527,65.339258],[12.819824,65.31748],[12.715332,65.266357],[12.511719,65.195312],[12.417578,65.184082],[12.363867,65.193311],[12.333984,65.240723],[12.263379,65.256104],[12.199609,65.245459],[12.133887,65.27915],[12.122168,65.362354],[12.20625,65.48623],[12.272852,65.568164],[12.344824,65.630176],[12.627734,65.806152],[12.688867,65.902197],[12.816797,65.952881],[12.983008,65.941602],[13.033105,65.95625],[12.976074,66.019189],[12.794922,66.069092],[12.783789,66.100439],[13.387109,66.182764],[13.674414,66.17998],[13.759668,66.221045],[13.91582,66.247363],[14.03418,66.297559],[13.973145,66.319727],[13.681348,66.273584],[13.498926,66.251904],[13.416406,66.252588],[13.352051,66.236719],[13.118848,66.230664],[13.068164,66.430811],[13.104688,66.539404],[13.191602,66.537158],[13.211426,66.64082],[13.311816,66.701855],[13.450391,66.715527],[13.520215,66.74165],[13.621094,66.794824],[13.787988,66.782471],[13.959473,66.794336],[13.916992,66.819385],[13.704102,66.85166],[13.651563,66.90708],[13.72666,66.938037],[13.808398,66.960791],[13.880176,66.964893],[14.022363,67.073096],[14.108789,67.119238],[14.205566,67.11123],[14.340332,67.158936],[14.472656,67.142676],[14.600684,67.173877],[14.775586,67.194482],[15.415723,67.202441],[15.434766,67.24668],[15.300098,67.256934],[14.824414,67.268311],[14.581543,67.267432],[14.479297,67.255957],[14.441699,67.271387],[14.44834,67.297852],[14.536621,67.339746],[14.578516,67.386035],[14.75498,67.499023],[14.961914,67.574268],[15.120508,67.555029],[15.28916,67.483154],[15.409375,67.47417],[15.465332,67.450928],[15.55293,67.351758],[15.594434,67.348535],[15.575684,67.443848],[15.691504,67.521387],[15.661328,67.542822],[15.487305,67.514795],[15.354004,67.543945],[15.24873,67.602148],[15.218652,67.655371],[15.284082,67.707959],[15.345801,67.734424],[15.303906,67.765283],[15.04082,67.682568],[14.854688,67.66333],[14.781348,67.674902],[14.821094,67.749854],[14.798926,67.809326],[15.048438,67.955762],[15.134277,67.972705],[15.274414,67.960938],[15.400879,67.919629],[15.506641,67.926221],[15.621387,67.948291],[15.605762,67.987891],[15.356934,68.003613],[15.292871,68.036475],[15.316016,68.06875],[15.486816,68.102832],[15.656641,68.164355],[15.85127,68.182178],[16.00791,68.228711],[16.038086,68.218164],[16.064551,68.199902],[16.120801,68.027344],[16.260742,67.886572],[16.312305,67.881445],[16.258594,68.001221],[16.308691,68.035645],[16.372168,68.061816],[16.391992,68.091602],[16.319238,68.101758],[16.259766,68.144531],[16.174805,68.28125],[16.203809,68.316748],[16.387891,68.389551],[16.618848,68.406299],[16.864941,68.355273],[16.951367,68.354687],[17.094043,68.368408],[17.336133,68.410352],[17.478516,68.426318],[17.552832,68.42627],[17.571191,68.447461],[17.502344,68.461084],[17.480176,68.474316],[17.426172,68.481934],[17.202344,68.459277],[16.584863,68.466455],[16.525293,68.490674],[16.514355,68.532568],[16.579883,68.592676],[16.651855,68.625781],[16.884668,68.6854],[17.131152,68.693457],[17.39082,68.799365],[17.490039,68.87876],[17.546289,69.001123],[17.70459,69.100049],[18.101465,69.156299],[18.11748,69.181201],[18.075391,69.232617],[18.078711,69.325244],[18.1875,69.433105],[18.259766,69.470605],[18.293164,69.475098],[18.378711,69.439844],[18.482617,69.364844],[18.645508,69.321875],[18.858984,69.314453],[18.915918,69.335596],[18.75,69.378418],[18.624414,69.434375],[18.614453,69.490576],[18.674023,69.520361],[18.766602,69.517041],[18.882812,69.52334],[18.991113,69.561133],[19.006836,69.587695],[19.011328,69.62373],[19.038379,69.6604],[19.197266,69.747852],[19.687012,69.804736],[19.722461,69.781641],[19.695996,69.612939],[19.639746,69.503809],[19.641504,69.424023],[19.736816,69.503809],[19.864648,69.722119],[19.960547,69.824609],[20.068945,69.883447],[20.146387,69.896729],[20.223047,69.927197],[20.324219,69.945312],[20.355176,69.921924],[20.387207,69.867627],[20.332715,69.676953],[20.338184,69.61665],[20.277148,69.53584],[20.04375,69.355664],[20.054492,69.332666],[20.107227,69.341211],[20.197656,69.370947],[20.486719,69.54209],[20.739453,69.520508],[20.742578,69.534521],[20.661523,69.584717],[20.5625,69.632812],[20.532715,69.692334],[20.545996,69.851074],[20.62207,69.913916],[20.840332,69.907324],[20.971094,69.916016],[21.032129,69.887451],[21.163086,69.889502],[21.253711,70.003223],[21.43291,70.013184],[21.590234,69.938037],[21.77959,69.887451],[21.931738,69.814697],[21.974707,69.83457],[21.892578,70.004248],[21.802734,70.066064],[21.607813,70.098193],[21.400391,70.174463],[21.346289,70.208252],[21.355762,70.233398],[21.53877,70.257666],[21.780273,70.229883],[21.995508,70.293359],[22.054395,70.275977],[22.219434,70.30918],[22.321973,70.264502],[22.384766,70.277734],[22.421191,70.337598],[22.68457,70.374756],[22.85166,70.340479],[22.941211,70.30498],[22.982813,70.236768],[23.046484,70.101855],[23.176953,70.029053],[23.25791,69.993311],[23.353906,69.983398],[23.400195,70.019775],[23.310254,70.063574],[23.286035,70.104834],[23.329102,70.207227],[23.379395,70.247461],[23.66123,70.399756],[23.897168,70.47876],[24.038477,70.485352],[24.285547,70.662402],[24.355566,70.69458],[24.42002,70.702002],[24.403516,70.745312],[24.268164,70.772705],[24.263477,70.826318],[24.441797,70.891553],[24.658008,71.001025],[24.764746,71.008447],[24.831641,70.978027],[25.042188,70.928613],[25.171191,70.872021],[25.264648,70.843506],[25.325391,70.849414],[25.375586,70.891943],[25.435938,70.911865],[25.569824,70.900684],[25.649707,70.87334],[25.711914,70.869727],[25.768164,70.853174],[25.781445,70.816797],[25.665625,70.777148],[25.468262,70.671973],[25.273535,70.552393],[25.209277,70.489404],[25.146387,70.324023],[24.994238,70.218213],[24.982715,70.143994],[25.043848,70.109033],[25.211816,70.136475],[25.418848,70.235498],[25.470508,70.340576],[25.988086,70.625391],[26.230859,70.782617],[26.506934,70.912793],[26.661328,70.939746],[26.733984,70.853564],[26.675488,70.740967],[26.558203,70.669141],[26.644629,70.63623],[26.628125,70.550879],[26.601172,70.503467],[26.583984,70.453809],[26.585059,70.41001],[26.666113,70.42168],[26.989355,70.511377],[27.071289,70.608447],[27.147266,70.681201],[27.183691,70.744043],[27.309375,70.803564],[27.546484,70.804004],[27.555664,70.827393],[27.269043,70.91001],[27.235254,70.947217],[27.331641,70.996729],[27.59707,71.091309],[27.733496,71.080859],[27.815039,71.059375],[28.141699,71.043018],[28.392285,70.975293],[28.382715,70.869434],[28.326855,70.825195],[28.271875,70.797949],[27.950977,70.717578],[27.898047,70.67793],[27.998828,70.664258],[28.215625,70.704346],[28.271777,70.667969],[28.202734,70.576904],[28.191016,70.440186],[28.166016,70.3604],[28.166016,70.287646],[28.192969,70.248584],[28.280078,70.403418],[28.309863,70.443066],[28.437305,70.501367],[28.484766,70.618799],[28.609375,70.759668],[28.749805,70.841504],[28.831543,70.863965],[29.102344,70.860742],[29.218555,70.829932],[29.321094,70.761475],[29.397656,70.734131],[29.639063,70.705029],[29.721973,70.668555],[29.7375,70.646826],[29.796484,70.642529],[29.959375,70.694385],[30.065137,70.702979],[30.237695,70.622168],[30.203027,70.562305],[30.213184,70.543311],[30.42207,70.547168],[30.595898,70.523682],[30.926367,70.401123],[30.960645,70.343848],[30.944141,70.274414],[30.468945,70.197852],[30.262988,70.124707],[29.925879,70.096484],[28.781152,70.14541],[28.804297,70.092529],[29.601367,69.976758],[29.646875,69.943701],[29.621387,69.874072],[29.620996,69.818213],[29.635938,69.780127],[29.694629,69.74458],[29.79209,69.727881],[29.990332,69.73667],[30.088281,69.717578],[30.155176,69.745947],[30.180078,69.841162],[30.237598,69.862207],[30.348828,69.83457],[30.397266,69.732812],[30.42832,69.722266],[30.484375,69.794873],[30.594531,69.789648],[30.714453,69.795703],[30.869727,69.783447],[30.924121,69.651758],[30.922461,69.605811],[30.89668,69.56123],[30.860742,69.538428],[30.788867,69.528516],[30.61543,69.532568],[30.379688,69.584717],[30.227539,69.633789],[30.180176,69.63584],[30.159766,69.629883],[30.196484,69.580566],[30.186719,69.542773],[30.16377,69.501611],[30.131836,69.464258],[30.087305,69.432861],[29.994043,69.39248],[29.832715,69.360449],[29.388281,69.298145],[29.353027,69.270605],[29.209961,69.097021],[29.170898,69.071533],[29.118555,69.049951],[28.96582,69.021973],[28.891895,69.060596],[28.832617,69.118994],[28.846289,69.176904],[29.024902,69.287988],[29.191797,69.366699],[29.238867,69.393945],[29.333398,69.472998],[29.141602,69.671436],[28.800391,69.731494],[28.411719,69.822754],[28.269141,69.871436],[28.047266,69.97168],[27.889941,70.06167],[27.747852,70.064844],[27.591699,70.042236],[27.348047,69.960059],[27.205664,69.918701],[27.127539,69.906494],[27.108691,69.904687],[26.934277,69.928125],[26.740234,69.933057],[26.584277,69.926318],[26.525391,69.915039],[26.308203,69.781934],[26.156152,69.714697],[26.072461,69.691553],[26.011523,69.652637],[25.961523,69.588623],[25.850195,69.366504],[25.767188,69.282666],[25.748633,69.231445],[25.768164,69.076123],[25.74834,68.990137],[25.64668,68.919141],[25.575293,68.887158],[25.480859,68.880615],[25.357129,68.862451],[25.249121,68.821338],[25.172852,68.765283],[25.086914,68.6396],[24.941406,68.593262],[24.802441,68.606494],[24.703223,68.652832],[24.490527,68.688672],[24.332031,68.711523],[24.154102,68.760889],[23.997363,68.798438],[23.854004,68.805908],[23.772559,68.758398],[23.707031,68.713867],[23.4625,68.677637],[23.324023,68.648975],[23.144336,68.642578],[23.07168,68.674365],[22.811035,68.695312],[22.500684,68.720215],[22.410938,68.719873],[22.38291,68.776611],[22.300391,68.855859],[22.079688,68.992773],[21.989453,69.041113],[21.819727,69.154492],[21.621777,69.270703],[21.59375,69.273584],[21.46123,69.27749],[21.266797,69.273682],[21.14375,69.247266],[21.066113,69.214111],[21.052637,69.186572],[21.127832,69.080811],[21.104492,69.054443],[21.065723,69.041748],[20.889258,69.071436],[20.675879,69.069482],[20.622168,69.036865]]],[[[4.958691,61.08457],[4.870117,61.071924],[4.799023,61.082715],[4.824414,61.178223],[4.861621,61.193848],[4.91543,61.199365],[4.973242,61.148242],[4.958691,61.08457]]],[[[5.08584,60.307568],[5.089063,60.18877],[4.996973,60.197754],[4.955566,60.243311],[4.943555,60.272412],[4.950781,60.341162],[4.930078,60.412061],[4.957227,60.447266],[4.990625,60.452051],[5.050195,60.388965],[5.08584,60.307568]]],[[[29.956152,69.796777],[29.766211,69.767529],[29.744238,69.791602],[29.785938,69.829053],[29.83584,69.905566],[29.913965,69.902441],[29.992969,69.873242],[30.055176,69.838379],[29.956152,69.796777]]],[[[11.967969,65.626514],[11.901855,65.595703],[11.77832,65.604541],[11.765137,65.630957],[11.800391,65.683887],[11.875391,65.705908],[11.972363,65.701562],[12.003223,65.679443],[11.967969,65.626514]]],[[[8.470801,63.667139],[8.356152,63.664795],[8.287109,63.687158],[8.45127,63.731836],[8.708887,63.774316],[8.733398,63.801318],[8.764648,63.804639],[8.80918,63.771436],[8.814844,63.725977],[8.786523,63.703467],[8.470801,63.667139]]],[[[8.102734,63.337598],[8.004688,63.336914],[7.888281,63.352344],[7.815332,63.385059],[7.804004,63.413916],[7.938379,63.449805],[8.073535,63.470801],[8.136133,63.431348],[8.140918,63.366406],[8.102734,63.337598]]],[[[23.440527,70.815771],[23.420898,70.784424],[23.387109,70.753906],[23.305176,70.72168],[23.068164,70.594092],[22.928906,70.573535],[22.884766,70.553516],[22.829102,70.541553],[22.656055,70.559033],[22.605371,70.533154],[22.55752,70.515869],[22.432227,70.50918],[22.358691,70.514795],[22.16875,70.562109],[22.055762,70.61333],[21.994531,70.657129],[22.17002,70.656299],[22.232617,70.666895],[22.350293,70.657666],[22.420996,70.702588],[22.570703,70.697168],[22.858105,70.728418],[22.963574,70.710986],[23.204688,70.815479],[23.280176,70.812744],[23.395605,70.842578],[23.440527,70.815771]]],[[[25.586328,71.14209],[25.853516,71.103857],[25.94502,71.104639],[26.077637,71.033154],[26.146875,71.039502],[26.133789,70.995801],[25.999707,70.975098],[25.791309,70.9625],[25.760156,70.953809],[25.582031,70.960791],[25.482031,71.01958],[25.314941,71.034131],[25.315234,71.052979],[25.423438,71.097412],[25.586328,71.14209]]],[[[23.615332,70.549316],[23.633984,70.502539],[23.641016,70.463965],[23.547754,70.408154],[23.332813,70.334961],[23.345117,70.315283],[23.270703,70.296484],[23.15918,70.282617],[23.100293,70.296094],[23.108398,70.358838],[23.090625,70.377637],[23.005957,70.352783],[22.917871,70.384668],[22.917773,70.416748],[22.941016,70.44458],[23.022461,70.486914],[23.158398,70.516064],[23.248047,70.505127],[23.54668,70.61709],[23.578906,70.593652],[23.615332,70.549316]]],[[[24.017578,70.567383],[23.827148,70.52749],[23.716602,70.561865],[23.670117,70.59707],[23.663281,70.675244],[23.68916,70.722803],[23.778418,70.747363],[23.836523,70.729395],[23.852051,70.714355],[23.956445,70.699609],[24.07832,70.650586],[24.017578,70.567383]]],[[[13.872852,68.265332],[13.932324,68.248242],[14.087695,68.253223],[14.118848,68.246826],[14.096777,68.218604],[14.029297,68.187549],[13.887695,68.168506],[13.824023,68.121094],[13.778418,68.10498],[13.656152,68.104785],[13.583984,68.093848],[13.495215,68.05166],[13.424219,68.082764],[13.404395,68.060693],[13.391504,68.02124],[13.352051,68.009668],[13.229395,67.995361],[13.199512,68.087256],[13.255957,68.120605],[13.300195,68.160449],[13.367969,68.166553],[13.428711,68.163232],[13.537988,68.249023],[13.687695,68.273389],[13.784082,68.276123],[13.872852,68.265332]]],[[[12.971777,67.874121],[12.824023,67.82124],[12.87793,67.917773],[12.957715,68.015479],[13.068066,68.071338],[13.122852,68.049414],[13.097754,68.002686],[13.098242,67.956445],[13.074609,67.93457],[12.971777,67.874121]]],[[[15.207129,68.943115],[15.337207,68.842432],[15.396582,68.783594],[15.348438,68.672412],[15.22207,68.616309],[15.027051,68.606348],[14.890234,68.610986],[14.804004,68.637988],[14.793262,68.668262],[14.743457,68.677197],[14.612109,68.63833],[14.520801,68.633057],[14.404688,68.663232],[14.373438,68.711426],[14.49668,68.771875],[14.553711,68.818848],[14.69043,68.814697],[14.724609,68.800098],[14.801855,68.790967],[14.848828,68.847559],[14.837988,68.88667],[14.872363,68.913867],[15.0375,68.894287],[15.037793,69.000537],[15.101855,69.008008],[15.128125,69.003955],[15.175586,68.981543],[15.207129,68.943115]]],[[[19.76748,70.216699],[19.818359,70.20498],[19.868652,70.212256],[19.910449,70.201904],[19.994141,70.149268],[20.084277,70.128564],[20.088477,70.102051],[20.005957,70.076221],[19.897266,70.068457],[19.780859,70.077441],[19.74668,70.110498],[19.71084,70.165332],[19.613477,70.219092],[19.599023,70.266162],[19.683789,70.273584],[19.76748,70.216699]]],[[[20.779199,70.089746],[20.725293,70.066504],[20.642578,70.057031],[20.598047,70.071436],[20.534668,70.080908],[20.464258,70.076562],[20.405078,70.119141],[20.411719,70.154883],[20.492773,70.20332],[20.654883,70.230859],[20.786035,70.219531],[20.819434,70.205469],[20.779199,70.089746]]],[[[19.255078,70.066406],[19.34375,70.011963],[19.422266,70.017188],[19.445898,70.037744],[19.499512,70.0479],[19.607813,70.019141],[19.592285,69.970166],[19.442383,69.908398],[19.334766,69.820264],[19.19707,69.799805],[19.130859,69.810449],[19.007812,69.75957],[18.90918,69.706689],[18.806934,69.639844],[18.800684,69.605371],[18.784766,69.579004],[18.410254,69.552832],[18.274121,69.535498],[18.129883,69.557861],[18.061523,69.6021],[18.083496,69.626123],[18.227441,69.635742],[18.232031,69.676758],[18.268457,69.701807],[18.315039,69.715479],[18.349316,69.767871],[18.40625,69.781543],[18.512402,69.768652],[18.583984,69.806592],[18.624316,69.813037],[18.674023,69.781641],[18.697949,69.824854],[18.674023,69.864307],[18.686523,69.890918],[18.823828,69.960107],[18.883203,70.010547],[18.968652,70.043018],[19.050977,70.037842],[19.074902,70.085693],[19.050977,70.134668],[19.060059,70.166602],[19.132715,70.244141],[19.212695,70.247461],[19.249414,70.178564],[19.255078,70.066406]]],[[[12.50957,65.901953],[12.429492,65.899072],[12.430176,65.939941],[12.476074,65.9771],[12.548828,66.001904],[12.642383,66.008545],[12.74707,66.011377],[12.778809,65.991699],[12.718652,65.963867],[12.50957,65.901953]]],[[[12.419922,66.043262],[12.327344,66.036621],[12.342773,66.080762],[12.417676,66.122656],[12.446387,66.151318],[12.461328,66.18501],[12.527441,66.210547],[12.620801,66.17793],[12.622656,66.122461],[12.576367,66.071924],[12.419922,66.043262]]],[[[11.231445,64.865869],[11.179004,64.838037],[11.0625,64.8604],[10.83252,64.843115],[10.739844,64.870312],[10.813477,64.923242],[11.020996,64.978711],[11.132617,64.976172],[11.246191,64.90791],[11.231445,64.865869]]],[[[17.503027,69.59624],[17.623242,69.539062],[17.677344,69.556543],[17.783691,69.563037],[17.862793,69.542969],[17.927441,69.506641],[18.004102,69.50498],[18.052246,69.45752],[18.076758,69.395752],[18.021094,69.349609],[17.94209,69.328711],[17.920703,69.274316],[17.950684,69.198145],[17.773535,69.172021],[17.568164,69.1604],[17.487891,69.196826],[17.323633,69.130029],[17.160938,69.025928],[17.08252,69.013672],[17.077051,69.046631],[16.960156,69.069385],[16.810449,69.070703],[16.81543,69.095117],[16.842578,69.112354],[16.971777,69.137891],[16.997559,69.190625],[16.974121,69.284717],[16.996875,69.330371],[17.001758,69.361914],[17.083008,69.398828],[17.36084,69.381494],[17.394531,69.416699],[17.373438,69.438867],[17.229883,69.477686],[17.251953,69.503809],[17.355566,69.527148],[17.453613,69.530176],[17.483105,69.569678],[17.488184,69.586865],[17.503027,69.59624]]],[[[15.760352,68.56123],[15.772363,68.554199],[15.908594,68.650488],[16.05957,68.680518],[16.068945,68.714014],[16.127441,68.746436],[16.120801,68.799365],[16.150586,68.842383],[16.227539,68.85376],[16.275586,68.868311],[16.328906,68.876318],[16.425195,68.841553],[16.479688,68.80293],[16.547363,68.716553],[16.519238,68.633008],[16.337988,68.567871],[16.193945,68.538477],[16.048438,68.463672],[15.975293,68.40249],[15.9125,68.389258],[15.872754,68.394238],[15.837402,68.409033],[15.763672,68.409082],[15.68252,68.356006],[15.4375,68.312842],[15.341406,68.325293],[15.337012,68.378223],[15.279688,68.373828],[15.187891,68.3104],[15.098047,68.289209],[15.037695,68.282715],[14.926855,68.306592],[14.628906,68.198486],[14.349512,68.178271],[14.25752,68.190771],[14.257227,68.256934],[14.437793,68.341553],[14.58584,68.400342],[15.095313,68.441406],[15.412598,68.61582],[15.489258,68.805322],[15.564258,68.87373],[15.529004,68.912402],[15.443652,68.919189],[15.438477,68.978564],[15.483008,69.043457],[15.649512,69.132568],[15.741992,69.170508],[15.892676,69.277881],[15.965332,69.302051],[16.048047,69.302051],[16.129492,69.273926],[16.114844,69.216406],[15.992676,69.112646],[15.811719,69.024219],[15.833789,68.960742],[15.905859,68.908496],[15.923535,68.819189],[15.92793,68.733203],[15.790723,68.617041],[15.760352,68.56123]]],[[[-8.953564,70.83916],[-9.045801,70.832666],[-9.098877,70.854883],[-8.964648,70.915918],[-8.520801,71.030664],[-8.343701,71.140137],[-8.001367,71.177686],[-7.978809,71.116895],[-8.0021,71.04126],[-8.302344,70.981152],[-8.635352,70.94043],[-8.953564,70.83916]]],[[[19.219336,74.391016],[19.098535,74.352148],[18.917578,74.410645],[18.797461,74.485693],[18.86123,74.51416],[19.18291,74.51792],[19.261523,74.478955],[19.274707,74.456738],[19.219336,74.391016]]],[[[26.875977,78.648926],[26.729492,78.646484],[26.45957,78.720264],[26.407715,78.784326],[26.455762,78.810498],[26.585938,78.811475],[26.78877,78.723975],[27.007617,78.69751],[26.875977,78.648926]]],[[[32.525977,80.119141],[31.577637,80.081445],[31.481934,80.10791],[33.019141,80.217969],[33.098633,80.228711],[33.383984,80.242334],[33.629297,80.217432],[33.556641,80.198145],[32.525977,80.119141]]],[[[21.608105,78.595703],[21.745605,78.572021],[22.043164,78.576953],[22.207324,78.407666],[22.299512,78.228174],[22.449316,78.215234],[22.73457,78.239941],[22.988867,78.251953],[23.119238,78.238623],[23.35166,78.186279],[23.451953,78.149463],[23.364648,78.120508],[23.151953,78.088086],[23.116699,77.991504],[23.330566,77.957861],[23.683984,77.875439],[23.883008,77.864746],[24.238281,77.898535],[24.571484,77.834424],[24.901855,77.756592],[24.129785,77.658252],[24.061914,77.630615],[23.95498,77.557715],[23.841211,77.497754],[23.736133,77.462354],[23.505176,77.401416],[23.380859,77.380322],[23.101367,77.385059],[22.99668,77.360791],[22.899512,77.311377],[22.801758,77.275781],[22.553711,77.26665],[22.426953,77.315918],[22.468848,77.331104],[22.486621,77.360107],[22.44248,77.429346],[22.678906,77.500146],[22.732617,77.539355],[22.685352,77.553516],[22.620313,77.549609],[22.448242,77.571143],[22.397266,77.570117],[22.25459,77.528857],[22.056836,77.501172],[21.856152,77.494141],[21.049902,77.440967],[20.928125,77.459668],[20.873145,77.565332],[21.201074,77.619482],[21.251465,77.710938],[21.33418,77.771777],[21.430859,77.812109],[21.608398,77.916064],[21.653125,77.923535],[21.210449,78.005762],[21.035449,78.05918],[20.844922,78.165869],[20.786426,78.252148],[20.52832,78.325586],[20.560254,78.419385],[20.372754,78.412012],[20.22793,78.477832],[20.362695,78.514795],[21.046875,78.556738],[21.454785,78.597559],[21.608105,78.595703]]],[[[20.897852,80.249951],[20.998438,80.238818],[21.549219,80.24292],[21.654883,80.218457],[21.69668,80.15918],[21.780664,80.13877],[21.897754,80.132471],[22.190234,80.059717],[22.289746,80.049219],[22.376367,80.089648],[22.442676,80.190283],[22.446191,80.30835],[22.417871,80.365527],[22.450781,80.402246],[22.548828,80.416455],[22.67207,80.412646],[22.792578,80.433008],[22.896875,80.468994],[23.008008,80.473975],[23.251367,80.44668],[23.31543,80.425244],[23.250098,80.380859],[23.224609,80.317627],[23.114551,80.186963],[23.35332,80.178857],[23.687988,80.206543],[23.772949,80.244385],[23.95293,80.30459],[24.142969,80.295166],[24.234082,80.303125],[24.280176,80.329297],[24.297559,80.3604],[24.402637,80.355176],[24.54668,80.295166],[24.613672,80.28584],[24.736328,80.301318],[24.785938,80.300684],[24.907031,80.27666],[25.471289,80.233105],[25.666895,80.209766],[25.751172,80.188037],[25.836328,80.175146],[26.436719,80.175488],[26.86084,80.16001],[27.017188,80.125488],[27.14834,80.059229],[27.198633,79.906592],[27.079883,79.865381],[26.221094,79.677441],[26.005859,79.617041],[25.902051,79.561377],[25.726367,79.439746],[25.641211,79.403027],[25.239063,79.345068],[25.145117,79.338867],[24.842871,79.367236],[24.750586,79.3646],[24.383398,79.301611],[24.256836,79.263477],[24.13291,79.215479],[23.947754,79.194287],[23.758789,79.205615],[22.903711,79.230664],[22.78916,79.264355],[22.695703,79.329053],[22.865527,79.411865],[21.911426,79.381055],[20.861133,79.397852],[20.805566,79.409521],[20.76084,79.441504],[20.399512,79.463379],[20.128223,79.4896],[19.900195,79.533789],[19.674609,79.591162],[19.74668,79.617969],[19.821094,79.633643],[20.014844,79.640234],[20.187109,79.632275],[20.493457,79.632764],[20.564844,79.690527],[20.686816,79.707178],[20.784082,79.748584],[20.460742,79.774658],[20.123438,79.778564],[19.898633,79.744189],[19.638086,79.728613],[19.4,79.726562],[18.94209,79.736328],[18.725,79.760742],[18.428027,79.824512],[18.324707,79.859717],[18.284766,79.887354],[18.255371,79.929199],[18.594629,79.966699],[18.726465,79.99624],[18.855957,80.036621],[18.343848,80.05957],[18.129492,80.093408],[17.916895,80.143115],[18.089453,80.171143],[18.779297,80.193506],[18.961914,80.174805],[19.142969,80.138672],[19.343359,80.116406],[19.537109,80.163232],[19.354688,80.1854],[19.191406,80.263232],[19.156934,80.301855],[19.17832,80.331543],[19.26377,80.335986],[19.327441,80.323096],[19.568457,80.25],[19.751074,80.227197],[19.802246,80.294727],[19.810352,80.326807],[19.777148,80.353369],[19.691309,80.402344],[19.614355,80.462549],[19.733301,80.477832],[19.851172,80.471191],[20.104297,80.42998],[20.359375,80.400928],[20.475879,80.371631],[20.693457,80.298682],[20.897852,80.249951]]],[[[16.786719,79.906738],[16.838477,79.904785],[16.888965,79.91543],[16.925586,79.943457],[16.966406,79.958936],[17.219434,79.940771],[17.578223,79.884668],[17.684766,79.857031],[17.83457,79.800049],[17.956152,79.704248],[17.859766,79.63501],[17.732617,79.569531],[17.6875,79.53335],[17.733984,79.481348],[17.715039,79.430762],[17.66875,79.385937],[17.861035,79.437061],[18.27207,79.600586],[18.333301,79.610693],[18.397363,79.605176],[18.581445,79.571582],[18.748438,79.488184],[18.785254,79.460596],[18.815234,79.42666],[18.832422,79.384766],[18.822949,79.33667],[18.807422,79.303174],[18.72002,79.281494],[18.677832,79.261719],[18.772266,79.260254],[18.880078,79.234277],[18.979004,79.17915],[19.089453,79.157031],[19.490234,79.175684],[19.750879,79.146826],[19.893555,79.056201],[20.11377,79.076709],[20.114453,79.125],[20.162695,79.145654],[20.458203,79.129248],[20.611035,79.106641],[20.767188,79.059131],[20.500684,78.981396],[20.720313,78.906689],[21.089648,78.852637],[21.312207,78.79585],[21.352539,78.772021],[21.38877,78.74043],[21.243945,78.699414],[21.096289,78.67627],[20.724805,78.672314],[20.387012,78.643262],[19.76875,78.622705],[19.676758,78.60957],[19.65498,78.597852],[19.618555,78.562158],[19.380664,78.479785],[19.150488,78.379395],[19.055664,78.318945],[18.983789,78.234229],[18.957617,78.182471],[19.008691,78.132275],[18.995117,78.081494],[18.82207,78.041699],[18.712305,78.040088],[18.574609,78.047998],[18.439258,78.025049],[18.430664,77.990576],[18.438672,77.942041],[18.404004,77.793945],[18.361914,77.682275],[18.29873,77.578564],[18.22793,77.522607],[18.137402,77.507031],[17.84707,77.496777],[17.62334,77.399365],[17.44248,77.225244],[17.348633,77.156885],[17.152539,77.048926],[17.187891,77.010645],[17.249023,76.969189],[17.141992,76.894922],[16.97666,76.811621],[16.979883,76.779395],[17.035547,76.720361],[17.062695,76.658984],[16.935156,76.606152],[16.700488,76.579297],[16.461914,76.609326],[16.345801,76.644775],[16.238086,76.701514],[16.123828,76.738525],[16.004492,76.760742],[15.546777,76.886426],[15.124219,77.085107],[14.738477,77.162354],[14.486914,77.199023],[14.36582,77.234473],[14.247559,77.282129],[14.145313,77.335596],[14.050391,77.403223],[14.004199,77.445215],[13.995703,77.508203],[14.026074,77.545166],[14.071289,77.564111],[14.377637,77.579639],[14.487793,77.57085],[14.596289,77.537939],[14.69502,77.525049],[14.920801,77.688818],[16.205957,77.782471],[16.619141,77.798682],[17.033301,77.797705],[16.96875,77.841943],[16.914062,77.897998],[16.85293,77.911572],[16.539648,77.880225],[16.060059,77.847119],[15.826367,77.84707],[15.585352,77.869141],[15.344824,77.856982],[15.096875,77.809033],[14.846875,77.778662],[14.603906,77.766455],[14.089941,77.771387],[13.9625,77.79624],[13.791113,77.853809],[13.749609,77.883301],[13.71416,77.919434],[13.680566,78.028125],[13.717676,78.057617],[13.770117,78.074609],[13.824023,78.08501],[13.936914,78.085547],[14.047754,78.066846],[14.307227,78.005078],[14.248145,78.071387],[14.994727,78.151221],[15.341406,78.220947],[15.519434,78.232715],[15.698047,78.227588],[15.658691,78.264697],[15.657129,78.299023],[15.783887,78.327051],[15.875391,78.339111],[16.150293,78.352881],[16.776953,78.350439],[17.00293,78.369385],[17.171973,78.417139],[16.991797,78.400488],[16.81123,78.397266],[16.726562,78.407178],[16.535352,78.448877],[16.448633,78.503564],[16.696582,78.612891],[16.782617,78.663623],[16.530469,78.656299],[16.446289,78.638525],[16.15752,78.538135],[15.944043,78.493018],[15.680664,78.471338],[15.417383,78.473242],[15.359961,78.487549],[15.279395,78.554102],[15.254199,78.589062],[15.264941,78.608301],[15.34834,78.663135],[15.391602,78.721191],[15.38418,78.771191],[15.322754,78.781201],[15.225293,78.732324],[15.137305,78.664258],[15.016309,78.630127],[14.891797,78.639453],[14.838672,78.665576],[14.792383,78.705566],[14.743555,78.720947],[14.689258,78.720947],[14.577637,78.70498],[14.467188,78.675391],[14.505273,78.630518],[14.51543,78.580566],[14.467773,78.540918],[14.431836,78.49248],[14.545605,78.461963],[14.638281,78.4146],[14.499512,78.392383],[14.363281,78.359912],[14.238281,78.309863],[14.110449,78.270898],[13.907617,78.266748],[13.65498,78.245166],[13.150195,78.2375],[12.912793,78.301074],[12.869531,78.33125],[12.822168,78.351465],[12.664648,78.384766],[12.434766,78.482959],[12.25791,78.594678],[12.138281,78.605518],[11.961719,78.642383],[11.865527,78.674219],[11.773828,78.716406],[11.746289,78.76626],[11.755176,78.81167],[11.861035,78.831885],[11.611035,78.882959],[11.36543,78.950391],[11.456152,78.972998],[11.547559,78.982959],[12.274902,78.904492],[12.323438,78.914258],[12.40332,78.953223],[12.375,78.966357],[12.253125,78.975342],[12.087305,78.975098],[12.045801,78.983154],[11.981836,79.025293],[11.925684,79.077246],[11.901953,79.111865],[11.892773,79.152344],[12.016113,79.213086],[12.083984,79.267529],[11.97832,79.292676],[11.679297,79.291162],[11.579785,79.283496],[11.616406,79.205273],[11.521191,79.15127],[11.338867,79.109131],[11.208105,79.129639],[11.107227,79.232959],[10.975391,79.304883],[10.925781,79.350195],[10.888086,79.41543],[10.834375,79.462842],[10.737598,79.520166],[10.725,79.555518],[10.737012,79.581641],[10.810742,79.640918],[10.75459,79.690332],[10.68623,79.733594],[10.682129,79.758252],[10.746387,79.788672],[10.804004,79.798779],[10.865918,79.796582],[11.049609,79.760303],[11.150391,79.716992],[11.185254,79.720459],[11.250586,79.784863],[11.343652,79.799414],[11.702344,79.820605],[12.101758,79.737549],[12.205176,79.719092],[12.287793,79.713135],[12.245215,79.75],[12.219141,79.7979],[12.27998,79.815967],[12.602441,79.773242],[12.753516,79.775781],[13.10752,79.831738],[13.692871,79.860986],[13.91416,79.816943],[13.925684,79.793408],[13.921094,79.761719],[13.907031,79.752197],[13.777539,79.715283],[13.039258,79.685156],[12.555371,79.569482],[13.215137,79.588086],[13.333789,79.574805],[13.383594,79.480762],[13.431641,79.470898],[13.60127,79.457227],[13.716211,79.42915],[13.833691,79.375684],[13.957227,79.339648],[14.02959,79.344141],[14.055859,79.383105],[14.026367,79.429297],[14.011133,79.481934],[14.019824,79.538672],[14.039844,79.585645],[14.178418,79.618701],[14.379785,79.725977],[14.593652,79.79873],[14.831836,79.766406],[15.052344,79.675342],[15.25127,79.545459],[15.443945,79.406787],[15.660156,79.234863],[15.764063,79.174268],[15.858496,79.159912],[16.294531,78.981055],[16.34375,78.976123],[16.253516,79.112109],[16.027539,79.342383],[15.875098,79.519238],[15.840723,79.586865],[15.816113,79.681836],[15.825781,79.709033],[15.845117,79.733594],[15.955762,79.835107],[16.100195,79.884424],[16.056641,79.953955],[16.093848,80.007324],[16.245703,80.049463],[16.386621,80.052588],[16.524023,80.020508],[16.786719,79.906738]]],[[[11.250293,78.610693],[11.261719,78.541699],[11.424219,78.548584],[11.616309,78.475098],[11.825684,78.436084],[11.884863,78.409326],[11.929395,78.374902],[12.056152,78.305615],[12.116406,78.232568],[11.965039,78.224854],[11.756543,78.329004],[11.586523,78.388232],[11.372461,78.43877],[11.199219,78.44126],[11.121289,78.463281],[10.840625,78.644727],[10.788867,78.686523],[10.628418,78.753857],[10.557617,78.8375],[10.558203,78.90293],[10.772852,78.8875],[10.96084,78.846387],[11.123926,78.753369],[11.15293,78.724463],[11.078223,78.686035],[11.15498,78.640576],[11.250293,78.610693]]],[[[18.741602,80.300928],[18.525,80.245605],[18.162207,80.288184],[18.205566,80.331787],[18.291699,80.35835],[18.519336,80.34834],[18.741602,80.300928]]],[[[29.04707,78.912061],[29.34541,78.905762],[29.645117,78.921631],[29.69668,78.904736],[29.310547,78.8521],[28.881152,78.880078],[28.494531,78.887207],[28.037891,78.828711],[27.889063,78.852148],[28.120996,78.908447],[28.374023,78.927051],[28.414746,78.961426],[28.511133,78.967334],[28.845215,78.97085],[29.04707,78.912061]]]]}},{"type":"Feature","properties":{"featurecla":"Admin-0 country","scalerank":1,"LABELRANK":5,"SOVEREIGNT":"Netherlands","SOV_A3":"NL1","ADM0_DIF":1,"LEVEL":2,"TYPE":"Country","TLC":"1","ADMIN":"Netherlands","ADM0_A3":"NLD","GEOU_DIF":0,"GEOUNIT":"Netherlands","GU_A3":"NLD","SU_DIF":0,"SUBUNIT":"Netherlands","SU_A3":"NLD","BRK_DIFF":0,"NAME":"Netherlands","NAME_LONG":"Netherlands","BRK_A3":"NLD","BRK_NAME":"Netherlands","BRK_GROUP":null,"ABBREV":"Neth.","POSTAL":"NL","FORMAL_EN":"Kingdom of the Netherlands","FORMAL_FR":null,"NAME_CIAWF":"Netherlands","NOTE_ADM0":null,"NOTE_BRK":null,"NAME_SORT":"Netherlands","NAME_ALT":null,"MAPCOLOR7":4,"MAPCOLOR8":2,"MAPCOLOR9":2,"MAPCOLOR13":9,"POP_EST":17332850,"POP_RANK":14,"POP_YEAR":2019,"GDP_MD":907050,"GDP_YEAR":2019,"ECONOMY":"2. Developed region: nonG7","INCOME_GRP":"1. High income: OECD","FIPS_10":"NL","ISO_A2":"NL","ISO_A2_EH":"NL","ISO_A3":"NLD","ISO_A3_EH":"NLD","ISO_N3":"528","ISO_N3_EH":"528","UN_A3":"528","WB_A2":"NL","WB_A3":"NLD","WOE_ID":-90,"WOE_ID_EH":23424909,"WOE_NOTE":"Doesn't include new former units of Netherlands Antilles (24549811, 24549808, and 24549809)","ADM0_ISO":"NLD","ADM0_DIFF":null,"ADM0_TLC":"NLD","ADM0_A3_US":"NLD","ADM0_A3_FR":"NLD","ADM0_A3_RU":"NLD","ADM0_A3_ES":"NLD","ADM0_A3_CN":"NLD","ADM0_A3_TW":"NLD","ADM0_A3_IN":"NLD","ADM0_A3_NP":"NLD","ADM0_A3_PK":"NLD","ADM0_A3_DE":"NLD","ADM0_A3_GB":"NLD","ADM0_A3_BR":"NLD","ADM0_A3_IL":"NLD","ADM0_A3_PS":"NLD","ADM0_A3_SA":"NLD","ADM0_A3_EG":"NLD","ADM0_A3_MA":"NLD","ADM0_A3_PT":"NLD","ADM0_A3_AR":"NLD","ADM0_A3_JP":"NLD","ADM0_A3_KO":"NLD","ADM0_A3_VN":"NLD","ADM0_A3_TR":"NLD","ADM0_A3_ID":"NLD","ADM0_A3_PL":"NLD","ADM0_A3_GR":"NLD","ADM0_A3_IT":"NLD","ADM0_A3_NL":"NLD","ADM0_A3_SE":"NLD","ADM0_A3_BD":"NLD","ADM0_A3_UA":"NLD","ADM0_A3_UN":-99,"ADM0_A3_WB":-99,"CONTINENT":"Europe","REGION_UN":"Europe","SUBREGION":"Western Europe","REGION_WB":"Europe & Central Asia","NAME_LEN":11,"LONG_LEN":11,"ABBREV_LEN":5,"TINY":-99,"HOMEPART":1,"MIN_ZOOM":0,"MIN_LABEL":4,"MAX_LABEL":10,"LABEL_X":5.61144,"LABEL_Y":52.422211,"NE_ID":1159321101,"WIKIDATAID":"Q55","NAME_AR":"هولندا","NAME_BN":"নেদারল্যান্ডস","NAME_DE":"Niederlande","NAME_EN":"Netherlands","NAME_ES":"Países Bajos","NAME_FA":"هلند","NAME_FR":"Pays-Bas","NAME_EL":"Ολλανδία","NAME_HE":"הולנד","NAME_HI":"नीदरलैण्ड","NAME_HU":"Hollandia","NAME_ID":"Belanda","NAME_IT":"Paesi Bassi","NAME_JA":"オランダ","NAME_KO":"네덜란드","NAME_NL":"Nederland","NAME_PL":"Holandia","NAME_PT":"Países Baixos","NAME_RU":"Нидерланды","NAME_SV":"Nederländerna","NAME_TR":"Hollanda","NAME_UK":"Нідерланди","NAME_UR":"نیدرلینڈز","NAME_VI":"Hà Lan","NAME_ZH":"荷兰","NAME_ZHT":"荷蘭","FCLASS_ISO":"Admin-0 country","TLC_DIFF":null,"FCLASS_TLC":"Admin-0 country","FCLASS_US":null,"FCLASS_FR":null,"FCLASS_RU":null,"FCLASS_ES":null,"FCLASS_CN":null,"FCLASS_TW":null,"FCLASS_IN":null,"FCLASS_NP":null,"FCLASS_PK":null,"FCLASS_DE":null,"FCLASS_GB":null,"FCLASS_BR":null,"FCLASS_IL":null,"FCLASS_PS":null,"FCLASS_SA":null,"FCLASS_EG":null,"FCLASS_MA":null,"FCLASS_PT":null,"FCLASS_AR":null,"FCLASS_JP":null,"FCLASS_KO":null,"FCLASS_VN":null,"FCLASS_TR":null,"FCLASS_ID":null,"FCLASS_PL":null,"FCLASS_GR":null,"FCLASS_IT":null,"FCLASS_NL":null,"FCLASS_SE":null,"FCLASS_BD":null,"FCLASS_UA":null},"bbox":[-68.371094,12.03208,7.197266,53.625488],"geometry":{"type":"MultiPolygon","coordinates":[[[[5.993945,50.750439],[5.892461,50.752557],[5.797363,50.754541],[5.74707,50.75957],[5.693652,50.774658],[5.693555,50.774756],[5.669141,50.805957],[5.639453,50.843604],[5.647559,50.86665],[5.736621,50.932129],[5.75,50.950244],[5.74082,50.959912],[5.749805,50.98877],[5.818262,51.086426],[5.827148,51.125635],[5.796484,51.153076],[5.752344,51.169482],[5.608789,51.198437],[5.54043,51.239307],[5.508789,51.275],[5.476855,51.285059],[5.429785,51.272998],[5.31084,51.259717],[5.21416,51.278955],[5.099902,51.346484],[5.073438,51.406836],[5.059473,51.453125],[5.030957,51.469092],[4.992578,51.445361],[4.943945,51.407764],[4.848047,51.403271],[4.820703,51.412061],[4.816016,51.432812],[4.810547,51.452734],[4.78418,51.477393],[4.755664,51.491113],[4.633984,51.421729],[4.58877,51.421924],[4.531641,51.448584],[4.503418,51.474707],[4.440918,51.459814],[4.384766,51.427588],[4.404004,51.36709],[4.37373,51.356006],[4.304492,51.361523],[4.226172,51.386475],[4.138867,51.401514],[4.006543,51.443213],[3.821875,51.409375],[3.693555,51.449902],[3.586914,51.453906],[3.520508,51.486182],[3.448926,51.540771],[3.499609,51.57666],[3.548633,51.589111],[3.743945,51.596045],[3.886035,51.574219],[4.141309,51.455762],[4.205762,51.456689],[4.274121,51.471631],[4.239355,51.503906],[4.175488,51.519287],[4.080469,51.551123],[4.004785,51.59585],[4.182617,51.610303],[4.158008,51.633447],[4.13457,51.6729],[3.946875,51.810547],[3.978906,51.847803],[4.026074,51.927734],[4.084863,51.994092],[4.131738,52.011914],[4.208789,52.058984],[4.37627,52.196826],[4.482813,52.30918],[4.562109,52.442578],[4.67832,52.809766],[4.712695,52.872119],[4.76875,52.941309],[4.839063,52.928271],[4.887988,52.90835],[5.06123,52.960645],[5.358398,53.096484],[5.445996,53.214062],[5.532031,53.268701],[5.873535,53.375195],[6.062207,53.40708],[6.353223,53.415283],[6.563574,53.434277],[6.816211,53.441162],[6.912402,53.375391],[6.968164,53.327295],[7.058008,53.300586],[7.197266,53.282275],[7.188965,53.187207],[7.189941,52.999512],[7.179492,52.966211],[7.11709,52.887012],[7.050879,52.744775],[7.033008,52.651367],[7.013184,52.633545],[6.748438,52.634082],[6.710742,52.617871],[6.705371,52.597656],[6.71875,52.573584],[6.712402,52.549658],[6.691602,52.530176],[6.70293,52.499219],[6.748828,52.464014],[6.83252,52.442285],[6.92207,52.440283],[6.968164,52.444092],[7.001855,52.418994],[7.035156,52.380225],[7.032617,52.331494],[7.019629,52.266016],[6.977246,52.205518],[6.855078,52.135791],[6.800391,52.11123],[6.749023,52.098682],[6.724512,52.080225],[6.712988,52.056885],[6.715625,52.036182],[6.802441,51.980176],[6.800391,51.967383],[6.775195,51.938281],[6.741797,51.910889],[6.517578,51.853955],[6.425,51.858398],[6.372168,51.830029],[6.355664,51.824658],[6.29707,51.850732],[6.166504,51.880762],[6.117188,51.87041],[6.089844,51.853955],[6.007617,51.833984],[5.94873,51.802686],[5.948535,51.762402],[6.052734,51.658252],[6.089355,51.637793],[6.091113,51.598926],[6.141602,51.550098],[6.193262,51.488916],[6.198828,51.45],[6.192871,51.410596],[6.166211,51.354834],[6.075879,51.224121],[6.074805,51.199023],[6.082422,51.17998],[6.113379,51.174707],[6.136914,51.164844],[6.12998,51.147412],[5.961035,51.056689],[5.939258,51.04082],[5.868359,51.045312],[5.85752,51.030127],[5.867188,51.005664],[5.894727,50.984229],[5.955078,50.972949],[6.006836,50.949951],[6.048438,50.904883],[5.993945,50.750439]]],[[[4.226172,51.386475],[4.211426,51.34873],[4.172559,51.30708],[4.040039,51.24707],[3.902051,51.207666],[3.830762,51.212598],[3.781934,51.233203],[3.755664,51.254834],[3.681836,51.275684],[3.580273,51.286182],[3.51709,51.263623],[3.471973,51.242236],[3.43252,51.245752],[3.402832,51.263623],[3.380078,51.291113],[3.350098,51.377686],[3.425781,51.393506],[3.589453,51.399414],[3.716504,51.369141],[3.883398,51.354492],[4.011035,51.395947],[4.111523,51.360645],[4.226172,51.386475]]],[[[6.333398,53.510742],[6.193262,53.476807],[6.159277,53.483936],[6.167676,53.49375],[6.290918,53.51499],[6.333398,53.510742]]],[[[5.929297,53.458838],[5.732031,53.442627],[5.665332,53.454883],[5.654297,53.466504],[5.708105,53.473389],[5.87627,53.475098],[5.928223,53.46499],[5.929297,53.458838]]],[[[5.108594,53.308008],[4.92373,53.23457],[4.90791,53.24624],[5.027051,53.310205],[5.108594,53.308008]]],[[[5.325781,53.385742],[5.232617,53.377783],[5.190234,53.391797],[5.415137,53.431445],[5.557422,53.443555],[5.582617,53.438086],[5.325781,53.385742]]],[[[4.886133,53.070703],[4.787109,52.999805],[4.726758,53.019629],[4.70918,53.036035],[4.739844,53.091309],[4.886426,53.183301],[4.886133,53.070703]]],[[[3.949121,51.739453],[4.046777,51.684912],[4.067578,51.66748],[4.075098,51.648779],[3.950977,51.627051],[3.819043,51.693994],[3.731836,51.678223],[3.699023,51.709912],[3.698535,51.729687],[3.789062,51.746436],[3.949121,51.739453]]],[[[6.734766,53.58252],[6.64209,53.579199],[6.668555,53.605664],[6.75459,53.625488],[6.800879,53.625488],[6.734766,53.58252]]],[[[-68.205811,12.14458],[-68.254346,12.03208],[-68.282227,12.082275],[-68.287256,12.171729],[-68.307129,12.206738],[-68.348437,12.228076],[-68.371094,12.25752],[-68.369238,12.301953],[-68.219482,12.23125],[-68.205811,12.14458]]],[[[-62.9375,17.495654],[-62.961719,17.475049],[-62.983105,17.476904],[-62.997168,17.496826],[-62.999609,17.530371],[-62.979346,17.521191],[-62.971777,17.516064],[-62.96543,17.509277],[-62.9375,17.495654]]],[[[-63.232666,17.623145],[-63.241602,17.61958],[-63.254492,17.628662],[-63.252148,17.645264],[-63.24165,17.651807],[-63.233496,17.647217],[-63.226904,17.634131],[-63.232666,17.623145]]]]}},{"type":"Feature","properties":{"featurecla":"Admin-0 country","scalerank":1,"LABELRANK":6,"SOVEREIGNT":"Montenegro","SOV_A3":"MNE","ADM0_DIF":0,"LEVEL":2,"TYPE":"Sovereign country","TLC":"1","ADMIN":"Montenegro","ADM0_A3":"MNE","GEOU_DIF":0,"GEOUNIT":"Montenegro","GU_A3":"MNE","SU_DIF":0,"SUBUNIT":"Montenegro","SU_A3":"MNE","BRK_DIFF":0,"NAME":"Montenegro","NAME_LONG":"Montenegro","BRK_A3":"MNE","BRK_NAME":"Montenegro","BRK_GROUP":null,"ABBREV":"Mont.","POSTAL":"ME","FORMAL_EN":"Montenegro","FORMAL_FR":null,"NAME_CIAWF":"Montenegro","NOTE_ADM0":null,"NOTE_BRK":null,"NAME_SORT":"Montenegro","NAME_ALT":null,"MAPCOLOR7":4,"MAPCOLOR8":1,"MAPCOLOR9":4,"MAPCOLOR13":5,"POP_EST":622137,"POP_RANK":11,"POP_YEAR":2019,"GDP_MD":5542,"GDP_YEAR":2019,"ECONOMY":"6. Developing region","INCOME_GRP":"3. Upper middle income","FIPS_10":"MJ","ISO_A2":"ME","ISO_A2_EH":"ME","ISO_A3":"MNE","ISO_A3_EH":"MNE","ISO_N3":"499","ISO_N3_EH":"499","UN_A3":"499","WB_A2":"ME","WB_A3":"MNE","WOE_ID":20069817,"WOE_ID_EH":20069817,"WOE_NOTE":"Exact WOE match as country","ADM0_ISO":"MNE","ADM0_DIFF":null,"ADM0_TLC":"MNE","ADM0_A3_US":"MNE","ADM0_A3_FR":"MNE","ADM0_A3_RU":"MNE","ADM0_A3_ES":"MNE","ADM0_A3_CN":"MNE","ADM0_A3_TW":"MNE","ADM0_A3_IN":"MNE","ADM0_A3_NP":"MNE","ADM0_A3_PK":"MNE","ADM0_A3_DE":"MNE","ADM0_A3_GB":"MNE","ADM0_A3_BR":"MNE","ADM0_A3_IL":"MNE","ADM0_A3_PS":"MNE","ADM0_A3_SA":"MNE","ADM0_A3_EG":"MNE","ADM0_A3_MA":"MNE","ADM0_A3_PT":"MNE","ADM0_A3_AR":"MNE","ADM0_A3_JP":"MNE","ADM0_A3_KO":"MNE","ADM0_A3_VN":"MNE","ADM0_A3_TR":"MNE","ADM0_A3_ID":"MNE","ADM0_A3_PL":"MNE","ADM0_A3_GR":"MNE","ADM0_A3_IT":"MNE","ADM0_A3_NL":"MNE","ADM0_A3_SE":"MNE","ADM0_A3_BD":"MNE","ADM0_A3_UA":"MNE","ADM0_A3_UN":-99,"ADM0_A3_WB":-99,"CONTINENT":"Europe","REGION_UN":"Europe","SUBREGION":"Southern Europe","REGION_WB":"Europe & Central Asia","NAME_LEN":10,"LONG_LEN":10,"ABBREV_LEN":5,"TINY":-99,"HOMEPART":1,"MIN_ZOOM":0,"MIN_LABEL":5,"MAX_LABEL":10,"LABEL_X":19.143727,"LABEL_Y":42.803101,"NE_ID":1159321069,"WIKIDATAID":"Q236","NAME_AR":"الجبل الأسود","NAME_BN":"মন্টিনিগ্রো","NAME_DE":"Montenegro","NAME_EN":"Montenegro","NAME_ES":"Montenegro","NAME_FA":"مونتهنگرو","NAME_FR":"Monténégro","NAME_EL":"Μαυροβούνιο","NAME_HE":"מונטנגרו","NAME_HI":"मॉन्टेनीग्रो","NAME_HU":"Montenegró","NAME_ID":"Montenegro","NAME_IT":"Montenegro","NAME_JA":"モンテネグロ","NAME_KO":"몬테네그로","NAME_NL":"Montenegro","NAME_PL":"Czarnogóra","NAME_PT":"Montenegro","NAME_RU":"Черногория","NAME_SV":"Montenegro","NAME_TR":"Karadağ","NAME_UK":"Чорногорія","NAME_UR":"مونٹینیگرو","NAME_VI":"Montenegro","NAME_ZH":"黑山","NAME_ZHT":"蒙特內哥羅","FCLASS_ISO":"Admin-0 country","TLC_DIFF":null,"FCLASS_TLC":"Admin-0 country","FCLASS_US":null,"FCLASS_FR":null,"FCLASS_RU":null,"FCLASS_ES":null,"FCLASS_CN":null,"FCLASS_TW":null,"FCLASS_IN":null,"FCLASS_NP":null,"FCLASS_PK":null,"FCLASS_DE":null,"FCLASS_GB":null,"FCLASS_BR":null,"FCLASS_IL":null,"FCLASS_PS":null,"FCLASS_SA":null,"FCLASS_EG":null,"FCLASS_MA":null,"FCLASS_PT":null,"FCLASS_AR":null,"FCLASS_JP":null,"FCLASS_KO":null,"FCLASS_VN":null,"FCLASS_TR":null,"FCLASS_ID":null,"FCLASS_PL":null,"FCLASS_GR":null,"FCLASS_IT":null,"FCLASS_NL":null,"FCLASS_SE":null,"FCLASS_BD":null,"FCLASS_UA":null},"bbox":[18.436328,41.869092,20.347656,43.542334],"geometry":{"type":"Polygon","coordinates":[[[19.194336,43.533301],[19.191602,43.521045],[19.196484,43.48501],[19.21875,43.449951],[19.298242,43.413965],[19.414648,43.342822],[19.551563,43.212256],[19.614453,43.173437],[19.670996,43.163965],[19.781152,43.109766],[19.858008,43.096533],[19.944043,43.081641],[20.167871,42.968506],[20.268457,42.935449],[20.339941,42.892871],[20.347656,42.852783],[20.344336,42.82793],[20.215137,42.798828],[20.192578,42.754639],[20.12998,42.759766],[20.054297,42.760059],[20.029492,42.732031],[20.065723,42.68584],[20.089258,42.631543],[20.070312,42.55708],[20.063965,42.547266],[20.045703,42.549902],[19.939063,42.506689],[19.859766,42.486328],[19.788281,42.476172],[19.754492,42.496924],[19.737793,42.525146],[19.740723,42.606934],[19.727832,42.634521],[19.703418,42.647949],[19.654492,42.628564],[19.597461,42.56543],[19.544531,42.491943],[19.465137,42.415381],[19.399609,42.341895],[19.329004,42.249268],[19.280664,42.172559],[19.330859,42.129297],[19.361426,42.069092],[19.352148,42.024023],[19.361133,41.997754],[19.345508,41.918848],[19.342383,41.869092],[19.186426,41.948633],[19.122266,42.060498],[18.894238,42.249463],[18.63291,42.378076],[18.619043,42.398389],[18.633398,42.423145],[18.645898,42.442725],[18.591602,42.444189],[18.553516,42.428516],[18.51748,42.43291],[18.47666,42.481104],[18.438086,42.522949],[18.436328,42.559717],[18.453906,42.564502],[18.480078,42.579199],[18.534961,42.620117],[18.545898,42.641602],[18.543262,42.67417],[18.466016,42.777246],[18.455078,42.844092],[18.443848,42.968457],[18.460156,42.9979],[18.488477,43.012158],[18.623633,43.027686],[18.621875,43.124609],[18.62998,43.153662],[18.656836,43.193945],[18.674219,43.230811],[18.749219,43.283545],[18.851074,43.346338],[18.895605,43.348193],[18.934668,43.339453],[18.978711,43.2854],[19.02666,43.292432],[19.036719,43.357324],[18.973828,43.442383],[18.940234,43.496729],[18.950684,43.52666],[18.974219,43.542334],[19.02832,43.53252],[19.080078,43.517725],[19.112793,43.527734],[19.164355,43.535449],[19.194336,43.533301]]]}},{"type":"Feature","properties":{"featurecla":"Admin-0 country","scalerank":1,"LABELRANK":6,"SOVEREIGNT":"Moldova","SOV_A3":"MDA","ADM0_DIF":0,"LEVEL":2,"TYPE":"Sovereign country","TLC":"1","ADMIN":"Moldova","ADM0_A3":"MDA","GEOU_DIF":0,"GEOUNIT":"Moldova","GU_A3":"MDA","SU_DIF":0,"SUBUNIT":"Moldova","SU_A3":"MDA","BRK_DIFF":0,"NAME":"Moldova","NAME_LONG":"Moldova","BRK_A3":"MDA","BRK_NAME":"Moldova","BRK_GROUP":null,"ABBREV":"Mda.","POSTAL":"MD","FORMAL_EN":"Republic of Moldova","FORMAL_FR":null,"NAME_CIAWF":"Moldova","NOTE_ADM0":null,"NOTE_BRK":null,"NAME_SORT":"Moldova","NAME_ALT":null,"MAPCOLOR7":3,"MAPCOLOR8":5,"MAPCOLOR9":4,"MAPCOLOR13":12,"POP_EST":2657637,"POP_RANK":12,"POP_YEAR":2019,"GDP_MD":11968,"GDP_YEAR":2019,"ECONOMY":"6. Developing region","INCOME_GRP":"4. Lower middle income","FIPS_10":"MD","ISO_A2":"MD","ISO_A2_EH":"MD","ISO_A3":"MDA","ISO_A3_EH":"MDA","ISO_N3":"498","ISO_N3_EH":"498","UN_A3":"498","WB_A2":"MD","WB_A3":"MDA","WOE_ID":23424885,"WOE_ID_EH":23424885,"WOE_NOTE":"Exact WOE match as country","ADM0_ISO":"MDA","ADM0_DIFF":null,"ADM0_TLC":"MDA","ADM0_A3_US":"MDA","ADM0_A3_FR":"MDA","ADM0_A3_RU":"MDA","ADM0_A3_ES":"MDA","ADM0_A3_CN":"MDA","ADM0_A3_TW":"MDA","ADM0_A3_IN":"MDA","ADM0_A3_NP":"MDA","ADM0_A3_PK":"MDA","ADM0_A3_DE":"MDA","ADM0_A3_GB":"MDA","ADM0_A3_BR":"MDA","ADM0_A3_IL":"MDA","ADM0_A3_PS":"MDA","ADM0_A3_SA":"MDA","ADM0_A3_EG":"MDA","ADM0_A3_MA":"MDA","ADM0_A3_PT":"MDA","ADM0_A3_AR":"MDA","ADM0_A3_JP":"MDA","ADM0_A3_KO":"MDA","ADM0_A3_VN":"MDA","ADM0_A3_TR":"MDA","ADM0_A3_ID":"MDA","ADM0_A3_PL":"MDA","ADM0_A3_GR":"MDA","ADM0_A3_IT":"MDA","ADM0_A3_NL":"MDA","ADM0_A3_SE":"MDA","ADM0_A3_BD":"MDA","ADM0_A3_UA":"MDA","ADM0_A3_UN":-99,"ADM0_A3_WB":-99,"CONTINENT":"Europe","REGION_UN":"Europe","SUBREGION":"Eastern Europe","REGION_WB":"Europe & Central Asia","NAME_LEN":7,"LONG_LEN":7,"ABBREV_LEN":4,"TINY":-99,"HOMEPART":1,"MIN_ZOOM":0,"MIN_LABEL":5,"MAX_LABEL":10,"LABEL_X":28.487904,"LABEL_Y":47.434999,"NE_ID":1159321045,"WIKIDATAID":"Q217","NAME_AR":"مولدوفا","NAME_BN":"মলদোভা","NAME_DE":"Republik Moldau","NAME_EN":"Moldova","NAME_ES":"Moldavia","NAME_FA":"مولداوی","NAME_FR":"Moldavie","NAME_EL":"Μολδαβία","NAME_HE":"מולדובה","NAME_HI":"मॉल्डोवा","NAME_HU":"Moldova","NAME_ID":"Moldova","NAME_IT":"Moldavia","NAME_JA":"モルドバ","NAME_KO":"몰도바","NAME_NL":"Moldavië","NAME_PL":"Mołdawia","NAME_PT":"Moldávia","NAME_RU":"Молдавия","NAME_SV":"Moldavien","NAME_TR":"Moldova","NAME_UK":"Молдова","NAME_UR":"مالدووا","NAME_VI":"Moldova","NAME_ZH":"摩尔多瓦","NAME_ZHT":"摩爾多瓦","FCLASS_ISO":"Admin-0 country","TLC_DIFF":null,"FCLASS_TLC":"Admin-0 country","FCLASS_US":null,"FCLASS_FR":null,"FCLASS_RU":null,"FCLASS_ES":null,"FCLASS_CN":null,"FCLASS_TW":null,"FCLASS_IN":null,"FCLASS_NP":null,"FCLASS_PK":null,"FCLASS_DE":null,"FCLASS_GB":null,"FCLASS_BR":null,"FCLASS_IL":null,"FCLASS_PS":null,"FCLASS_SA":null,"FCLASS_EG":null,"FCLASS_MA":null,"FCLASS_PT":null,"FCLASS_AR":null,"FCLASS_JP":null,"FCLASS_KO":null,"FCLASS_VN":null,"FCLASS_TR":null,"FCLASS_ID":null,"FCLASS_PL":null,"FCLASS_GR":null,"FCLASS_IT":null,"FCLASS_NL":null,"FCLASS_SE":null,"FCLASS_BD":null,"FCLASS_UA":null},"bbox":[26.618945,45.450439,30.131055,48.477734],"geometry":{"type":"Polygon","coordinates":[[[26.618945,48.259863],[26.64043,48.294141],[26.84707,48.387158],[26.900586,48.371924],[27.008496,48.368262],[27.228516,48.371436],[27.336914,48.432715],[27.403809,48.415625],[27.458398,48.443066],[27.549219,48.477734],[27.562207,48.47041],[27.57373,48.464893],[27.714453,48.449512],[27.82002,48.41626],[27.890625,48.365234],[27.963379,48.333545],[28.038477,48.321289],[28.080078,48.295801],[28.088477,48.257031],[28.158789,48.237988],[28.291016,48.238574],[28.347168,48.213037],[28.326953,48.161426],[28.340527,48.144434],[28.3875,48.162109],[28.423047,48.146875],[28.441992,48.108691],[28.463086,48.090527],[28.530469,48.150293],[28.60166,48.144385],[28.773828,48.11958],[28.86582,47.995654],[28.923145,47.951123],[28.97334,47.933008],[29.036914,47.952344],[29.092969,47.975439],[29.125391,47.964551],[29.194824,47.882422],[29.211133,47.775],[29.210742,47.731543],[29.186035,47.658594],[29.150879,47.580859],[29.122949,47.530371],[29.134863,47.489697],[29.159766,47.455664],[29.200586,47.444482],[29.333789,47.375732],[29.383398,47.328027],[29.455664,47.292627],[29.510645,47.290723],[29.53916,47.270996],[29.549316,47.246826],[29.541797,47.185547],[29.510938,47.128027],[29.515039,47.091113],[29.563477,47.04751],[29.568652,46.996729],[29.571973,46.964014],[29.597754,46.938818],[29.719727,46.88291],[29.877832,46.828906],[29.918066,46.782422],[29.94248,46.723779],[29.934766,46.625],[29.924316,46.538867],[30.131055,46.423096],[30.10752,46.401562],[30.075684,46.377832],[29.878027,46.360205],[29.837891,46.350537],[29.751953,46.437793],[29.706836,46.44873],[29.664551,46.416748],[29.614941,46.398828],[29.555078,46.407764],[29.491016,46.434668],[29.458789,46.45376],[29.432813,46.455957],[29.392871,46.436914],[29.339551,46.445068],[29.304883,46.466602],[29.25459,46.392627],[29.223828,46.376953],[29.20459,46.379346],[29.200781,46.50498],[29.18623,46.523975],[29.146289,46.526904],[29.049902,46.497021],[28.958398,46.458496],[28.927441,46.424121],[28.930566,46.362256],[28.94375,46.288428],[29.00625,46.176465],[28.971875,46.127637],[28.947754,46.049951],[28.849512,45.978662],[28.73877,45.937158],[28.729297,45.852002],[28.667578,45.793848],[28.562305,45.735791],[28.491602,45.665771],[28.509473,45.617822],[28.51377,45.572412],[28.501758,45.541553],[28.499023,45.517725],[28.471387,45.507178],[28.310352,45.498584],[28.264844,45.483887],[28.2125,45.450439],[28.1625,45.51377],[28.111914,45.569141],[28.074707,45.598975],[28.090332,45.612744],[28.130859,45.628271],[28.159766,45.647119],[28.15625,45.713086],[28.134961,45.788867],[28.115527,45.825537],[28.113574,45.883057],[28.099707,45.972607],[28.119141,46.138672],[28.199609,46.347559],[28.244336,46.45127],[28.222656,46.508057],[28.239453,46.64082],[28.204688,46.706396],[28.15,46.79209],[28.071777,46.978418],[27.974219,47.043213],[27.853809,47.114502],[27.802344,47.168311],[27.767969,47.227588],[27.696191,47.286426],[27.614063,47.340527],[27.51582,47.475635],[27.464844,47.53667],[27.449219,47.553125],[27.336914,47.639746],[27.27793,47.717969],[27.248145,47.782227],[27.230859,47.841748],[27.152051,47.959277],[27.080371,48.047656],[27.012207,48.110498],[26.980762,48.155029],[26.900977,48.211133],[26.787305,48.255811],[26.71377,48.263477],[26.618945,48.259863]]]}},{"type":"Feature","properties":{"featurecla":"Admin-0 country","scalerank":6,"LABELRANK":6,"SOVEREIGNT":"Monaco","SOV_A3":"MCO","ADM0_DIF":0,"LEVEL":2,"TYPE":"Sovereign country","TLC":"1","ADMIN":"Monaco","ADM0_A3":"MCO","GEOU_DIF":0,"GEOUNIT":"Monaco","GU_A3":"MCO","SU_DIF":0,"SUBUNIT":"Monaco","SU_A3":"MCO","BRK_DIFF":0,"NAME":"Monaco","NAME_LONG":"Monaco","BRK_A3":"MCO","BRK_NAME":"Monaco","BRK_GROUP":null,"ABBREV":"Mco.","POSTAL":"MC","FORMAL_EN":"Principality of Monaco","FORMAL_FR":null,"NAME_CIAWF":"Monaco","NOTE_ADM0":null,"NOTE_BRK":null,"NAME_SORT":"Monaco","NAME_ALT":null,"MAPCOLOR7":1,"MAPCOLOR8":1,"MAPCOLOR9":2,"MAPCOLOR13":12,"POP_EST":38964,"POP_RANK":7,"POP_YEAR":2019,"GDP_MD":7188,"GDP_YEAR":2018,"ECONOMY":"2. Developed region: nonG7","INCOME_GRP":"2. High income: nonOECD","FIPS_10":"MN","ISO_A2":"MC","ISO_A2_EH":"MC","ISO_A3":"MCO","ISO_A3_EH":"MCO","ISO_N3":"492","ISO_N3_EH":"492","UN_A3":"492","WB_A2":"MC","WB_A3":"MCO","WOE_ID":23424892,"WOE_ID_EH":23424892,"WOE_NOTE":"Exact WOE match as country","ADM0_ISO":"MCO","ADM0_DIFF":null,"ADM0_TLC":"MCO","ADM0_A3_US":"MCO","ADM0_A3_FR":"MCO","ADM0_A3_RU":"MCO","ADM0_A3_ES":"MCO","ADM0_A3_CN":"MCO","ADM0_A3_TW":"MCO","ADM0_A3_IN":"MCO","ADM0_A3_NP":"MCO","ADM0_A3_PK":"MCO","ADM0_A3_DE":"MCO","ADM0_A3_GB":"MCO","ADM0_A3_BR":"MCO","ADM0_A3_IL":"MCO","ADM0_A3_PS":"MCO","ADM0_A3_SA":"MCO","ADM0_A3_EG":"MCO","ADM0_A3_MA":"MCO","ADM0_A3_PT":"MCO","ADM0_A3_AR":"MCO","ADM0_A3_JP":"MCO","ADM0_A3_KO":"MCO","ADM0_A3_VN":"MCO","ADM0_A3_TR":"MCO","ADM0_A3_ID":"MCO","ADM0_A3_PL":"MCO","ADM0_A3_GR":"MCO","ADM0_A3_IT":"MCO","ADM0_A3_NL":"MCO","ADM0_A3_SE":"MCO","ADM0_A3_BD":"MCO","ADM0_A3_UA":"MCO","ADM0_A3_UN":-99,"ADM0_A3_WB":-99,"CONTINENT":"Europe","REGION_UN":"Europe","SUBREGION":"Western Europe","REGION_WB":"Europe & Central Asia","NAME_LEN":6,"LONG_LEN":6,"ABBREV_LEN":4,"TINY":5,"HOMEPART":1,"MIN_ZOOM":0,"MIN_LABEL":5,"MAX_LABEL":10,"LABEL_X":7.398291,"LABEL_Y":43.739652,"NE_ID":1159321043,"WIKIDATAID":"Q235","NAME_AR":"موناكو","NAME_BN":"মোনাকো","NAME_DE":"Monaco","NAME_EN":"Monaco","NAME_ES":"Mónaco","NAME_FA":"موناکو","NAME_FR":"Monaco","NAME_EL":"Μονακό","NAME_HE":"מונקו","NAME_HI":"मोनैको","NAME_HU":"Monaco","NAME_ID":"Monako","NAME_IT":"Principato di Monaco","NAME_JA":"モナコ","NAME_KO":"모나코","NAME_NL":"Monaco","NAME_PL":"Monako","NAME_PT":"Mónaco","NAME_RU":"Монако","NAME_SV":"Monaco","NAME_TR":"Monako","NAME_UK":"Монако","NAME_UR":"موناکو","NAME_VI":"Monaco","NAME_ZH":"摩纳哥","NAME_ZHT":"摩納哥","FCLASS_ISO":"Admin-0 country","TLC_DIFF":null,"FCLASS_TLC":"Admin-0 country","FCLASS_US":null,"FCLASS_FR":null,"FCLASS_RU":null,"FCLASS_ES":null,"FCLASS_CN":null,"FCLASS_TW":null,"FCLASS_IN":null,"FCLASS_NP":null,"FCLASS_PK":null,"FCLASS_DE":null,"FCLASS_GB":null,"FCLASS_BR":null,"FCLASS_IL":null,"FCLASS_PS":null,"FCLASS_SA":null,"FCLASS_EG":null,"FCLASS_MA":null,"FCLASS_PT":null,"FCLASS_AR":null,"FCLASS_JP":null,"FCLASS_KO":null,"FCLASS_VN":null,"FCLASS_TR":null,"FCLASS_ID":null,"FCLASS_PL":null,"FCLASS_GR":null,"FCLASS_IT":null,"FCLASS_NL":null,"FCLASS_SE":null,"FCLASS_BD":null,"FCLASS_UA":null},"bbox":[7.377734,43.731738,7.438672,43.770898],"geometry":{"type":"Polygon","coordinates":[[[7.438672,43.750439],[7.377734,43.731738],[7.380078,43.753223],[7.39502,43.765332],[7.414453,43.770898],[7.436914,43.761475],[7.438672,43.750439]]]}},{"type":"Feature","properties":{"featurecla":"Admin-0 country","scalerank":3,"LABELRANK":5,"SOVEREIGNT":"Malta","SOV_A3":"MLT","ADM0_DIF":0,"LEVEL":2,"TYPE":"Sovereign country","TLC":"1","ADMIN":"Malta","ADM0_A3":"MLT","GEOU_DIF":0,"GEOUNIT":"Malta","GU_A3":"MLT","SU_DIF":0,"SUBUNIT":"Malta","SU_A3":"MLT","BRK_DIFF":0,"NAME":"Malta","NAME_LONG":"Malta","BRK_A3":"MLT","BRK_NAME":"Malta","BRK_GROUP":null,"ABBREV":"Malta","POSTAL":"M","FORMAL_EN":"Republic of Malta","FORMAL_FR":null,"NAME_CIAWF":"Malta","NOTE_ADM0":null,"NOTE_BRK":null,"NAME_SORT":"Malta","NAME_ALT":null,"MAPCOLOR7":1,"MAPCOLOR8":4,"MAPCOLOR9":1,"MAPCOLOR13":8,"POP_EST":502653,"POP_RANK":11,"POP_YEAR":2019,"GDP_MD":14989,"GDP_YEAR":2019,"ECONOMY":"2. Developed region: nonG7","INCOME_GRP":"2. High income: nonOECD","FIPS_10":"MT","ISO_A2":"MT","ISO_A2_EH":"MT","ISO_A3":"MLT","ISO_A3_EH":"MLT","ISO_N3":"470","ISO_N3_EH":"470","UN_A3":"470","WB_A2":"MT","WB_A3":"MLT","WOE_ID":23424897,"WOE_ID_EH":23424897,"WOE_NOTE":"Exact WOE match as country","ADM0_ISO":"MLT","ADM0_DIFF":null,"ADM0_TLC":"MLT","ADM0_A3_US":"MLT","ADM0_A3_FR":"MLT","ADM0_A3_RU":"MLT","ADM0_A3_ES":"MLT","ADM0_A3_CN":"MLT","ADM0_A3_TW":"MLT","ADM0_A3_IN":"MLT","ADM0_A3_NP":"MLT","ADM0_A3_PK":"MLT","ADM0_A3_DE":"MLT","ADM0_A3_GB":"MLT","ADM0_A3_BR":"MLT","ADM0_A3_IL":"MLT","ADM0_A3_PS":"MLT","ADM0_A3_SA":"MLT","ADM0_A3_EG":"MLT","ADM0_A3_MA":"MLT","ADM0_A3_PT":"MLT","ADM0_A3_AR":"MLT","ADM0_A3_JP":"MLT","ADM0_A3_KO":"MLT","ADM0_A3_VN":"MLT","ADM0_A3_TR":"MLT","ADM0_A3_ID":"MLT","ADM0_A3_PL":"MLT","ADM0_A3_GR":"MLT","ADM0_A3_IT":"MLT","ADM0_A3_NL":"MLT","ADM0_A3_SE":"MLT","ADM0_A3_BD":"MLT","ADM0_A3_UA":"MLT","ADM0_A3_UN":-99,"ADM0_A3_WB":-99,"CONTINENT":"Europe","REGION_UN":"Europe","SUBREGION":"Southern Europe","REGION_WB":"Middle East & North Africa","NAME_LEN":5,"LONG_LEN":5,"ABBREV_LEN":5,"TINY":3,"HOMEPART":1,"MIN_ZOOM":0,"MIN_LABEL":4,"MAX_LABEL":9,"LABEL_X":14.433005,"LABEL_Y":35.892886,"NE_ID":1159321065,"WIKIDATAID":"Q233","NAME_AR":"مالطا","NAME_BN":"মাল্টা","NAME_DE":"Malta","NAME_EN":"Malta","NAME_ES":"Malta","NAME_FA":"مالت","NAME_FR":"Malte","NAME_EL":"Μάλτα","NAME_HE":"מלטה","NAME_HI":"माल्टा","NAME_HU":"Málta","NAME_ID":"Malta","NAME_IT":"Malta","NAME_JA":"マルタ","NAME_KO":"몰타","NAME_NL":"Malta","NAME_PL":"Malta","NAME_PT":"Malta","NAME_RU":"Мальта","NAME_SV":"Malta","NAME_TR":"Malta","NAME_UK":"Мальта","NAME_UR":"مالٹا","NAME_VI":"Malta","NAME_ZH":"马耳他","NAME_ZHT":"馬耳他","FCLASS_ISO":"Admin-0 country","TLC_DIFF":null,"FCLASS_TLC":"Admin-0 country","FCLASS_US":null,"FCLASS_FR":null,"FCLASS_RU":null,"FCLASS_ES":null,"FCLASS_CN":null,"FCLASS_TW":null,"FCLASS_IN":null,"FCLASS_NP":null,"FCLASS_PK":null,"FCLASS_DE":null,"FCLASS_GB":null,"FCLASS_BR":null,"FCLASS_IL":null,"FCLASS_PS":null,"FCLASS_SA":null,"FCLASS_EG":null,"FCLASS_MA":null,"FCLASS_PT":null,"FCLASS_AR":null,"FCLASS_JP":null,"FCLASS_KO":null,"FCLASS_VN":null,"FCLASS_TR":null,"FCLASS_ID":null,"FCLASS_PL":null,"FCLASS_GR":null,"FCLASS_IT":null,"FCLASS_NL":null,"FCLASS_SE":null,"FCLASS_BD":null,"FCLASS_UA":null},"bbox":[14.180371,35.820215,14.566211,36.075781],"geometry":{"type":"MultiPolygon","coordinates":[[[[14.566211,35.852734],[14.532715,35.820215],[14.436426,35.82168],[14.352344,35.872266],[14.35127,35.978418],[14.44834,35.957422],[14.537012,35.886279],[14.566211,35.852734]]],[[[14.313477,36.027588],[14.253613,36.012158],[14.194238,36.042236],[14.180371,36.0604],[14.263281,36.075781],[14.303711,36.062305],[14.320898,36.03623],[14.313477,36.027588]]]]}},{"type":"Feature","properties":{"featurecla":"Admin-0 country","scalerank":1,"LABELRANK":6,"SOVEREIGNT":"North Macedonia","SOV_A3":"MKD","ADM0_DIF":0,"LEVEL":2,"TYPE":"Sovereign country","TLC":"1","ADMIN":"North Macedonia","ADM0_A3":"MKD","GEOU_DIF":0,"GEOUNIT":"North Macedonia","GU_A3":"MKD","SU_DIF":0,"SUBUNIT":"North Macedonia","SU_A3":"MKD","BRK_DIFF":0,"NAME":"North Macedonia","NAME_LONG":"North Macedonia","BRK_A3":"MKD","BRK_NAME":"North Macedonia","BRK_GROUP":null,"ABBREV":"N. Mac.","POSTAL":"NM","FORMAL_EN":"Republic of North Macedonia","FORMAL_FR":null,"NAME_CIAWF":"North Macedonia","NOTE_ADM0":null,"NOTE_BRK":null,"NAME_SORT":"North Macedonia","NAME_ALT":null,"MAPCOLOR7":5,"MAPCOLOR8":3,"MAPCOLOR9":7,"MAPCOLOR13":3,"POP_EST":2083459,"POP_RANK":12,"POP_YEAR":2019,"GDP_MD":12547,"GDP_YEAR":2019,"ECONOMY":"6. Developing region","INCOME_GRP":"3. Upper middle income","FIPS_10":"MK","ISO_A2":"MK","ISO_A2_EH":"MK","ISO_A3":"MKD","ISO_A3_EH":"MKD","ISO_N3":"807","ISO_N3_EH":"807","UN_A3":"807","WB_A2":"MK","WB_A3":"MKD","WOE_ID":23424890,"WOE_ID_EH":23424890,"WOE_NOTE":"Exact WOE match as country","ADM0_ISO":"MKD","ADM0_DIFF":null,"ADM0_TLC":"MKD","ADM0_A3_US":"MKD","ADM0_A3_FR":"MKD","ADM0_A3_RU":"MKD","ADM0_A3_ES":"MKD","ADM0_A3_CN":"MKD","ADM0_A3_TW":"MKD","ADM0_A3_IN":"MKD","ADM0_A3_NP":"MKD","ADM0_A3_PK":"MKD","ADM0_A3_DE":"MKD","ADM0_A3_GB":"MKD","ADM0_A3_BR":"MKD","ADM0_A3_IL":"MKD","ADM0_A3_PS":"MKD","ADM0_A3_SA":"MKD","ADM0_A3_EG":"MKD","ADM0_A3_MA":"MKD","ADM0_A3_PT":"MKD","ADM0_A3_AR":"MKD","ADM0_A3_JP":"MKD","ADM0_A3_KO":"MKD","ADM0_A3_VN":"MKD","ADM0_A3_TR":"MKD","ADM0_A3_ID":"MKD","ADM0_A3_PL":"MKD","ADM0_A3_GR":"MKD","ADM0_A3_IT":"MKD","ADM0_A3_NL":"MKD","ADM0_A3_SE":"MKD","ADM0_A3_BD":"MKD","ADM0_A3_UA":"MKD","ADM0_A3_UN":-99,"ADM0_A3_WB":-99,"CONTINENT":"Europe","REGION_UN":"Europe","SUBREGION":"Southern Europe","REGION_WB":"Europe & Central Asia","NAME_LEN":15,"LONG_LEN":15,"ABBREV_LEN":7,"TINY":-99,"HOMEPART":1,"MIN_ZOOM":0,"MIN_LABEL":5,"MAX_LABEL":10,"LABEL_X":21.555839,"LABEL_Y":41.558223,"NE_ID":1159321061,"WIKIDATAID":"Q221","NAME_AR":"مقدونيا الشمالية","NAME_BN":"উত্তর মেসিডোনিয়া","NAME_DE":"Nordmazedonien","NAME_EN":"North Macedonia","NAME_ES":"Macedonia del Norte","NAME_FA":"مقدونیه شمالی","NAME_FR":"Macédoine du Nord","NAME_EL":"Βόρεια Μακεδονία","NAME_HE":"מקדוניה הצפונית","NAME_HI":"उत्तर मैसिडोनिया","NAME_HU":"Észak-Macedónia","NAME_ID":"Republik Makedonia Utara","NAME_IT":"Macedonia del Nord","NAME_JA":"北マケドニア","NAME_KO":"북마케도니아","NAME_NL":"Noord-Macedonië","NAME_PL":"Macedonia Północna","NAME_PT":"Macedónia do Norte","NAME_RU":"Северная Македония","NAME_SV":"Nordmakedonien","NAME_TR":"Kuzey Makedonya","NAME_UK":"Північна Македонія","NAME_UR":"شمالی مقدونیہ","NAME_VI":"Bắc Macedonia","NAME_ZH":"北马其顿","NAME_ZHT":"北馬其頓","FCLASS_ISO":"Admin-0 country","TLC_DIFF":null,"FCLASS_TLC":"Admin-0 country","FCLASS_US":null,"FCLASS_FR":null,"FCLASS_RU":null,"FCLASS_ES":null,"FCLASS_CN":null,"FCLASS_TW":null,"FCLASS_IN":null,"FCLASS_NP":null,"FCLASS_PK":null,"FCLASS_DE":null,"FCLASS_GB":null,"FCLASS_BR":null,"FCLASS_IL":null,"FCLASS_PS":null,"FCLASS_SA":null,"FCLASS_EG":null,"FCLASS_MA":null,"FCLASS_PT":null,"FCLASS_AR":null,"FCLASS_JP":null,"FCLASS_KO":null,"FCLASS_VN":null,"FCLASS_TR":null,"FCLASS_ID":null,"FCLASS_PL":null,"FCLASS_GR":null,"FCLASS_IT":null,"FCLASS_NL":null,"FCLASS_SE":null,"FCLASS_BD":null,"FCLASS_UA":null},"bbox":[20.448633,40.849902,23.005664,42.358154],"geometry":{"type":"Polygon","coordinates":[[[21.5625,42.24751],[21.618262,42.242139],[21.739258,42.267725],[21.814648,42.303125],[21.853027,42.308398],[21.904102,42.32207],[21.977539,42.320068],[22.052051,42.304639],[22.14668,42.325],[22.239746,42.358154],[22.277051,42.349854],[22.317383,42.321729],[22.344043,42.313965],[22.498242,42.165088],[22.582715,42.104834],[22.682324,42.059131],[22.796094,42.025684],[22.836816,41.993604],[22.90918,41.835205],[22.943945,41.775098],[22.991992,41.757178],[23.003613,41.739844],[23.005664,41.716943],[22.951465,41.605615],[22.929688,41.356104],[22.916016,41.336279],[22.859277,41.337354],[22.783887,41.331982],[22.755078,41.312744],[22.724805,41.178516],[22.603613,41.140186],[22.493555,41.118506],[22.400781,41.123389],[22.237695,41.155176],[22.184473,41.158643],[22.138867,41.140527],[21.993359,41.130957],[21.929492,41.107422],[21.779492,40.950439],[21.627539,40.896338],[21.575781,40.868945],[21.459668,40.903613],[21.404102,40.907178],[21.32373,40.867139],[21.147559,40.863135],[21.1,40.856152],[20.964258,40.849902],[20.958594,40.871533],[20.933496,40.903125],[20.870215,40.91792],[20.74082,40.905273],[20.709277,40.928369],[20.656055,41.06167],[20.614453,41.083057],[20.567871,41.127832],[20.488965,41.272607],[20.487012,41.336084],[20.492383,41.391406],[20.448633,41.521289],[20.475586,41.554102],[20.516211,41.574756],[20.516602,41.627051],[20.505176,41.706494],[20.553125,41.862354],[20.566211,41.873682],[20.578516,41.866211],[20.694922,41.853809],[20.725,41.873535],[20.744141,41.904297],[20.750391,42.018359],[20.778125,42.071045],[21.059766,42.171289],[21.14248,42.175],[21.206055,42.128955],[21.256348,42.099512],[21.286621,42.100391],[21.297559,42.130078],[21.331738,42.187158],[21.389551,42.219824],[21.56084,42.247656],[21.5625,42.24751]]]}},{"type":"Feature","properties":{"featurecla":"Admin-0 country","scalerank":1,"LABELRANK":6,"SOVEREIGNT":"Luxembourg","SOV_A3":"LUX","ADM0_DIF":0,"LEVEL":2,"TYPE":"Sovereign country","TLC":"1","ADMIN":"Luxembourg","ADM0_A3":"LUX","GEOU_DIF":0,"GEOUNIT":"Luxembourg","GU_A3":"LUX","SU_DIF":0,"SUBUNIT":"Luxembourg","SU_A3":"LUX","BRK_DIFF":0,"NAME":"Luxembourg","NAME_LONG":"Luxembourg","BRK_A3":"LUX","BRK_NAME":"Luxembourg","BRK_GROUP":null,"ABBREV":"Lux.","POSTAL":"L","FORMAL_EN":"Grand Duchy of Luxembourg","FORMAL_FR":null,"NAME_CIAWF":"Luxembourg","NOTE_ADM0":null,"NOTE_BRK":null,"NAME_SORT":"Luxembourg","NAME_ALT":null,"MAPCOLOR7":1,"MAPCOLOR8":7,"MAPCOLOR9":3,"MAPCOLOR13":7,"POP_EST":619896,"POP_RANK":11,"POP_YEAR":2019,"GDP_MD":71104,"GDP_YEAR":2019,"ECONOMY":"2. Developed region: nonG7","INCOME_GRP":"1. High income: OECD","FIPS_10":"LU","ISO_A2":"LU","ISO_A2_EH":"LU","ISO_A3":"LUX","ISO_A3_EH":"LUX","ISO_N3":"442","ISO_N3_EH":"442","UN_A3":"442","WB_A2":"LU","WB_A3":"LUX","WOE_ID":23424881,"WOE_ID_EH":23424881,"WOE_NOTE":"Exact WOE match as country","ADM0_ISO":"LUX","ADM0_DIFF":null,"ADM0_TLC":"LUX","ADM0_A3_US":"LUX","ADM0_A3_FR":"LUX","ADM0_A3_RU":"LUX","ADM0_A3_ES":"LUX","ADM0_A3_CN":"LUX","ADM0_A3_TW":"LUX","ADM0_A3_IN":"LUX","ADM0_A3_NP":"LUX","ADM0_A3_PK":"LUX","ADM0_A3_DE":"LUX","ADM0_A3_GB":"LUX","ADM0_A3_BR":"LUX","ADM0_A3_IL":"LUX","ADM0_A3_PS":"LUX","ADM0_A3_SA":"LUX","ADM0_A3_EG":"LUX","ADM0_A3_MA":"LUX","ADM0_A3_PT":"LUX","ADM0_A3_AR":"LUX","ADM0_A3_JP":"LUX","ADM0_A3_KO":"LUX","ADM0_A3_VN":"LUX","ADM0_A3_TR":"LUX","ADM0_A3_ID":"LUX","ADM0_A3_PL":"LUX","ADM0_A3_GR":"LUX","ADM0_A3_IT":"LUX","ADM0_A3_NL":"LUX","ADM0_A3_SE":"LUX","ADM0_A3_BD":"LUX","ADM0_A3_UA":"LUX","ADM0_A3_UN":-99,"ADM0_A3_WB":-99,"CONTINENT":"Europe","REGION_UN":"Europe","SUBREGION":"Western Europe","REGION_WB":"Europe & Central Asia","NAME_LEN":10,"LONG_LEN":10,"ABBREV_LEN":4,"TINY":5,"HOMEPART":1,"MIN_ZOOM":0,"MIN_LABEL":5.7,"MAX_LABEL":10,"LABEL_X":6.07762,"LABEL_Y":49.733732,"NE_ID":1159321031,"WIKIDATAID":"Q32","NAME_AR":"لوكسمبورغ","NAME_BN":"লুক্সেমবুর্গ","NAME_DE":"Luxemburg","NAME_EN":"Luxembourg","NAME_ES":"Luxemburgo","NAME_FA":"لوکزامبورگ","NAME_FR":"Luxembourg","NAME_EL":"Λουξεμβούργο","NAME_HE":"לוקסמבורג","NAME_HI":"लक्ज़मबर्ग","NAME_HU":"Luxemburg","NAME_ID":"Luksemburg","NAME_IT":"Lussemburgo","NAME_JA":"ルクセンブルク","NAME_KO":"룩셈부르크","NAME_NL":"Luxemburg","NAME_PL":"Luksemburg","NAME_PT":"Luxemburgo","NAME_RU":"Люксембург","NAME_SV":"Luxemburg","NAME_TR":"Lüksemburg","NAME_UK":"Люксембург","NAME_UR":"لکسمبرگ","NAME_VI":"Luxembourg","NAME_ZH":"卢森堡","NAME_ZHT":"盧森堡","FCLASS_ISO":"Admin-0 country","TLC_DIFF":null,"FCLASS_TLC":"Admin-0 country","FCLASS_US":null,"FCLASS_FR":null,"FCLASS_RU":null,"FCLASS_ES":null,"FCLASS_CN":null,"FCLASS_TW":null,"FCLASS_IN":null,"FCLASS_NP":null,"FCLASS_PK":null,"FCLASS_DE":null,"FCLASS_GB":null,"FCLASS_BR":null,"FCLASS_IL":null,"FCLASS_PS":null,"FCLASS_SA":null,"FCLASS_EG":null,"FCLASS_MA":null,"FCLASS_PT":null,"FCLASS_AR":null,"FCLASS_JP":null,"FCLASS_KO":null,"FCLASS_VN":null,"FCLASS_TR":null,"FCLASS_ID":null,"FCLASS_PL":null,"FCLASS_GR":null,"FCLASS_IT":null,"FCLASS_NL":null,"FCLASS_SE":null,"FCLASS_BD":null,"FCLASS_UA":null},"bbox":[5.725,49.445459,6.49375,50.167187],"geometry":{"type":"Polygon","coordinates":[[[6.116504,50.120996],[6.108301,50.094238],[6.109766,50.034375],[6.138184,49.974316],[6.204883,49.915137],[6.256055,49.872168],[6.324609,49.837891],[6.440918,49.805322],[6.487305,49.798486],[6.49375,49.754395],[6.484766,49.707812],[6.444629,49.682031],[6.406738,49.644971],[6.37832,49.599609],[6.348438,49.512695],[6.344336,49.452734],[6.277344,49.477539],[6.242188,49.494336],[6.181055,49.498926],[6.119922,49.485205],[6.074121,49.454639],[6.011426,49.445459],[5.959473,49.454639],[5.928906,49.477539],[5.901367,49.489746],[5.823438,49.505078],[5.789746,49.538281],[5.81543,49.553809],[5.837598,49.57832],[5.856543,49.612842],[5.880371,49.644775],[5.803711,49.732178],[5.787988,49.758887],[5.725,49.808301],[5.725781,49.83335],[5.74082,49.857178],[5.735254,49.875635],[5.744043,49.919629],[5.788086,49.96123],[5.817383,50.012695],[5.866895,50.082812],[5.97627,50.167187],[6.054785,50.154297],[6.089063,50.15459],[6.110059,50.123779],[6.116504,50.120996]]]}},{"type":"Feature","properties":{"featurecla":"Admin-0 country","scalerank":3,"LABELRANK":5,"SOVEREIGNT":"Lithuania","SOV_A3":"LTU","ADM0_DIF":0,"LEVEL":2,"TYPE":"Sovereign country","TLC":"1","ADMIN":"Lithuania","ADM0_A3":"LTU","GEOU_DIF":0,"GEOUNIT":"Lithuania","GU_A3":"LTU","SU_DIF":0,"SUBUNIT":"Lithuania","SU_A3":"LTU","BRK_DIFF":0,"NAME":"Lithuania","NAME_LONG":"Lithuania","BRK_A3":"LTU","BRK_NAME":"Lithuania","BRK_GROUP":null,"ABBREV":"Lith.","POSTAL":"LT","FORMAL_EN":"Republic of Lithuania","FORMAL_FR":null,"NAME_CIAWF":"Lithuania","NOTE_ADM0":null,"NOTE_BRK":null,"NAME_SORT":"Lithuania","NAME_ALT":null,"MAPCOLOR7":6,"MAPCOLOR8":3,"MAPCOLOR9":3,"MAPCOLOR13":9,"POP_EST":2786844,"POP_RANK":12,"POP_YEAR":2019,"GDP_MD":54627,"GDP_YEAR":2019,"ECONOMY":"2. Developed region: nonG7","INCOME_GRP":"3. Upper middle income","FIPS_10":"LH","ISO_A2":"LT","ISO_A2_EH":"LT","ISO_A3":"LTU","ISO_A3_EH":"LTU","ISO_N3":"440","ISO_N3_EH":"440","UN_A3":"440","WB_A2":"LT","WB_A3":"LTU","WOE_ID":23424875,"WOE_ID_EH":23424875,"WOE_NOTE":"Exact WOE match as country","ADM0_ISO":"LTU","ADM0_DIFF":null,"ADM0_TLC":"LTU","ADM0_A3_US":"LTU","ADM0_A3_FR":"LTU","ADM0_A3_RU":"LTU","ADM0_A3_ES":"LTU","ADM0_A3_CN":"LTU","ADM0_A3_TW":"LTU","ADM0_A3_IN":"LTU","ADM0_A3_NP":"LTU","ADM0_A3_PK":"LTU","ADM0_A3_DE":"LTU","ADM0_A3_GB":"LTU","ADM0_A3_BR":"LTU","ADM0_A3_IL":"LTU","ADM0_A3_PS":"LTU","ADM0_A3_SA":"LTU","ADM0_A3_EG":"LTU","ADM0_A3_MA":"LTU","ADM0_A3_PT":"LTU","ADM0_A3_AR":"LTU","ADM0_A3_JP":"LTU","ADM0_A3_KO":"LTU","ADM0_A3_VN":"LTU","ADM0_A3_TR":"LTU","ADM0_A3_ID":"LTU","ADM0_A3_PL":"LTU","ADM0_A3_GR":"LTU","ADM0_A3_IT":"LTU","ADM0_A3_NL":"LTU","ADM0_A3_SE":"LTU","ADM0_A3_BD":"LTU","ADM0_A3_UA":"LTU","ADM0_A3_UN":-99,"ADM0_A3_WB":-99,"CONTINENT":"Europe","REGION_UN":"Europe","SUBREGION":"Northern Europe","REGION_WB":"Europe & Central Asia","NAME_LEN":9,"LONG_LEN":9,"ABBREV_LEN":5,"TINY":-99,"HOMEPART":1,"MIN_ZOOM":0,"MIN_LABEL":4,"MAX_LABEL":9,"LABEL_X":24.089932,"LABEL_Y":55.103703,"NE_ID":1159321029,"WIKIDATAID":"Q37","NAME_AR":"ليتوانيا","NAME_BN":"লিথুয়ানিয়া","NAME_DE":"Litauen","NAME_EN":"Lithuania","NAME_ES":"Lituania","NAME_FA":"لیتوانی","NAME_FR":"Lituanie","NAME_EL":"Λιθουανία","NAME_HE":"ליטא","NAME_HI":"लिथुआनिया","NAME_HU":"Litvánia","NAME_ID":"Lituania","NAME_IT":"Lituania","NAME_JA":"リトアニア","NAME_KO":"리투아니아","NAME_NL":"Litouwen","NAME_PL":"Litwa","NAME_PT":"Lituânia","NAME_RU":"Литва","NAME_SV":"Litauen","NAME_TR":"Litvanya","NAME_UK":"Литва","NAME_UR":"لتھووینیا","NAME_VI":"Litva","NAME_ZH":"立陶宛","NAME_ZHT":"立陶宛","FCLASS_ISO":"Admin-0 country","TLC_DIFF":null,"FCLASS_TLC":"Admin-0 country","FCLASS_US":null,"FCLASS_FR":null,"FCLASS_RU":null,"FCLASS_ES":null,"FCLASS_CN":null,"FCLASS_TW":null,"FCLASS_IN":null,"FCLASS_NP":null,"FCLASS_PK":null,"FCLASS_DE":null,"FCLASS_GB":null,"FCLASS_BR":null,"FCLASS_IL":null,"FCLASS_PS":null,"FCLASS_SA":null,"FCLASS_EG":null,"FCLASS_MA":null,"FCLASS_PT":null,"FCLASS_AR":null,"FCLASS_JP":null,"FCLASS_KO":null,"FCLASS_VN":null,"FCLASS_TR":null,"FCLASS_ID":null,"FCLASS_PL":null,"FCLASS_GR":null,"FCLASS_IT":null,"FCLASS_NL":null,"FCLASS_SE":null,"FCLASS_BD":null,"FCLASS_UA":null},"bbox":[20.899805,53.892969,26.775684,56.411182],"geometry":{"type":"MultiPolygon","coordinates":[[[[20.957813,55.278906],[20.899805,55.28667],[21.014063,55.401953],[21.057617,55.476807],[21.087891,55.583105],[21.114844,55.616504],[21.115723,55.568164],[21.103906,55.487744],[21.031738,55.350488],[20.957813,55.278906]]],[[[22.766211,54.356787],[22.724316,54.405615],[22.679883,54.493018],[22.684473,54.562939],[22.709668,54.632617],[22.83125,54.838477],[22.824707,54.871289],[22.736523,54.928857],[22.627441,54.970703],[22.567285,55.059131],[22.346387,55.064258],[22.137891,55.059375],[22.072363,55.063672],[21.873926,55.100732],[21.682715,55.160352],[21.554688,55.195312],[21.44707,55.234424],[21.389258,55.275537],[21.297559,55.264453],[21.235742,55.264111],[21.236328,55.271191],[21.201074,55.343799],[21.237891,55.455029],[21.171094,55.617725],[21.061914,55.813428],[21.053809,56.022949],[21.046094,56.070068],[21.314648,56.188135],[21.653516,56.314551],[21.730566,56.325977],[22.042871,56.400781],[22.08457,56.406738],[22.365918,56.392871],[22.586914,56.375098],[22.773242,56.377295],[22.875586,56.396436],[22.968262,56.38042],[23.042969,56.324072],[23.119824,56.330664],[23.195898,56.367139],[23.612695,56.333838],[23.706738,56.334619],[23.812695,56.329248],[24.008203,56.295264],[24.120703,56.264258],[24.367871,56.283008],[24.473633,56.284082],[24.529004,56.296289],[24.699512,56.381299],[24.773242,56.395898],[24.841016,56.411182],[24.903027,56.398193],[24.943848,56.325586],[25.069922,56.200391],[25.206934,56.178418],[25.585742,56.130176],[25.663184,56.104834],[25.876367,55.994336],[26.004199,55.940137],[26.085547,55.896875],[26.20957,55.812109],[26.28125,55.750439],[26.401074,55.703809],[26.542871,55.672412],[26.593555,55.667529],[26.59082,55.622656],[26.566602,55.546484],[26.519238,55.448145],[26.469531,55.371924],[26.457617,55.34248],[26.495313,55.318018],[26.68125,55.306445],[26.760156,55.293359],[26.775684,55.273096],[26.734375,55.246777],[26.675,55.224902],[26.648438,55.204199],[26.601172,55.130176],[26.291797,55.1396],[26.250781,55.124512],[26.23125,55.090137],[26.21582,55.050391],[26.175195,55.003271],[26.092969,54.962305],[25.964453,54.947168],[25.859277,54.919287],[25.780859,54.833252],[25.722461,54.717871],[25.723926,54.636035],[25.731641,54.590381],[25.724805,54.564258],[25.685156,54.535791],[25.620313,54.4604],[25.567578,54.377051],[25.547363,54.331836],[25.55752,54.310693],[25.616895,54.310107],[25.702539,54.292969],[25.748145,54.259668],[25.765039,54.221191],[25.765234,54.179785],[25.749219,54.156982],[25.680566,54.140479],[25.573047,54.139893],[25.510352,54.159619],[25.497363,54.175244],[25.527344,54.215137],[25.505664,54.264941],[25.461133,54.292773],[25.370605,54.251221],[25.283691,54.25127],[25.179492,54.214258],[25.111426,54.154932],[25.046094,54.133057],[24.869531,54.145166],[24.825684,54.118994],[24.789258,53.998242],[24.768164,53.974658],[24.620703,53.979834],[24.478516,53.931836],[24.317969,53.892969],[24.236621,53.919971],[24.191309,53.950439],[24.103906,53.94502],[24.008496,53.931641],[23.944434,53.938965],[23.872559,53.935693],[23.733691,53.912256],[23.559082,53.919824],[23.484668,53.939795],[23.477637,53.958936],[23.483008,54.005957],[23.481348,54.079004],[23.453613,54.143457],[23.370117,54.200488],[23.282324,54.240332],[23.170313,54.281445],[23.0875,54.299463],[23.042188,54.304199],[23.031934,54.327881],[23.015527,54.34834],[22.976758,54.366357],[22.893945,54.390527],[22.82373,54.395801],[22.766211,54.356787]]]]}},{"type":"Feature","properties":{"featurecla":"Admin-0 country","scalerank":1,"LABELRANK":6,"SOVEREIGNT":"Liechtenstein","SOV_A3":"LIE","ADM0_DIF":0,"LEVEL":2,"TYPE":"Sovereign country","TLC":"1","ADMIN":"Liechtenstein","ADM0_A3":"LIE","GEOU_DIF":0,"GEOUNIT":"Liechtenstein","GU_A3":"LIE","SU_DIF":0,"SUBUNIT":"Liechtenstein","SU_A3":"LIE","BRK_DIFF":0,"NAME":"Liechtenstein","NAME_LONG":"Liechtenstein","BRK_A3":"LIE","BRK_NAME":"Liechtenstein","BRK_GROUP":null,"ABBREV":"Liech.","POSTAL":"FL","FORMAL_EN":"Principality of Liechtenstein","FORMAL_FR":null,"NAME_CIAWF":"Liechtenstein","NOTE_ADM0":null,"NOTE_BRK":null,"NAME_SORT":"Liechtenstein","NAME_ALT":null,"MAPCOLOR7":2,"MAPCOLOR8":4,"MAPCOLOR9":2,"MAPCOLOR13":9,"POP_EST":38019,"POP_RANK":7,"POP_YEAR":2019,"GDP_MD":6876,"GDP_YEAR":2018,"ECONOMY":"2. Developed region: nonG7","INCOME_GRP":"2. High income: nonOECD","FIPS_10":"LS","ISO_A2":"LI","ISO_A2_EH":"LI","ISO_A3":"LIE","ISO_A3_EH":"LIE","ISO_N3":"438","ISO_N3_EH":"438","UN_A3":"438","WB_A2":"LI","WB_A3":"LIE","WOE_ID":23424879,"WOE_ID_EH":23424879,"WOE_NOTE":"Exact WOE match as country","ADM0_ISO":"LIE","ADM0_DIFF":null,"ADM0_TLC":"LIE","ADM0_A3_US":"LIE","ADM0_A3_FR":"LIE","ADM0_A3_RU":"LIE","ADM0_A3_ES":"LIE","ADM0_A3_CN":"LIE","ADM0_A3_TW":"LIE","ADM0_A3_IN":"LIE","ADM0_A3_NP":"LIE","ADM0_A3_PK":"LIE","ADM0_A3_DE":"LIE","ADM0_A3_GB":"LIE","ADM0_A3_BR":"LIE","ADM0_A3_IL":"LIE","ADM0_A3_PS":"LIE","ADM0_A3_SA":"LIE","ADM0_A3_EG":"LIE","ADM0_A3_MA":"LIE","ADM0_A3_PT":"LIE","ADM0_A3_AR":"LIE","ADM0_A3_JP":"LIE","ADM0_A3_KO":"LIE","ADM0_A3_VN":"LIE","ADM0_A3_TR":"LIE","ADM0_A3_ID":"LIE","ADM0_A3_PL":"LIE","ADM0_A3_GR":"LIE","ADM0_A3_IT":"LIE","ADM0_A3_NL":"LIE","ADM0_A3_SE":"LIE","ADM0_A3_BD":"LIE","ADM0_A3_UA":"LIE","ADM0_A3_UN":-99,"ADM0_A3_WB":-99,"CONTINENT":"Europe","REGION_UN":"Europe","SUBREGION":"Western Europe","REGION_WB":"Europe & Central Asia","NAME_LEN":13,"LONG_LEN":13,"ABBREV_LEN":6,"TINY":6,"HOMEPART":1,"MIN_ZOOM":0,"MIN_LABEL":5,"MAX_LABEL":10,"LABEL_X":9.559439,"LABEL_Y":47.111405,"NE_ID":1159321021,"WIKIDATAID":"Q347","NAME_AR":"ليختنشتاين","NAME_BN":"লিশটেনস্টাইন","NAME_DE":"Liechtenstein","NAME_EN":"Liechtenstein","NAME_ES":"Liechtenstein","NAME_FA":"لیختناشتاین","NAME_FR":"Liechtenstein","NAME_EL":"Λίχτενσταϊν","NAME_HE":"ליכטנשטיין","NAME_HI":"लिक्टेन्स्टाइन","NAME_HU":"Liechtenstein","NAME_ID":"Liechtenstein","NAME_IT":"Liechtenstein","NAME_JA":"リヒテンシュタイン","NAME_KO":"리히텐슈타인","NAME_NL":"Liechtenstein","NAME_PL":"Liechtenstein","NAME_PT":"Liechtenstein","NAME_RU":"Лихтенштейн","NAME_SV":"Liechtenstein","NAME_TR":"Lihtenştayn","NAME_UK":"Ліхтенштейн","NAME_UR":"لیختینستائن","NAME_VI":"Liechtenstein","NAME_ZH":"列支敦士登","NAME_ZHT":"列支敦斯登","FCLASS_ISO":"Admin-0 country","TLC_DIFF":null,"FCLASS_TLC":"Admin-0 country","FCLASS_US":null,"FCLASS_FR":null,"FCLASS_RU":null,"FCLASS_ES":null,"FCLASS_CN":null,"FCLASS_TW":null,"FCLASS_IN":null,"FCLASS_NP":null,"FCLASS_PK":null,"FCLASS_DE":null,"FCLASS_GB":null,"FCLASS_BR":null,"FCLASS_IL":null,"FCLASS_PS":null,"FCLASS_SA":null,"FCLASS_EG":null,"FCLASS_MA":null,"FCLASS_PT":null,"FCLASS_AR":null,"FCLASS_JP":null,"FCLASS_KO":null,"FCLASS_VN":null,"FCLASS_TR":null,"FCLASS_ID":null,"FCLASS_PL":null,"FCLASS_GR":null,"FCLASS_IT":null,"FCLASS_NL":null,"FCLASS_SE":null,"FCLASS_BD":null,"FCLASS_UA":null},"bbox":[9.479492,47.057373,9.610547,47.270752],"geometry":{"type":"Polygon","coordinates":[[[9.580273,47.057373],[9.502344,47.062744],[9.487695,47.062256],[9.479492,47.09751],[9.484277,47.172656],[9.527539,47.270752],[9.536816,47.254639],[9.542188,47.234131],[9.551074,47.212256],[9.555762,47.185498],[9.571875,47.15791],[9.601172,47.13208],[9.610547,47.107129],[9.595703,47.07583],[9.580273,47.057373]]]}},{"type":"Feature","properties":{"featurecla":"Admin-0 country","scalerank":1,"LABELRANK":5,"SOVEREIGNT":"Latvia","SOV_A3":"LVA","ADM0_DIF":0,"LEVEL":2,"TYPE":"Sovereign country","TLC":"1","ADMIN":"Latvia","ADM0_A3":"LVA","GEOU_DIF":0,"GEOUNIT":"Latvia","GU_A3":"LVA","SU_DIF":0,"SUBUNIT":"Latvia","SU_A3":"LVA","BRK_DIFF":0,"NAME":"Latvia","NAME_LONG":"Latvia","BRK_A3":"LVA","BRK_NAME":"Latvia","BRK_GROUP":null,"ABBREV":"Lat.","POSTAL":"LV","FORMAL_EN":"Republic of Latvia","FORMAL_FR":null,"NAME_CIAWF":"Latvia","NOTE_ADM0":null,"NOTE_BRK":null,"NAME_SORT":"Latvia","NAME_ALT":null,"MAPCOLOR7":4,"MAPCOLOR8":7,"MAPCOLOR9":6,"MAPCOLOR13":13,"POP_EST":1912789,"POP_RANK":12,"POP_YEAR":2019,"GDP_MD":34102,"GDP_YEAR":2019,"ECONOMY":"2. Developed region: nonG7","INCOME_GRP":"3. Upper middle income","FIPS_10":"LG","ISO_A2":"LV","ISO_A2_EH":"LV","ISO_A3":"LVA","ISO_A3_EH":"LVA","ISO_N3":"428","ISO_N3_EH":"428","UN_A3":"428","WB_A2":"LV","WB_A3":"LVA","WOE_ID":23424874,"WOE_ID_EH":23424874,"WOE_NOTE":"Exact WOE match as country","ADM0_ISO":"LVA","ADM0_DIFF":null,"ADM0_TLC":"LVA","ADM0_A3_US":"LVA","ADM0_A3_FR":"LVA","ADM0_A3_RU":"LVA","ADM0_A3_ES":"LVA","ADM0_A3_CN":"LVA","ADM0_A3_TW":"LVA","ADM0_A3_IN":"LVA","ADM0_A3_NP":"LVA","ADM0_A3_PK":"LVA","ADM0_A3_DE":"LVA","ADM0_A3_GB":"LVA","ADM0_A3_BR":"LVA","ADM0_A3_IL":"LVA","ADM0_A3_PS":"LVA","ADM0_A3_SA":"LVA","ADM0_A3_EG":"LVA","ADM0_A3_MA":"LVA","ADM0_A3_PT":"LVA","ADM0_A3_AR":"LVA","ADM0_A3_JP":"LVA","ADM0_A3_KO":"LVA","ADM0_A3_VN":"LVA","ADM0_A3_TR":"LVA","ADM0_A3_ID":"LVA","ADM0_A3_PL":"LVA","ADM0_A3_GR":"LVA","ADM0_A3_IT":"LVA","ADM0_A3_NL":"LVA","ADM0_A3_SE":"LVA","ADM0_A3_BD":"LVA","ADM0_A3_UA":"LVA","ADM0_A3_UN":-99,"ADM0_A3_WB":-99,"CONTINENT":"Europe","REGION_UN":"Europe","SUBREGION":"Northern Europe","REGION_WB":"Europe & Central Asia","NAME_LEN":6,"LONG_LEN":6,"ABBREV_LEN":4,"TINY":-99,"HOMEPART":1,"MIN_ZOOM":0,"MIN_LABEL":4,"MAX_LABEL":9,"LABEL_X":25.458723,"LABEL_Y":57.066872,"NE_ID":1159321033,"WIKIDATAID":"Q211","NAME_AR":"لاتفيا","NAME_BN":"লাতভিয়া","NAME_DE":"Lettland","NAME_EN":"Latvia","NAME_ES":"Letonia","NAME_FA":"لتونی","NAME_FR":"Lettonie","NAME_EL":"Λετονία","NAME_HE":"לטביה","NAME_HI":"लातविया","NAME_HU":"Lettország","NAME_ID":"Latvia","NAME_IT":"Lettonia","NAME_JA":"ラトビア","NAME_KO":"라트비아","NAME_NL":"Letland","NAME_PL":"Łotwa","NAME_PT":"Letónia","NAME_RU":"Латвия","NAME_SV":"Lettland","NAME_TR":"Letonya","NAME_UK":"Латвія","NAME_UR":"لٹویا","NAME_VI":"Latvia","NAME_ZH":"拉脱维亚","NAME_ZHT":"拉脫維亞","FCLASS_ISO":"Admin-0 country","TLC_DIFF":null,"FCLASS_TLC":"Admin-0 country","FCLASS_US":null,"FCLASS_FR":null,"FCLASS_RU":null,"FCLASS_ES":null,"FCLASS_CN":null,"FCLASS_TW":null,"FCLASS_IN":null,"FCLASS_NP":null,"FCLASS_PK":null,"FCLASS_DE":null,"FCLASS_GB":null,"FCLASS_BR":null,"FCLASS_IL":null,"FCLASS_PS":null,"FCLASS_SA":null,"FCLASS_EG":null,"FCLASS_MA":null,"FCLASS_PT":null,"FCLASS_AR":null,"FCLASS_JP":null,"FCLASS_KO":null,"FCLASS_VN":null,"FCLASS_TR":null,"FCLASS_ID":null,"FCLASS_PL":null,"FCLASS_GR":null,"FCLASS_IT":null,"FCLASS_NL":null,"FCLASS_SE":null,"FCLASS_BD":null,"FCLASS_UA":null},"bbox":[21.014941,55.667529,28.202051,58.063428],"geometry":{"type":"Polygon","coordinates":[[[26.593555,55.667529],[26.542871,55.672412],[26.401074,55.703809],[26.28125,55.750439],[26.20957,55.812109],[26.085547,55.896875],[26.004199,55.940137],[25.876367,55.994336],[25.663184,56.104834],[25.585742,56.130176],[25.206934,56.178418],[25.069922,56.200391],[24.943848,56.325586],[24.903027,56.398193],[24.841016,56.411182],[24.773242,56.395898],[24.699512,56.381299],[24.529004,56.296289],[24.473633,56.284082],[24.367871,56.283008],[24.120703,56.264258],[24.008203,56.295264],[23.812695,56.329248],[23.706738,56.334619],[23.612695,56.333838],[23.195898,56.367139],[23.119824,56.330664],[23.042969,56.324072],[22.968262,56.38042],[22.875586,56.396436],[22.773242,56.377295],[22.586914,56.375098],[22.365918,56.392871],[22.08457,56.406738],[22.042871,56.400781],[21.730566,56.325977],[21.653516,56.314551],[21.314648,56.188135],[21.046094,56.070068],[21.014941,56.258936],[21.031445,56.636572],[21.071289,56.82373],[21.257422,56.932764],[21.350781,57.017676],[21.405078,57.131006],[21.421484,57.23584],[21.45918,57.322461],[21.728711,57.570996],[21.942383,57.597852],[22.231445,57.666797],[22.55459,57.724268],[22.616992,57.651172],[22.648633,57.595361],[23.037793,57.39209],[23.136816,57.323828],[23.287305,57.089746],[23.647754,56.971045],[23.931152,57.008496],[24.054297,57.066113],[24.28125,57.172314],[24.382617,57.250049],[24.403223,57.325],[24.362988,57.645312],[24.301563,57.784131],[24.322559,57.870605],[24.3625,57.866162],[24.458887,57.907861],[24.775781,57.985254],[24.839063,57.988721],[24.911328,58.00459],[25.111035,58.063428],[25.175195,58.032129],[25.228711,57.996582],[25.258301,57.996143],[25.272656,58.009375],[25.268652,58.032227],[25.282617,58.048486],[25.340039,58.039453],[25.571289,57.942773],[25.660156,57.920166],[25.720898,57.913818],[25.79375,57.868555],[25.991113,57.838184],[26.015234,57.814746],[26.030371,57.785547],[26.215039,57.662744],[26.298047,57.601074],[26.462109,57.544482],[26.532617,57.531006],[26.819727,57.588721],[26.899805,57.608789],[26.966016,57.609131],[27.033398,57.57876],[27.187109,57.53833],[27.326563,57.525488],[27.351953,57.528125],[27.469727,57.524023],[27.511133,57.508154],[27.538672,57.429785],[27.672754,57.368115],[27.796875,57.316943],[27.828613,57.293311],[27.838281,57.247705],[27.830273,57.194482],[27.814551,57.166895],[27.762793,57.135107],[27.717383,57.054639],[27.711133,56.978076],[27.639453,56.845654],[27.655664,56.843213],[27.806055,56.86709],[27.848633,56.853418],[27.881543,56.82417],[27.89209,56.741064],[27.941406,56.703711],[27.991602,56.645312],[28.00752,56.599854],[28.103125,56.545703],[28.11084,56.510693],[28.169238,56.386865],[28.191699,56.315576],[28.202051,56.2604],[28.17334,56.190332],[28.147949,56.14292],[28.117871,56.145801],[28.032031,56.133301],[27.896289,56.076172],[27.694238,55.941553],[27.642285,55.911719],[27.589453,55.80918],[27.576758,55.798779],[27.45918,55.803516],[27.427148,55.805957],[27.30918,55.803906],[27.052539,55.830566],[26.953027,55.812939],[26.822461,55.709229],[26.771875,55.693994],[26.620215,55.679639],[26.593555,55.667529]]]}},{"type":"Feature","properties":{"featurecla":"Admin-0 country","scalerank":1,"LABELRANK":6,"SOVEREIGNT":"Kosovo","SOV_A3":"KOS","ADM0_DIF":0,"LEVEL":2,"TYPE":"Disputed","TLC":"1","ADMIN":"Kosovo","ADM0_A3":"KOS","GEOU_DIF":0,"GEOUNIT":"Kosovo","GU_A3":"KOS","SU_DIF":0,"SUBUNIT":"Kosovo","SU_A3":"KOS","BRK_DIFF":0,"NAME":"Kosovo","NAME_LONG":"Kosovo","BRK_A3":"KOS","BRK_NAME":"Kosovo","BRK_GROUP":null,"ABBREV":"Kos.","POSTAL":"KO","FORMAL_EN":"Republic of Kosovo","FORMAL_FR":null,"NAME_CIAWF":"Kosovo","NOTE_ADM0":null,"NOTE_BRK":null,"NAME_SORT":"Kosovo","NAME_ALT":null,"MAPCOLOR7":2,"MAPCOLOR8":2,"MAPCOLOR9":3,"MAPCOLOR13":11,"POP_EST":1794248,"POP_RANK":12,"POP_YEAR":2019,"GDP_MD":7926,"GDP_YEAR":2019,"ECONOMY":"6. Developing region","INCOME_GRP":"4. Lower middle income","FIPS_10":"KV","ISO_A2":"-99","ISO_A2_EH":"XK","ISO_A3":"-99","ISO_A3_EH":"-99","ISO_N3":"-99","ISO_N3_EH":"-99","UN_A3":"-099","WB_A2":"KV","WB_A3":"KSV","WOE_ID":-90,"WOE_ID_EH":29389201,"WOE_NOTE":"Subunit of Serbia in WOE still; should include 29389201, 29389207, 29389218, 29389209 and 29389214.","ADM0_ISO":"SRB","ADM0_DIFF":"1","ADM0_TLC":"KOS","ADM0_A3_US":"KOS","ADM0_A3_FR":"KOS","ADM0_A3_RU":"SRB","ADM0_A3_ES":"SRB","ADM0_A3_CN":"SRB","ADM0_A3_TW":"KOS","ADM0_A3_IN":"SRB","ADM0_A3_NP":"SRB","ADM0_A3_PK":"KOS","ADM0_A3_DE":"KOS","ADM0_A3_GB":"SRB","ADM0_A3_BR":"KOS","ADM0_A3_IL":"KOS","ADM0_A3_PS":"SRB","ADM0_A3_SA":"KOS","ADM0_A3_EG":"KOS","ADM0_A3_MA":"SRB","ADM0_A3_PT":"KOS","ADM0_A3_AR":"SRB","ADM0_A3_JP":"KOS","ADM0_A3_KO":"KOS","ADM0_A3_VN":"SRB","ADM0_A3_TR":"KOS","ADM0_A3_ID":"SRB","ADM0_A3_PL":"KOS","ADM0_A3_GR":"SRB","ADM0_A3_IT":"KOS","ADM0_A3_NL":"KOS","ADM0_A3_SE":"KOS","ADM0_A3_BD":"KOS","ADM0_A3_UA":"SRB","ADM0_A3_UN":-99,"ADM0_A3_WB":-99,"CONTINENT":"Europe","REGION_UN":"Europe","SUBREGION":"Southern Europe","REGION_WB":"Europe & Central Asia","NAME_LEN":6,"LONG_LEN":6,"ABBREV_LEN":4,"TINY":-99,"HOMEPART":1,"MIN_ZOOM":0,"MIN_LABEL":5,"MAX_LABEL":10,"LABEL_X":20.860719,"LABEL_Y":42.593587,"NE_ID":1159321007,"WIKIDATAID":"Q1246","NAME_AR":"كوسوفو","NAME_BN":"কসোভো","NAME_DE":"Kosovo","NAME_EN":"Kosovo","NAME_ES":"Kosovo","NAME_FA":"کوزووو","NAME_FR":"Kosovo","NAME_EL":"Κοσσυφοπέδιο","NAME_HE":"קוסובו","NAME_HI":"कोसोवो गणराज्य","NAME_HU":"Koszovó","NAME_ID":"Kosovo","NAME_IT":"Kosovo","NAME_JA":"コソボ共和国","NAME_KO":"코소보","NAME_NL":"Kosovo","NAME_PL":"Kosowo","NAME_PT":"Kosovo","NAME_RU":"Республика Косово","NAME_SV":"Kosovo","NAME_TR":"Kosova","NAME_UK":"Косово","NAME_UR":"کوسووہ","NAME_VI":"Kosovo","NAME_ZH":"科索沃","NAME_ZHT":"科索沃","FCLASS_ISO":"Unrecognized","TLC_DIFF":"1","FCLASS_TLC":"Admin-0 country","FCLASS_US":"Admin-0 country","FCLASS_FR":"Admin-0 country","FCLASS_RU":"Admin-1 region","FCLASS_ES":"Unrecognized","FCLASS_CN":"Unrecognized","FCLASS_TW":"Admin-0 country","FCLASS_IN":"Admin-1 region","FCLASS_NP":"Unrecognized","FCLASS_PK":"Admin-0 country","FCLASS_DE":"Admin-0 country","FCLASS_GB":"Admin-0 country","FCLASS_BR":"Unrecognized","FCLASS_IL":"Admin-0 country","FCLASS_PS":"Unrecognized","FCLASS_SA":"Admin-0 country","FCLASS_EG":"Admin-0 country","FCLASS_MA":"Unrecognized","FCLASS_PT":"Admin-0 country","FCLASS_AR":"Unrecognized","FCLASS_JP":"Admin-0 country","FCLASS_KO":"Admin-0 country","FCLASS_VN":"Unrecognized","FCLASS_TR":"Admin-0 country","FCLASS_ID":"Unrecognized","FCLASS_PL":"Admin-0 country","FCLASS_GR":"Unrecognized","FCLASS_IT":"Admin-0 country","FCLASS_NL":"Admin-0 country","FCLASS_SE":"Admin-0 country","FCLASS_BD":"Admin-0 country","FCLASS_UA":"Unrecognized"},"bbox":[20.029492,41.853809,21.75293,43.261084],"geometry":{"type":"Polygon","coordinates":[[[20.344336,42.82793],[20.468848,42.85791],[20.486816,42.879053],[20.458398,42.924561],[20.475098,42.953027],[20.624023,43.03418],[20.648535,43.070947],[20.657617,43.099854],[20.637598,43.130371],[20.609668,43.178418],[20.623145,43.198633],[20.700586,43.226367],[20.763379,43.258594],[20.800586,43.261084],[20.823828,43.237939],[20.823828,43.213965],[20.844434,43.173437],[20.890723,43.15166],[20.967676,43.116016],[21.057031,43.091699],[21.127051,43.043018],[21.222656,42.956201],[21.237109,42.913232],[21.323145,42.874707],[21.403027,42.831543],[21.390625,42.751416],[21.6625,42.681494],[21.723828,42.681982],[21.75293,42.669824],[21.752148,42.651514],[21.730664,42.595459],[21.619043,42.423242],[21.609863,42.387451],[21.52998,42.35],[21.518945,42.328418],[21.541602,42.280811],[21.5625,42.24751],[21.56084,42.247656],[21.389551,42.219824],[21.331738,42.187158],[21.297559,42.130078],[21.286621,42.100391],[21.256348,42.099512],[21.206055,42.128955],[21.14248,42.175],[21.059766,42.171289],[20.778125,42.071045],[20.750391,42.018359],[20.744141,41.904297],[20.725,41.873535],[20.694922,41.853809],[20.578516,41.866211],[20.566211,41.873682],[20.581445,41.917432],[20.575391,42.013086],[20.522852,42.171484],[20.485449,42.223389],[20.408301,42.274951],[20.348242,42.308789],[20.240527,42.338965],[20.185742,42.425879],[20.103516,42.524658],[20.063965,42.547266],[20.070312,42.55708],[20.089258,42.631543],[20.065723,42.68584],[20.029492,42.732031],[20.054297,42.760059],[20.12998,42.759766],[20.192578,42.754639],[20.215137,42.798828],[20.344336,42.82793]]]}},{"type":"Feature","properties":{"featurecla":"Admin-0 country","scalerank":1,"LABELRANK":2,"SOVEREIGNT":"Italy","SOV_A3":"ITA","ADM0_DIF":0,"LEVEL":2,"TYPE":"Sovereign country","TLC":"1","ADMIN":"Italy","ADM0_A3":"ITA","GEOU_DIF":0,"GEOUNIT":"Italy","GU_A3":"ITA","SU_DIF":0,"SUBUNIT":"Italy","SU_A3":"ITA","BRK_DIFF":0,"NAME":"Italy","NAME_LONG":"Italy","BRK_A3":"ITA","BRK_NAME":"Italy","BRK_GROUP":null,"ABBREV":"Italy","POSTAL":"I","FORMAL_EN":"Italian Republic","FORMAL_FR":null,"NAME_CIAWF":"Italy","NOTE_ADM0":null,"NOTE_BRK":null,"NAME_SORT":"Italy","NAME_ALT":null,"MAPCOLOR7":6,"MAPCOLOR8":7,"MAPCOLOR9":8,"MAPCOLOR13":7,"POP_EST":60297396,"POP_RANK":16,"POP_YEAR":2019,"GDP_MD":2003576,"GDP_YEAR":2019,"ECONOMY":"1. Developed region: G7","INCOME_GRP":"1. High income: OECD","FIPS_10":"IT","ISO_A2":"IT","ISO_A2_EH":"IT","ISO_A3":"ITA","ISO_A3_EH":"ITA","ISO_N3":"380","ISO_N3_EH":"380","UN_A3":"380","WB_A2":"IT","WB_A3":"ITA","WOE_ID":23424853,"WOE_ID_EH":23424853,"WOE_NOTE":"Exact WOE match as country","ADM0_ISO":"ITA","ADM0_DIFF":null,"ADM0_TLC":"ITA","ADM0_A3_US":"ITA","ADM0_A3_FR":"ITA","ADM0_A3_RU":"ITA","ADM0_A3_ES":"ITA","ADM0_A3_CN":"ITA","ADM0_A3_TW":"ITA","ADM0_A3_IN":"ITA","ADM0_A3_NP":"ITA","ADM0_A3_PK":"ITA","ADM0_A3_DE":"ITA","ADM0_A3_GB":"ITA","ADM0_A3_BR":"ITA","ADM0_A3_IL":"ITA","ADM0_A3_PS":"ITA","ADM0_A3_SA":"ITA","ADM0_A3_EG":"ITA","ADM0_A3_MA":"ITA","ADM0_A3_PT":"ITA","ADM0_A3_AR":"ITA","ADM0_A3_JP":"ITA","ADM0_A3_KO":"ITA","ADM0_A3_VN":"ITA","ADM0_A3_TR":"ITA","ADM0_A3_ID":"ITA","ADM0_A3_PL":"ITA","ADM0_A3_GR":"ITA","ADM0_A3_IT":"ITA","ADM0_A3_NL":"ITA","ADM0_A3_SE":"ITA","ADM0_A3_BD":"ITA","ADM0_A3_UA":"ITA","ADM0_A3_UN":-99,"ADM0_A3_WB":-99,"CONTINENT":"Europe","REGION_UN":"Europe","SUBREGION":"Southern Europe","REGION_WB":"Europe & Central Asia","NAME_LEN":5,"LONG_LEN":5,"ABBREV_LEN":5,"TINY":-99,"HOMEPART":1,"MIN_ZOOM":0,"MIN_LABEL":2,"MAX_LABEL":7,"LABEL_X":11.076907,"LABEL_Y":44.732482,"NE_ID":1159320919,"WIKIDATAID":"Q38","NAME_AR":"إيطاليا","NAME_BN":"ইতালি","NAME_DE":"Italien","NAME_EN":"Italy","NAME_ES":"Italia","NAME_FA":"ایتالیا","NAME_FR":"Italie","NAME_EL":"Ιταλία","NAME_HE":"איטליה","NAME_HI":"इटली","NAME_HU":"Olaszország","NAME_ID":"Italia","NAME_IT":"Italia","NAME_JA":"イタリア","NAME_KO":"이탈리아","NAME_NL":"Italië","NAME_PL":"Włochy","NAME_PT":"Itália","NAME_RU":"Италия","NAME_SV":"Italien","NAME_TR":"İtalya","NAME_UK":"Італія","NAME_UR":"اطالیہ","NAME_VI":"Ý","NAME_ZH":"意大利","NAME_ZHT":"義大利","FCLASS_ISO":"Admin-0 country","TLC_DIFF":null,"FCLASS_TLC":"Admin-0 country","FCLASS_US":null,"FCLASS_FR":null,"FCLASS_RU":null,"FCLASS_ES":null,"FCLASS_CN":null,"FCLASS_TW":null,"FCLASS_IN":null,"FCLASS_NP":null,"FCLASS_PK":null,"FCLASS_DE":null,"FCLASS_GB":null,"FCLASS_BR":null,"FCLASS_IL":null,"FCLASS_PS":null,"FCLASS_SA":null,"FCLASS_EG":null,"FCLASS_MA":null,"FCLASS_PT":null,"FCLASS_AR":null,"FCLASS_JP":null,"FCLASS_KO":null,"FCLASS_VN":null,"FCLASS_TR":null,"FCLASS_ID":null,"FCLASS_PL":null,"FCLASS_GR":null,"FCLASS_IT":null,"FCLASS_NL":null,"FCLASS_SE":null,"FCLASS_BD":null,"FCLASS_UA":null},"bbox":[6.627734,36.687842,18.48584,47.082129],"geometry":{"type":"MultiPolygon","coordinates":[[[[7.021094,45.925781],[7.055762,45.903809],[7.129004,45.88042],[7.32793,45.912354],[7.451563,45.944434],[7.538574,45.978174],[7.592578,45.972217],[7.787891,45.921826],[7.852344,45.947461],[7.993164,46.015918],[8.014258,46.051904],[8.125195,46.160937],[8.127246,46.187598],[8.081543,46.256006],[8.095703,46.271045],[8.231934,46.341211],[8.298535,46.403418],[8.370703,46.445117],[8.422559,46.446045],[8.436816,46.431885],[8.442969,46.402783],[8.438477,46.282861],[8.458398,46.245898],[8.56543,46.159814],[8.641699,46.110791],[8.818555,46.077148],[8.826758,46.061035],[8.778027,45.996191],[8.885156,45.918701],[8.904297,45.861963],[8.953711,45.830029],[9.02373,45.845703],[9.04668,45.875586],[9.019141,45.928125],[8.998926,45.983105],[9.003027,46.014893],[9.022363,46.051465],[9.070996,46.102441],[9.203418,46.219238],[9.251074,46.286768],[9.259766,46.39126],[9.260156,46.475195],[9.304395,46.495557],[9.399316,46.480664],[9.427637,46.482324],[9.440625,46.430811],[9.481055,46.348779],[9.528711,46.306201],[9.57959,46.296094],[9.639453,46.295898],[9.787793,46.346045],[9.884473,46.367773],[9.939258,46.361816],[9.97168,46.327686],[10.041016,46.238086],[10.080566,46.227979],[10.12832,46.238232],[10.145215,46.253516],[10.129883,46.287988],[10.109668,46.362842],[10.081934,46.420752],[10.045605,46.4479],[10.038281,46.483203],[10.06123,46.546777],[10.087012,46.599902],[10.1375,46.614355],[10.195508,46.621094],[10.272266,46.564844],[10.363086,46.54707],[10.430664,46.550049],[10.44248,46.582861],[10.438281,46.618848],[10.397949,46.665039],[10.406055,46.734863],[10.452832,46.864941],[10.479395,46.855127],[10.579785,46.853711],[10.689258,46.846387],[10.759766,46.793311],[10.828906,46.775244],[10.927344,46.769482],[10.993262,46.777002],[11.025098,46.796973],[11.063477,46.859131],[11.133887,46.936182],[11.244434,46.975684],[11.433203,46.983057],[11.527539,46.997412],[11.625488,46.996582],[11.699414,46.984668],[11.775684,46.986084],[11.969531,47.039697],[12.169434,47.082129],[12.197168,47.075],[12.20127,47.060889],[12.165527,47.028174],[12.130762,46.984766],[12.154102,46.935254],[12.267969,46.835889],[12.330078,46.759814],[12.388281,46.702637],[12.479199,46.67251],[12.598633,46.654102],[12.699805,46.647461],[12.805566,46.625879],[13.16875,46.572656],[13.351562,46.55791],[13.490039,46.555566],[13.7,46.520264],[13.679688,46.462891],[13.637109,46.448535],[13.563281,46.415088],[13.478516,46.369189],[13.399512,46.317529],[13.378223,46.261621],[13.399609,46.224951],[13.420996,46.212305],[13.449805,46.223535],[13.491797,46.216602],[13.544727,46.196582],[13.63252,46.177051],[13.634961,46.157764],[13.616602,46.133105],[13.548047,46.089111],[13.486426,46.039551],[13.480273,46.009229],[13.487695,45.987109],[13.50918,45.973779],[13.600586,45.979785],[13.613965,45.96167],[13.569629,45.834131],[13.583398,45.812354],[13.663477,45.791992],[13.72168,45.761279],[13.831152,45.68042],[13.874707,45.614844],[13.844727,45.592871],[13.775977,45.581982],[13.719824,45.587598],[13.783301,45.627246],[13.62832,45.770947],[13.558203,45.770703],[13.465137,45.709961],[13.206348,45.771387],[13.156738,45.746582],[13.120117,45.6979],[13.030273,45.6375],[12.903027,45.610791],[12.76123,45.544287],[12.611719,45.497217],[12.497559,45.46167],[12.432129,45.46792],[12.536133,45.544922],[12.491797,45.546289],[12.353809,45.491992],[12.274316,45.446045],[12.248828,45.368848],[12.225684,45.241504],[12.286328,45.207715],[12.39248,45.039795],[12.523438,44.967969],[12.497949,44.899414],[12.463574,44.845215],[12.384473,44.79834],[12.319043,44.833105],[12.278906,44.832227],[12.24834,44.72251],[12.30498,44.429443],[12.396289,44.223877],[12.486816,44.134229],[12.691113,43.994727],[12.907031,43.921191],[13.295313,43.686084],[13.508203,43.61167],[13.56416,43.571289],[13.693262,43.389893],[13.804688,43.180371],[13.924902,42.851562],[14.010449,42.689551],[14.182715,42.506445],[14.540723,42.244287],[14.866113,42.052539],[15.16875,41.934033],[15.40498,41.913232],[15.964063,41.939453],[16.061523,41.928125],[16.164648,41.896191],[16.18916,41.814014],[16.15127,41.758496],[16.033691,41.700781],[15.91377,41.62085],[15.900488,41.512061],[16.012598,41.4354],[16.551855,41.232031],[17.103418,41.062158],[17.275195,40.975439],[17.474219,40.840576],[17.95498,40.655176],[18.036133,40.564941],[18.328223,40.37085],[18.460645,40.221045],[18.48584,40.104834],[18.422559,39.986865],[18.393457,39.903613],[18.34375,39.821387],[18.219336,39.852539],[18.07793,39.936963],[17.865039,40.280176],[17.476172,40.314941],[17.395801,40.340234],[17.257715,40.399072],[17.249414,40.437891],[17.215332,40.486426],[17.17998,40.502783],[17.03125,40.513477],[16.928223,40.458057],[16.807031,40.326465],[16.669629,40.137207],[16.52998,39.859668],[16.521875,39.747559],[16.597754,39.638916],[16.824316,39.57832],[16.999219,39.481592],[17.114551,39.380615],[17.122949,39.136572],[17.174609,38.998096],[17.098535,38.919336],[16.951465,38.939795],[16.755469,38.889697],[16.616699,38.800146],[16.558984,38.714795],[16.574219,38.493555],[16.545605,38.409082],[16.282422,38.249561],[16.144141,38.086377],[16.109766,38.018652],[16.056836,37.941846],[15.724512,37.939111],[15.645801,38.034229],[15.643066,38.175391],[15.700195,38.262305],[15.822363,38.302979],[15.904785,38.483496],[15.878906,38.613916],[15.926953,38.671729],[15.972363,38.712598],[16.065527,38.736426],[16.196777,38.759229],[16.209961,38.941113],[16.107422,39.023828],[16.071484,39.139453],[16.023633,39.353613],[15.854395,39.626514],[15.763672,39.870068],[15.692773,39.990186],[15.585156,40.052832],[15.390918,40.052148],[15.294531,40.07002],[14.950879,40.239014],[14.926953,40.264746],[14.929102,40.30957],[14.986133,40.37749],[14.947656,40.469336],[14.906934,40.556055],[14.839551,40.62998],[14.765723,40.668408],[14.61123,40.644775],[14.556934,40.626416],[14.459375,40.632715],[14.382715,40.599854],[14.339941,40.598828],[14.460547,40.728711],[14.428125,40.759326],[14.308887,40.812646],[14.147168,40.820703],[14.102344,40.827148],[14.075879,40.793945],[14.044336,40.812256],[14.047656,40.870312],[13.859766,41.12998],[13.733398,41.235645],[13.669727,41.254492],[13.554785,41.232178],[13.361914,41.278516],[13.246875,41.288867],[13.183398,41.277686],[13.088672,41.243848],[13.041016,41.266211],[13.024219,41.300928],[12.849219,41.40874],[12.630859,41.469678],[12.205664,41.812646],[12.075293,41.940869],[11.807031,42.082031],[11.637305,42.287549],[11.498438,42.362939],[11.296289,42.423291],[11.249707,42.415723],[11.188867,42.393115],[11.141211,42.389893],[11.103223,42.416602],[11.141797,42.444092],[11.184766,42.456592],[11.167773,42.535156],[10.937793,42.738721],[10.803125,42.804297],[10.765137,42.844678],[10.737109,42.899951],[10.708398,42.936328],[10.644629,42.957178],[10.590234,42.953613],[10.514844,42.967529],[10.517285,43.065137],[10.532324,43.140137],[10.520801,43.203809],[10.447559,43.371191],[10.320508,43.513086],[10.245801,43.8521],[10.188086,43.94751],[10.047656,44.019971],[9.730859,44.101172],[9.289355,44.319238],[9.195996,44.322998],[8.930371,44.407764],[8.76582,44.422314],[8.551953,44.346143],[8.292383,44.136523],[8.081641,43.918945],[8.00498,43.876758],[7.733301,43.802588],[7.493164,43.767139],[7.490527,43.822949],[7.482031,43.864893],[7.522656,43.911084],[7.589648,43.96543],[7.651465,44.033643],[7.677148,44.083154],[7.665039,44.116016],[7.637207,44.164844],[7.599414,44.168359],[7.370898,44.127393],[7.318555,44.137988],[7.149414,44.201709],[6.967285,44.280029],[6.900195,44.335742],[6.874805,44.392041],[6.893848,44.428174],[6.878613,44.463281],[6.842969,44.510693],[6.875195,44.564551],[6.931934,44.631641],[6.960352,44.677148],[7.00791,44.688965],[7.030664,44.716699],[6.992676,44.827295],[6.972852,44.84502],[6.939844,44.85874],[6.889355,44.860303],[6.801074,44.883154],[6.738184,44.921387],[6.724707,44.972998],[6.691406,45.022607],[6.634766,45.068164],[6.627734,45.117969],[6.692285,45.144287],[6.780371,45.145312],[6.842285,45.135645],[6.98125,45.215576],[7.032422,45.222607],[7.07832,45.239941],[7.116797,45.349023],[7.146387,45.381738],[7.153418,45.400928],[7.126074,45.423682],[7.013672,45.500488],[6.962402,45.580566],[6.881445,45.670361],[6.80625,45.71001],[6.790918,45.740869],[6.78916,45.780078],[6.804492,45.814551],[6.94082,45.868359],[7.021094,45.925781]],[[12.43916,41.898389],[12.438379,41.906201],[12.430566,41.905469],[12.427539,41.900732],[12.430566,41.897559],[12.43916,41.898389]],[[12.485254,43.901416],[12.514648,43.952979],[12.503711,43.989746],[12.441113,43.982422],[12.396875,43.93457],[12.426367,43.894092],[12.485254,43.901416]]],[[[10.395117,42.858154],[10.42832,42.819189],[10.432227,42.796582],[10.409961,42.770996],[10.419336,42.713184],[10.335645,42.761133],[10.208984,42.736914],[10.13125,42.742041],[10.109766,42.785059],[10.127539,42.810303],[10.248242,42.815771],[10.285742,42.828076],[10.358984,42.822314],[10.395117,42.858154]]],[[[13.938281,40.705615],[13.893652,40.696973],[13.867676,40.70874],[13.853516,40.724072],[13.871191,40.761816],[13.962109,40.739404],[13.96084,40.718164],[13.938281,40.705615]]],[[[12.05127,36.757031],[12.00332,36.745996],[11.940625,36.780371],[11.936426,36.828613],[11.948047,36.843066],[12.024219,36.820947],[12.048047,36.776367],[12.05127,36.757031]]],[[[15.576563,38.220312],[15.508887,38.106641],[15.475684,38.062939],[15.234473,37.784814],[15.206836,37.720557],[15.189844,37.650732],[15.164844,37.589551],[15.131055,37.531885],[15.099512,37.458594],[15.105664,37.375488],[15.116992,37.334717],[15.145996,37.308008],[15.193652,37.282861],[15.230273,37.244336],[15.174121,37.20918],[15.236035,37.138721],[15.288672,37.096924],[15.295703,37.055176],[15.294531,37.013281],[15.185156,36.934814],[15.142383,36.891602],[15.11582,36.839258],[15.104297,36.785254],[15.116309,36.736475],[15.112598,36.687842],[15.002441,36.693896],[14.889648,36.723535],[14.775977,36.7104],[14.614355,36.766602],[14.555469,36.776758],[14.501855,36.798682],[14.367285,36.972852],[14.259082,37.046436],[14.142969,37.103662],[14.024316,37.107129],[13.905469,37.100635],[13.800586,37.135889],[13.587109,37.25415],[13.360938,37.34873],[13.264941,37.410352],[13.221094,37.451807],[13.169922,37.479297],[13.040332,37.506543],[12.924121,37.570508],[12.871191,37.575195],[12.757324,37.567383],[12.699023,37.571826],[12.640234,37.594336],[12.526758,37.669531],[12.454395,37.773779],[12.435547,37.819775],[12.486816,37.938721],[12.547656,38.05293],[12.60166,38.084961],[12.664355,38.10791],[12.702344,38.141699],[12.734375,38.183057],[12.850684,38.063721],[12.902734,38.034863],[12.955469,38.041309],[13.049023,38.084082],[13.056836,38.130908],[13.159961,38.190332],[13.291113,38.191455],[13.35166,38.180518],[13.383496,38.126807],[13.433496,38.110254],[13.491309,38.103125],[13.681543,38.000732],[13.734863,37.984033],[13.788867,37.981201],[13.936621,38.02417],[14.05,38.040527],[14.287695,38.016846],[14.416211,38.042578],[14.505957,38.045508],[14.636719,38.085059],[14.737207,38.150781],[14.789648,38.166992],[14.845898,38.17168],[14.981934,38.167578],[15.11875,38.152734],[15.176074,38.168066],[15.224023,38.211035],[15.27959,38.230371],[15.340723,38.217334],[15.49873,38.290869],[15.568359,38.295898],[15.634668,38.267578],[15.576563,38.220312]]],[[[9.632031,40.882031],[9.682031,40.818115],[9.794336,40.556201],[9.805273,40.499561],[9.782813,40.441504],[9.754199,40.400293],[9.642969,40.268408],[9.659473,40.159229],[9.700781,40.091797],[9.706738,40.017041],[9.686035,39.924365],[9.616992,39.354395],[9.583594,39.253564],[9.5625,39.166016],[9.486328,39.139551],[9.388086,39.167529],[9.26416,39.216797],[9.206934,39.213818],[9.149316,39.196973],[9.101758,39.211279],[9.056348,39.23916],[9.022656,39.043262],[8.966602,38.963721],[8.881348,38.912891],[8.801172,38.909668],[8.718555,38.926709],[8.648535,38.926562],[8.59541,38.964307],[8.55332,39.030322],[8.48623,39.110498],[8.418164,39.205713],[8.410742,39.291797],[8.399121,39.481592],[8.418652,39.523047],[8.44707,39.562793],[8.461035,39.647705],[8.451172,39.72168],[8.471094,39.748096],[8.510742,39.72168],[8.540527,39.731592],[8.538672,39.769678],[8.547754,39.839209],[8.495898,39.897461],[8.407813,39.917236],[8.399316,39.978174],[8.408594,40.037646],[8.455078,40.077588],[8.470801,40.130713],[8.471289,40.292676],[8.40918,40.352344],[8.385352,40.442676],[8.353223,40.500537],[8.295508,40.558643],[8.230273,40.605957],[8.189941,40.651611],[8.180859,40.771045],[8.203809,40.870703],[8.224219,40.91333],[8.245215,40.907031],[8.310156,40.85752],[8.363281,40.846338],[8.468457,40.834326],[8.571875,40.850195],[8.698926,40.895264],[8.821191,40.949902],[8.998145,41.110352],[9.107227,41.14292],[9.163086,41.185156],[9.182129,41.242188],[9.228418,41.25708],[9.283008,41.20166],[9.350781,41.195898],[9.455176,41.150146],[9.500195,41.106348],[9.53877,41.053662],[9.575684,41.030518],[9.615332,41.017285],[9.621191,41.004883],[9.589746,40.99248],[9.553711,40.932129],[9.574023,40.914746],[9.632031,40.882031]]],[[[8.478906,39.067529],[8.421484,38.968652],[8.360938,39.038672],[8.358594,39.098779],[8.366797,39.115918],[8.440625,39.090625],[8.478906,39.067529]]],[[[8.286035,41.039844],[8.252734,40.994141],[8.205664,40.997461],[8.224023,41.031299],[8.267383,41.099121],[8.320215,41.121875],[8.34375,41.101611],[8.318945,41.062744],[8.286035,41.039844]]]]}},{"type":"Feature","properties":{"featurecla":"Admin-0 country","scalerank":4,"LABELRANK":3,"SOVEREIGNT":"Ireland","SOV_A3":"IRL","ADM0_DIF":0,"LEVEL":2,"TYPE":"Sovereign country","TLC":"1","ADMIN":"Ireland","ADM0_A3":"IRL","GEOU_DIF":0,"GEOUNIT":"Ireland","GU_A3":"IRL","SU_DIF":0,"SUBUNIT":"Ireland","SU_A3":"IRL","BRK_DIFF":0,"NAME":"Ireland","NAME_LONG":"Ireland","BRK_A3":"IRL","BRK_NAME":"Ireland","BRK_GROUP":null,"ABBREV":"Ire.","POSTAL":"IRL","FORMAL_EN":"Ireland","FORMAL_FR":null,"NAME_CIAWF":"Ireland","NOTE_ADM0":null,"NOTE_BRK":null,"NAME_SORT":"Ireland","NAME_ALT":null,"MAPCOLOR7":2,"MAPCOLOR8":3,"MAPCOLOR9":2,"MAPCOLOR13":2,"POP_EST":4941444,"POP_RANK":12,"POP_YEAR":2019,"GDP_MD":388698,"GDP_YEAR":2019,"ECONOMY":"2. Developed region: nonG7","INCOME_GRP":"1. High income: OECD","FIPS_10":"EI","ISO_A2":"IE","ISO_A2_EH":"IE","ISO_A3":"IRL","ISO_A3_EH":"IRL","ISO_N3":"372","ISO_N3_EH":"372","UN_A3":"372","WB_A2":"IE","WB_A3":"IRL","WOE_ID":23424803,"WOE_ID_EH":23424803,"WOE_NOTE":"Exact WOE match as country","ADM0_ISO":"IRL","ADM0_DIFF":null,"ADM0_TLC":"IRL","ADM0_A3_US":"IRL","ADM0_A3_FR":"IRL","ADM0_A3_RU":"IRL","ADM0_A3_ES":"IRL","ADM0_A3_CN":"IRL","ADM0_A3_TW":"IRL","ADM0_A3_IN":"IRL","ADM0_A3_NP":"IRL","ADM0_A3_PK":"IRL","ADM0_A3_DE":"IRL","ADM0_A3_GB":"IRL","ADM0_A3_BR":"IRL","ADM0_A3_IL":"IRL","ADM0_A3_PS":"IRL","ADM0_A3_SA":"IRL","ADM0_A3_EG":"IRL","ADM0_A3_MA":"IRL","ADM0_A3_PT":"IRL","ADM0_A3_AR":"IRL","ADM0_A3_JP":"IRL","ADM0_A3_KO":"IRL","ADM0_A3_VN":"IRL","ADM0_A3_TR":"IRL","ADM0_A3_ID":"IRL","ADM0_A3_PL":"IRL","ADM0_A3_GR":"IRL","ADM0_A3_IT":"IRL","ADM0_A3_NL":"IRL","ADM0_A3_SE":"IRL","ADM0_A3_BD":"IRL","ADM0_A3_UA":"IRL","ADM0_A3_UN":-99,"ADM0_A3_WB":-99,"CONTINENT":"Europe","REGION_UN":"Europe","SUBREGION":"Northern Europe","REGION_WB":"Europe & Central Asia","NAME_LEN":7,"LONG_LEN":7,"ABBREV_LEN":4,"TINY":-99,"HOMEPART":1,"MIN_ZOOM":0,"MIN_LABEL":3,"MAX_LABEL":8,"LABEL_X":-7.798588,"LABEL_Y":53.078726,"NE_ID":1159320877,"WIKIDATAID":"Q27","NAME_AR":"جمهورية أيرلندا","NAME_BN":"প্রজাতন্ত্রী আয়ারল্যান্ড","NAME_DE":"Irland","NAME_EN":"Ireland","NAME_ES":"Irlanda","NAME_FA":"ایرلند","NAME_FR":"Irlande","NAME_EL":"Δημοκρατία της Ιρλανδίας","NAME_HE":"אירלנד","NAME_HI":"आयरलैण्ड","NAME_HU":"Írország","NAME_ID":"Republik Irlandia","NAME_IT":"Irlanda","NAME_JA":"アイルランド","NAME_KO":"아일랜드","NAME_NL":"Ierland","NAME_PL":"Irlandia","NAME_PT":"República da Irlanda","NAME_RU":"Ирландия","NAME_SV":"Irland","NAME_TR":"İrlanda","NAME_UK":"Ірландія","NAME_UR":"جمہوریہ آئرلینڈ","NAME_VI":"Cộng hòa Ireland","NAME_ZH":"爱尔兰","NAME_ZHT":"愛爾蘭","FCLASS_ISO":"Admin-0 country","TLC_DIFF":null,"FCLASS_TLC":"Admin-0 country","FCLASS_US":null,"FCLASS_FR":null,"FCLASS_RU":null,"FCLASS_ES":null,"FCLASS_CN":null,"FCLASS_TW":null,"FCLASS_IN":null,"FCLASS_NP":null,"FCLASS_PK":null,"FCLASS_DE":null,"FCLASS_GB":null,"FCLASS_BR":null,"FCLASS_IL":null,"FCLASS_PS":null,"FCLASS_SA":null,"FCLASS_EG":null,"FCLASS_MA":null,"FCLASS_PT":null,"FCLASS_AR":null,"FCLASS_JP":null,"FCLASS_KO":null,"FCLASS_VN":null,"FCLASS_TR":null,"FCLASS_ID":null,"FCLASS_PL":null,"FCLASS_GR":null,"FCLASS_IT":null,"FCLASS_NL":null,"FCLASS_SE":null,"FCLASS_BD":null,"FCLASS_UA":null},"bbox":[-10.390234,51.47373,-6.027393,55.36582],"geometry":{"type":"MultiPolygon","coordinates":[[[[-9.948193,53.913135],[-9.952441,53.88457],[-10.026514,53.920557],[-10.0625,53.959717],[-10.265723,53.977686],[-10.181055,54.016846],[-10.139746,54.005225],[-9.996387,54.003613],[-9.956152,53.987207],[-9.948193,53.913135]]],[[[-7.218652,55.091992],[-7.376904,55.027686],[-7.401416,55.00332],[-7.445996,54.905127],[-7.45127,54.8771],[-7.502197,54.825439],[-7.550391,54.767969],[-7.606445,54.745703],[-7.68999,54.728027],[-7.7375,54.710449],[-7.797266,54.719287],[-7.872949,54.717871],[-7.910596,54.69834],[-7.90874,54.68335],[-7.886133,54.666064],[-7.819824,54.639697],[-7.746289,54.61582],[-7.754395,54.594922],[-7.793799,54.57124],[-8.044336,54.512451],[-8.118945,54.476953],[-8.144824,54.453516],[-8.118262,54.414258],[-7.918457,54.296582],[-7.884473,54.283789],[-7.854932,54.215283],[-7.67876,54.18667],[-7.606543,54.143848],[-7.544434,54.133594],[-7.409424,54.137305],[-7.355176,54.12124],[-7.324512,54.133447],[-7.306738,54.156006],[-7.193066,54.214111],[-7.155469,54.239502],[-7.178076,54.274902],[-7.202588,54.301807],[-7.133496,54.355371],[-7.049707,54.408252],[-7.007715,54.406689],[-6.936133,54.374316],[-6.877246,54.329102],[-6.869238,54.294043],[-6.85835,54.268652],[-6.802588,54.214355],[-6.766602,54.195605],[-6.669531,54.184717],[-6.646875,54.163428],[-6.664209,54.084766],[-6.649805,54.058643],[-6.548145,54.057275],[-6.440283,54.063623],[-6.402588,54.060645],[-6.363672,54.0771],[-6.303662,54.094873],[-6.218018,54.088721],[-6.175732,54.053516],[-6.156934,54.017236],[-6.230664,54.003613],[-6.307617,54.011035],[-6.345166,53.987207],[-6.347607,53.941309],[-6.321582,53.882178],[-6.270117,53.840234],[-6.229004,53.745703],[-6.194873,53.640869],[-6.141846,53.577539],[-6.130957,53.498926],[-6.13877,53.460303],[-6.129102,53.390869],[-6.15166,53.366406],[-6.134717,53.301221],[-6.072266,53.166309],[-6.04502,53.091162],[-6.027393,52.9271],[-6.071484,52.865625],[-6.130664,52.807275],[-6.169336,52.738135],[-6.199219,52.663477],[-6.217236,52.543115],[-6.34541,52.402002],[-6.399951,52.366943],[-6.463184,52.345361],[-6.325,52.24668],[-6.437939,52.202686],[-6.561084,52.188818],[-6.697314,52.213525],[-6.782227,52.210498],[-6.859717,52.178564],[-6.890234,52.159229],[-6.914648,52.168555],[-6.965771,52.249512],[-7.003271,52.165918],[-7.081787,52.139307],[-7.216211,52.144971],[-7.440869,52.122705],[-7.527295,52.098877],[-7.563184,52.061621],[-7.589844,52.018555],[-7.624902,51.993115],[-7.664551,51.979736],[-7.837988,51.947998],[-7.872168,51.935303],[-7.95249,51.865771],[-8.057812,51.825586],[-8.14502,51.813525],[-8.222461,51.854004],[-8.254297,51.87832],[-8.290234,51.890674],[-8.40918,51.88877],[-8.371631,51.87627],[-8.347363,51.847705],[-8.335596,51.792969],[-8.349121,51.739307],[-8.407812,51.712061],[-8.477832,51.707031],[-8.588281,51.651367],[-8.734473,51.636182],[-8.813428,51.584912],[-9.296484,51.498242],[-9.323877,51.497217],[-9.390576,51.519287],[-9.462891,51.529053],[-9.534863,51.522168],[-9.737305,51.47373],[-9.835352,51.48335],[-9.710352,51.603711],[-9.542383,51.664453],[-9.524902,51.681104],[-9.579834,51.689258],[-9.899023,51.64707],[-10.009912,51.611133],[-10.120752,51.600684],[-10.069434,51.655566],[-9.926416,51.730713],[-9.849707,51.766113],[-9.802881,51.780127],[-9.749512,51.824268],[-9.598828,51.874414],[-10.084229,51.770996],[-10.211719,51.783594],[-10.241748,51.812451],[-10.341064,51.798926],[-10.378711,51.86875],[-10.231592,51.974512],[-10.14585,52.02002],[-10.044043,52.04458],[-9.946045,52.079834],[-9.909668,52.122949],[-9.955811,52.13667],[-10.249512,52.125732],[-10.390234,52.134912],[-10.382617,52.169092],[-10.356689,52.206934],[-10.210938,52.27168],[-10.13208,52.28208],[-10.061768,52.275928],[-9.993115,52.259326],[-9.937305,52.237646],[-9.772119,52.250098],[-9.841064,52.291455],[-9.853223,52.375488],[-9.906055,52.403711],[-9.838477,52.442676],[-9.761133,52.466357],[-9.632227,52.546924],[-9.586328,52.55918],[-9.33125,52.57876],[-9.056152,52.621143],[-8.783447,52.679639],[-8.923291,52.712305],[-8.990283,52.75542],[-9.0979,52.668262],[-9.175391,52.634912],[-9.394238,52.61709],[-9.463477,52.626904],[-9.561035,52.653955],[-9.591357,52.643652],[-9.619531,52.622754],[-9.764355,52.57998],[-9.916602,52.569727],[-9.7396,52.648193],[-9.51499,52.781152],[-9.464893,52.823193],[-9.393652,52.89624],[-9.415723,52.92876],[-9.461963,52.947266],[-9.299219,53.097559],[-9.241895,53.124854],[-9.137598,53.129248],[-9.061133,53.153076],[-9.027441,53.153174],[-8.997168,53.162061],[-8.930127,53.20708],[-9.033545,53.235742],[-9.140332,53.250488],[-9.470752,53.234863],[-9.514209,53.238232],[-9.555176,53.252051],[-9.581738,53.271973],[-9.601758,53.323047],[-9.625977,53.334473],[-9.700586,53.334473],[-9.774072,53.318848],[-9.825391,53.320361],[-9.875781,53.342725],[-9.79541,53.394971],[-9.899023,53.407275],[-10.003906,53.397021],[-10.09126,53.412842],[-10.093994,53.445605],[-10.054395,53.47832],[-10.10625,53.509326],[-10.116992,53.548535],[-10.061719,53.567822],[-10.001367,53.561426],[-9.878271,53.59043],[-9.720654,53.604492],[-9.855859,53.633105],[-9.909717,53.657617],[-9.912305,53.695117],[-9.901611,53.727197],[-9.745068,53.781494],[-9.578223,53.80542],[-9.590527,53.841162],[-9.578857,53.879834],[-9.74751,53.891016],[-9.914062,53.863721],[-9.89624,53.937598],[-9.856348,54.004297],[-9.848486,54.048291],[-9.856445,54.095361],[-9.934473,54.075244],[-9.943604,54.141602],[-9.9771,54.187109],[-10.092676,54.155762],[-10.089697,54.21582],[-10.056396,54.257812],[-9.995947,54.276025],[-9.935937,54.268115],[-9.824561,54.268896],[-9.717139,54.300439],[-9.562305,54.308545],[-9.315527,54.298633],[-9.145898,54.209619],[-9.1021,54.225537],[-9.034277,54.281787],[-9.002441,54.287988],[-8.746777,54.263477],[-8.588037,54.231104],[-8.545557,54.241211],[-8.568457,54.303613],[-8.623145,54.346875],[-8.554443,54.403564],[-8.470996,54.441943],[-8.415234,54.461084],[-8.286523,54.484863],[-8.230371,54.507275],[-8.192969,54.580127],[-8.133447,54.64082],[-8.456543,54.609277],[-8.763916,54.681201],[-8.715186,54.732031],[-8.650293,54.760889],[-8.538281,54.782959],[-8.527686,54.809473],[-8.470996,54.831543],[-8.377295,54.889453],[-8.411719,54.965088],[-8.393262,55.02041],[-8.325781,55.056445],[-8.304688,55.108203],[-8.274609,55.146289],[-8.137695,55.159912],[-8.006104,55.195312],[-7.958594,55.191895],[-7.803174,55.200049],[-7.750537,55.185791],[-7.762549,55.24834],[-7.66709,55.256494],[-7.629785,55.243994],[-7.613379,55.199658],[-7.57002,55.171387],[-7.556641,55.122217],[-7.585693,55.084229],[-7.634277,55.05498],[-7.589844,55.025049],[-7.65874,54.970947],[-7.584375,54.993994],[-7.478418,55.046973],[-7.483936,55.090283],[-7.501953,55.144727],[-7.531445,55.193848],[-7.517871,55.247949],[-7.458301,55.281787],[-7.301758,55.298779],[-7.365967,55.360205],[-7.308789,55.36582],[-7.24668,55.353027],[-7.155322,55.305176],[-7.060254,55.267627],[-6.96167,55.237891],[-7.056396,55.17832],[-7.172852,55.137012],[-7.218652,55.091992]]]]}},{"type":"Feature","properties":{"featurecla":"Admin-0 country","scalerank":1,"LABELRANK":3,"SOVEREIGNT":"Iceland","SOV_A3":"ISL","ADM0_DIF":0,"LEVEL":2,"TYPE":"Sovereign country","TLC":"1","ADMIN":"Iceland","ADM0_A3":"ISL","GEOU_DIF":0,"GEOUNIT":"Iceland","GU_A3":"ISL","SU_DIF":0,"SUBUNIT":"Iceland","SU_A3":"ISL","BRK_DIFF":0,"NAME":"Iceland","NAME_LONG":"Iceland","BRK_A3":"ISL","BRK_NAME":"Iceland","BRK_GROUP":null,"ABBREV":"Iceland","POSTAL":"IS","FORMAL_EN":"Republic of Iceland","FORMAL_FR":null,"NAME_CIAWF":"Iceland","NOTE_ADM0":null,"NOTE_BRK":null,"NAME_SORT":"Iceland","NAME_ALT":null,"MAPCOLOR7":1,"MAPCOLOR8":4,"MAPCOLOR9":4,"MAPCOLOR13":9,"POP_EST":361313,"POP_RANK":10,"POP_YEAR":2019,"GDP_MD":24188,"GDP_YEAR":2019,"ECONOMY":"2. Developed region: nonG7","INCOME_GRP":"1. High income: OECD","FIPS_10":"IC","ISO_A2":"IS","ISO_A2_EH":"IS","ISO_A3":"ISL","ISO_A3_EH":"ISL","ISO_N3":"352","ISO_N3_EH":"352","UN_A3":"352","WB_A2":"IS","WB_A3":"ISL","WOE_ID":23424845,"WOE_ID_EH":23424845,"WOE_NOTE":"Exact WOE match as country","ADM0_ISO":"ISL","ADM0_DIFF":null,"ADM0_TLC":"ISL","ADM0_A3_US":"ISL","ADM0_A3_FR":"ISL","ADM0_A3_RU":"ISL","ADM0_A3_ES":"ISL","ADM0_A3_CN":"ISL","ADM0_A3_TW":"ISL","ADM0_A3_IN":"ISL","ADM0_A3_NP":"ISL","ADM0_A3_PK":"ISL","ADM0_A3_DE":"ISL","ADM0_A3_GB":"ISL","ADM0_A3_BR":"ISL","ADM0_A3_IL":"ISL","ADM0_A3_PS":"ISL","ADM0_A3_SA":"ISL","ADM0_A3_EG":"ISL","ADM0_A3_MA":"ISL","ADM0_A3_PT":"ISL","ADM0_A3_AR":"ISL","ADM0_A3_JP":"ISL","ADM0_A3_KO":"ISL","ADM0_A3_VN":"ISL","ADM0_A3_TR":"ISL","ADM0_A3_ID":"ISL","ADM0_A3_PL":"ISL","ADM0_A3_GR":"ISL","ADM0_A3_IT":"ISL","ADM0_A3_NL":"ISL","ADM0_A3_SE":"ISL","ADM0_A3_BD":"ISL","ADM0_A3_UA":"ISL","ADM0_A3_UN":-99,"ADM0_A3_WB":-99,"CONTINENT":"Europe","REGION_UN":"Europe","SUBREGION":"Northern Europe","REGION_WB":"Europe & Central Asia","NAME_LEN":7,"LONG_LEN":7,"ABBREV_LEN":7,"TINY":-99,"HOMEPART":1,"MIN_ZOOM":0,"MIN_LABEL":2,"MAX_LABEL":7,"LABEL_X":-18.673711,"LABEL_Y":64.779286,"NE_ID":1159320917,"WIKIDATAID":"Q189","NAME_AR":"آيسلندا","NAME_BN":"আইসল্যান্ড","NAME_DE":"Island","NAME_EN":"Iceland","NAME_ES":"Islandia","NAME_FA":"ایسلند","NAME_FR":"Islande","NAME_EL":"Ισλανδία","NAME_HE":"איסלנד","NAME_HI":"आइसलैण्ड","NAME_HU":"Izland","NAME_ID":"Islandia","NAME_IT":"Islanda","NAME_JA":"アイスランド","NAME_KO":"아이슬란드","NAME_NL":"IJsland","NAME_PL":"Islandia","NAME_PT":"Islândia","NAME_RU":"Исландия","NAME_SV":"Island","NAME_TR":"İzlanda","NAME_UK":"Ісландія","NAME_UR":"آئس لینڈ","NAME_VI":"Iceland","NAME_ZH":"冰岛","NAME_ZHT":"冰島","FCLASS_ISO":"Admin-0 country","TLC_DIFF":null,"FCLASS_TLC":"Admin-0 country","FCLASS_US":null,"FCLASS_FR":null,"FCLASS_RU":null,"FCLASS_ES":null,"FCLASS_CN":null,"FCLASS_TW":null,"FCLASS_IN":null,"FCLASS_NP":null,"FCLASS_PK":null,"FCLASS_DE":null,"FCLASS_GB":null,"FCLASS_BR":null,"FCLASS_IL":null,"FCLASS_PS":null,"FCLASS_SA":null,"FCLASS_EG":null,"FCLASS_MA":null,"FCLASS_PT":null,"FCLASS_AR":null,"FCLASS_JP":null,"FCLASS_KO":null,"FCLASS_VN":null,"FCLASS_TR":null,"FCLASS_ID":null,"FCLASS_PL":null,"FCLASS_GR":null,"FCLASS_IT":null,"FCLASS_NL":null,"FCLASS_SE":null,"FCLASS_BD":null,"FCLASS_UA":null},"bbox":[-24.475684,63.406689,-13.556104,66.526074],"geometry":{"type":"Polygon","coordinates":[[[-15.543115,66.228516],[-15.428467,66.224805],[-15.240918,66.259131],[-15.162402,66.281689],[-14.969971,66.359717],[-14.856104,66.381445],[-14.680664,66.376123],[-14.59585,66.381543],[-14.593896,66.373975],[-14.70166,66.342285],[-14.788232,66.331445],[-14.912207,66.284277],[-15.02998,66.177881],[-15.117383,66.125635],[-15.116406,66.102441],[-15.010303,66.061279],[-14.894043,66.037891],[-14.787158,66.059082],[-14.74043,66.05083],[-14.698193,66.020215],[-14.674365,65.989893],[-14.668994,65.959863],[-14.688232,65.896973],[-14.752539,65.833789],[-14.839307,65.780908],[-14.8271,65.764258],[-14.75752,65.755664],[-14.426221,65.789941],[-14.391846,65.787402],[-14.372803,65.770361],[-14.369092,65.738721],[-14.350879,65.710107],[-14.318164,65.684473],[-14.328369,65.658252],[-14.473389,65.575342],[-14.302295,65.627539],[-14.166943,65.642285],[-13.935449,65.616064],[-13.840723,65.585938],[-13.785254,65.533008],[-13.705127,65.550537],[-13.670312,65.549512],[-13.617871,65.519336],[-13.616016,65.487158],[-13.654443,65.441309],[-13.667773,65.398975],[-13.708008,65.381592],[-13.783252,65.368994],[-13.804785,65.354785],[-13.771631,65.32251],[-13.722852,65.290967],[-13.653467,65.289502],[-13.641113,65.275],[-13.639551,65.257471],[-13.648926,65.236963],[-13.671582,65.222852],[-13.707422,65.215137],[-13.754883,65.192529],[-13.580811,65.143018],[-13.558594,65.124658],[-13.556104,65.097656],[-13.569678,65.068115],[-13.599316,65.035938],[-13.651855,65.016846],[-13.777246,65.013721],[-13.854004,64.992871],[-13.827832,64.958008],[-13.829834,64.914014],[-13.85293,64.862158],[-13.95166,64.783643],[-14.044434,64.741895],[-14.135156,64.714795],[-14.296973,64.724365],[-14.385107,64.745215],[-14.375293,64.677441],[-14.465381,64.635693],[-14.44834,64.60083],[-14.416992,64.583105],[-14.432568,64.53833],[-14.475391,64.493994],[-14.54707,64.445947],[-14.628223,64.415967],[-14.789551,64.379834],[-14.927393,64.319678],[-15.021582,64.295898],[-15.255859,64.296924],[-15.494971,64.258203],[-15.83291,64.17666],[-16.060449,64.11123],[-16.236035,64.037207],[-16.468066,63.916357],[-16.640332,63.865479],[-16.739697,63.851758],[-16.933057,63.840918],[-17.095117,63.808105],[-17.633447,63.746582],[-17.815723,63.712988],[-17.839258,63.682373],[-17.914844,63.636377],[-17.91958,63.619727],[-17.886377,63.606885],[-17.880273,63.590186],[-17.946924,63.535742],[-18.080029,63.496338],[-18.14292,63.496973],[-18.219043,63.530859],[-18.252197,63.529687],[-18.265234,63.524512],[-18.266016,63.513867],[-18.222266,63.473193],[-18.302832,63.454248],[-18.653613,63.406689],[-19.250195,63.441992],[-19.486572,63.478516],[-19.778271,63.536572],[-19.951953,63.552051],[-20.198145,63.555811],[-20.400439,63.637109],[-20.494043,63.687354],[-20.501562,63.708203],[-20.491016,63.731982],[-20.469971,63.748193],[-20.438477,63.756982],[-20.371729,63.757861],[-20.363037,63.764941],[-20.413965,63.805176],[-20.462695,63.792139],[-20.592969,63.735352],[-20.650928,63.737402],[-20.727051,63.765771],[-20.729932,63.793359],[-20.87876,63.803906],[-21.008105,63.838379],[-21.136572,63.887939],[-21.155762,63.906836],[-21.094043,63.934424],[-21.105957,63.939844],[-21.152393,63.944531],[-21.24624,63.935449],[-21.387598,63.872803],[-21.448633,63.858398],[-22.372559,63.84375],[-22.606885,63.837256],[-22.652197,63.827734],[-22.693018,63.868506],[-22.729395,63.959473],[-22.742969,64.019385],[-22.733643,64.048389],[-22.701172,64.083203],[-22.650928,64.077295],[-22.603076,64.049609],[-22.559814,64.010352],[-22.510059,63.991455],[-22.187598,64.039209],[-22.056641,64.071338],[-22.000977,64.101855],[-21.935449,64.15376],[-21.865918,64.180322],[-21.832764,64.20542],[-21.767578,64.284863],[-21.722559,64.321777],[-21.668652,64.349023],[-21.606006,64.366602],[-21.46333,64.37915],[-21.557178,64.397852],[-21.64668,64.397852],[-21.951221,64.313916],[-22.053369,64.313916],[-22.049072,64.327002],[-22.006006,64.350684],[-21.90127,64.391602],[-21.973193,64.394678],[-22.000684,64.413184],[-22.003809,64.452197],[-21.950342,64.51499],[-21.702393,64.597803],[-21.61665,64.61001],[-21.590625,64.626367],[-21.623145,64.639746],[-21.674951,64.647705],[-21.924414,64.562549],[-22.106006,64.533057],[-22.159961,64.538818],[-22.253906,64.571875],[-22.28418,64.586572],[-22.324707,64.624414],[-22.320117,64.647217],[-22.233594,64.713965],[-22.247559,64.726904],[-22.307031,64.733496],[-22.467041,64.794971],[-22.720312,64.788818],[-23.346973,64.824365],[-23.476465,64.809277],[-23.689941,64.756543],[-23.818994,64.73916],[-23.878564,64.750635],[-23.932764,64.778516],[-23.981982,64.816113],[-24.026172,64.863428],[-24.007031,64.896436],[-23.924414,64.915234],[-23.863818,64.92417],[-23.693213,64.912744],[-23.485303,64.94585],[-23.352686,64.952783],[-23.3146,64.958008],[-23.236523,64.993262],[-23.197998,65.002148],[-23.137891,64.989795],[-23.108838,64.965869],[-22.899512,65.003027],[-22.827686,65.02168],[-22.81958,65.033105],[-22.788086,65.046484],[-22.683984,65.026367],[-22.599707,65.025732],[-22.494482,65.039551],[-22.308447,65.045654],[-21.892139,65.048779],[-21.829785,65.079102],[-21.800439,65.105908],[-21.763721,65.17373],[-21.77998,65.187695],[-22.03999,65.125244],[-22.099316,65.126221],[-22.400293,65.159326],[-22.509082,65.196777],[-22.473437,65.226855],[-22.313965,65.291602],[-22.149316,65.343555],[-21.906982,65.399707],[-21.850244,65.421533],[-21.844385,65.447363],[-22.005762,65.493457],[-22.311475,65.480713],[-22.389697,65.5354],[-22.643604,65.567773],[-22.812646,65.547412],[-22.90249,65.580469],[-23.12207,65.534766],[-23.604541,65.468604],[-23.796484,65.422754],[-23.899902,65.407568],[-24.018994,65.44502],[-24.223975,65.487207],[-24.454785,65.500342],[-24.475684,65.525195],[-24.341064,65.601221],[-24.248926,65.61499],[-24.156104,65.608008],[-23.979004,65.55498],[-23.856738,65.538379],[-24.01001,65.616211],[-24.006006,65.646143],[-24.017578,65.690918],[-24.065039,65.710156],[-24.111914,65.759717],[-24.092627,65.776465],[-24.032422,65.782324],[-23.909082,65.765576],[-23.615918,65.67959],[-23.471973,65.694824],[-23.392969,65.726514],[-23.285352,65.75],[-23.315918,65.762256],[-23.569287,65.763721],[-23.704736,65.781201],[-23.773242,65.806348],[-23.832617,65.849219],[-23.811719,65.868896],[-23.741309,65.88457],[-23.524951,65.880029],[-23.66748,65.954297],[-23.766553,65.996973],[-23.777344,66.017578],[-23.770557,66.043457],[-23.757129,66.060791],[-23.737158,66.069434],[-23.488867,66.026074],[-23.434473,66.024219],[-23.484668,66.052246],[-23.593555,66.093408],[-23.598535,66.108838],[-23.552637,66.121582],[-23.52998,66.14502],[-23.52793,66.164404],[-23.452539,66.181006],[-23.376562,66.181738],[-23.3,66.166602],[-23.062549,66.08623],[-23.028516,66.063672],[-23.017285,66.033936],[-23.028906,65.99707],[-23.018994,65.982129],[-22.926221,65.994824],[-22.852246,65.979297],[-22.815332,65.983496],[-22.72334,66.039014],[-22.659863,66.025928],[-22.621582,65.999951],[-22.609717,65.976465],[-22.604053,65.944189],[-22.620215,65.876953],[-22.616016,65.86748],[-22.551562,65.90542],[-22.441699,65.908301],[-22.427539,65.927393],[-22.424219,65.998096],[-22.433154,66.057666],[-22.445312,66.07002],[-22.806445,66.152588],[-22.869238,66.17207],[-22.9479,66.212744],[-22.931982,66.233203],[-22.861621,66.251465],[-22.755518,66.25874],[-22.509375,66.257764],[-22.484424,66.266309],[-22.532129,66.287744],[-22.646094,66.301563],[-22.672754,66.313916],[-22.68623,66.337695],[-22.821338,66.324707],[-22.972021,66.32417],[-23.116943,66.338721],[-23.119922,66.357227],[-23.062695,66.384375],[-22.944336,66.429443],[-22.889209,66.440625],[-22.72373,66.432764],[-22.559326,66.44541],[-22.426123,66.430127],[-22.320459,66.385498],[-22.170215,66.307129],[-21.966992,66.256982],[-21.948389,66.24126],[-21.840234,66.200195],[-21.625293,66.089697],[-21.406885,66.025586],[-21.396777,66.009277],[-21.432715,65.990088],[-21.51665,65.967578],[-21.497461,65.955078],[-21.387793,65.93877],[-21.308789,65.895313],[-21.303467,65.876465],[-21.374902,65.741895],[-21.412842,65.71333],[-21.456641,65.698242],[-21.658447,65.723584],[-21.610352,65.680762],[-21.46626,65.635156],[-21.433643,65.609668],[-21.455127,65.584668],[-21.439404,65.578906],[-21.386621,65.592432],[-21.364746,65.578223],[-21.373877,65.536377],[-21.396338,65.50166],[-21.432178,65.474072],[-21.421875,65.462158],[-21.365479,65.46582],[-21.312549,65.458691],[-21.22998,65.420605],[-21.162988,65.304248],[-21.129687,65.266602],[-21.105713,65.3],[-21.075586,65.384961],[-21.047314,65.428369],[-21.02085,65.430273],[-20.997998,65.444531],[-20.978857,65.471191],[-20.939746,65.565186],[-20.804346,65.636426],[-20.739697,65.658252],[-20.678955,65.663086],[-20.649414,65.654199],[-20.548145,65.579492],[-20.486523,65.566943],[-20.454834,65.571045],[-20.411523,65.621729],[-20.356641,65.719043],[-20.344092,65.827734],[-20.373926,65.947705],[-20.356592,66.033252],[-20.292139,66.084375],[-20.20752,66.100098],[-20.102686,66.080469],[-20.026074,66.049268],[-19.874756,65.930127],[-19.752637,65.867773],[-19.647852,65.800781],[-19.593555,65.779053],[-19.489697,65.768066],[-19.461816,65.772363],[-19.443262,65.787842],[-19.433887,65.814453],[-19.45625,65.984912],[-19.427051,66.037988],[-19.382959,66.075684],[-19.195312,66.0979],[-19.093213,66.121533],[-18.99375,66.160352],[-18.911328,66.181152],[-18.845898,66.183936],[-18.777539,66.168799],[-18.706201,66.135742],[-18.594922,66.071338],[-18.454932,65.964551],[-18.276953,65.884717],[-18.183643,65.758008],[-18.163721,65.736572],[-18.141943,65.734082],[-18.118408,65.750537],[-18.10332,65.773926],[-18.099023,65.830273],[-18.148877,65.905029],[-18.315332,66.093164],[-18.318213,66.128809],[-18.297168,66.157422],[-18.179883,66.160547],[-17.906982,66.143311],[-17.819824,66.114111],[-17.634326,65.99917],[-17.582227,65.971387],[-17.550439,65.964404],[-17.539014,65.97832],[-17.467041,65.999658],[-17.417236,66.025537],[-17.334277,66.088867],[-17.153027,66.202832],[-17.115381,66.206201],[-17.062451,66.197217],[-16.969531,66.167383],[-16.925439,66.143457],[-16.838037,66.125244],[-16.748437,66.131641],[-16.624756,66.171582],[-16.48501,66.195947],[-16.437109,66.252539],[-16.428076,66.278369],[-16.540674,66.446729],[-16.493359,66.481152],[-16.249316,66.5229],[-16.035889,66.526074],[-15.9854,66.514648],[-15.850928,66.432861],[-15.759766,66.391699],[-15.71377,66.358594],[-15.702783,66.285742],[-15.647363,66.258789],[-15.543115,66.228516]]]}},{"type":"Feature","properties":{"featurecla":"Admin-0 country","scalerank":1,"LABELRANK":5,"SOVEREIGNT":"Hungary","SOV_A3":"HUN","ADM0_DIF":0,"LEVEL":2,"TYPE":"Sovereign country","TLC":"1","ADMIN":"Hungary","ADM0_A3":"HUN","GEOU_DIF":0,"GEOUNIT":"Hungary","GU_A3":"HUN","SU_DIF":0,"SUBUNIT":"Hungary","SU_A3":"HUN","BRK_DIFF":0,"NAME":"Hungary","NAME_LONG":"Hungary","BRK_A3":"HUN","BRK_NAME":"Hungary","BRK_GROUP":null,"ABBREV":"Hun.","POSTAL":"HU","FORMAL_EN":"Republic of Hungary","FORMAL_FR":null,"NAME_CIAWF":"Hungary","NOTE_ADM0":null,"NOTE_BRK":null,"NAME_SORT":"Hungary","NAME_ALT":null,"MAPCOLOR7":4,"MAPCOLOR8":6,"MAPCOLOR9":1,"MAPCOLOR13":5,"POP_EST":9769949,"POP_RANK":13,"POP_YEAR":2019,"GDP_MD":163469,"GDP_YEAR":2019,"ECONOMY":"2. Developed region: nonG7","INCOME_GRP":"1. High income: OECD","FIPS_10":"HU","ISO_A2":"HU","ISO_A2_EH":"HU","ISO_A3":"HUN","ISO_A3_EH":"HUN","ISO_N3":"348","ISO_N3_EH":"348","UN_A3":"348","WB_A2":"HU","WB_A3":"HUN","WOE_ID":23424844,"WOE_ID_EH":23424844,"WOE_NOTE":"Exact WOE match as country","ADM0_ISO":"HUN","ADM0_DIFF":null,"ADM0_TLC":"HUN","ADM0_A3_US":"HUN","ADM0_A3_FR":"HUN","ADM0_A3_RU":"HUN","ADM0_A3_ES":"HUN","ADM0_A3_CN":"HUN","ADM0_A3_TW":"HUN","ADM0_A3_IN":"HUN","ADM0_A3_NP":"HUN","ADM0_A3_PK":"HUN","ADM0_A3_DE":"HUN","ADM0_A3_GB":"HUN","ADM0_A3_BR":"HUN","ADM0_A3_IL":"HUN","ADM0_A3_PS":"HUN","ADM0_A3_SA":"HUN","ADM0_A3_EG":"HUN","ADM0_A3_MA":"HUN","ADM0_A3_PT":"HUN","ADM0_A3_AR":"HUN","ADM0_A3_JP":"HUN","ADM0_A3_KO":"HUN","ADM0_A3_VN":"HUN","ADM0_A3_TR":"HUN","ADM0_A3_ID":"HUN","ADM0_A3_PL":"HUN","ADM0_A3_GR":"HUN","ADM0_A3_IT":"HUN","ADM0_A3_NL":"HUN","ADM0_A3_SE":"HUN","ADM0_A3_BD":"HUN","ADM0_A3_UA":"HUN","ADM0_A3_UN":-99,"ADM0_A3_WB":-99,"CONTINENT":"Europe","REGION_UN":"Europe","SUBREGION":"Eastern Europe","REGION_WB":"Europe & Central Asia","NAME_LEN":7,"LONG_LEN":7,"ABBREV_LEN":4,"TINY":-99,"HOMEPART":1,"MIN_ZOOM":0,"MIN_LABEL":4,"MAX_LABEL":9,"LABEL_X":19.447867,"LABEL_Y":47.086841,"NE_ID":1159320841,"WIKIDATAID":"Q28","NAME_AR":"المجر","NAME_BN":"হাঙ্গেরি","NAME_DE":"Ungarn","NAME_EN":"Hungary","NAME_ES":"Hungría","NAME_FA":"مجارستان","NAME_FR":"Hongrie","NAME_EL":"Ουγγαρία","NAME_HE":"הונגריה","NAME_HI":"हंगरी","NAME_HU":"Magyarország","NAME_ID":"Hongaria","NAME_IT":"Ungheria","NAME_JA":"ハンガリー","NAME_KO":"헝가리","NAME_NL":"Hongarije","NAME_PL":"Węgry","NAME_PT":"Hungria","NAME_RU":"Венгрия","NAME_SV":"Ungern","NAME_TR":"Macaristan","NAME_UK":"Угорщина","NAME_UR":"ہنگری","NAME_VI":"Hungary","NAME_ZH":"匈牙利","NAME_ZHT":"匈牙利","FCLASS_ISO":"Admin-0 country","TLC_DIFF":null,"FCLASS_TLC":"Admin-0 country","FCLASS_US":null,"FCLASS_FR":null,"FCLASS_RU":null,"FCLASS_ES":null,"FCLASS_CN":null,"FCLASS_TW":null,"FCLASS_IN":null,"FCLASS_NP":null,"FCLASS_PK":null,"FCLASS_DE":null,"FCLASS_GB":null,"FCLASS_BR":null,"FCLASS_IL":null,"FCLASS_PS":null,"FCLASS_SA":null,"FCLASS_EG":null,"FCLASS_MA":null,"FCLASS_PT":null,"FCLASS_AR":null,"FCLASS_JP":null,"FCLASS_KO":null,"FCLASS_VN":null,"FCLASS_TR":null,"FCLASS_ID":null,"FCLASS_PL":null,"FCLASS_GR":null,"FCLASS_IT":null,"FCLASS_NL":null,"FCLASS_SE":null,"FCLASS_BD":null,"FCLASS_UA":null},"bbox":[16.093066,45.753027,22.87666,48.553467],"geometry":{"type":"Polygon","coordinates":[[[22.131836,48.405322],[22.227148,48.413428],[22.231152,48.412158],[22.253711,48.407373],[22.269434,48.360889],[22.272168,48.358008],[22.295117,48.327295],[22.316699,48.286621],[22.350195,48.256055],[22.423828,48.243311],[22.520117,48.205371],[22.582422,48.134033],[22.676367,48.104395],[22.683105,48.103613],[22.701563,48.107031],[22.769141,48.109619],[22.782227,48.095215],[22.83623,48.060303],[22.857227,48.029541],[22.846484,47.99707],[22.856055,47.960303],[22.87666,47.947266],[22.851758,47.922559],[22.676758,47.799023],[22.608398,47.766309],[22.562891,47.75957],[22.491406,47.772559],[22.41748,47.762646],[22.351465,47.73623],[22.290625,47.727832],[22.244629,47.696387],[22.185059,47.629053],[22.111914,47.572021],[22.037988,47.536621],[21.999707,47.505029],[21.995313,47.395703],[21.954297,47.364258],[21.899219,47.332568],[21.869336,47.30459],[21.785449,47.138135],[21.721777,47.084814],[21.661426,47.043896],[21.651465,47.006543],[21.652637,46.96377],[21.58418,46.878369],[21.494434,46.789746],[21.477051,46.753369],[21.49707,46.704297],[21.411035,46.647852],[21.361328,46.620752],[21.320215,46.607812],[21.294531,46.572461],[21.252246,46.486377],[21.263281,46.447754],[21.264551,46.412305],[21.191797,46.391553],[21.17041,46.352686],[21.151953,46.304346],[21.12168,46.282422],[21.039844,46.242236],[20.837012,46.259717],[20.760254,46.24624],[20.737402,46.21748],[20.732715,46.194434],[20.707422,46.172803],[20.661035,46.145654],[20.613672,46.133496],[20.508105,46.166943],[20.280957,46.133008],[20.241797,46.108594],[20.210156,46.126025],[20.161426,46.141895],[19.934082,46.161475],[19.844434,46.145898],[19.724512,46.151904],[19.613477,46.169189],[19.530762,46.155176],[19.45752,46.087354],[19.421289,46.064453],[19.392871,46.049805],[19.330273,46.028516],[19.278125,46.002881],[19.208398,45.984424],[19.146289,45.987012],[19.087305,46.016162],[19.066211,46.009521],[19.047656,45.982666],[19.015723,45.959717],[18.927832,45.931396],[18.905371,45.931738],[18.900293,45.931738],[18.833008,45.91084],[18.721777,45.899365],[18.666016,45.907471],[18.564648,45.813281],[18.533594,45.796143],[18.437305,45.767334],[18.358301,45.753027],[18.290625,45.764453],[18.263965,45.765479],[17.963867,45.770264],[17.807129,45.79043],[17.706445,45.827246],[17.639648,45.868359],[17.607031,45.91377],[17.529199,45.941309],[17.406348,45.951074],[17.310645,45.996143],[17.242188,46.076611],[17.149609,46.140332],[17.032715,46.187305],[16.939941,46.253662],[16.871484,46.339307],[16.748047,46.416406],[16.569922,46.48501],[16.516211,46.499902],[16.505664,46.52207],[16.418457,46.607227],[16.38125,46.638672],[16.38457,46.680811],[16.367188,46.704785],[16.335449,46.721631],[16.318457,46.78252],[16.308496,46.827979],[16.283594,46.857275],[16.093066,46.863281],[16.252539,46.971924],[16.331836,47.002197],[16.423926,46.996973],[16.453418,47.006787],[16.46123,47.022461],[16.476953,47.057861],[16.484766,47.09126],[16.492676,47.122656],[16.482813,47.140381],[16.438379,47.145898],[16.416895,47.223437],[16.439746,47.252734],[16.462598,47.273145],[16.434375,47.367432],[16.442871,47.399512],[16.514746,47.404541],[16.574414,47.424658],[16.623047,47.447559],[16.636621,47.476611],[16.676563,47.536035],[16.639746,47.608887],[16.432129,47.656299],[16.421289,47.674463],[16.469629,47.695068],[16.521094,47.724463],[16.550977,47.747363],[16.590918,47.750537],[16.647461,47.739014],[16.747559,47.686279],[16.785938,47.678662],[16.823047,47.693994],[16.862695,47.697266],[16.973438,47.695312],[17.066602,47.707568],[17.045605,47.76377],[17.045898,47.804541],[17.030078,47.837109],[17.039941,47.872949],[17.077734,47.900879],[17.089063,47.963623],[17.147363,48.005957],[17.174609,48.012061],[17.277246,48.004346],[17.301563,47.993359],[17.317285,47.990918],[17.480664,47.887598],[17.635254,47.809912],[17.761914,47.770166],[17.947949,47.766895],[18.145605,47.763428],[18.47627,47.777002],[18.724219,47.787158],[18.740625,47.806494],[18.778027,47.852881],[18.74834,47.892676],[18.750098,47.939453],[18.791895,48.000293],[18.91416,48.05083],[19.265137,48.073047],[19.466992,48.110693],[19.497461,48.162109],[19.564258,48.212842],[19.625391,48.223096],[19.70918,48.199805],[19.810059,48.155029],[19.898633,48.131348],[19.950391,48.146631],[20.128613,48.222021],[20.333789,48.295557],[20.475,48.495117],[20.490039,48.526904],[20.643164,48.549707],[20.866602,48.545654],[20.981152,48.519678],[21.067285,48.505908],[21.196387,48.510596],[21.382422,48.553467],[21.451367,48.552246],[21.504688,48.521875],[21.563184,48.495703],[21.602637,48.463672],[21.63252,48.418506],[21.648633,48.401465],[21.674609,48.378369],[21.721484,48.346582],[21.766992,48.338086],[22.111328,48.393359],[22.131836,48.405322]]]}},{"type":"Feature","properties":{"featurecla":"Admin-0 country","scalerank":1,"LABELRANK":4,"SOVEREIGNT":"Guyana","SOV_A3":"GUY","ADM0_DIF":0,"LEVEL":2,"TYPE":"Sovereign country","TLC":"1","ADMIN":"Guyana","ADM0_A3":"GUY","GEOU_DIF":0,"GEOUNIT":"Guyana","GU_A3":"GUY","SU_DIF":0,"SUBUNIT":"Guyana","SU_A3":"GUY","BRK_DIFF":0,"NAME":"Guyana","NAME_LONG":"Guyana","BRK_A3":"GUY","BRK_NAME":"Guyana","BRK_GROUP":null,"ABBREV":"Guy.","POSTAL":"GY","FORMAL_EN":"Co-operative Republic of Guyana","FORMAL_FR":null,"NAME_CIAWF":"Guyana","NOTE_ADM0":null,"NOTE_BRK":null,"NAME_SORT":"Guyana","NAME_ALT":null,"MAPCOLOR7":3,"MAPCOLOR8":1,"MAPCOLOR9":4,"MAPCOLOR13":8,"POP_EST":782766,"POP_RANK":11,"POP_YEAR":2019,"GDP_MD":5173,"GDP_YEAR":2019,"ECONOMY":"6. Developing region","INCOME_GRP":"4. Lower middle income","FIPS_10":"GY","ISO_A2":"GY","ISO_A2_EH":"GY","ISO_A3":"GUY","ISO_A3_EH":"GUY","ISO_N3":"328","ISO_N3_EH":"328","UN_A3":"328","WB_A2":"GY","WB_A3":"GUY","WOE_ID":23424836,"WOE_ID_EH":23424836,"WOE_NOTE":"Exact WOE match as country","ADM0_ISO":"GUY","ADM0_DIFF":null,"ADM0_TLC":"GUY","ADM0_A3_US":"GUY","ADM0_A3_FR":"GUY","ADM0_A3_RU":"GUY","ADM0_A3_ES":"GUY","ADM0_A3_CN":"GUY","ADM0_A3_TW":"GUY","ADM0_A3_IN":"GUY","ADM0_A3_NP":"GUY","ADM0_A3_PK":"GUY","ADM0_A3_DE":"GUY","ADM0_A3_GB":"GUY","ADM0_A3_BR":"GUY","ADM0_A3_IL":"GUY","ADM0_A3_PS":"GUY","ADM0_A3_SA":"GUY","ADM0_A3_EG":"GUY","ADM0_A3_MA":"GUY","ADM0_A3_PT":"GUY","ADM0_A3_AR":"GUY","ADM0_A3_JP":"GUY","ADM0_A3_KO":"GUY","ADM0_A3_VN":"GUY","ADM0_A3_TR":"GUY","ADM0_A3_ID":"GUY","ADM0_A3_PL":"GUY","ADM0_A3_GR":"GUY","ADM0_A3_IT":"GUY","ADM0_A3_NL":"GUY","ADM0_A3_SE":"GUY","ADM0_A3_BD":"GUY","ADM0_A3_UA":"GUY","ADM0_A3_UN":-99,"ADM0_A3_WB":-99,"CONTINENT":"South America","REGION_UN":"Americas","SUBREGION":"South America","REGION_WB":"Latin America & Caribbean","NAME_LEN":6,"LONG_LEN":6,"ABBREV_LEN":4,"TINY":-99,"HOMEPART":1,"MIN_ZOOM":0,"MIN_LABEL":4,"MAX_LABEL":9,"LABEL_X":-58.942643,"LABEL_Y":5.124317,"NE_ID":1159320817,"WIKIDATAID":"Q734","NAME_AR":"غيانا","NAME_BN":"গায়ানা","NAME_DE":"Guyana","NAME_EN":"Guyana","NAME_ES":"Guyana","NAME_FA":"گویان","NAME_FR":"Guyana","NAME_EL":"Γουιάνα","NAME_HE":"גיאנה","NAME_HI":"गयाना","NAME_HU":"Guyana","NAME_ID":"Guyana","NAME_IT":"Guyana","NAME_JA":"ガイアナ","NAME_KO":"가이아나","NAME_NL":"Guyana","NAME_PL":"Gujana","NAME_PT":"Guiana","NAME_RU":"Гайана","NAME_SV":"Guyana","NAME_TR":"Guyana","NAME_UK":"Гаяна","NAME_UR":"گیانا","NAME_VI":"Guyana","NAME_ZH":"圭亚那","NAME_ZHT":"圭亞那","FCLASS_ISO":"Admin-0 country","TLC_DIFF":null,"FCLASS_TLC":"Admin-0 country","FCLASS_US":null,"FCLASS_FR":null,"FCLASS_RU":null,"FCLASS_ES":null,"FCLASS_CN":null,"FCLASS_TW":null,"FCLASS_IN":null,"FCLASS_NP":null,"FCLASS_PK":null,"FCLASS_DE":null,"FCLASS_GB":null,"FCLASS_BR":null,"FCLASS_IL":null,"FCLASS_PS":null,"FCLASS_SA":null,"FCLASS_EG":null,"FCLASS_MA":null,"FCLASS_PT":null,"FCLASS_AR":null,"FCLASS_JP":null,"FCLASS_KO":null,"FCLASS_VN":null,"FCLASS_TR":null,"FCLASS_ID":null,"FCLASS_PL":null,"FCLASS_GR":null,"FCLASS_IT":null,"FCLASS_NL":null,"FCLASS_SE":null,"FCLASS_BD":null,"FCLASS_UA":null},"bbox":[-61.39082,1.201221,-56.482812,8.549316],"geometry":{"type":"Polygon","coordinates":[[[-60.742139,5.202051],[-60.954004,5.437402],[-61.167187,5.674219],[-61.376807,5.906982],[-61.39082,5.93877],[-61.303125,6.049512],[-61.224951,6.129199],[-61.159473,6.174414],[-61.128711,6.214307],[-61.152295,6.385107],[-61.151025,6.446533],[-61.181592,6.513379],[-61.203613,6.588379],[-61.177246,6.650928],[-61.145605,6.694531],[-61.104785,6.711377],[-61.00708,6.726611],[-60.937988,6.732764],[-60.913574,6.757812],[-60.87334,6.786914],[-60.82085,6.788477],[-60.71792,6.768311],[-60.671045,6.805957],[-60.586084,6.85708],[-60.39502,6.945361],[-60.3521,7.002881],[-60.32207,7.092041],[-60.325488,7.133984],[-60.345068,7.15],[-60.392383,7.164551],[-60.464941,7.166553],[-60.523193,7.143701],[-60.583203,7.156201],[-60.633301,7.211084],[-60.636182,7.256592],[-60.606543,7.32085],[-60.62373,7.36333],[-60.719238,7.498682],[-60.718652,7.535937],[-60.649463,7.596631],[-60.610107,7.64834],[-60.556348,7.772021],[-60.513623,7.813184],[-60.380615,7.827637],[-60.346777,7.854004],[-60.278906,7.919434],[-60.178174,7.994043],[-60.032422,8.053564],[-59.990723,8.162012],[-59.964844,8.191602],[-59.849072,8.248682],[-59.828906,8.27915],[-59.831641,8.305957],[-60.017529,8.549316],[-59.980615,8.532617],[-59.836523,8.373828],[-59.756738,8.339502],[-59.739941,8.338721],[-59.739307,8.37998],[-59.666113,8.362598],[-59.476904,8.254004],[-59.200244,8.074609],[-58.811572,7.735596],[-58.701074,7.606641],[-58.626611,7.545898],[-58.511084,7.398047],[-58.477295,7.325781],[-58.480566,7.038135],[-58.58291,6.843652],[-58.60791,6.697314],[-58.613477,6.502539],[-58.672949,6.390771],[-58.593994,6.451514],[-58.569482,6.627246],[-58.502295,6.733984],[-58.41499,6.851172],[-58.298437,6.879297],[-58.172852,6.829395],[-58.071777,6.820605],[-57.982568,6.785889],[-57.792871,6.598535],[-57.607568,6.450391],[-57.540137,6.331543],[-57.343652,6.272119],[-57.227539,6.178418],[-57.190234,6.097314],[-57.167236,5.88501],[-57.205273,5.5646],[-57.194775,5.548437],[-57.2479,5.485254],[-57.25752,5.445166],[-57.291895,5.373975],[-57.318555,5.335352],[-57.279639,5.246777],[-57.235303,5.242871],[-57.218457,5.231543],[-57.207324,5.214209],[-57.209814,5.19541],[-57.226855,5.178516],[-57.269287,5.157031],[-57.30957,5.105859],[-57.305762,5.049561],[-57.331006,5.020166],[-57.412158,5.00459],[-57.570898,5.004492],[-57.648828,5.000684],[-57.711084,4.991064],[-57.752002,4.954492],[-57.804102,4.929053],[-57.844922,4.923047],[-57.881104,4.880615],[-57.917041,4.82041],[-57.904883,4.779297],[-57.867871,4.724316],[-57.845996,4.668164],[-57.874707,4.5771],[-57.90625,4.506787],[-57.924707,4.453125],[-57.949756,4.349951],[-58.010742,4.236475],[-58.054492,4.171924],[-58.054297,4.10166],[-58.032227,4.001953],[-57.907715,3.856689],[-57.866553,3.787256],[-57.832666,3.675977],[-57.720361,3.588281],[-57.649463,3.517383],[-57.656104,3.42373],[-57.646729,3.394531],[-57.602734,3.370947],[-57.549609,3.352832],[-57.490576,3.354297],[-57.437891,3.362256],[-57.425586,3.375439],[-57.303662,3.3771],[-57.289941,3.353613],[-57.28291,3.218848],[-57.27793,3.164307],[-57.248975,3.142285],[-57.231641,3.108887],[-57.230566,3.078564],[-57.225,3.003076],[-57.206934,2.963379],[-57.209814,2.882812],[-57.197363,2.853271],[-57.163623,2.833252],[-57.121143,2.775537],[-57.105127,2.768262],[-57.096875,2.747852],[-57.060449,2.665674],[-57.041943,2.641113],[-57.028955,2.6375],[-57.023486,2.608984],[-56.997119,2.532178],[-56.979297,2.513232],[-56.945215,2.456836],[-56.931494,2.395361],[-56.886426,2.325977],[-56.840527,2.277148],[-56.819824,2.22666],[-56.761133,2.114893],[-56.704346,2.036475],[-56.627197,2.016016],[-56.562695,2.005078],[-56.522363,1.974805],[-56.482812,1.942139],[-56.525488,1.927246],[-56.563574,1.907227],[-56.616455,1.922656],[-56.689844,1.914307],[-56.76626,1.892187],[-56.836719,1.88125],[-56.969531,1.916406],[-57.010059,1.92124],[-57.037598,1.936475],[-57.092676,2.005811],[-57.118896,2.013965],[-57.1896,1.981592],[-57.275586,1.959229],[-57.31748,1.963477],[-57.366797,1.940137],[-57.412695,1.908936],[-57.500439,1.773828],[-57.545752,1.726074],[-57.594434,1.704102],[-57.691748,1.704785],[-57.795654,1.7],[-57.873437,1.667285],[-57.946338,1.650586],[-57.982812,1.648438],[-57.995117,1.574316],[-58.011768,1.539941],[-58.034668,1.520264],[-58.091309,1.514355],[-58.142236,1.516992],[-58.173096,1.547852],[-58.23042,1.563281],[-58.281152,1.574316],[-58.314209,1.591943],[-58.340674,1.587549],[-58.362695,1.556689],[-58.380371,1.530225],[-58.395801,1.481738],[-58.472949,1.46626],[-58.506055,1.438672],[-58.486865,1.347754],[-58.495703,1.312256],[-58.511865,1.284668],[-58.605078,1.27915],[-58.684619,1.281055],[-58.730322,1.24751],[-58.787207,1.208496],[-58.821777,1.201221],[-58.8625,1.203613],[-58.916602,1.248877],[-58.968506,1.30459],[-59.100391,1.343652],[-59.231201,1.376025],[-59.316992,1.4646],[-59.337256,1.508203],[-59.377686,1.527344],[-59.479443,1.632422],[-59.535693,1.7],[-59.596631,1.718018],[-59.666602,1.746289],[-59.66377,1.795215],[-59.668506,1.842334],[-59.698535,1.861475],[-59.740723,1.87417],[-59.756201,1.900635],[-59.751758,1.962402],[-59.743506,2.121631],[-59.755225,2.274121],[-59.849121,2.327051],[-59.889648,2.362939],[-59.960791,2.588379],[-59.994336,2.68999],[-59.995898,2.76543],[-59.972314,2.990479],[-59.945654,3.087842],[-59.873047,3.283105],[-59.831152,3.349219],[-59.828809,3.398584],[-59.833057,3.462158],[-59.854395,3.5875],[-59.731641,3.666553],[-59.679004,3.699805],[-59.670215,3.752734],[-59.604443,3.819678],[-59.575391,3.883447],[-59.551123,3.933545],[-59.557764,3.96001],[-59.586426,3.975391],[-59.620215,4.023145],[-59.691211,4.1604],[-59.716895,4.188184],[-59.738574,4.226758],[-59.72749,4.287646],[-59.699707,4.353516],[-59.703271,4.381104],[-59.745801,4.41665],[-59.83335,4.475928],[-59.906104,4.480322],[-59.962354,4.501709],[-60.04502,4.50459],[-60.111133,4.511182],[-60.148633,4.533252],[-60.140918,4.569629],[-60.124561,4.597656],[-60.068945,4.66665],[-60.031787,4.740527],[-60.026758,4.812695],[-60.015479,4.90752],[-59.999365,4.989844],[-59.990674,5.082861],[-60.078076,5.143994],[-60.105957,5.194238],[-60.142041,5.238818],[-60.181738,5.238818],[-60.24165,5.257959],[-60.335205,5.199316],[-60.408789,5.210156],[-60.459521,5.188086],[-60.576416,5.19248],[-60.651367,5.221143],[-60.742139,5.202051]]]}},{"type":"Feature","properties":{"featurecla":"Admin-0 country","scalerank":3,"LABELRANK":3,"SOVEREIGNT":"Greece","SOV_A3":"GRC","ADM0_DIF":0,"LEVEL":2,"TYPE":"Sovereign country","TLC":"1","ADMIN":"Greece","ADM0_A3":"GRC","GEOU_DIF":0,"GEOUNIT":"Greece","GU_A3":"GRC","SU_DIF":0,"SUBUNIT":"Greece","SU_A3":"GRC","BRK_DIFF":0,"NAME":"Greece","NAME_LONG":"Greece","BRK_A3":"GRC","BRK_NAME":"Greece","BRK_GROUP":null,"ABBREV":"Greece","POSTAL":"GR","FORMAL_EN":"Hellenic Republic","FORMAL_FR":null,"NAME_CIAWF":"Greece","NOTE_ADM0":null,"NOTE_BRK":null,"NAME_SORT":"Greece","NAME_ALT":null,"MAPCOLOR7":2,"MAPCOLOR8":2,"MAPCOLOR9":2,"MAPCOLOR13":9,"POP_EST":10716322,"POP_RANK":14,"POP_YEAR":2019,"GDP_MD":209852,"GDP_YEAR":2019,"ECONOMY":"2. Developed region: nonG7","INCOME_GRP":"1. High income: OECD","FIPS_10":"GR","ISO_A2":"GR","ISO_A2_EH":"GR","ISO_A3":"GRC","ISO_A3_EH":"GRC","ISO_N3":"300","ISO_N3_EH":"300","UN_A3":"300","WB_A2":"GR","WB_A3":"GRC","WOE_ID":23424833,"WOE_ID_EH":23424833,"WOE_NOTE":"Exact WOE match as country","ADM0_ISO":"GRC","ADM0_DIFF":null,"ADM0_TLC":"GRC","ADM0_A3_US":"GRC","ADM0_A3_FR":"GRC","ADM0_A3_RU":"GRC","ADM0_A3_ES":"GRC","ADM0_A3_CN":"GRC","ADM0_A3_TW":"GRC","ADM0_A3_IN":"GRC","ADM0_A3_NP":"GRC","ADM0_A3_PK":"GRC","ADM0_A3_DE":"GRC","ADM0_A3_GB":"GRC","ADM0_A3_BR":"GRC","ADM0_A3_IL":"GRC","ADM0_A3_PS":"GRC","ADM0_A3_SA":"GRC","ADM0_A3_EG":"GRC","ADM0_A3_MA":"GRC","ADM0_A3_PT":"GRC","ADM0_A3_AR":"GRC","ADM0_A3_JP":"GRC","ADM0_A3_KO":"GRC","ADM0_A3_VN":"GRC","ADM0_A3_TR":"GRC","ADM0_A3_ID":"GRC","ADM0_A3_PL":"GRC","ADM0_A3_GR":"GRC","ADM0_A3_IT":"GRC","ADM0_A3_NL":"GRC","ADM0_A3_SE":"GRC","ADM0_A3_BD":"GRC","ADM0_A3_UA":"GRC","ADM0_A3_UN":-99,"ADM0_A3_WB":-99,"CONTINENT":"Europe","REGION_UN":"Europe","SUBREGION":"Southern Europe","REGION_WB":"Europe & Central Asia","NAME_LEN":6,"LONG_LEN":6,"ABBREV_LEN":6,"TINY":-99,"HOMEPART":1,"MIN_ZOOM":0,"MIN_LABEL":2.7,"MAX_LABEL":8,"LABEL_X":21.72568,"LABEL_Y":39.492763,"NE_ID":1159320811,"WIKIDATAID":"Q41","NAME_AR":"اليونان","NAME_BN":"গ্রিস","NAME_DE":"Griechenland","NAME_EN":"Greece","NAME_ES":"Grecia","NAME_FA":"یونان","NAME_FR":"Grèce","NAME_EL":"Ελλάδα","NAME_HE":"יוון","NAME_HI":"यूनान","NAME_HU":"Görögország","NAME_ID":"Yunani","NAME_IT":"Grecia","NAME_JA":"ギリシャ","NAME_KO":"그리스","NAME_NL":"Griekenland","NAME_PL":"Grecja","NAME_PT":"Grécia","NAME_RU":"Греция","NAME_SV":"Grekland","NAME_TR":"Yunanistan","NAME_UK":"Греція","NAME_UR":"یونان","NAME_VI":"Hy Lạp","NAME_ZH":"希腊","NAME_ZHT":"希臘","FCLASS_ISO":"Admin-0 country","TLC_DIFF":null,"FCLASS_TLC":"Admin-0 country","FCLASS_US":null,"FCLASS_FR":null,"FCLASS_RU":null,"FCLASS_ES":null,"FCLASS_CN":null,"FCLASS_TW":null,"FCLASS_IN":null,"FCLASS_NP":null,"FCLASS_PK":null,"FCLASS_DE":null,"FCLASS_GB":null,"FCLASS_BR":null,"FCLASS_IL":null,"FCLASS_PS":null,"FCLASS_SA":null,"FCLASS_EG":null,"FCLASS_MA":null,"FCLASS_PT":null,"FCLASS_AR":null,"FCLASS_JP":null,"FCLASS_KO":null,"FCLASS_VN":null,"FCLASS_TR":null,"FCLASS_ID":null,"FCLASS_PL":null,"FCLASS_GR":null,"FCLASS_IT":null,"FCLASS_NL":null,"FCLASS_SE":null,"FCLASS_BD":null,"FCLASS_UA":null},"bbox":[19.646484,34.934473,28.231836,41.743799],"geometry":{"type":"MultiPolygon","coordinates":[[[[27.860156,36.553906],[27.838281,36.537988],[27.788086,36.583691],[27.785742,36.60752],[27.836816,36.634863],[27.8625,36.641162],[27.869824,36.62251],[27.869043,36.582666],[27.860156,36.553906]]],[[[20.612305,38.38335],[20.624707,38.267871],[20.695215,38.246191],[20.788867,38.14209],[20.780762,38.088818],[20.761328,38.070557],[20.606152,38.119727],[20.568945,38.097656],[20.523535,38.106641],[20.495508,38.16416],[20.49873,38.184375],[20.47334,38.218799],[20.452148,38.23418],[20.391016,38.188428],[20.352539,38.179883],[20.352246,38.221729],[20.408691,38.336768],[20.435059,38.356201],[20.481445,38.318213],[20.519629,38.332324],[20.54834,38.394531],[20.550293,38.456543],[20.563184,38.474951],[20.612305,38.38335]]],[[[20.888477,37.805371],[20.993945,37.708008],[20.909082,37.732129],[20.818555,37.664746],[20.703809,37.743457],[20.635059,37.823145],[20.619531,37.855029],[20.691504,37.929541],[20.758691,37.852979],[20.839844,37.840723],[20.888477,37.805371]]],[[[20.686719,38.608691],[20.647852,38.600977],[20.614355,38.60625],[20.583984,38.601709],[20.554688,38.582568],[20.55791,38.661865],[20.59248,38.760156],[20.634668,38.817578],[20.694141,38.844238],[20.719629,38.79917],[20.714844,38.63833],[20.686719,38.608691]]],[[[20.758691,38.329443],[20.709277,38.318604],[20.646387,38.414307],[20.623633,38.480322],[20.649707,38.483984],[20.674805,38.476318],[20.70127,38.451416],[20.701074,38.425928],[20.711621,38.398633],[20.73916,38.365771],[20.758691,38.329443]]],[[[20.07793,39.432715],[20.099609,39.376611],[19.975,39.411426],[19.883984,39.461523],[19.808887,39.585303],[19.648926,39.726172],[19.646484,39.76709],[19.707324,39.798096],[19.838574,39.820117],[19.891699,39.797266],[19.926074,39.77373],[19.936816,39.746729],[19.862207,39.692627],[19.84668,39.668115],[19.904102,39.619482],[19.903125,39.6],[19.927344,39.505908],[19.955273,39.47041],[20.027734,39.44209],[20.07793,39.432715]]],[[[23.41543,38.958643],[23.471973,38.850098],[23.525,38.813477],[23.63623,38.770215],[23.688477,38.764697],[23.878223,38.686572],[24.099023,38.670996],[24.127539,38.648486],[24.154688,38.588281],[24.199707,38.541016],[24.211035,38.504248],[24.1875,38.463428],[24.220117,38.338623],[24.275781,38.22002],[24.359668,38.1625],[24.463965,38.145117],[24.563281,38.14751],[24.588379,38.123975],[24.578516,38.020166],[24.536523,37.979736],[24.502344,37.969922],[24.472656,37.980518],[24.445801,38.00498],[24.416504,38.016553],[24.359473,38.018555],[24.317773,38.060352],[24.212012,38.117529],[24.192578,38.15166],[24.189063,38.204297],[24.144141,38.243066],[24.102832,38.316846],[24.063574,38.337207],[24.041895,38.374121],[24.040137,38.38999],[23.88623,38.400732],[23.758789,38.401221],[23.650781,38.443066],[23.617383,38.552539],[23.55332,38.581982],[23.505273,38.612939],[23.465234,38.655859],[23.364063,38.73501],[23.252148,38.801221],[23.143945,38.844824],[23.029102,38.873389],[22.935742,38.839648],[22.881348,38.847656],[22.870313,38.870508],[22.986328,38.915918],[23.145801,39.002686],[23.258203,39.031348],[23.312695,39.034912],[23.41543,38.958643]]],[[[23.779785,39.114404],[23.735156,39.080566],[23.666113,39.095361],[23.593945,39.208594],[23.779785,39.114404]]],[[[23.887988,39.158301],[23.841211,39.146582],[23.888086,39.226367],[23.970898,39.267725],[23.939746,39.200537],[23.887988,39.158301]]],[[[24.674707,38.809229],[24.569043,38.784814],[24.541016,38.788672],[24.564551,38.819434],[24.566406,38.832373],[24.461035,38.888623],[24.473438,38.96167],[24.485645,38.980273],[24.564063,38.942236],[24.58125,38.878857],[24.674707,38.809229]]],[[[24.774219,40.615186],[24.645898,40.579443],[24.515527,40.647021],[24.516699,40.687207],[24.585547,40.76875],[24.62334,40.79292],[24.719141,40.786279],[24.773633,40.730273],[24.786328,40.703857],[24.768652,40.658887],[24.774219,40.615186]]],[[[23.550977,37.925879],[23.511426,37.901172],[23.466797,37.902393],[23.435254,37.911475],[23.419336,37.93125],[23.439063,37.940674],[23.462207,37.980371],[23.483691,37.991113],[23.515527,37.986035],[23.534863,37.970215],[23.550977,37.925879]]],[[[23.053809,36.189795],[23.042188,36.146387],[22.939453,36.176221],[22.91084,36.220996],[22.905664,36.320312],[22.932617,36.36875],[22.950488,36.383936],[22.997852,36.328125],[23.09707,36.246582],[23.053809,36.189795]]],[[[27.176074,35.465283],[27.137891,35.409082],[27.099121,35.456445],[27.11582,35.511133],[27.070703,35.597754],[27.156055,35.72627],[27.158008,35.788672],[27.223145,35.820459],[27.207031,35.714453],[27.157227,35.629492],[27.208887,35.558936],[27.233594,35.478564],[27.176074,35.465283]]],[[[27.019727,36.959033],[26.919922,36.945215],[26.937695,37.024609],[26.888672,37.087256],[26.966602,37.0521],[27.016016,37.009668],[27.040137,37.001562],[27.03457,36.975977],[27.019727,36.959033]]],[[[26.949609,36.7271],[26.918359,36.725928],[26.955566,36.774219],[27.061133,36.840381],[27.214941,36.898633],[27.265625,36.905127],[27.352148,36.868896],[27.193164,36.809131],[27.150977,36.777588],[27.033594,36.770752],[26.949609,36.7271]]],[[[25.545898,36.967578],[25.456738,36.929688],[25.395898,36.984375],[25.361914,37.07041],[25.525293,37.196387],[25.564355,37.185107],[25.587891,37.152539],[25.584277,37.039307],[25.545898,36.967578]]],[[[25.278906,37.068408],[25.199414,36.991309],[25.133301,36.999658],[25.105469,37.034961],[25.146484,37.107422],[25.235059,37.148535],[25.275293,37.137842],[25.271484,37.08418],[25.278906,37.068408]]],[[[25.482422,36.392627],[25.435938,36.340088],[25.370508,36.358936],[25.397168,36.378955],[25.412891,36.404883],[25.414648,36.442285],[25.396875,36.465332],[25.408984,36.47373],[25.467383,36.435059],[25.482422,36.392627]]],[[[25.381738,36.674023],[25.364355,36.65835],[25.288672,36.721533],[25.259961,36.758447],[25.295898,36.78916],[25.406934,36.717334],[25.381738,36.674023]]],[[[26.824414,37.811426],[26.947363,37.778467],[26.981543,37.781982],[27.039648,37.77002],[27.055078,37.709277],[26.978125,37.700488],[26.844922,37.644727],[26.788281,37.656982],[26.720508,37.705469],[26.612891,37.710498],[26.581055,37.72373],[26.638672,37.780859],[26.743359,37.809766],[26.824414,37.811426]]],[[[26.029297,37.529395],[25.982422,37.525586],[25.996777,37.565576],[26.086328,37.634912],[26.211523,37.638281],[26.325586,37.673047],[26.351367,37.674316],[26.296875,37.61958],[26.204883,37.568506],[26.029297,37.529395]]],[[[25.859375,36.79043],[25.771094,36.782227],[25.743164,36.789746],[25.796777,36.807031],[25.834375,36.825391],[25.852441,36.847559],[25.941992,36.886572],[26.000684,36.937402],[26.064453,36.902734],[25.984668,36.879687],[25.859375,36.79043]]],[[[26.460645,36.5854],[26.381641,36.561523],[26.331445,36.511377],[26.27002,36.546924],[26.269824,36.59541],[26.337012,36.580566],[26.38418,36.607861],[26.37002,36.638574],[26.421289,36.624219],[26.460645,36.5854]]],[[[24.355957,37.576855],[24.288965,37.528271],[24.277441,37.601123],[24.32041,37.677734],[24.379102,37.682715],[24.400781,37.649023],[24.355957,37.576855]]],[[[24.435742,37.344434],[24.378906,37.314111],[24.397754,37.383447],[24.369727,37.419629],[24.394824,37.450391],[24.43125,37.475195],[24.448535,37.449561],[24.481445,37.408008],[24.435742,37.344434]]],[[[24.535742,36.76377],[24.5375,36.705029],[24.530664,36.683984],[24.325977,36.655615],[24.344922,36.722998],[24.357422,36.744287],[24.425195,36.712939],[24.450195,36.728955],[24.460352,36.747461],[24.535742,36.76377]]],[[[24.942871,37.493506],[24.937891,37.389697],[24.911523,37.390576],[24.896191,37.406592],[24.895313,37.446338],[24.906543,37.508887],[24.942871,37.493506]]],[[[24.991699,37.759619],[24.962207,37.692383],[24.884082,37.770508],[24.798535,37.824023],[24.766504,37.870703],[24.714355,37.898877],[24.700195,37.96167],[24.763379,37.9875],[24.79043,37.990137],[24.855078,37.913672],[24.956348,37.904785],[24.948438,37.857666],[24.980469,37.796924],[24.991699,37.759619]]],[[[25.255859,37.599609],[25.21875,37.535107],[25.156348,37.545068],[25.051953,37.614453],[25.016309,37.645947],[24.996484,37.676904],[25.039355,37.680664],[25.091797,37.647998],[25.225391,37.630664],[25.255859,37.599609]]],[[[24.720898,36.921436],[24.702637,36.91709],[24.676465,36.959277],[24.670996,36.998584],[24.681445,37.021631],[24.716113,37.023828],[24.763184,36.949219],[24.720898,36.921436]]],[[[26.094043,38.218066],[25.998535,38.161523],[25.891895,38.243311],[25.874316,38.269629],[25.952637,38.302637],[25.991406,38.353516],[25.959961,38.416016],[25.85127,38.508398],[25.846094,38.574023],[26.0125,38.601709],[26.110449,38.544629],[26.160352,38.540723],[26.141211,38.486182],[26.149609,38.468457],[26.157031,38.30293],[26.110742,38.279639],[26.103125,38.23418],[26.094043,38.218066]]],[[[26.410156,39.329443],[26.392773,39.270117],[26.531055,39.171777],[26.578223,39.109521],[26.595605,39.048828],[26.583984,39.031445],[26.531543,39.064355],[26.488672,39.074805],[26.503125,39.031445],[26.547168,38.994141],[26.46875,38.972803],[26.390137,38.973926],[26.16084,39.025879],[26.10791,39.081055],[26.245117,39.164111],[26.273145,39.197559],[26.175977,39.194287],[26.072363,39.095605],[25.90625,39.138965],[25.855469,39.178662],[25.844141,39.200049],[25.90957,39.287549],[26.026465,39.284619],[26.088379,39.304297],[26.164844,39.331982],[26.16543,39.373535],[26.347754,39.383008],[26.410156,39.329443]]],[[[25.685742,40.426562],[25.572656,40.400439],[25.448047,40.482812],[25.568555,40.515869],[25.624316,40.491992],[25.664258,40.463867],[25.685742,40.426562]]],[[[25.437695,39.983301],[25.399902,39.949561],[25.37207,39.891309],[25.357031,39.808105],[25.29873,39.806104],[25.263379,39.822949],[25.251758,39.854395],[25.249414,39.894141],[25.223828,39.892578],[25.203223,39.849414],[25.185156,39.829932],[25.126465,39.82583],[25.062207,39.852393],[25.065234,39.909863],[25.052344,39.976367],[25.058008,39.999658],[25.23418,40.00542],[25.285742,39.956299],[25.348047,39.984766],[25.373633,40.015527],[25.449121,40.034814],[25.437695,39.983301]]],[[[25.402734,37.419141],[25.307129,37.412988],[25.312695,37.489307],[25.348145,37.50918],[25.462988,37.471094],[25.457422,37.44707],[25.402734,37.419141]]],[[[24.523535,37.125098],[24.486523,37.110059],[24.424805,37.131982],[24.441211,37.186865],[24.483789,37.210205],[24.529102,37.192334],[24.535938,37.167676],[24.523535,37.125098]]],[[[27.842773,35.929297],[27.770605,35.908301],[27.745703,35.911035],[27.715527,35.957324],[27.757324,36.069189],[27.718652,36.141113],[27.716309,36.171582],[27.774414,36.21377],[27.815234,36.276953],[27.914453,36.345312],[28.171484,36.426221],[28.231836,36.433643],[28.230078,36.370264],[28.144043,36.209863],[28.067676,36.129687],[28.087793,36.065332],[27.965527,36.04751],[27.842773,35.929297]]],[[[23.852246,35.535449],[23.920605,35.528174],[24.013281,35.529443],[24.034375,35.5354],[24.093359,35.593848],[24.166016,35.595215],[24.197754,35.537451],[24.124023,35.51084],[24.108984,35.495801],[24.123145,35.483643],[24.178516,35.459521],[24.255371,35.468604],[24.257715,35.423145],[24.274902,35.385986],[24.312891,35.363818],[24.354004,35.359473],[24.444922,35.366016],[24.53457,35.380762],[24.626953,35.409912],[24.721289,35.424805],[25.003125,35.409863],[25.104297,35.346924],[25.296777,35.339355],[25.475684,35.306201],[25.569629,35.328076],[25.730176,35.348584],[25.755859,35.326367],[25.735156,35.184033],[25.74502,35.142725],[25.791309,35.122852],[25.837109,35.132568],[25.893359,35.179199],[26.028027,35.215283],[26.167871,35.215088],[26.285547,35.309766],[26.320215,35.315137],[26.298633,35.268604],[26.280859,35.159229],[26.255566,35.095166],[26.244336,35.044678],[26.165625,35.018604],[26.04668,35.01416],[25.829688,35.025195],[25.610938,35.007324],[25.205762,34.959277],[24.799805,34.934473],[24.745215,34.950635],[24.743945,35.014355],[24.735156,35.058301],[24.708887,35.089062],[24.583398,35.115332],[24.463672,35.160352],[23.994336,35.221924],[23.883594,35.246094],[23.703906,35.233496],[23.638086,35.235156],[23.592773,35.257227],[23.561621,35.295166],[23.547559,35.415576],[23.569824,35.534766],[23.608691,35.56626],[23.626563,35.530371],[23.672656,35.513916],[23.71543,35.550146],[23.715039,35.604736],[23.736914,35.655518],[23.770801,35.634229],[23.793359,35.556201],[23.852246,35.535449]]],[[[26.320898,41.716553],[26.410547,41.696338],[26.4625,41.663379],[26.49502,41.633252],[26.544531,41.607227],[26.581348,41.60127],[26.609766,41.512158],[26.624902,41.401758],[26.602344,41.35415],[26.536426,41.343115],[26.330664,41.23877],[26.325684,41.143262],[26.328418,41.097021],[26.332617,41.064307],[26.354102,41.036768],[26.354102,40.99707],[26.331055,40.954492],[26.241211,40.883203],[26.178906,40.826514],[26.10918,40.749658],[26.069727,40.740283],[26.038965,40.726758],[26.010742,40.769141],[25.855664,40.844092],[25.496777,40.887793],[25.325293,40.943115],[25.250098,40.932812],[25.104492,40.994727],[25.004688,40.967529],[24.792969,40.85752],[24.678711,40.869482],[24.556543,40.935596],[24.477051,40.947754],[24.383789,40.912744],[24.234375,40.786133],[24.082324,40.724072],[23.946094,40.74834],[23.762793,40.747803],[23.743262,40.677002],[23.778711,40.627979],[23.878906,40.544385],[23.831934,40.481543],[23.866797,40.418555],[23.932031,40.405762],[24.030566,40.409326],[24.212793,40.327783],[24.29248,40.241797],[24.343359,40.147705],[24.232422,40.215186],[24.158789,40.280029],[24.056055,40.303564],[23.913184,40.358789],[23.823438,40.368018],[23.72793,40.329736],[23.720508,40.286279],[23.823438,40.205127],[23.917578,40.155225],[23.96748,40.114551],[24.000781,40.024609],[23.981836,39.994043],[23.94707,39.965576],[23.835352,40.022266],[23.664551,40.223828],[23.42627,40.263965],[23.386426,40.221973],[23.433203,40.11543],[23.46709,40.073926],[23.674121,39.958887],[23.65752,39.934473],[23.627344,39.924072],[23.395605,39.989844],[23.328223,40.089941],[23.312012,40.216455],[23.098145,40.304297],[22.896484,40.399902],[22.851367,40.490625],[22.892871,40.524268],[22.922266,40.590869],[22.811426,40.578613],[22.741895,40.536475],[22.629492,40.495557],[22.624902,40.428613],[22.642676,40.366602],[22.605469,40.276416],[22.569336,40.119336],[22.592188,40.036914],[22.835742,39.800586],[22.919043,39.628906],[22.978809,39.563818],[23.103418,39.492041],[23.233398,39.358447],[23.288477,39.288818],[23.327734,39.174902],[23.218359,39.104395],[23.154688,39.101465],[23.119434,39.132764],[23.16875,39.210449],[23.161719,39.257764],[22.992871,39.331055],[22.921387,39.306348],[22.838965,39.258594],[22.886035,39.169971],[22.938965,39.111523],[22.965527,39.030908],[23.066699,39.037939],[22.930469,38.947705],[22.802637,38.901611],[22.676855,38.898926],[22.596777,38.890576],[22.569141,38.86748],[22.634277,38.850684],[22.6875,38.84917],[22.774023,38.800391],[23.020313,38.741895],[23.137695,38.667969],[23.25293,38.66123],[23.368945,38.525537],[23.569629,38.489404],[23.683984,38.352441],[23.836035,38.325488],[23.966992,38.275],[24.005371,38.226807],[24.024512,38.139795],[24.033008,37.955322],[24.061328,37.81792],[24.062305,37.774512],[24.055371,37.709619],[24.019727,37.677734],[23.971582,37.676758],[23.877344,37.777783],[23.732813,37.884082],[23.580469,38.010547],[23.537207,38.032764],[23.501758,38.034863],[23.420215,37.99209],[23.193652,37.959033],[23.087402,37.912842],[23.047461,37.902637],[23.036328,37.878369],[23.086133,37.853125],[23.147168,37.795312],[23.147168,37.71626],[23.197559,37.620215],[23.262695,37.59541],[23.347559,37.597559],[23.396191,37.579785],[23.408789,37.541553],[23.458105,37.496924],[23.490625,37.463867],[23.489258,37.440186],[23.252539,37.377295],[23.203027,37.348535],[23.161523,37.333838],[23.1,37.36377],[23.096484,37.440576],[23.015137,37.481787],[22.940527,37.51709],[22.851074,37.532227],[22.775,37.585107],[22.725391,37.542139],[22.765039,37.393311],[22.851074,37.29082],[22.99502,37.015869],[23.060352,36.853516],[23.073535,36.774951],[23.041016,36.644531],[23.111719,36.547607],[23.160156,36.448096],[23.106836,36.451855],[23.060547,36.486963],[22.98291,36.528369],[22.832324,36.687109],[22.779883,36.786182],[22.717188,36.793945],[22.608398,36.779736],[22.489063,36.568164],[22.489453,36.446924],[22.427734,36.475781],[22.374805,36.513574],[22.38125,36.646191],[22.375977,36.701904],[22.231152,36.882568],[22.164746,36.902832],[22.133789,36.963916],[22.080469,37.028955],[22.011719,37.016504],[21.955566,36.990088],[21.940039,36.891797],[21.934277,36.803662],[21.892383,36.737305],[21.738086,36.863232],[21.58291,37.080957],[21.578809,37.200391],[21.69248,37.309277],[21.678906,37.387207],[21.571289,37.541016],[21.416211,37.639941],[21.329297,37.669336],[21.288477,37.774512],[21.205273,37.828857],[21.137988,37.85415],[21.124707,37.891602],[21.14502,37.919287],[21.308105,38.027441],[21.403711,38.19668],[21.451172,38.204736],[21.54873,38.1646],[21.658398,38.175098],[21.748438,38.274219],[21.824707,38.328125],[21.95332,38.321191],[22.24375,38.188721],[22.555859,38.113232],[22.711523,38.046924],[22.799609,37.981201],[22.846387,37.967578],[22.920313,37.958301],[22.916992,38.007471],[22.893164,38.050928],[22.954785,38.074609],[23.12207,38.07334],[23.152539,38.096387],[23.183496,38.133691],[23.148926,38.176074],[23.093555,38.196436],[23.034375,38.2021],[22.99541,38.215527],[22.93252,38.201953],[22.834375,38.234717],[22.783691,38.261719],[22.753906,38.289502],[22.583398,38.344922],[22.42168,38.438525],[22.385254,38.385547],[22.319922,38.356836],[22.226855,38.352832],[21.965332,38.412451],[21.804688,38.366943],[21.71709,38.355029],[21.650098,38.354004],[21.567676,38.333594],[21.472559,38.321387],[21.390137,38.407812],[21.355469,38.474805],[21.331055,38.487305],[21.329785,38.424365],[21.30332,38.373926],[21.182617,38.345557],[21.113184,38.384668],[21.059766,38.503271],[20.992188,38.654004],[20.873242,38.775732],[20.776855,38.80752],[20.768555,38.874414],[20.777344,38.927881],[20.893164,38.941113],[21.074219,38.885156],[21.111621,38.896289],[21.152344,38.92207],[21.144531,38.979199],[21.118359,39.02998],[21.068555,39.032275],[21.034082,39.02627],[20.922754,39.036768],[20.779688,39.008545],[20.713379,39.035156],[20.691309,39.06748],[20.57168,39.147705],[20.468262,39.255273],[20.300781,39.3271],[20.191406,39.545801],[20.099414,39.64126],[20.00127,39.709424],[20.022559,39.710693],[20.059766,39.699121],[20.131055,39.661621],[20.206836,39.653516],[20.248242,39.678369],[20.27207,39.701172],[20.287598,39.738574],[20.293848,39.782227],[20.306152,39.79668],[20.364063,39.791748],[20.382422,39.802637],[20.381641,39.841797],[20.344238,39.890625],[20.311328,39.950781],[20.311133,39.979443],[20.338477,39.991064],[20.383691,40.017187],[20.408008,40.049463],[20.456055,40.065576],[20.527051,40.068506],[20.60625,40.082666],[20.657422,40.117383],[20.664941,40.151758],[20.696973,40.246387],[20.717871,40.292676],[20.75166,40.334912],[20.77002,40.391895],[20.806055,40.445459],[20.881641,40.46792],[20.950195,40.494385],[21.001953,40.563379],[21.030859,40.622461],[21.031055,40.658643],[20.987891,40.717773],[20.955762,40.775293],[20.964258,40.849902],[21.1,40.856152],[21.147559,40.863135],[21.32373,40.867139],[21.404102,40.907178],[21.459668,40.903613],[21.575781,40.868945],[21.627539,40.896338],[21.779492,40.950439],[21.929492,41.107422],[21.993359,41.130957],[22.138867,41.140527],[22.184473,41.158643],[22.237695,41.155176],[22.400781,41.123389],[22.493555,41.118506],[22.603613,41.140186],[22.724805,41.178516],[22.755078,41.312744],[22.783887,41.331982],[22.859277,41.337354],[22.916016,41.336279],[23.025586,41.325635],[23.155957,41.32207],[23.239844,41.384961],[23.37207,41.389648],[23.433398,41.39873],[23.53584,41.386035],[23.635156,41.386768],[23.762305,41.412988],[23.880859,41.455957],[23.973535,41.452295],[24.011328,41.460059],[24.03291,41.469092],[24.056055,41.527246],[24.230371,41.530811],[24.289453,41.525049],[24.386719,41.523535],[24.487891,41.555225],[24.518262,41.552539],[24.569336,41.467383],[24.595996,41.442725],[24.651074,41.419971],[24.77373,41.356104],[24.795801,41.3729],[24.846875,41.394238],[24.993555,41.36499],[25.133398,41.315771],[25.251172,41.243555],[25.381934,41.264355],[25.527051,41.299805],[25.621484,41.310107],[25.723926,41.315039],[25.784961,41.33042],[25.92334,41.311914],[26.066406,41.350684],[26.135352,41.385742],[26.155176,41.434863],[26.143555,41.521533],[26.11123,41.608203],[26.076953,41.640186],[26.066016,41.673242],[26.085547,41.70415],[26.107422,41.725684],[26.200586,41.743799],[26.320898,41.716553]]]]}},{"type":"Feature","properties":{"featurecla":"Admin-0 country","scalerank":1,"LABELRANK":2,"SOVEREIGNT":"Germany","SOV_A3":"DEU","ADM0_DIF":0,"LEVEL":2,"TYPE":"Sovereign country","TLC":"1","ADMIN":"Germany","ADM0_A3":"DEU","GEOU_DIF":0,"GEOUNIT":"Germany","GU_A3":"DEU","SU_DIF":0,"SUBUNIT":"Germany","SU_A3":"DEU","BRK_DIFF":0,"NAME":"Germany","NAME_LONG":"Germany","BRK_A3":"DEU","BRK_NAME":"Germany","BRK_GROUP":null,"ABBREV":"Ger.","POSTAL":"D","FORMAL_EN":"Federal Republic of Germany","FORMAL_FR":null,"NAME_CIAWF":"Germany","NOTE_ADM0":null,"NOTE_BRK":null,"NAME_SORT":"Germany","NAME_ALT":null,"MAPCOLOR7":2,"MAPCOLOR8":5,"MAPCOLOR9":5,"MAPCOLOR13":1,"POP_EST":83132799,"POP_RANK":16,"POP_YEAR":2019,"GDP_MD":3861123,"GDP_YEAR":2019,"ECONOMY":"1. Developed region: G7","INCOME_GRP":"1. High income: OECD","FIPS_10":"GM","ISO_A2":"DE","ISO_A2_EH":"DE","ISO_A3":"DEU","ISO_A3_EH":"DEU","ISO_N3":"276","ISO_N3_EH":"276","UN_A3":"276","WB_A2":"DE","WB_A3":"DEU","WOE_ID":23424829,"WOE_ID_EH":23424829,"WOE_NOTE":"Exact WOE match as country","ADM0_ISO":"DEU","ADM0_DIFF":null,"ADM0_TLC":"DEU","ADM0_A3_US":"DEU","ADM0_A3_FR":"DEU","ADM0_A3_RU":"DEU","ADM0_A3_ES":"DEU","ADM0_A3_CN":"DEU","ADM0_A3_TW":"DEU","ADM0_A3_IN":"DEU","ADM0_A3_NP":"DEU","ADM0_A3_PK":"DEU","ADM0_A3_DE":"DEU","ADM0_A3_GB":"DEU","ADM0_A3_BR":"DEU","ADM0_A3_IL":"DEU","ADM0_A3_PS":"DEU","ADM0_A3_SA":"DEU","ADM0_A3_EG":"DEU","ADM0_A3_MA":"DEU","ADM0_A3_PT":"DEU","ADM0_A3_AR":"DEU","ADM0_A3_JP":"DEU","ADM0_A3_KO":"DEU","ADM0_A3_VN":"DEU","ADM0_A3_TR":"DEU","ADM0_A3_ID":"DEU","ADM0_A3_PL":"DEU","ADM0_A3_GR":"DEU","ADM0_A3_IT":"DEU","ADM0_A3_NL":"DEU","ADM0_A3_SE":"DEU","ADM0_A3_BD":"DEU","ADM0_A3_UA":"DEU","ADM0_A3_UN":-99,"ADM0_A3_WB":-99,"CONTINENT":"Europe","REGION_UN":"Europe","SUBREGION":"Western Europe","REGION_WB":"Europe & Central Asia","NAME_LEN":7,"LONG_LEN":7,"ABBREV_LEN":4,"TINY":-99,"HOMEPART":1,"MIN_ZOOM":0,"MIN_LABEL":1.7,"MAX_LABEL":6.7,"LABEL_X":9.678348,"LABEL_Y":50.961733,"NE_ID":1159320539,"WIKIDATAID":"Q183","NAME_AR":"ألمانيا","NAME_BN":"জার্মানি","NAME_DE":"Deutschland","NAME_EN":"Germany","NAME_ES":"Alemania","NAME_FA":"آلمان","NAME_FR":"Allemagne","NAME_EL":"Γερμανία","NAME_HE":"גרמניה","NAME_HI":"जर्मनी","NAME_HU":"Németország","NAME_ID":"Jerman","NAME_IT":"Germania","NAME_JA":"ドイツ","NAME_KO":"독일","NAME_NL":"Duitsland","NAME_PL":"Niemcy","NAME_PT":"Alemanha","NAME_RU":"Германия","NAME_SV":"Tyskland","NAME_TR":"Almanya","NAME_UK":"Німеччина","NAME_UR":"جرمنی","NAME_VI":"Đức","NAME_ZH":"德国","NAME_ZHT":"德國","FCLASS_ISO":"Admin-0 country","TLC_DIFF":null,"FCLASS_TLC":"Admin-0 country","FCLASS_US":null,"FCLASS_FR":null,"FCLASS_RU":null,"FCLASS_ES":null,"FCLASS_CN":null,"FCLASS_TW":null,"FCLASS_IN":null,"FCLASS_NP":null,"FCLASS_PK":null,"FCLASS_DE":null,"FCLASS_GB":null,"FCLASS_BR":null,"FCLASS_IL":null,"FCLASS_PS":null,"FCLASS_SA":null,"FCLASS_EG":null,"FCLASS_MA":null,"FCLASS_PT":null,"FCLASS_AR":null,"FCLASS_JP":null,"FCLASS_KO":null,"FCLASS_VN":null,"FCLASS_TR":null,"FCLASS_ID":null,"FCLASS_PL":null,"FCLASS_GR":null,"FCLASS_IT":null,"FCLASS_NL":null,"FCLASS_SE":null,"FCLASS_BD":null,"FCLASS_UA":null},"bbox":[5.85752,47.278809,15.016602,55.05874],"geometry":{"type":"MultiPolygon","coordinates":[[[[9.524023,47.524219],[9.35,47.598926],[9.182813,47.670703],[9.127539,47.670703],[8.881152,47.656396],[8.874023,47.662695],[8.831152,47.703613],[8.793066,47.716553],[8.770117,47.709912],[8.754785,47.698047],[8.72832,47.700049],[8.617871,47.766113],[8.572656,47.775635],[8.509863,47.766895],[8.435742,47.731348],[8.403418,47.687793],[8.413281,47.662695],[8.451758,47.651807],[8.552344,47.659131],[8.56709,47.651904],[8.570508,47.637793],[8.559473,47.624023],[8.477637,47.612695],[8.454004,47.596191],[8.430078,47.592139],[8.414746,47.5896],[8.327832,47.606934],[8.198242,47.606934],[8.09375,47.576172],[7.927051,47.563867],[7.698047,47.569873],[7.615625,47.592725],[7.56543,47.606543],[7.529395,47.673877],[7.538574,47.773633],[7.593262,47.905664],[7.608496,48.002588],[7.58418,48.064307],[7.616602,48.156787],[7.705664,48.280029],[7.765137,48.41001],[7.794824,48.546826],[7.837988,48.636035],[7.922754,48.698535],[8.124023,48.873291],[8.140332,48.886426],[8.134863,48.973584],[8.080664,48.985889],[8.00127,49.010937],[7.799219,49.041895],[7.610938,49.061768],[7.525488,49.086377],[7.450586,49.152197],[7.404199,49.153076],[7.313379,49.129541],[7.199902,49.113623],[7.117383,49.127539],[7.065723,49.124854],[7.036719,49.112695],[7.022168,49.123437],[7.001465,49.179883],[6.958301,49.194629],[6.891211,49.20752],[6.849512,49.201953],[6.820703,49.173926],[6.77627,49.15415],[6.735449,49.160596],[6.607617,49.290869],[6.574707,49.319678],[6.566309,49.346191],[6.534277,49.394678],[6.458105,49.442871],[6.382227,49.458154],[6.344336,49.452734],[6.348438,49.512695],[6.37832,49.599609],[6.406738,49.644971],[6.444629,49.682031],[6.484766,49.707812],[6.49375,49.754395],[6.487305,49.798486],[6.440918,49.805322],[6.324609,49.837891],[6.256055,49.872168],[6.204883,49.915137],[6.138184,49.974316],[6.109766,50.034375],[6.108301,50.094238],[6.116504,50.120996],[6.121289,50.139355],[6.175098,50.232666],[6.364453,50.316162],[6.343652,50.400244],[6.340918,50.451758],[6.294922,50.485498],[6.203027,50.499121],[6.178711,50.52251],[6.168457,50.545361],[6.235938,50.59668],[6.154492,50.637256],[6.119434,50.679248],[6.005957,50.732227],[5.993945,50.750439],[6.048438,50.904883],[6.006836,50.949951],[5.955078,50.972949],[5.894727,50.984229],[5.867188,51.005664],[5.85752,51.030127],[5.868359,51.045312],[5.939258,51.04082],[5.961035,51.056689],[6.12998,51.147412],[6.136914,51.164844],[6.113379,51.174707],[6.082422,51.17998],[6.074805,51.199023],[6.075879,51.224121],[6.166211,51.354834],[6.192871,51.410596],[6.198828,51.45],[6.193262,51.488916],[6.141602,51.550098],[6.091113,51.598926],[6.089355,51.637793],[6.052734,51.658252],[5.948535,51.762402],[5.94873,51.802686],[6.007617,51.833984],[6.089844,51.853955],[6.117188,51.87041],[6.166504,51.880762],[6.29707,51.850732],[6.355664,51.824658],[6.372168,51.830029],[6.425,51.858398],[6.517578,51.853955],[6.741797,51.910889],[6.775195,51.938281],[6.800391,51.967383],[6.802441,51.980176],[6.715625,52.036182],[6.712988,52.056885],[6.724512,52.080225],[6.749023,52.098682],[6.800391,52.11123],[6.855078,52.135791],[6.977246,52.205518],[7.019629,52.266016],[7.032617,52.331494],[7.035156,52.380225],[7.001855,52.418994],[6.968164,52.444092],[6.92207,52.440283],[6.83252,52.442285],[6.748828,52.464014],[6.70293,52.499219],[6.691602,52.530176],[6.712402,52.549658],[6.71875,52.573584],[6.705371,52.597656],[6.710742,52.617871],[6.748438,52.634082],[7.013184,52.633545],[7.033008,52.651367],[7.050879,52.744775],[7.11709,52.887012],[7.179492,52.966211],[7.189941,52.999512],[7.188965,53.187207],[7.197266,53.282275],[7.152051,53.326953],[7.05332,53.37583],[7.074316,53.477637],[7.107129,53.556982],[7.206445,53.654541],[7.285254,53.681348],[7.629199,53.697266],[8.009277,53.690723],[8.16709,53.543408],[8.108496,53.467676],[8.200781,53.432422],[8.245215,53.445312],[8.279004,53.511182],[8.301563,53.584131],[8.333887,53.606201],[8.451367,53.551709],[8.492676,53.514355],[8.495215,53.394238],[8.538477,53.556885],[8.50625,53.670752],[8.528418,53.781104],[8.575586,53.838477],[8.618945,53.875],[8.897754,53.835693],[9.205566,53.855957],[9.321973,53.813477],[9.585352,53.600488],[9.673145,53.565625],[9.783984,53.554639],[9.63125,53.600195],[9.312012,53.859131],[9.216406,53.891211],[9.069629,53.900928],[8.978125,53.926221],[8.92041,53.965332],[8.903516,54.000293],[8.906641,54.260791],[8.851562,54.299561],[8.780371,54.313037],[8.736035,54.295215],[8.644922,54.294971],[8.625781,54.353955],[8.648047,54.397656],[8.831152,54.427539],[8.951855,54.467578],[8.957227,54.53833],[8.880957,54.593945],[8.789648,54.695947],[8.682324,54.791846],[8.670313,54.903418],[8.670703,54.90332],[8.857227,54.901123],[8.90293,54.896924],[9.18584,54.844678],[9.25498,54.808008],[9.341992,54.806299],[9.49873,54.84043],[9.61582,54.85542],[9.66123,54.834375],[9.725,54.825537],[9.739746,54.825537],[9.745898,54.807178],[9.892285,54.780615],[9.953809,54.738281],[10.022168,54.673926],[10.028809,54.581299],[9.941309,54.514648],[9.868652,54.472461],[10.143457,54.488428],[10.170801,54.450195],[10.212402,54.408936],[10.360449,54.43833],[10.731543,54.31626],[10.955957,54.375684],[11.013379,54.37915],[11.064355,54.280518],[11.008594,54.181152],[10.810742,54.075146],[10.85459,54.009814],[10.917773,53.995312],[11.104297,54.00918],[11.399609,53.944629],[11.461133,53.964746],[11.700586,54.113525],[11.796289,54.145459],[12.111328,54.168311],[12.168652,54.225879],[12.296289,54.283789],[12.378516,54.347021],[12.575391,54.467383],[12.779102,54.445703],[12.898047,54.422656],[13.028613,54.411035],[13.147461,54.282715],[13.448047,54.140869],[13.724219,54.153223],[13.822266,54.019043],[13.865527,53.853369],[13.950391,53.801367],[14.025,53.767432],[14.25,53.731885],[14.258887,53.729639],[14.266113,53.707129],[14.279883,53.624756],[14.29873,53.556445],[14.414551,53.283496],[14.412305,53.216748],[14.410938,53.199023],[14.368555,53.105566],[14.293164,53.026758],[14.193652,52.982324],[14.138867,52.932861],[14.128613,52.878223],[14.253711,52.78252],[14.514063,52.645605],[14.619434,52.528516],[14.569727,52.431104],[14.55459,52.359668],[14.573926,52.31416],[14.615625,52.277637],[14.679883,52.25],[14.705371,52.207471],[14.692383,52.150049],[14.70459,52.110205],[14.752539,52.081836],[14.748145,52.070801],[14.724805,52.030859],[14.692969,51.958008],[14.674902,51.904834],[14.60166,51.832373],[14.623926,51.770801],[14.681348,51.698193],[14.724902,51.661719],[14.738672,51.627148],[14.710938,51.544922],[14.724707,51.523877],[14.905957,51.46333],[14.935547,51.435352],[14.953125,51.377148],[15.016602,51.252734],[14.963867,51.095117],[14.91748,51.00874],[14.814258,50.871631],[14.809375,50.858984],[14.797461,50.842334],[14.766504,50.818311],[14.72334,50.814697],[14.658203,50.832617],[14.613574,50.855566],[14.623828,50.914746],[14.595215,50.918604],[14.559668,50.954932],[14.545703,50.993945],[14.507324,51.009863],[14.367285,51.02627],[14.319727,51.037793],[14.283203,51.029492],[14.255859,51.001855],[14.27334,50.976904],[14.299414,50.952588],[14.377051,50.914062],[14.369043,50.89873],[14.201758,50.86123],[14.096484,50.822754],[13.998438,50.801123],[13.898535,50.761279],[13.701367,50.716504],[13.556738,50.704639],[13.526563,50.692822],[13.472559,50.616943],[13.436133,50.601074],[13.401172,50.609326],[13.374609,50.621729],[13.341016,50.611426],[13.306055,50.586328],[13.269531,50.576416],[13.237695,50.576758],[13.181152,50.510498],[13.016406,50.490381],[12.99707,50.456055],[12.966797,50.416211],[12.942676,50.406445],[12.868262,50.422217],[12.76543,50.430957],[12.706445,50.409131],[12.635547,50.39707],[12.549023,50.393408],[12.452637,50.349805],[12.358594,50.273242],[12.305664,50.205713],[12.277344,50.181445],[12.231152,50.244873],[12.174805,50.288379],[12.134863,50.310937],[12.099219,50.310986],[12.089844,50.301758],[12.089746,50.268555],[12.127832,50.213428],[12.175,50.17583],[12.18252,50.148047],[12.207813,50.09751],[12.276465,50.042334],[12.38418,49.998584],[12.457617,49.955518],[12.512012,49.895801],[12.5125,49.877441],[12.497559,49.853076],[12.471875,49.830078],[12.450195,49.800146],[12.390527,49.739648],[12.408203,49.713184],[12.457031,49.679785],[12.500293,49.639697],[12.555762,49.574854],[12.632031,49.46123],[12.681152,49.414502],[12.747852,49.366211],[12.813379,49.329346],[12.916699,49.330469],[13.02373,49.260107],[13.140527,49.15835],[13.227832,49.11167],[13.28877,49.097461],[13.339063,49.060791],[13.383691,49.008105],[13.401172,48.977588],[13.440723,48.955566],[13.547656,48.959668],[13.684961,48.876709],[13.769922,48.815967],[13.814746,48.766943],[13.80293,48.74751],[13.797461,48.686426],[13.798828,48.62168],[13.785352,48.587451],[13.723926,48.542383],[13.692188,48.532764],[13.675195,48.523047],[13.486621,48.581836],[13.47168,48.571826],[13.459863,48.564551],[13.409375,48.394141],[13.374609,48.361377],[13.322852,48.33125],[13.215234,48.301904],[13.14043,48.289941],[13.082129,48.275098],[12.897461,48.203711],[12.814258,48.16084],[12.760352,48.106982],[12.760059,48.075977],[12.849902,47.984814],[12.953516,47.890625],[12.954199,47.807764],[12.908301,47.745801],[12.897656,47.721875],[12.928125,47.712842],[12.985547,47.709424],[13.033594,47.69873],[13.054102,47.655127],[13.047949,47.57915],[13.031543,47.508008],[13.014355,47.478076],[12.968066,47.475684],[12.878906,47.506445],[12.809375,47.542187],[12.782813,47.56416],[12.781152,47.59043],[12.796191,47.607031],[12.771387,47.639404],[12.68584,47.669336],[12.594238,47.656299],[12.526563,47.636133],[12.48291,47.637305],[12.435742,47.666113],[12.363184,47.688184],[12.268359,47.702734],[12.209277,47.718262],[12.196875,47.709082],[12.203809,47.646729],[12.185645,47.619531],[11.716797,47.583496],[11.573926,47.549756],[11.469922,47.506104],[11.392969,47.487158],[11.374121,47.460254],[11.297949,47.424902],[11.211914,47.413623],[11.191211,47.425195],[11.136035,47.408887],[11.041992,47.393115],[10.980859,47.398145],[10.952148,47.426709],[10.893945,47.470459],[10.870605,47.500781],[10.873047,47.520215],[10.741602,47.524121],[10.658691,47.547217],[10.482813,47.541797],[10.439453,47.551562],[10.430371,47.541064],[10.403906,47.416992],[10.369141,47.366064],[10.312793,47.313428],[10.240625,47.284131],[10.183008,47.278809],[10.185742,47.317187],[10.200293,47.363428],[10.158789,47.374268],[10.096484,47.37959],[10.066309,47.393359],[10.074219,47.428516],[10.059863,47.449072],[10.034082,47.473584],[9.971582,47.505322],[9.83916,47.552295],[9.748926,47.575537],[9.715137,47.550781],[9.650586,47.525879],[9.548926,47.534033],[9.524023,47.524219]]],[[[13.70918,54.382715],[13.73418,54.31543],[13.707324,54.281152],[13.594922,54.338184],[13.482031,54.337402],[13.414551,54.249561],[13.364355,54.24585],[13.190039,54.325635],[13.162109,54.364551],[13.156348,54.396924],[13.18125,54.508984],[13.17666,54.544238],[13.231445,54.582764],[13.239941,54.638428],[13.336816,54.697119],[13.422754,54.699316],[13.450098,54.649609],[13.491211,54.615381],[13.636035,54.577002],[13.657617,54.55957],[13.670703,54.535449],[13.60332,54.488184],[13.580469,54.463965],[13.601855,54.425146],[13.70918,54.382715]]],[[[14.211426,53.950342],[14.198242,53.919043],[14.213672,53.870752],[14.172168,53.874365],[14.04834,53.863086],[13.925781,53.879053],[13.902148,53.938965],[13.92168,53.996631],[13.872461,54.036279],[13.827148,54.05957],[13.82041,54.092822],[13.827734,54.127246],[14.038867,54.03457],[14.211426,53.950342]]],[[[11.282813,54.417969],[11.129297,54.416016],[11.070703,54.456006],[11.011719,54.466162],[11.043457,54.515479],[11.084961,54.533398],[11.233594,54.50127],[11.280273,54.438379],[11.282813,54.417969]]],[[[8.307715,54.786963],[8.284668,54.76709],[8.295703,54.908301],[8.405176,55.05874],[8.451465,55.055371],[8.404102,55.014746],[8.39043,54.986279],[8.371191,54.929395],[8.379883,54.899854],[8.62959,54.891748],[8.600586,54.865381],[8.347363,54.847607],[8.307715,54.786963]]],[[[8.587891,54.712695],[8.548926,54.688184],[8.453809,54.691064],[8.400391,54.714111],[8.417676,54.738672],[8.468164,54.757422],[8.509961,54.760303],[8.573438,54.74873],[8.587891,54.712695]]]]}},{"type":"Feature","properties":{"featurecla":"Admin-0 country","scalerank":1,"LABELRANK":2,"SOVEREIGNT":"France","SOV_A3":"FR1","ADM0_DIF":1,"LEVEL":2,"TYPE":"Country","TLC":"1","ADMIN":"France","ADM0_A3":"FRA","GEOU_DIF":0,"GEOUNIT":"France","GU_A3":"FRA","SU_DIF":0,"SUBUNIT":"France","SU_A3":"FRA","BRK_DIFF":0,"NAME":"France","NAME_LONG":"France","BRK_A3":"FRA","BRK_NAME":"France","BRK_GROUP":null,"ABBREV":"Fr.","POSTAL":"F","FORMAL_EN":"French Republic","FORMAL_FR":null,"NAME_CIAWF":"France","NOTE_ADM0":null,"NOTE_BRK":null,"NAME_SORT":"France","NAME_ALT":null,"MAPCOLOR7":7,"MAPCOLOR8":5,"MAPCOLOR9":9,"MAPCOLOR13":11,"POP_EST":67059887,"POP_RANK":16,"POP_YEAR":2019,"GDP_MD":2715518,"GDP_YEAR":2019,"ECONOMY":"1. Developed region: G7","INCOME_GRP":"1. High income: OECD","FIPS_10":"FR","ISO_A2":"-99","ISO_A2_EH":"FR","ISO_A3":"-99","ISO_A3_EH":"FRA","ISO_N3":"-99","ISO_N3_EH":"250","UN_A3":"250","WB_A2":"FR","WB_A3":"FRA","WOE_ID":-90,"WOE_ID_EH":23424819,"WOE_NOTE":"Includes only Metropolitan France (including Corsica)","ADM0_ISO":"FRA","ADM0_DIFF":null,"ADM0_TLC":"FRA","ADM0_A3_US":"FRA","ADM0_A3_FR":"FRA","ADM0_A3_RU":"FRA","ADM0_A3_ES":"FRA","ADM0_A3_CN":"FRA","ADM0_A3_TW":"FRA","ADM0_A3_IN":"FRA","ADM0_A3_NP":"FRA","ADM0_A3_PK":"FRA","ADM0_A3_DE":"FRA","ADM0_A3_GB":"FRA","ADM0_A3_BR":"FRA","ADM0_A3_IL":"FRA","ADM0_A3_PS":"FRA","ADM0_A3_SA":"FRA","ADM0_A3_EG":"FRA","ADM0_A3_MA":"FRA","ADM0_A3_PT":"FRA","ADM0_A3_AR":"FRA","ADM0_A3_JP":"FRA","ADM0_A3_KO":"FRA","ADM0_A3_VN":"FRA","ADM0_A3_TR":"FRA","ADM0_A3_ID":"FRA","ADM0_A3_PL":"FRA","ADM0_A3_GR":"FRA","ADM0_A3_IT":"FRA","ADM0_A3_NL":"FRA","ADM0_A3_SE":"FRA","ADM0_A3_BD":"FRA","ADM0_A3_UA":"FRA","ADM0_A3_UN":-99,"ADM0_A3_WB":-99,"CONTINENT":"Europe","REGION_UN":"Europe","SUBREGION":"Western Europe","REGION_WB":"Europe & Central Asia","NAME_LEN":6,"LONG_LEN":6,"ABBREV_LEN":3,"TINY":-99,"HOMEPART":1,"MIN_ZOOM":0,"MIN_LABEL":1.7,"MAX_LABEL":6.7,"LABEL_X":2.552275,"LABEL_Y":46.696113,"NE_ID":1159320637,"WIKIDATAID":"Q142","NAME_AR":"فرنسا","NAME_BN":"ফ্রান্স","NAME_DE":"Frankreich","NAME_EN":"France","NAME_ES":"Francia","NAME_FA":"فرانسه","NAME_FR":"France","NAME_EL":"Γαλλία","NAME_HE":"צרפת","NAME_HI":"फ़्रान्स","NAME_HU":"Franciaország","NAME_ID":"Prancis","NAME_IT":"Francia","NAME_JA":"フランス","NAME_KO":"프랑스","NAME_NL":"Frankrijk","NAME_PL":"Francja","NAME_PT":"França","NAME_RU":"Франция","NAME_SV":"Frankrike","NAME_TR":"Fransa","NAME_UK":"Франція","NAME_UR":"فرانس","NAME_VI":"Pháp","NAME_ZH":"法国","NAME_ZHT":"法國","FCLASS_ISO":"Admin-0 country","TLC_DIFF":null,"FCLASS_TLC":"Admin-0 country","FCLASS_US":null,"FCLASS_FR":null,"FCLASS_RU":null,"FCLASS_ES":null,"FCLASS_CN":null,"FCLASS_TW":null,"FCLASS_IN":null,"FCLASS_NP":null,"FCLASS_PK":null,"FCLASS_DE":null,"FCLASS_GB":null,"FCLASS_BR":null,"FCLASS_IL":null,"FCLASS_PS":null,"FCLASS_SA":null,"FCLASS_EG":null,"FCLASS_MA":null,"FCLASS_PT":null,"FCLASS_AR":null,"FCLASS_JP":null,"FCLASS_KO":null,"FCLASS_VN":null,"FCLASS_TR":null,"FCLASS_ID":null,"FCLASS_PL":null,"FCLASS_GR":null,"FCLASS_IT":null,"FCLASS_NL":null,"FCLASS_SE":null,"FCLASS_BD":null,"FCLASS_UA":null},"bbox":[-61.794092,-21.369043,55.839063,51.097119],"geometry":{"type":"MultiPolygon","coordinates":[[[[9.480371,42.80542],[9.454199,42.658594],[9.473242,42.615576],[9.509375,42.585596],[9.526172,42.552637],[9.556445,42.160937],[9.550684,42.129736],[9.428418,41.972412],[9.400879,41.926221],[9.394824,41.731201],[9.374219,41.678809],[9.330859,41.627148],[9.253418,41.460059],[9.186133,41.384912],[9.003027,41.476562],[8.89502,41.516162],[8.84209,41.558887],[8.80752,41.588379],[8.829785,41.627686],[8.879004,41.668555],[8.886816,41.700684],[8.770996,41.737109],[8.717969,41.761426],[8.718652,41.804004],[8.758691,41.87041],[8.74043,41.925146],[8.673633,41.922363],[8.621875,41.930713],[8.615137,41.959131],[8.653418,41.995557],[8.702539,42.043115],[8.700977,42.095605],[8.641602,42.118213],[8.587793,42.16084],[8.566211,42.218799],[8.60791,42.258447],[8.675488,42.284033],[8.625879,42.343408],[8.592383,42.344727],[8.565625,42.357715],[8.5875,42.385303],[8.640039,42.426562],[8.713086,42.549756],[8.814844,42.60791],[8.994922,42.645312],[9.043652,42.66167],[9.088379,42.70498],[9.137891,42.73291],[9.198047,42.729199],[9.253516,42.712451],[9.287695,42.694629],[9.313379,42.713184],[9.338379,42.766895],[9.323047,42.814062],[9.330957,42.943799],[9.363184,43.017383],[9.415234,43.021484],[9.463281,42.981006],[9.46084,42.945215],[9.478613,42.860498],[9.480371,42.80542]]],[[[7.615625,47.592725],[7.494922,47.547363],[7.467383,47.507666],[7.42002,47.455176],[7.343164,47.433105],[7.265723,47.425781],[7.203125,47.432715],[7.16748,47.453711],[7.169238,47.473242],[7.136035,47.489844],[7.053418,47.489355],[6.968359,47.453223],[6.900391,47.394238],[6.921484,47.36123],[6.984082,47.352539],[7.000586,47.339453],[7.000586,47.32251],[6.978516,47.302051],[6.952051,47.267187],[6.820703,47.163184],[6.688086,47.058252],[6.666895,47.026514],[6.624805,47.004346],[6.45625,46.94834],[6.438574,46.925879],[6.429004,46.832275],[6.410156,46.75542],[6.285156,46.683057],[6.160742,46.611035],[6.129688,46.566992],[6.107031,46.516064],[6.067969,46.458545],[6.060254,46.428174],[6.123242,46.378613],[6.115918,46.337646],[6.095898,46.279395],[6.036133,46.238086],[5.97002,46.214697],[5.971484,46.151221],[6.006641,46.142334],[6.086621,46.147021],[6.199414,46.193066],[6.272949,46.252246],[6.22959,46.308447],[6.224219,46.319434],[6.234668,46.332617],[6.321875,46.393701],[6.428906,46.430518],[6.578223,46.437354],[6.758105,46.415771],[6.776074,46.406641],[6.767383,46.369189],[6.78418,46.313965],[6.816797,46.275195],[6.77207,46.165137],[6.805664,46.130664],[6.858008,46.089404],[6.897266,46.051758],[6.953711,46.017139],[7.003906,45.958838],[7.021094,45.925781],[6.94082,45.868359],[6.804492,45.814551],[6.78916,45.780078],[6.790918,45.740869],[6.80625,45.71001],[6.881445,45.670361],[6.962402,45.580566],[7.013672,45.500488],[7.126074,45.423682],[7.153418,45.400928],[7.146387,45.381738],[7.116797,45.349023],[7.07832,45.239941],[7.032422,45.222607],[6.98125,45.215576],[6.842285,45.135645],[6.780371,45.145312],[6.692285,45.144287],[6.627734,45.117969],[6.634766,45.068164],[6.691406,45.022607],[6.724707,44.972998],[6.738184,44.921387],[6.801074,44.883154],[6.889355,44.860303],[6.939844,44.85874],[6.972852,44.84502],[6.992676,44.827295],[7.030664,44.716699],[7.00791,44.688965],[6.960352,44.677148],[6.931934,44.631641],[6.875195,44.564551],[6.842969,44.510693],[6.878613,44.463281],[6.893848,44.428174],[6.874805,44.392041],[6.900195,44.335742],[6.967285,44.280029],[7.149414,44.201709],[7.318555,44.137988],[7.370898,44.127393],[7.599414,44.168359],[7.637207,44.164844],[7.665039,44.116016],[7.677148,44.083154],[7.651465,44.033643],[7.589648,43.96543],[7.522656,43.911084],[7.482031,43.864893],[7.490527,43.822949],[7.493164,43.767139],[7.438672,43.750439],[7.436914,43.761475],[7.414453,43.770898],[7.39502,43.765332],[7.380078,43.753223],[7.377734,43.731738],[7.261523,43.696094],[7.181445,43.659131],[6.864746,43.43833],[6.716602,43.373584],[6.687402,43.33457],[6.657227,43.26167],[6.570215,43.199072],[6.494043,43.169287],[6.305371,43.138721],[6.115918,43.072363],[6.030566,43.100977],[5.809473,43.0979],[5.671582,43.177832],[5.406543,43.228516],[5.320215,43.344922],[5.199512,43.35249],[5.12041,43.348975],[5.073145,43.366602],[5.06084,43.406299],[5.059766,43.444531],[4.975977,43.426953],[4.911914,43.426953],[4.87373,43.411621],[4.843555,43.393945],[4.80791,43.405225],[4.787207,43.401416],[4.789062,43.378906],[4.712109,43.373291],[4.628711,43.387109],[4.409766,43.447217],[4.376172,43.456396],[4.224219,43.479639],[4.162793,43.503662],[4.113086,43.563037],[4.075098,43.581836],[4.052637,43.593066],[3.91084,43.563086],[3.861621,43.516357],[3.784766,43.461621],[3.258887,43.193213],[3.162891,43.080762],[3.051758,42.915137],[3.043066,42.837891],[3.090918,42.590869],[3.197852,42.461182],[3.211426,42.431152],[3.152148,42.431006],[3.052637,42.447217],[2.97002,42.467236],[2.891406,42.456055],[2.815625,42.429248],[2.749414,42.413037],[2.701855,42.408496],[2.67002,42.393018],[2.654785,42.362109],[2.65166,42.340479],[2.567969,42.345801],[2.374414,42.390283],[2.200391,42.420947],[2.09834,42.386084],[2.032715,42.353516],[1.986523,42.358496],[1.951465,42.392773],[1.92793,42.426318],[1.859766,42.45708],[1.706055,42.50332],[1.713965,42.525635],[1.740234,42.556738],[1.739453,42.575928],[1.709863,42.604443],[1.568164,42.63501],[1.501367,42.642725],[1.458887,42.62168],[1.42832,42.595898],[1.349414,42.690674],[1.293262,42.709961],[1.208301,42.713135],[1.111133,42.742041],[1.010059,42.778955],[0.764453,42.838037],[0.696875,42.845117],[0.669824,42.835742],[0.651758,42.800439],[0.641992,42.700635],[0.631641,42.6896],[0.517676,42.686279],[0.377246,42.700146],[0.312891,42.693262],[0.255469,42.69292],[0.201367,42.719336],[-0.041162,42.689111],[-0.081494,42.703857],[-0.140039,42.748926],[-0.205322,42.785303],[-0.256055,42.803955],[-0.299316,42.825342],[-0.338574,42.828809],[-0.398438,42.808105],[-0.481152,42.799316],[-0.549805,42.802002],[-0.586426,42.798975],[-0.740186,42.909521],[-0.762646,42.939795],[-0.839209,42.948193],[-0.933838,42.949512],[-1.175439,43.021143],[-1.285449,43.059619],[-1.301562,43.082471],[-1.300049,43.100977],[-1.318848,43.096973],[-1.352734,43.064258],[-1.370508,43.037598],[-1.394043,43.032617],[-1.42876,43.036768],[-1.46084,43.051758],[-1.480469,43.071143],[-1.459424,43.10498],[-1.422607,43.149121],[-1.407324,43.197119],[-1.410693,43.240088],[-1.471729,43.267676],[-1.561475,43.279199],[-1.627148,43.282471],[-1.712842,43.307031],[-1.753271,43.324707],[-1.792725,43.372559],[-1.794043,43.407324],[-1.631445,43.438037],[-1.484863,43.56377],[-1.345996,44.020215],[-1.245508,44.559863],[-1.170801,44.661816],[-1.076953,44.689844],[-1.152881,44.764014],[-1.200391,44.726465],[-1.220312,44.686621],[-1.245215,44.666699],[-1.189062,45.161475],[-1.149072,45.342627],[-1.081006,45.532422],[-0.941748,45.45708],[-0.826318,45.380664],[-0.76665,45.314355],[-0.691113,45.093457],[-0.633984,45.047119],[-0.548486,45.000586],[-0.582275,45.051367],[-0.641113,45.090186],[-0.733105,45.384619],[-0.790771,45.468018],[-0.880664,45.538184],[-1.169971,45.685937],[-1.195996,45.714453],[-1.209961,45.770898],[-1.114355,45.768506],[-1.031738,45.741064],[-1.041504,45.772656],[-1.066016,45.805664],[-1.104395,45.925342],[-1.136377,46.204834],[-1.132031,46.252686],[-1.146289,46.311377],[-1.238818,46.324512],[-1.312793,46.326904],[-1.39248,46.350098],[-1.786523,46.514844],[-1.921436,46.684814],[-2.059375,46.810303],[-2.09248,46.865039],[-2.090283,46.920508],[-2.018896,47.037646],[-2.081934,47.111621],[-2.143555,47.126318],[-2.19707,47.162939],[-2.148584,47.223926],[-2.108301,47.262939],[-2.027588,47.273584],[-1.921729,47.260645],[-1.821289,47.225342],[-1.742529,47.215967],[-1.975391,47.310693],[-2.353027,47.27876],[-2.434424,47.290967],[-2.503125,47.312061],[-2.530029,47.381592],[-2.476318,47.412939],[-2.427686,47.470898],[-2.482715,47.511621],[-2.554053,47.527051],[-2.665918,47.526172],[-2.770312,47.513867],[-2.796777,47.537256],[-2.733105,47.601807],[-2.787207,47.625537],[-2.859375,47.614453],[-2.964062,47.601074],[-3.064209,47.621338],[-3.158838,47.694678],[-3.221582,47.694141],[-3.264697,47.685107],[-3.328613,47.71333],[-3.395898,47.72041],[-3.443945,47.711035],[-3.507812,47.753125],[-3.900928,47.837549],[-4.070703,47.847852],[-4.226416,47.809619],[-4.312109,47.8229],[-4.375098,47.877441],[-4.427979,47.968945],[-4.678809,48.039502],[-4.629199,48.085791],[-4.512402,48.096729],[-4.377832,48.128809],[-4.329443,48.169971],[-4.434619,48.217969],[-4.512207,48.229736],[-4.544336,48.246973],[-4.577148,48.290039],[-4.530664,48.309717],[-4.4979,48.299268],[-4.40332,48.293066],[-4.241406,48.303662],[-4.301758,48.34707],[-4.364404,48.356738],[-4.393164,48.367627],[-4.524805,48.372314],[-4.584717,48.35752],[-4.719385,48.363135],[-4.748535,48.41001],[-4.7625,48.450244],[-4.720752,48.539893],[-4.531201,48.619971],[-4.058887,48.70752],[-3.855664,48.694727],[-3.714795,48.710498],[-3.545996,48.765674],[-3.471484,48.812939],[-3.231445,48.84082],[-3.003223,48.790674],[-2.792871,48.601074],[-2.692334,48.536816],[-2.446191,48.648291],[-2.079443,48.64502],[-2.003711,48.58208],[-1.973145,48.635107],[-1.905713,48.697119],[-1.851953,48.668848],[-1.824707,48.630518],[-1.437646,48.641406],[-1.376465,48.652588],[-1.480469,48.697607],[-1.565479,48.805518],[-1.583105,49.202393],[-1.690332,49.313184],[-1.813428,49.490137],[-1.870068,49.595117],[-1.875391,49.631396],[-1.856445,49.683789],[-1.705127,49.680957],[-1.588232,49.667676],[-1.365723,49.707275],[-1.258643,49.680176],[-1.264941,49.598242],[-1.232275,49.494873],[-1.194971,49.444824],[-1.138525,49.387891],[-0.959131,49.393164],[-0.765527,49.359717],[-0.520898,49.354541],[-0.163477,49.296777],[-0.011182,49.330225],[0.136133,49.401514],[0.416895,49.448389],[0.439258,49.473193],[0.277637,49.463281],[0.129395,49.508447],[0.109375,49.55752],[0.126563,49.601562],[0.186719,49.703027],[0.616211,49.862939],[0.924121,49.910205],[1.245508,49.998242],[1.407227,50.088525],[1.514063,50.205078],[1.548438,50.230713],[1.592773,50.252197],[1.551563,50.293945],[1.579492,50.739258],[1.60957,50.819482],[1.672266,50.88501],[1.767676,50.935693],[1.9125,50.990625],[2.445703,51.066504],[2.524902,51.097119],[2.536035,51.049512],[2.574805,50.988574],[2.601465,50.955273],[2.579297,50.911768],[2.596777,50.875928],[2.669141,50.811426],[2.759375,50.750635],[2.839746,50.711768],[2.862402,50.716016],[2.921973,50.727051],[3.022852,50.766895],[3.106836,50.779443],[3.154883,50.748926],[3.182031,50.731689],[3.234961,50.662939],[3.249805,50.591162],[3.27334,50.531543],[3.316211,50.507373],[3.476953,50.499463],[3.59541,50.477344],[3.626758,50.457324],[3.667285,50.324805],[3.689355,50.306055],[3.718848,50.32168],[3.748047,50.343506],[3.788574,50.346973],[3.858105,50.338574],[3.949707,50.335938],[4.044141,50.321338],[4.174609,50.246484],[4.169629,50.221777],[4.144141,50.178418],[4.135254,50.143799],[4.157715,50.129883],[4.192188,50.094141],[4.183887,50.052832],[4.150293,50.023877],[4.136816,50],[4.137012,49.984473],[4.149316,49.971582],[4.176074,49.960254],[4.36875,49.944971],[4.54502,49.960254],[4.656152,50.002441],[4.675098,50.046875],[4.706641,50.09707],[4.772852,50.139062],[4.818652,50.153174],[4.860547,50.135889],[4.790039,49.95957],[4.841504,49.914502],[4.849121,49.847119],[4.867578,49.788135],[4.930566,49.789258],[5.006934,49.778369],[5.061035,49.756543],[5.124121,49.721484],[5.215039,49.689258],[5.278809,49.67793],[5.301953,49.650977],[5.353516,49.619824],[5.434668,49.554492],[5.507324,49.510889],[5.542383,49.511035],[5.610059,49.528223],[5.710449,49.539209],[5.789746,49.538281],[5.823438,49.505078],[5.901367,49.489746],[5.928906,49.477539],[5.959473,49.454639],[6.011426,49.445459],[6.074121,49.454639],[6.119922,49.485205],[6.181055,49.498926],[6.242188,49.494336],[6.277344,49.477539],[6.344336,49.452734],[6.382227,49.458154],[6.458105,49.442871],[6.534277,49.394678],[6.566309,49.346191],[6.574707,49.319678],[6.607617,49.290869],[6.735449,49.160596],[6.77627,49.15415],[6.820703,49.173926],[6.849512,49.201953],[6.891211,49.20752],[6.958301,49.194629],[7.001465,49.179883],[7.022168,49.123437],[7.036719,49.112695],[7.065723,49.124854],[7.117383,49.127539],[7.199902,49.113623],[7.313379,49.129541],[7.404199,49.153076],[7.450586,49.152197],[7.525488,49.086377],[7.610938,49.061768],[7.799219,49.041895],[8.00127,49.010937],[8.080664,48.985889],[8.134863,48.973584],[8.140332,48.886426],[8.124023,48.873291],[7.922754,48.698535],[7.837988,48.636035],[7.794824,48.546826],[7.765137,48.41001],[7.705664,48.280029],[7.616602,48.156787],[7.58418,48.064307],[7.608496,48.002588],[7.593262,47.905664],[7.538574,47.773633],[7.529395,47.673877],[7.56543,47.606543],[7.615625,47.592725]]],[[[-1.17832,45.904053],[-1.213574,45.816602],[-1.280273,45.897119],[-1.368701,45.967676],[-1.388867,46.032959],[-1.388672,46.050391],[-1.285059,46.002686],[-1.17832,45.904053]]],[[[45.180273,-12.976758],[45.117578,-12.984961],[45.087695,-12.958496],[45.069434,-12.895605],[45.088281,-12.835059],[45.093555,-12.786133],[45.042578,-12.70127],[45.092383,-12.653027],[45.134766,-12.70918],[45.158789,-12.712988],[45.223145,-12.752148],[45.204297,-12.824316],[45.208594,-12.847949],[45.179395,-12.920215],[45.180273,-12.976758]]],[[[55.797363,-21.339355],[55.656152,-21.369043],[55.557617,-21.358301],[55.362695,-21.273633],[55.310352,-21.217383],[55.232813,-21.058398],[55.25,-21.002441],[55.311328,-20.904102],[55.450488,-20.865137],[55.596484,-20.87959],[55.661914,-20.90625],[55.73916,-21.021484],[55.839063,-21.138574],[55.822461,-21.277832],[55.797363,-21.339355]]],[[[-60.82627,14.494482],[-60.836621,14.437402],[-60.862109,14.42627],[-60.899414,14.473779],[-61.063721,14.46709],[-61.088867,14.50957],[-61.090332,14.529687],[-61.011328,14.601904],[-61.104297,14.62124],[-61.141113,14.652393],[-61.219727,14.804395],[-61.21333,14.848584],[-61.180811,14.871924],[-61.127393,14.875293],[-61.0271,14.826172],[-60.952539,14.75625],[-60.927148,14.755176],[-60.918652,14.735352],[-60.933691,14.686182],[-60.88916,14.644531],[-60.869971,14.613721],[-60.82627,14.494482]]],[[[-61.327148,16.23042],[-61.444824,16.219287],[-61.522168,16.228027],[-61.53999,16.299609],[-61.500586,16.360205],[-61.528906,16.433789],[-61.510645,16.477686],[-61.471191,16.506641],[-61.406445,16.468311],[-61.396143,16.413428],[-61.355469,16.363184],[-61.172607,16.256104],[-61.327148,16.23042]]],[[[-61.589551,16.006934],[-61.670459,15.962061],[-61.710254,15.975928],[-61.759424,16.062061],[-61.794092,16.300977],[-61.767139,16.340479],[-61.748047,16.355273],[-61.641504,16.325977],[-61.597021,16.292187],[-61.552344,16.270898],[-61.575049,16.227148],[-61.563867,16.047754],[-61.589551,16.006934]]],[[[-61.230469,15.889941],[-61.28623,15.886035],[-61.310742,15.894678],[-61.318408,15.954883],[-61.275293,15.99624],[-61.25,16.006299],[-61.212354,15.959912],[-61.203418,15.92124],[-61.230469,15.889941]]],[[[-54.61626,2.326758],[-54.604736,2.335791],[-54.568408,2.342578],[-54.535937,2.343311],[-54.485547,2.416113],[-54.402002,2.461523],[-54.256738,2.713721],[-54.195508,2.817871],[-54.188086,2.874854],[-54.170703,2.993604],[-54.203125,3.138184],[-54.188037,3.17876],[-54.063184,3.35332],[-54.00957,3.448535],[-54.005957,3.530518],[-53.990479,3.589551],[-54.005908,3.62041],[-54.034229,3.629395],[-54.081982,3.705957],[-54.112793,3.769434],[-54.197461,3.834424],[-54.255518,3.901074],[-54.350732,4.054102],[-54.342139,4.140039],[-54.369141,4.170947],[-54.398389,4.20249],[-54.39624,4.241406],[-54.416016,4.337646],[-54.440674,4.428027],[-54.449609,4.48501],[-54.426074,4.583008],[-54.440234,4.691992],[-54.471143,4.749316],[-54.479687,4.836523],[-54.47334,4.914697],[-54.446875,4.958789],[-54.452197,5.013477],[-54.331641,5.187402],[-54.240186,5.288232],[-54.155957,5.358984],[-54.085303,5.411816],[-53.9896,5.676025],[-53.919922,5.768994],[-53.847168,5.782227],[-53.454443,5.563477],[-53.270361,5.543262],[-52.899316,5.425049],[-52.76499,5.273486],[-52.453955,5.021338],[-52.290527,4.942187],[-52.288916,4.876123],[-52.324609,4.770898],[-52.219971,4.862793],[-52.058105,4.717383],[-52.012305,4.645996],[-51.961914,4.514404],[-51.979346,4.429883],[-52.001709,4.38623],[-52.00293,4.352295],[-51.954785,4.399072],[-51.927686,4.436133],[-51.91958,4.524316],[-51.880273,4.63374],[-51.827539,4.635693],[-51.785645,4.570508],[-51.698633,4.286816],[-51.66582,4.228809],[-51.653271,4.13877],[-51.658105,4.098486],[-51.652539,4.061279],[-51.683447,4.039697],[-51.76709,3.992676],[-51.805273,3.929932],[-51.82749,3.86958],[-51.879492,3.828564],[-51.928906,3.776953],[-51.944336,3.735107],[-51.990625,3.702002],[-51.999512,3.646875],[-52.116113,3.452295],[-52.162598,3.364697],[-52.229443,3.27168],[-52.27124,3.237109],[-52.327881,3.181738],[-52.356641,3.117725],[-52.356641,3.051562],[-52.396387,2.972217],[-52.418408,2.903857],[-52.455859,2.86416],[-52.554688,2.647656],[-52.559473,2.573145],[-52.583008,2.528906],[-52.653174,2.425732],[-52.700635,2.363672],[-52.783398,2.317187],[-52.87041,2.26665],[-52.903467,2.211523],[-52.964844,2.183545],[-53.009717,2.181738],[-53.082275,2.201709],[-53.180078,2.211328],[-53.229785,2.204883],[-53.252197,2.232275],[-53.285498,2.295215],[-53.334424,2.339746],[-53.366016,2.324219],[-53.431836,2.279443],[-53.508984,2.253125],[-53.563965,2.261914],[-53.683691,2.29292],[-53.734717,2.308545],[-53.750146,2.33501],[-53.767773,2.354834],[-53.794238,2.345996],[-53.829541,2.312939],[-53.876611,2.278271],[-53.946436,2.232568],[-54.089746,2.150488],[-54.130078,2.121045],[-54.167383,2.137061],[-54.227979,2.15332],[-54.293066,2.154248],[-54.433105,2.20752],[-54.515088,2.245459],[-54.550488,2.293066],[-54.591943,2.31377],[-54.61626,2.326758]]]]}},{"type":"Feature","properties":{"featurecla":"Admin-0 country","scalerank":3,"LABELRANK":6,"SOVEREIGNT":"Finland","SOV_A3":"FI1","ADM0_DIF":1,"LEVEL":2,"TYPE":"Country","TLC":"1","ADMIN":"Aland","ADM0_A3":"ALD","GEOU_DIF":0,"GEOUNIT":"Aland","GU_A3":"ALD","SU_DIF":0,"SUBUNIT":"Aland","SU_A3":"ALD","BRK_DIFF":0,"NAME":"Åland","NAME_LONG":"Åland Islands","BRK_A3":"ALD","BRK_NAME":"Åland","BRK_GROUP":null,"ABBREV":"Åland","POSTAL":"AI","FORMAL_EN":"Åland Islands","FORMAL_FR":null,"NAME_CIAWF":null,"NOTE_ADM0":"Fin.","NOTE_BRK":null,"NAME_SORT":"Aland","NAME_ALT":null,"MAPCOLOR7":4,"MAPCOLOR8":1,"MAPCOLOR9":4,"MAPCOLOR13":6,"POP_EST":29884,"POP_RANK":7,"POP_YEAR":2019,"GDP_MD":1563,"GDP_YEAR":2016,"ECONOMY":"2. Developed region: nonG7","INCOME_GRP":"1. High income: OECD","FIPS_10":"-99","ISO_A2":"AX","ISO_A2_EH":"AX","ISO_A3":"ALA","ISO_A3_EH":"ALA","ISO_N3":"248","ISO_N3_EH":"248","UN_A3":"248","WB_A2":"-99","WB_A3":"-99","WOE_ID":12577865,"WOE_ID_EH":12577865,"WOE_NOTE":"Exact WOE match as country","ADM0_ISO":"ALD","ADM0_DIFF":null,"ADM0_TLC":"ALD","ADM0_A3_US":"ALD","ADM0_A3_FR":"ALD","ADM0_A3_RU":"ALD","ADM0_A3_ES":"ALD","ADM0_A3_CN":"ALD","ADM0_A3_TW":"ALD","ADM0_A3_IN":"ALD","ADM0_A3_NP":"ALD","ADM0_A3_PK":"ALD","ADM0_A3_DE":"ALD","ADM0_A3_GB":"ALD","ADM0_A3_BR":"ALD","ADM0_A3_IL":"ALD","ADM0_A3_PS":"ALD","ADM0_A3_SA":"ALD","ADM0_A3_EG":"ALD","ADM0_A3_MA":"ALD","ADM0_A3_PT":"ALD","ADM0_A3_AR":"ALD","ADM0_A3_JP":"ALD","ADM0_A3_KO":"ALD","ADM0_A3_VN":"ALD","ADM0_A3_TR":"ALD","ADM0_A3_ID":"ALD","ADM0_A3_PL":"ALD","ADM0_A3_GR":"ALD","ADM0_A3_IT":"ALD","ADM0_A3_NL":"ALD","ADM0_A3_SE":"ALD","ADM0_A3_BD":"ALD","ADM0_A3_UA":"ALD","ADM0_A3_UN":-99,"ADM0_A3_WB":-99,"CONTINENT":"Europe","REGION_UN":"Europe","SUBREGION":"Northern Europe","REGION_WB":"Europe & Central Asia","NAME_LEN":5,"LONG_LEN":13,"ABBREV_LEN":5,"TINY":5,"HOMEPART":-99,"MIN_ZOOM":0,"MIN_LABEL":5,"MAX_LABEL":10,"LABEL_X":19.869671,"LABEL_Y":60.156467,"NE_ID":1159320621,"WIKIDATAID":"Q5689","NAME_AR":"جزر أولاند","NAME_BN":"অলান্দ দ্বীপপুঞ্জ","NAME_DE":"Åland","NAME_EN":"Åland","NAME_ES":"Åland","NAME_FA":"جزایر الند","NAME_FR":"Åland","NAME_EL":"Ώλαντ","NAME_HE":"אולנד","NAME_HI":"ऑलैण्ड द्वीपसमूह","NAME_HU":"Åland","NAME_ID":"Åland","NAME_IT":"Isole Åland","NAME_JA":"オーランド諸島","NAME_KO":"올란드 제도","NAME_NL":"Åland","NAME_PL":"Wyspy Alandzkie","NAME_PT":"Åland","NAME_RU":"Аландские острова","NAME_SV":"Åland","NAME_TR":"Åland","NAME_UK":"Аландські острови","NAME_UR":"جزائر ایلانڈ","NAME_VI":"Åland","NAME_ZH":"奥兰","NAME_ZHT":"奧蘭","FCLASS_ISO":"Admin-0 dependency","TLC_DIFF":null,"FCLASS_TLC":"Admin-0 dependency","FCLASS_US":null,"FCLASS_FR":null,"FCLASS_RU":"Unrecognized","FCLASS_ES":null,"FCLASS_CN":"Unrecognized","FCLASS_TW":null,"FCLASS_IN":null,"FCLASS_NP":null,"FCLASS_PK":null,"FCLASS_DE":null,"FCLASS_GB":null,"FCLASS_BR":null,"FCLASS_IL":null,"FCLASS_PS":null,"FCLASS_SA":null,"FCLASS_EG":null,"FCLASS_MA":null,"FCLASS_PT":null,"FCLASS_AR":null,"FCLASS_JP":null,"FCLASS_KO":null,"FCLASS_VN":null,"FCLASS_TR":null,"FCLASS_ID":null,"FCLASS_PL":null,"FCLASS_GR":null,"FCLASS_IT":null,"FCLASS_NL":null,"FCLASS_SE":null,"FCLASS_BD":null,"FCLASS_UA":null},"bbox":[19.519043,60.01167,20.611328,60.405811],"geometry":{"type":"MultiPolygon","coordinates":[[[[19.989551,60.351172],[20.020215,60.350879],[20.033887,60.359326],[20.087402,60.353418],[20.167871,60.314697],[20.184082,60.29375],[20.239551,60.283008],[20.258887,60.261279],[20.194727,60.193555],[20.155078,60.192285],[20.125488,60.200879],[20.073242,60.193457],[20.042578,60.180664],[20.032324,60.15249],[20.033984,60.093555],[19.799805,60.081738],[19.745996,60.098975],[19.672266,60.233008],[19.686914,60.267627],[19.736523,60.282373],[19.779004,60.285547],[19.785254,60.213379],[19.847656,60.220557],[19.867188,60.268115],[19.871582,60.301611],[19.854688,60.318506],[19.812305,60.331592],[19.787793,60.354053],[19.823047,60.390186],[19.888281,60.405811],[19.944531,60.35752],[19.989551,60.351172]]],[[[19.662305,60.187158],[19.66748,60.164746],[19.629199,60.170361],[19.599805,60.162695],[19.579883,60.135059],[19.536523,60.144971],[19.519043,60.18457],[19.551367,60.243848],[19.628809,60.246094],[19.662305,60.187158]]],[[[20.611328,60.040674],[20.603418,60.016943],[20.521777,60.01167],[20.4875,60.032764],[20.41123,60.030127],[20.397949,60.040674],[20.42959,60.061719],[20.490137,60.074902],[20.569141,60.069629],[20.611328,60.040674]]]]}},{"type":"Feature","properties":{"featurecla":"Admin-0 country","scalerank":1,"LABELRANK":3,"SOVEREIGNT":"Finland","SOV_A3":"FI1","ADM0_DIF":1,"LEVEL":2,"TYPE":"Country","TLC":"1","ADMIN":"Finland","ADM0_A3":"FIN","GEOU_DIF":0,"GEOUNIT":"Finland","GU_A3":"FIN","SU_DIF":0,"SUBUNIT":"Finland","SU_A3":"FIN","BRK_DIFF":0,"NAME":"Finland","NAME_LONG":"Finland","BRK_A3":"FIN","BRK_NAME":"Finland","BRK_GROUP":null,"ABBREV":"Fin.","POSTAL":"FIN","FORMAL_EN":"Republic of Finland","FORMAL_FR":null,"NAME_CIAWF":"Finland","NOTE_ADM0":null,"NOTE_BRK":null,"NAME_SORT":"Finland","NAME_ALT":null,"MAPCOLOR7":4,"MAPCOLOR8":1,"MAPCOLOR9":4,"MAPCOLOR13":6,"POP_EST":5520314,"POP_RANK":13,"POP_YEAR":2019,"GDP_MD":269296,"GDP_YEAR":2019,"ECONOMY":"2. Developed region: nonG7","INCOME_GRP":"1. High income: OECD","FIPS_10":"FI","ISO_A2":"FI","ISO_A2_EH":"FI","ISO_A3":"FIN","ISO_A3_EH":"FIN","ISO_N3":"246","ISO_N3_EH":"246","UN_A3":"246","WB_A2":"FI","WB_A3":"FIN","WOE_ID":23424812,"WOE_ID_EH":23424812,"WOE_NOTE":"Exact WOE match as country","ADM0_ISO":"FIN","ADM0_DIFF":null,"ADM0_TLC":"FIN","ADM0_A3_US":"FIN","ADM0_A3_FR":"FIN","ADM0_A3_RU":"FIN","ADM0_A3_ES":"FIN","ADM0_A3_CN":"FIN","ADM0_A3_TW":"FIN","ADM0_A3_IN":"FIN","ADM0_A3_NP":"FIN","ADM0_A3_PK":"FIN","ADM0_A3_DE":"FIN","ADM0_A3_GB":"FIN","ADM0_A3_BR":"FIN","ADM0_A3_IL":"FIN","ADM0_A3_PS":"FIN","ADM0_A3_SA":"FIN","ADM0_A3_EG":"FIN","ADM0_A3_MA":"FIN","ADM0_A3_PT":"FIN","ADM0_A3_AR":"FIN","ADM0_A3_JP":"FIN","ADM0_A3_KO":"FIN","ADM0_A3_VN":"FIN","ADM0_A3_TR":"FIN","ADM0_A3_ID":"FIN","ADM0_A3_PL":"FIN","ADM0_A3_GR":"FIN","ADM0_A3_IT":"FIN","ADM0_A3_NL":"FIN","ADM0_A3_SE":"FIN","ADM0_A3_BD":"FIN","ADM0_A3_UA":"FIN","ADM0_A3_UN":-99,"ADM0_A3_WB":-99,"CONTINENT":"Europe","REGION_UN":"Europe","SUBREGION":"Northern Europe","REGION_WB":"Europe & Central Asia","NAME_LEN":7,"LONG_LEN":7,"ABBREV_LEN":4,"TINY":-99,"HOMEPART":1,"MIN_ZOOM":0,"MIN_LABEL":3,"MAX_LABEL":8,"LABEL_X":27.276449,"LABEL_Y":63.252361,"NE_ID":1159320623,"WIKIDATAID":"Q33","NAME_AR":"فنلندا","NAME_BN":"ফিনল্যান্ড","NAME_DE":"Finnland","NAME_EN":"Finland","NAME_ES":"Finlandia","NAME_FA":"فنلاند","NAME_FR":"Finlande","NAME_EL":"Φινλανδία","NAME_HE":"פינלנד","NAME_HI":"फ़िनलैण्ड","NAME_HU":"Finnország","NAME_ID":"Finlandia","NAME_IT":"Finlandia","NAME_JA":"フィンランド","NAME_KO":"핀란드","NAME_NL":"Finland","NAME_PL":"Finlandia","NAME_PT":"Finlândia","NAME_RU":"Финляндия","NAME_SV":"Finland","NAME_TR":"Finlandiya","NAME_UK":"Фінляндія","NAME_UR":"فن لینڈ","NAME_VI":"Phần Lan","NAME_ZH":"芬兰","NAME_ZHT":"芬蘭","FCLASS_ISO":"Admin-0 country","TLC_DIFF":null,"FCLASS_TLC":"Admin-0 country","FCLASS_US":null,"FCLASS_FR":null,"FCLASS_RU":null,"FCLASS_ES":null,"FCLASS_CN":null,"FCLASS_TW":null,"FCLASS_IN":null,"FCLASS_NP":null,"FCLASS_PK":null,"FCLASS_DE":null,"FCLASS_GB":null,"FCLASS_BR":null,"FCLASS_IL":null,"FCLASS_PS":null,"FCLASS_SA":null,"FCLASS_EG":null,"FCLASS_MA":null,"FCLASS_PT":null,"FCLASS_AR":null,"FCLASS_JP":null,"FCLASS_KO":null,"FCLASS_VN":null,"FCLASS_TR":null,"FCLASS_ID":null,"FCLASS_PL":null,"FCLASS_GR":null,"FCLASS_IT":null,"FCLASS_NL":null,"FCLASS_SE":null,"FCLASS_BD":null,"FCLASS_UA":null},"bbox":[20.622168,59.816016,31.536523,70.064844],"geometry":{"type":"MultiPolygon","coordinates":[[[[24.155469,65.805273],[24.049023,65.989844],[23.994629,66.060352],[23.907324,66.148242],[23.751465,66.191162],[23.720996,66.21543],[23.700293,66.252637],[23.693555,66.304297],[23.673828,66.380713],[23.682031,66.443408],[23.701172,66.480762],[23.768359,66.505859],[23.865527,66.576611],[23.88584,66.628027],[23.894141,66.706885],[23.938867,66.775732],[23.988574,66.810547],[23.976074,66.838232],[23.941797,66.877832],[23.869336,66.934033],[23.758984,67.002588],[23.677344,67.068115],[23.641504,67.129395],[23.623047,67.184131],[23.626074,67.233936],[23.656641,67.267822],[23.760938,67.310498],[23.774902,67.328613],[23.733594,67.4229],[23.66084,67.440039],[23.537109,67.44917],[23.468066,67.449951],[23.454883,67.460254],[23.451465,67.479199],[23.46543,67.517871],[23.504492,67.562158],[23.537012,67.590381],[23.541309,67.614307],[23.500195,67.696191],[23.487793,67.796582],[23.501855,67.875195],[23.63291,67.933203],[23.638867,67.954395],[23.474219,68.017334],[23.355469,68.088672],[23.318555,68.130322],[23.18252,68.136621],[23.097852,68.257568],[22.975391,68.316455],[22.854102,68.367334],[22.782422,68.391016],[22.362109,68.464062],[22.195117,68.477979],[21.997461,68.520605],[21.850195,68.574121],[21.724023,68.608545],[21.616016,68.650977],[21.46543,68.690674],[21.422363,68.724609],[21.259766,68.787451],[21.183398,68.828809],[20.918555,68.906934],[20.908984,68.937744],[20.907031,68.96748],[20.895117,68.979834],[20.622168,69.036865],[20.675879,69.069482],[20.889258,69.071436],[21.065723,69.041748],[21.104492,69.054443],[21.127832,69.080811],[21.052637,69.186572],[21.066113,69.214111],[21.14375,69.247266],[21.266797,69.273682],[21.46123,69.27749],[21.59375,69.273584],[21.621777,69.270703],[21.819727,69.154492],[21.989453,69.041113],[22.079688,68.992773],[22.300391,68.855859],[22.38291,68.776611],[22.410938,68.719873],[22.500684,68.720215],[22.811035,68.695312],[23.07168,68.674365],[23.144336,68.642578],[23.324023,68.648975],[23.4625,68.677637],[23.707031,68.713867],[23.772559,68.758398],[23.854004,68.805908],[23.997363,68.798438],[24.154102,68.760889],[24.332031,68.711523],[24.490527,68.688672],[24.703223,68.652832],[24.802441,68.606494],[24.941406,68.593262],[25.086914,68.6396],[25.172852,68.765283],[25.249121,68.821338],[25.357129,68.862451],[25.480859,68.880615],[25.575293,68.887158],[25.64668,68.919141],[25.74834,68.990137],[25.768164,69.076123],[25.748633,69.231445],[25.767188,69.282666],[25.850195,69.366504],[25.961523,69.588623],[26.011523,69.652637],[26.072461,69.691553],[26.156152,69.714697],[26.308203,69.781934],[26.525391,69.915039],[26.584277,69.926318],[26.740234,69.933057],[26.934277,69.928125],[27.108691,69.904687],[27.127539,69.906494],[27.205664,69.918701],[27.348047,69.960059],[27.591699,70.042236],[27.747852,70.064844],[27.889941,70.06167],[28.047266,69.97168],[28.269141,69.871436],[28.411719,69.822754],[28.800391,69.731494],[29.141602,69.671436],[29.333398,69.472998],[29.238867,69.393945],[29.191797,69.366699],[29.024902,69.287988],[28.846289,69.176904],[28.832617,69.118994],[28.891895,69.060596],[28.96582,69.021973],[28.898926,69.009668],[28.692188,68.961035],[28.566016,68.928223],[28.414062,68.90415],[28.453516,68.872266],[28.705957,68.865527],[28.744824,68.856445],[28.772852,68.840039],[28.777637,68.813818],[28.752051,68.771436],[28.479297,68.537646],[28.470703,68.488379],[28.560156,68.351367],[28.685156,68.189795],[29.062988,68.117969],[29.343848,68.061865],[29.524219,67.929102],[29.821582,67.754004],[29.979199,67.688574],[29.988086,67.668262],[29.941211,67.547461],[29.750586,67.426416],[29.572266,67.324365],[29.387695,67.201416],[29.243359,67.096582],[29.087012,66.970947],[29.069043,66.930225],[29.066211,66.891748],[29.093066,66.849219],[29.293262,66.695508],[29.371191,66.617041],[29.464355,66.532178],[29.544336,66.439697],[29.590723,66.356836],[29.670898,66.276123],[29.720703,66.234863],[29.803516,66.177051],[29.903418,66.091064],[29.936621,66.022949],[30.0875,65.786523],[30.102734,65.72627],[30.095313,65.681689],[30.029004,65.670703],[29.882617,65.663623],[29.723926,65.634375],[29.715918,65.624561],[29.819434,65.56875],[29.728027,65.473438],[29.714844,65.336963],[29.617188,65.265332],[29.608008,65.248682],[29.612402,65.234766],[29.629688,65.223877],[29.810547,65.204736],[29.826172,65.185303],[29.826953,65.145068],[29.81084,65.10791],[29.72002,65.080322],[29.622461,65.039502],[29.600879,65.001953],[29.604199,64.968408],[29.6375,64.911768],[29.70166,64.845752],[29.783203,64.804297],[30.072852,64.765039],[30.110254,64.732568],[30.126172,64.688086],[30.120117,64.644629],[29.985547,64.557715],[29.986621,64.524268],[30.041895,64.443359],[30.108105,64.366113],[30.390625,64.282422],[30.487891,64.236523],[30.51377,64.2],[30.52793,64.141113],[30.526074,64.077295],[30.503906,64.020605],[30.415332,63.94751],[30.210254,63.80332],[30.004102,63.747314],[29.991504,63.735156],[30.055371,63.689014],[30.418555,63.504053],[30.655273,63.41748],[30.974805,63.300635],[31.180859,63.208301],[31.247461,63.141895],[31.336719,63.068066],[31.437012,63.007715],[31.509277,62.955322],[31.536523,62.921631],[31.533984,62.8854],[31.437305,62.776123],[31.382422,62.69165],[31.285645,62.567822],[31.186719,62.481396],[30.935742,62.323779],[30.565625,62.127588],[30.479688,62.068213],[30.306445,61.964844],[30.009961,61.757373],[29.933203,61.711572],[29.690137,61.546094],[29.579395,61.493457],[29.492383,61.444238],[29.25166,61.287793],[28.992969,61.169043],[28.739063,61.05874],[28.662891,61.002832],[28.568164,60.960205],[28.455078,60.919629],[28.407422,60.896924],[28.151953,60.74585],[27.797656,60.536133],[27.761621,60.532861],[27.669336,60.498975],[27.525098,60.490771],[27.462402,60.464844],[27.241895,60.538672],[27.205273,60.543457],[27.075586,60.525146],[26.951172,60.471484],[26.721484,60.455078],[26.607422,60.437695],[26.534668,60.412891],[26.519727,60.471582],[26.551172,60.545996],[26.601758,60.595605],[26.606445,60.62793],[26.569336,60.624561],[26.495801,60.551807],[26.456445,60.466797],[26.377734,60.424072],[26.204688,60.406592],[26.036035,60.474902],[25.955957,60.474219],[26.00625,60.425293],[26.040234,60.371582],[26.03584,60.341504],[25.945898,60.346777],[25.845801,60.3146],[25.758008,60.267529],[25.71543,60.267432],[25.656445,60.333203],[25.548242,60.30249],[25.455762,60.26123],[25.267871,60.24834],[25.155859,60.194092],[24.957617,60.157471],[24.84873,60.15835],[24.600488,60.114258],[24.517969,60.046289],[24.445605,60.021289],[24.342578,60.042334],[24.025195,60.00918],[23.721777,59.965674],[23.592676,59.968164],[23.463574,59.98623],[23.326758,59.925781],[23.181445,59.844922],[23.021289,59.816016],[22.963867,59.826367],[23.009766,59.868799],[23.115723,59.912695],[23.188477,59.972217],[23.198438,60.021826],[23.148438,60.041309],[23.080176,60.047266],[22.994141,60.098535],[22.911719,60.209717],[22.86709,60.21582],[22.844434,60.186621],[22.819141,60.101367],[22.793457,60.076807],[22.749805,60.057275],[22.697363,60.037598],[22.646191,60.028027],[22.462695,60.029199],[22.438574,60.072266],[22.438574,60.090283],[22.471094,60.146973],[22.442676,60.156885],[22.469727,60.201318],[22.512988,60.198926],[22.564258,60.205518],[22.589941,60.228369],[22.587988,60.255664],[22.516699,60.262744],[22.512305,60.281348],[22.575879,60.359082],[22.584961,60.380566],[22.560352,60.38501],[22.520508,60.376562],[22.25791,60.400928],[21.933984,60.500293],[21.854297,60.50542],[21.805273,60.594141],[21.727148,60.58291],[21.613281,60.530957],[21.527832,60.57041],[21.436035,60.596387],[21.410645,60.636963],[21.411914,60.696826],[21.404004,60.767432],[21.378906,60.850049],[21.360547,60.96748],[21.377734,61.059229],[21.450977,61.127148],[21.479102,61.170508],[21.513477,61.281201],[21.521191,61.41084],[21.501758,61.45498],[21.506641,61.484326],[21.565039,61.484326],[21.552344,61.509521],[21.52666,61.523291],[21.498242,61.551953],[21.522461,61.567139],[21.592383,61.568213],[21.598047,61.577881],[21.605957,61.591553],[21.551855,61.666846],[21.545605,61.702734],[21.470508,61.81167],[21.384863,61.914941],[21.255957,61.989648],[21.30166,62.112646],[21.353711,62.223828],[21.343359,62.277393],[21.323438,62.342578],[21.165625,62.414062],[21.142188,62.514795],[21.103613,62.622949],[21.118164,62.689258],[21.143848,62.73999],[21.195703,62.790527],[21.45752,62.95],[21.473535,63.033252],[21.650977,63.039307],[21.568652,63.113721],[21.549219,63.155518],[21.545117,63.204297],[21.800391,63.237695],[21.895703,63.210254],[22.120313,63.244141],[22.319727,63.310449],[22.316211,63.345654],[22.285547,63.377197],[22.243262,63.437939],[22.273242,63.454785],[22.345996,63.442383],[22.312598,63.472559],[22.318652,63.504395],[22.398047,63.491162],[22.527637,63.57998],[22.532324,63.647852],[22.75625,63.68335],[23.014453,63.821826],[23.133594,63.864941],[23.24873,63.896143],[23.493945,64.034473],[23.598926,64.040918],[23.65293,64.13418],[23.861426,64.258252],[23.924805,64.274121],[24.022266,64.385986],[24.27832,64.515283],[24.440625,64.680127],[24.530176,64.738672],[24.55791,64.801025],[24.657617,64.806299],[24.747559,64.8521],[24.942188,64.884033],[25.134277,64.875195],[25.214258,64.853467],[25.288184,64.860352],[25.280762,64.916406],[25.228027,64.951025],[25.271094,64.984277],[25.372656,65.009473],[25.362305,65.065137],[25.340234,65.098633],[25.255859,65.143262],[25.297852,65.243213],[25.30791,65.352734],[25.347852,65.479248],[25.241797,65.546289],[24.839355,65.660352],[24.764258,65.656396],[24.674902,65.670703],[24.581543,65.757129],[24.623242,65.831689],[24.628027,65.85918],[24.591602,65.85835],[24.532617,65.822021],[24.404297,65.780469],[24.2375,65.812354],[24.155469,65.805273]]],[[[21.994238,60.33667],[21.921484,60.332275],[21.818652,60.381836],[21.805664,60.401221],[21.845996,60.412451],[21.819336,60.452295],[21.827246,60.469922],[21.906836,60.438477],[21.950293,60.401709],[21.907813,60.393164],[21.979785,60.355225],[21.994238,60.33667]]],[[[21.217773,63.241309],[21.228516,63.222656],[21.287109,63.227783],[21.366016,63.261768],[21.421973,63.245898],[21.415625,63.197363],[21.377637,63.199219],[21.367188,63.207227],[21.318457,63.179492],[21.309766,63.162695],[21.253418,63.152002],[21.149316,63.199463],[21.083887,63.277539],[21.236328,63.277734],[21.221777,63.259131],[21.217773,63.241309]]],[[[22.175098,60.370752],[22.301758,60.347559],[22.35498,60.355859],[22.415527,60.303369],[22.312891,60.269971],[22.305762,60.228564],[22.346289,60.202832],[22.360547,60.165576],[22.258301,60.165625],[22.209375,60.196973],[22.188086,60.236768],[22.140527,60.264893],[22.077148,60.286328],[22.108203,60.314893],[22.125879,60.355859],[22.175098,60.370752]]],[[[21.450879,60.52959],[21.436914,60.483057],[21.369043,60.488232],[21.3,60.479785],[21.244336,60.525977],[21.214551,60.603857],[21.224707,60.620605],[21.268066,60.638281],[21.30127,60.595557],[21.450879,60.52959]]],[[[21.833203,60.140527],[21.733105,60.106152],[21.69502,60.114355],[21.704785,60.172314],[21.764258,60.198828],[21.864355,60.201807],[21.833203,60.140527]]],[[[21.62832,60.107812],[21.540625,60.0979],[21.486035,60.126807],[21.506738,60.14834],[21.567969,60.172314],[21.634082,60.168994],[21.648145,60.140869],[21.62832,60.107812]]],[[[24.848242,64.991016],[24.698926,64.957813],[24.578613,64.978564],[24.576563,65.042871],[24.651172,65.073975],[24.786035,65.086426],[24.970605,65.055322],[24.997559,65.038721],[24.891797,65.02627],[24.848242,64.991016]]]]}},{"type":"Feature","properties":{"featurecla":"Admin-0 country","scalerank":1,"LABELRANK":6,"SOVEREIGNT":"Estonia","SOV_A3":"EST","ADM0_DIF":0,"LEVEL":2,"TYPE":"Sovereign country","TLC":"1","ADMIN":"Estonia","ADM0_A3":"EST","GEOU_DIF":0,"GEOUNIT":"Estonia","GU_A3":"EST","SU_DIF":0,"SUBUNIT":"Estonia","SU_A3":"EST","BRK_DIFF":0,"NAME":"Estonia","NAME_LONG":"Estonia","BRK_A3":"EST","BRK_NAME":"Estonia","BRK_GROUP":null,"ABBREV":"Est.","POSTAL":"EST","FORMAL_EN":"Republic of Estonia","FORMAL_FR":null,"NAME_CIAWF":"Estonia","NOTE_ADM0":null,"NOTE_BRK":null,"NAME_SORT":"Estonia","NAME_ALT":null,"MAPCOLOR7":3,"MAPCOLOR8":2,"MAPCOLOR9":1,"MAPCOLOR13":10,"POP_EST":1326590,"POP_RANK":12,"POP_YEAR":2019,"GDP_MD":31471,"GDP_YEAR":2019,"ECONOMY":"2. Developed region: nonG7","INCOME_GRP":"1. High income: OECD","FIPS_10":"EN","ISO_A2":"EE","ISO_A2_EH":"EE","ISO_A3":"EST","ISO_A3_EH":"EST","ISO_N3":"233","ISO_N3_EH":"233","UN_A3":"233","WB_A2":"EE","WB_A3":"EST","WOE_ID":23424805,"WOE_ID_EH":23424805,"WOE_NOTE":"Exact WOE match as country","ADM0_ISO":"EST","ADM0_DIFF":null,"ADM0_TLC":"EST","ADM0_A3_US":"EST","ADM0_A3_FR":"EST","ADM0_A3_RU":"EST","ADM0_A3_ES":"EST","ADM0_A3_CN":"EST","ADM0_A3_TW":"EST","ADM0_A3_IN":"EST","ADM0_A3_NP":"EST","ADM0_A3_PK":"EST","ADM0_A3_DE":"EST","ADM0_A3_GB":"EST","ADM0_A3_BR":"EST","ADM0_A3_IL":"EST","ADM0_A3_PS":"EST","ADM0_A3_SA":"EST","ADM0_A3_EG":"EST","ADM0_A3_MA":"EST","ADM0_A3_PT":"EST","ADM0_A3_AR":"EST","ADM0_A3_JP":"EST","ADM0_A3_KO":"EST","ADM0_A3_VN":"EST","ADM0_A3_TR":"EST","ADM0_A3_ID":"EST","ADM0_A3_PL":"EST","ADM0_A3_GR":"EST","ADM0_A3_IT":"EST","ADM0_A3_NL":"EST","ADM0_A3_SE":"EST","ADM0_A3_BD":"EST","ADM0_A3_UA":"EST","ADM0_A3_UN":-99,"ADM0_A3_WB":-99,"CONTINENT":"Europe","REGION_UN":"Europe","SUBREGION":"Northern Europe","REGION_WB":"Europe & Central Asia","NAME_LEN":7,"LONG_LEN":7,"ABBREV_LEN":4,"TINY":-99,"HOMEPART":1,"MIN_ZOOM":0,"MIN_LABEL":3,"MAX_LABEL":8,"LABEL_X":25.867126,"LABEL_Y":58.724865,"NE_ID":1159320615,"WIKIDATAID":"Q191","NAME_AR":"إستونيا","NAME_BN":"এস্তোনিয়া","NAME_DE":"Estland","NAME_EN":"Estonia","NAME_ES":"Estonia","NAME_FA":"استونی","NAME_FR":"Estonie","NAME_EL":"Εσθονία","NAME_HE":"אסטוניה","NAME_HI":"एस्टोनिया","NAME_HU":"Észtország","NAME_ID":"Estonia","NAME_IT":"Estonia","NAME_JA":"エストニア","NAME_KO":"에스토니아","NAME_NL":"Estland","NAME_PL":"Estonia","NAME_PT":"Estónia","NAME_RU":"Эстония","NAME_SV":"Estland","NAME_TR":"Estonya","NAME_UK":"Естонія","NAME_UR":"استونیا","NAME_VI":"Estonia","NAME_ZH":"爱沙尼亚","NAME_ZHT":"愛沙尼亞","FCLASS_ISO":"Admin-0 country","TLC_DIFF":null,"FCLASS_TLC":"Admin-0 country","FCLASS_US":null,"FCLASS_FR":null,"FCLASS_RU":null,"FCLASS_ES":null,"FCLASS_CN":null,"FCLASS_TW":null,"FCLASS_IN":null,"FCLASS_NP":null,"FCLASS_PK":null,"FCLASS_DE":null,"FCLASS_GB":null,"FCLASS_BR":null,"FCLASS_IL":null,"FCLASS_PS":null,"FCLASS_SA":null,"FCLASS_EG":null,"FCLASS_MA":null,"FCLASS_PT":null,"FCLASS_AR":null,"FCLASS_JP":null,"FCLASS_KO":null,"FCLASS_VN":null,"FCLASS_TR":null,"FCLASS_ID":null,"FCLASS_PL":null,"FCLASS_GR":null,"FCLASS_IT":null,"FCLASS_NL":null,"FCLASS_SE":null,"FCLASS_BD":null,"FCLASS_UA":null},"bbox":[21.854492,57.525488,28.151074,59.639014],"geometry":{"type":"MultiPolygon","coordinates":[[[[27.351953,57.528125],[27.326563,57.525488],[27.187109,57.53833],[27.033398,57.57876],[26.966016,57.609131],[26.899805,57.608789],[26.819727,57.588721],[26.532617,57.531006],[26.462109,57.544482],[26.298047,57.601074],[26.215039,57.662744],[26.030371,57.785547],[26.015234,57.814746],[25.991113,57.838184],[25.79375,57.868555],[25.720898,57.913818],[25.660156,57.920166],[25.571289,57.942773],[25.340039,58.039453],[25.282617,58.048486],[25.268652,58.032227],[25.272656,58.009375],[25.258301,57.996143],[25.228711,57.996582],[25.175195,58.032129],[25.111035,58.063428],[24.911328,58.00459],[24.839063,57.988721],[24.775781,57.985254],[24.458887,57.907861],[24.3625,57.866162],[24.322559,57.870605],[24.332031,57.909766],[24.463867,58.105957],[24.4875,58.261621],[24.535742,58.283008],[24.549707,58.30459],[24.529102,58.354248],[24.392188,58.386084],[24.336914,58.381396],[24.287207,58.328027],[24.235645,58.289551],[24.114844,58.266113],[24.010938,58.306641],[23.767578,58.36084],[23.706055,58.433008],[23.691504,58.505615],[23.562793,58.57583],[23.509277,58.658545],[23.530664,58.71626],[23.647461,58.75415],[23.680762,58.787158],[23.533594,58.781934],[23.503613,58.789844],[23.497168,58.819531],[23.432031,58.920654],[23.489648,58.960498],[23.515039,58.999219],[23.467773,59.032178],[23.480176,59.069678],[23.516992,59.107568],[23.494434,59.195654],[23.640527,59.242334],[23.78252,59.275146],[24.083398,59.291895],[24.053613,59.372314],[24.175391,59.375928],[24.380371,59.472656],[24.583594,59.455664],[24.877539,59.52207],[25.44375,59.521143],[25.520898,59.559473],[25.507422,59.597998],[25.509277,59.639014],[25.615723,59.627539],[25.79375,59.634668],[26.46084,59.553906],[26.625,59.553906],[26.852051,59.471777],[26.974707,59.450635],[27.33584,59.450488],[27.892578,59.414209],[28.001855,59.469824],[28.0125,59.484277],[28.06582,59.453174],[28.133008,59.403076],[28.151074,59.374414],[28.12832,59.357568],[28.061328,59.343262],[28.046094,59.327832],[28.016406,59.301709],[27.938184,59.297021],[27.897656,59.277637],[27.849512,59.192676],[27.757617,59.052002],[27.621777,58.944971],[27.513086,58.886279],[27.464453,58.841309],[27.43418,58.787256],[27.427051,58.733057],[27.531348,58.435254],[27.530078,58.381494],[27.505566,58.32627],[27.487793,58.270068],[27.502441,58.221338],[27.571094,58.138086],[27.644141,58.013916],[27.673438,57.934619],[27.721973,57.905469],[27.76875,57.884131],[27.778516,57.870703],[27.776953,57.856738],[27.752832,57.841016],[27.54209,57.799414],[27.514746,57.764209],[27.491992,57.724951],[27.4,57.666797],[27.371777,57.612549],[27.354297,57.550293],[27.351953,57.528125]]],[[[22.617383,58.62124],[22.688379,58.597021],[22.753809,58.604687],[22.820117,58.621533],[22.964258,58.605713],[23.292871,58.483496],[23.323242,58.45083],[23.127148,58.435986],[23.082617,58.398486],[23.035449,58.372314],[22.979883,58.363867],[22.885156,58.311279],[22.757031,58.260889],[22.730273,58.230664],[22.498438,58.23623],[22.37168,58.217139],[22.269336,58.160742],[22.227344,58.051807],[22.152441,57.966797],[22.07627,57.936035],[21.996875,57.931348],[21.978027,57.963281],[21.985547,57.995166],[22.15293,58.115332],[22.187695,58.154346],[22.104395,58.17168],[22.03457,58.213379],[21.882129,58.262354],[21.854492,58.30166],[21.891016,58.30459],[21.924414,58.315869],[21.965039,58.348828],[21.984082,58.38667],[21.862305,58.497168],[21.924414,58.514258],[22.001855,58.510254],[22.081348,58.478125],[22.168555,58.51582],[22.205566,58.521387],[22.266602,58.507959],[22.328125,58.580859],[22.474414,58.604883],[22.546973,58.627393],[22.617383,58.62124]]],[[[22.92373,58.826904],[22.841699,58.777441],[22.792871,58.797217],[22.767285,58.820898],[22.661426,58.70918],[22.542188,58.68999],[22.472656,58.712061],[22.478906,58.753809],[22.411035,58.863379],[22.307422,58.895459],[22.161914,58.898486],[22.05625,58.943604],[22.462598,58.974316],[22.50459,59.026465],[22.587207,59.081201],[22.649414,59.087109],[22.702246,59.074414],[22.712207,59.031982],[22.725488,59.015088],[22.909863,58.991211],[22.981641,58.919824],[23.008691,58.833936],[22.92373,58.826904]]],[[[23.343555,58.550342],[23.260352,58.53999],[23.063477,58.611084],[23.109082,58.659229],[23.16543,58.678125],[23.332813,58.648584],[23.356445,58.575537],[23.343555,58.550342]]]]}},{"type":"Feature","properties":{"featurecla":"Admin-0 country","scalerank":1,"LABELRANK":3,"SOVEREIGNT":"Ecuador","SOV_A3":"ECU","ADM0_DIF":0,"LEVEL":2,"TYPE":"Sovereign country","TLC":"1","ADMIN":"Ecuador","ADM0_A3":"ECU","GEOU_DIF":0,"GEOUNIT":"Ecuador","GU_A3":"ECU","SU_DIF":0,"SUBUNIT":"Ecuador","SU_A3":"ECU","BRK_DIFF":0,"NAME":"Ecuador","NAME_LONG":"Ecuador","BRK_A3":"ECU","BRK_NAME":"Ecuador","BRK_GROUP":null,"ABBREV":"Ecu.","POSTAL":"EC","FORMAL_EN":"Republic of Ecuador","FORMAL_FR":null,"NAME_CIAWF":"Ecuador","NOTE_ADM0":null,"NOTE_BRK":null,"NAME_SORT":"Ecuador","NAME_ALT":null,"MAPCOLOR7":1,"MAPCOLOR8":5,"MAPCOLOR9":2,"MAPCOLOR13":12,"POP_EST":17373662,"POP_RANK":14,"POP_YEAR":2019,"GDP_MD":107435,"GDP_YEAR":2019,"ECONOMY":"6. Developing region","INCOME_GRP":"3. Upper middle income","FIPS_10":"EC","ISO_A2":"EC","ISO_A2_EH":"EC","ISO_A3":"ECU","ISO_A3_EH":"ECU","ISO_N3":"218","ISO_N3_EH":"218","UN_A3":"218","WB_A2":"EC","WB_A3":"ECU","WOE_ID":23424801,"WOE_ID_EH":23424801,"WOE_NOTE":"Exact WOE match as country","ADM0_ISO":"ECU","ADM0_DIFF":null,"ADM0_TLC":"ECU","ADM0_A3_US":"ECU","ADM0_A3_FR":"ECU","ADM0_A3_RU":"ECU","ADM0_A3_ES":"ECU","ADM0_A3_CN":"ECU","ADM0_A3_TW":"ECU","ADM0_A3_IN":"ECU","ADM0_A3_NP":"ECU","ADM0_A3_PK":"ECU","ADM0_A3_DE":"ECU","ADM0_A3_GB":"ECU","ADM0_A3_BR":"ECU","ADM0_A3_IL":"ECU","ADM0_A3_PS":"ECU","ADM0_A3_SA":"ECU","ADM0_A3_EG":"ECU","ADM0_A3_MA":"ECU","ADM0_A3_PT":"ECU","ADM0_A3_AR":"ECU","ADM0_A3_JP":"ECU","ADM0_A3_KO":"ECU","ADM0_A3_VN":"ECU","ADM0_A3_TR":"ECU","ADM0_A3_ID":"ECU","ADM0_A3_PL":"ECU","ADM0_A3_GR":"ECU","ADM0_A3_IT":"ECU","ADM0_A3_NL":"ECU","ADM0_A3_SE":"ECU","ADM0_A3_BD":"ECU","ADM0_A3_UA":"ECU","ADM0_A3_UN":-99,"ADM0_A3_WB":-99,"CONTINENT":"South America","REGION_UN":"Americas","SUBREGION":"South America","REGION_WB":"Latin America & Caribbean","NAME_LEN":7,"LONG_LEN":7,"ABBREV_LEN":4,"TINY":-99,"HOMEPART":1,"MIN_ZOOM":0,"MIN_LABEL":3,"MAX_LABEL":8,"LABEL_X":-78.188375,"LABEL_Y":-1.259076,"NE_ID":1159320567,"WIKIDATAID":"Q736","NAME_AR":"الإكوادور","NAME_BN":"ইকুয়েডর","NAME_DE":"Ecuador","NAME_EN":"Ecuador","NAME_ES":"Ecuador","NAME_FA":"اکوادور","NAME_FR":"Équateur","NAME_EL":"Εκουαδόρ","NAME_HE":"אקוודור","NAME_HI":"ईक्वाडोर","NAME_HU":"Ecuador","NAME_ID":"Ekuador","NAME_IT":"Ecuador","NAME_JA":"エクアドル","NAME_KO":"에콰도르","NAME_NL":"Ecuador","NAME_PL":"Ekwador","NAME_PT":"Equador","NAME_RU":"Эквадор","NAME_SV":"Ecuador","NAME_TR":"Ekvador","NAME_UK":"Еквадор","NAME_UR":"ایکواڈور","NAME_VI":"Ecuador","NAME_ZH":"厄瓜多尔","NAME_ZHT":"厄瓜多爾","FCLASS_ISO":"Admin-0 country","TLC_DIFF":null,"FCLASS_TLC":"Admin-0 country","FCLASS_US":null,"FCLASS_FR":null,"FCLASS_RU":null,"FCLASS_ES":null,"FCLASS_CN":null,"FCLASS_TW":null,"FCLASS_IN":null,"FCLASS_NP":null,"FCLASS_PK":null,"FCLASS_DE":null,"FCLASS_GB":null,"FCLASS_BR":null,"FCLASS_IL":null,"FCLASS_PS":null,"FCLASS_SA":null,"FCLASS_EG":null,"FCLASS_MA":null,"FCLASS_PT":null,"FCLASS_AR":null,"FCLASS_JP":null,"FCLASS_KO":null,"FCLASS_VN":null,"FCLASS_TR":null,"FCLASS_ID":null,"FCLASS_PL":null,"FCLASS_GR":null,"FCLASS_IT":null,"FCLASS_NL":null,"FCLASS_SE":null,"FCLASS_BD":null,"FCLASS_UA":null},"bbox":[-91.65415,-4.990625,-75.249609,1.455371],"geometry":{"type":"MultiPolygon","coordinates":[[[[-75.284473,-0.106543],[-75.340479,-0.142188],[-75.398389,-0.145996],[-75.475977,-0.157129],[-75.58374,-0.122852],[-75.62627,-0.122852],[-75.632031,-0.157617],[-75.560596,-0.200098],[-75.491064,-0.24834],[-75.465967,-0.321777],[-75.424707,-0.408887],[-75.325244,-0.506543],[-75.263232,-0.555371],[-75.259375,-0.590137],[-75.278711,-0.653906],[-75.283594,-0.707129],[-75.249609,-0.951855],[-75.272412,-0.966797],[-75.30918,-0.968066],[-75.348193,-0.966797],[-75.380127,-0.940234],[-75.408057,-0.924316],[-75.42041,-0.962207],[-75.44917,-1.071191],[-75.513867,-1.316309],[-75.570557,-1.53125],[-75.64165,-1.607324],[-75.744531,-1.728125],[-75.885449,-1.893457],[-76.089795,-2.133105],[-76.240918,-2.243945],[-76.360156,-2.331348],[-76.499365,-2.432324],[-76.679102,-2.562598],[-76.880762,-2.635938],[-77.161475,-2.737695],[-77.360059,-2.809668],[-77.506494,-2.859961],[-77.658984,-2.912402],[-77.860596,-2.981641],[-77.938477,-3.046973],[-78.06792,-3.206836],[-78.128223,-3.283887],[-78.183301,-3.350195],[-78.194629,-3.380469],[-78.187451,-3.399805],[-78.160986,-3.432129],[-78.158496,-3.465137],[-78.194873,-3.48584],[-78.226318,-3.48916],[-78.240381,-3.472559],[-78.250732,-3.436133],[-78.28418,-3.399023],[-78.323047,-3.388281],[-78.345361,-3.397363],[-78.347266,-3.43125],[-78.398047,-3.594824],[-78.399951,-3.674316],[-78.421436,-3.705762],[-78.419775,-3.776855],[-78.471045,-3.843066],[-78.493457,-3.902051],[-78.509082,-3.952148],[-78.550439,-3.986914],[-78.565137,-4.041602],[-78.603369,-4.157324],[-78.647998,-4.248145],[-78.679395,-4.325879],[-78.685156,-4.383984],[-78.66123,-4.425098],[-78.65293,-4.458203],[-78.674463,-4.517676],[-78.686035,-4.562402],[-78.743066,-4.592676],[-78.861523,-4.665039],[-78.907617,-4.714453],[-78.925781,-4.770703],[-78.914209,-4.818652],[-78.919189,-4.858398],[-78.975391,-4.873242],[-78.995264,-4.908008],[-79.033301,-4.969141],[-79.07627,-4.990625],[-79.18667,-4.958203],[-79.268115,-4.957617],[-79.330957,-4.927832],[-79.399414,-4.840039],[-79.455762,-4.766211],[-79.501904,-4.670605],[-79.516162,-4.53916],[-79.577686,-4.500586],[-79.638525,-4.454883],[-79.710986,-4.467578],[-79.797266,-4.476367],[-79.845117,-4.445898],[-79.962891,-4.390332],[-80.063525,-4.327539],[-80.139551,-4.296094],[-80.197461,-4.311035],[-80.232178,-4.349023],[-80.293359,-4.416797],[-80.383496,-4.463672],[-80.42417,-4.461426],[-80.478564,-4.430078],[-80.488477,-4.393652],[-80.443848,-4.33584],[-80.352881,-4.208496],[-80.45376,-4.205176],[-80.488477,-4.165527],[-80.493457,-4.119141],[-80.51001,-4.069531],[-80.490137,-4.010059],[-80.437207,-3.978613],[-80.357861,-4.003418],[-80.303271,-4.005078],[-80.266895,-3.948828],[-80.230518,-3.924023],[-80.194141,-3.905859],[-80.179248,-3.877734],[-80.217578,-3.787695],[-80.228857,-3.738867],[-80.217285,-3.710742],[-80.218945,-3.654492],[-80.220605,-3.613184],[-80.24375,-3.576758],[-80.24541,-3.522168],[-80.265234,-3.49248],[-80.271875,-3.461035],[-80.273535,-3.424609],[-80.29834,-3.406445],[-80.324658,-3.387891],[-80.303125,-3.374805],[-80.159863,-3.324316],[-80.100342,-3.274023],[-80.02666,-3.228125],[-79.96333,-3.157715],[-79.921582,-3.090137],[-79.822705,-2.776953],[-79.729883,-2.579102],[-79.745508,-2.484668],[-79.822412,-2.356543],[-79.839746,-2.167871],[-79.832617,-2.110547],[-79.842139,-2.067383],[-79.893408,-2.145703],[-79.880322,-2.423633],[-79.925586,-2.548535],[-79.989014,-2.578711],[-80.030176,-2.556738],[-80.006641,-2.353809],[-80.053076,-2.390723],[-80.127148,-2.528418],[-80.248633,-2.630566],[-80.255273,-2.664648],[-80.284717,-2.706738],[-80.378564,-2.667969],[-80.450098,-2.625977],[-80.684863,-2.396875],[-80.839062,-2.349023],[-80.932178,-2.269141],[-80.951611,-2.235449],[-80.962793,-2.189258],[-80.867627,-2.141211],[-80.770361,-2.07666],[-80.760596,-1.93457],[-80.763135,-1.822949],[-80.83501,-1.632422],[-80.801416,-1.383398],[-80.82002,-1.28584],[-80.902393,-1.078906],[-80.841406,-0.974707],[-80.623682,-0.89873],[-80.553906,-0.847949],[-80.505078,-0.683789],[-80.455469,-0.585449],[-80.358398,-0.625098],[-80.282373,-0.620508],[-80.384766,-0.583984],[-80.468311,-0.436035],[-80.482275,-0.368262],[-80.321289,-0.16582],[-80.237012,-0.113086],[-80.133398,-0.006055],[-80.046143,0.155371],[-80.025,0.410156],[-80.061035,0.592285],[-80.088281,0.784766],[-80.035937,0.83457],[-79.903516,0.860205],[-79.79585,0.922266],[-79.741211,0.979785],[-79.613184,0.971143],[-79.465381,1.060059],[-79.229053,1.10459],[-78.899658,1.20625],[-78.827051,1.295947],[-78.859668,1.455371],[-78.828857,1.434668],[-78.737109,1.358691],[-78.681641,1.283447],[-78.587646,1.23667],[-78.511523,1.198828],[-78.312109,1.046094],[-78.180664,0.968555],[-78.037012,0.89873],[-77.829541,0.825391],[-77.702881,0.837842],[-77.673193,0.782227],[-77.648633,0.723633],[-77.601318,0.689502],[-77.526123,0.660352],[-77.481396,0.651172],[-77.467676,0.636523],[-77.422754,0.424854],[-77.396338,0.393896],[-77.292676,0.3604],[-77.165723,0.347754],[-77.114111,0.355078],[-77.002441,0.29624],[-76.920117,0.268506],[-76.829346,0.247754],[-76.767725,0.24165],[-76.739307,0.25083],[-76.729004,0.272119],[-76.678516,0.268164],[-76.603027,0.240967],[-76.494629,0.235449],[-76.427295,0.26123],[-76.417969,0.303906],[-76.413379,0.378857],[-76.388184,0.40498],[-76.311035,0.448486],[-76.270605,0.439404],[-76.06792,0.345557],[-76.026172,0.313086],[-75.974854,0.247754],[-75.879785,0.150977],[-75.77666,0.089258],[-75.617334,0.062891],[-75.463965,-0.038428],[-75.284473,-0.106543]]],[[[-80.131592,-2.973145],[-80.150684,-3.011719],[-80.245703,-3.008301],[-80.272949,-2.995898],[-80.272168,-2.951758],[-80.249805,-2.811914],[-80.223682,-2.753125],[-80.145703,-2.696289],[-80.080762,-2.668848],[-79.997266,-2.673828],[-79.909033,-2.725586],[-80.013232,-2.819531],[-80.071191,-2.833789],[-80.093408,-2.845898],[-80.131592,-2.973145]]],[[[-78.909229,1.252783],[-78.965625,1.245361],[-78.991699,1.293213],[-78.923242,1.348926],[-78.899805,1.359766],[-78.909229,1.252783]]],[[[-90.334863,-0.771582],[-90.387109,-0.77334],[-90.542139,-0.676465],[-90.531689,-0.581445],[-90.469727,-0.517383],[-90.269385,-0.484668],[-90.185303,-0.544824],[-90.192725,-0.658789],[-90.261084,-0.741992],[-90.31543,-0.757227],[-90.334863,-0.771582]]],[[[-89.418896,-0.911035],[-89.536621,-0.952344],[-89.577295,-0.933789],[-89.602637,-0.913477],[-89.608594,-0.888574],[-89.543457,-0.826855],[-89.479932,-0.793359],[-89.423145,-0.722266],[-89.318408,-0.680078],[-89.287842,-0.689844],[-89.267432,-0.70459],[-89.259375,-0.728418],[-89.294873,-0.785938],[-89.35835,-0.826074],[-89.418896,-0.911035]]],[[[-91.425977,-0.46084],[-91.526367,-0.478223],[-91.610742,-0.443945],[-91.646582,-0.39082],[-91.65415,-0.310938],[-91.64668,-0.284473],[-91.460156,-0.255664],[-91.399365,-0.322461],[-91.399951,-0.420898],[-91.425977,-0.46084]]],[[[-90.423926,-1.339941],[-90.464404,-1.341992],[-90.519531,-1.299121],[-90.477197,-1.220996],[-90.431982,-1.239844],[-90.39873,-1.262305],[-90.37915,-1.292285],[-90.423926,-1.339941]]],[[[-91.272168,0.025146],[-91.210059,-0.039307],[-91.176221,-0.223047],[-90.975537,-0.416895],[-90.950635,-0.525195],[-90.968457,-0.575586],[-90.958936,-0.595313],[-90.862549,-0.671777],[-90.799658,-0.752051],[-90.905518,-0.940527],[-91.131055,-1.019629],[-91.371533,-1.016992],[-91.419043,-0.99668],[-91.483545,-0.924609],[-91.49541,-0.860938],[-91.458301,-0.799512],[-91.334082,-0.70625],[-91.144678,-0.622852],[-91.120947,-0.559082],[-91.197021,-0.496973],[-91.249512,-0.373633],[-91.369189,-0.287207],[-91.428857,-0.023389],[-91.468701,-0.010303],[-91.55,-0.04668],[-91.590088,-0.014795],[-91.596826,0.0021],[-91.50918,0.062256],[-91.491016,0.105176],[-91.361377,0.12583],[-91.305762,0.091406],[-91.272168,0.025146]]],[[[-90.573926,-0.333984],[-90.620459,-0.364258],[-90.809033,-0.329395],[-90.867773,-0.271387],[-90.820361,-0.192188],[-90.780371,-0.160449],[-90.667529,-0.189844],[-90.55332,-0.278418],[-90.573926,-0.333984]]]]}},{"type":"Feature","properties":{"featurecla":"Admin-0 country","scalerank":3,"LABELRANK":6,"SOVEREIGNT":"Denmark","SOV_A3":"DN1","ADM0_DIF":1,"LEVEL":2,"TYPE":"Dependency","TLC":"1","ADMIN":"Faroe Islands","ADM0_A3":"FRO","GEOU_DIF":0,"GEOUNIT":"Faroe Islands","GU_A3":"FRO","SU_DIF":0,"SUBUNIT":"Faroe Islands","SU_A3":"FRO","BRK_DIFF":0,"NAME":"Faeroe Is.","NAME_LONG":"Faeroe Islands","BRK_A3":"FRO","BRK_NAME":"Faeroe Islands","BRK_GROUP":null,"ABBREV":"Faeroe Is.","POSTAL":"FO","FORMAL_EN":"Føroyar Is. (Faeroe Is.)","FORMAL_FR":null,"NAME_CIAWF":"Faroe Islands","NOTE_ADM0":"Den.","NOTE_BRK":null,"NAME_SORT":"Faeroe Islands","NAME_ALT":null,"MAPCOLOR7":4,"MAPCOLOR8":1,"MAPCOLOR9":3,"MAPCOLOR13":12,"POP_EST":48678,"POP_RANK":7,"POP_YEAR":2019,"GDP_MD":3116,"GDP_YEAR":2018,"ECONOMY":"2. Developed region: nonG7","INCOME_GRP":"2. High income: nonOECD","FIPS_10":"FO","ISO_A2":"FO","ISO_A2_EH":"FO","ISO_A3":"FRO","ISO_A3_EH":"FRO","ISO_N3":"234","ISO_N3_EH":"234","UN_A3":"234","WB_A2":"FO","WB_A3":"FRO","WOE_ID":23424816,"WOE_ID_EH":23424816,"WOE_NOTE":"Exact WOE match as country","ADM0_ISO":"FRO","ADM0_DIFF":null,"ADM0_TLC":"FRO","ADM0_A3_US":"FRO","ADM0_A3_FR":"FRO","ADM0_A3_RU":"FRO","ADM0_A3_ES":"FRO","ADM0_A3_CN":"FRO","ADM0_A3_TW":"FRO","ADM0_A3_IN":"FRO","ADM0_A3_NP":"FRO","ADM0_A3_PK":"FRO","ADM0_A3_DE":"FRO","ADM0_A3_GB":"FRO","ADM0_A3_BR":"FRO","ADM0_A3_IL":"FRO","ADM0_A3_PS":"FRO","ADM0_A3_SA":"FRO","ADM0_A3_EG":"FRO","ADM0_A3_MA":"FRO","ADM0_A3_PT":"FRO","ADM0_A3_AR":"FRO","ADM0_A3_JP":"FRO","ADM0_A3_KO":"FRO","ADM0_A3_VN":"FRO","ADM0_A3_TR":"FRO","ADM0_A3_ID":"FRO","ADM0_A3_PL":"FRO","ADM0_A3_GR":"FRO","ADM0_A3_IT":"FRO","ADM0_A3_NL":"FRO","ADM0_A3_SE":"FRO","ADM0_A3_BD":"FRO","ADM0_A3_UA":"FRO","ADM0_A3_UN":-99,"ADM0_A3_WB":-99,"CONTINENT":"Europe","REGION_UN":"Europe","SUBREGION":"Northern Europe","REGION_WB":"Europe & Central Asia","NAME_LEN":10,"LONG_LEN":14,"ABBREV_LEN":10,"TINY":3,"HOMEPART":-99,"MIN_ZOOM":0,"MIN_LABEL":4,"MAX_LABEL":9,"LABEL_X":-7.058429,"LABEL_Y":62.185604,"NE_ID":1159320549,"WIKIDATAID":"Q4628","NAME_AR":"جزر فارو","NAME_BN":"ফ্যারো দ্বীপপুঞ্জ","NAME_DE":"Färöer","NAME_EN":"Faroe Islands","NAME_ES":"Islas Feroe","NAME_FA":"جزایر فارو","NAME_FR":"îles Féroé","NAME_EL":"Νήσοι Φερόες","NAME_HE":"איי פארו","NAME_HI":"फ़रो द्वीपसमूह","NAME_HU":"Feröer","NAME_ID":"Kepulauan Faroe","NAME_IT":"Fær Øer","NAME_JA":"フェロー諸島","NAME_KO":"페로 제도","NAME_NL":"Faeröer","NAME_PL":"Wyspy Owcze","NAME_PT":"Ilhas Feroe","NAME_RU":"Фарерские острова","NAME_SV":"Färöarna","NAME_TR":"Faroe Adaları","NAME_UK":"Фарерські острови","NAME_UR":"جزائرفارو","NAME_VI":"Quần đảo Faroe","NAME_ZH":"法罗群岛","NAME_ZHT":"法羅群島","FCLASS_ISO":"Admin-0 dependency","TLC_DIFF":null,"FCLASS_TLC":"Admin-0 dependency","FCLASS_US":null,"FCLASS_FR":null,"FCLASS_RU":null,"FCLASS_ES":null,"FCLASS_CN":null,"FCLASS_TW":null,"FCLASS_IN":null,"FCLASS_NP":null,"FCLASS_PK":null,"FCLASS_DE":null,"FCLASS_GB":null,"FCLASS_BR":null,"FCLASS_IL":null,"FCLASS_PS":null,"FCLASS_SA":null,"FCLASS_EG":null,"FCLASS_MA":null,"FCLASS_PT":null,"FCLASS_AR":null,"FCLASS_JP":null,"FCLASS_KO":null,"FCLASS_VN":null,"FCLASS_TR":null,"FCLASS_ID":null,"FCLASS_PL":null,"FCLASS_GR":null,"FCLASS_IT":null,"FCLASS_NL":null,"FCLASS_SE":null,"FCLASS_BD":null,"FCLASS_UA":null},"bbox":[-7.422607,61.414307,-6.406055,62.355664],"geometry":{"type":"MultiPolygon","coordinates":[[[[-6.623193,61.805957],[-6.642773,61.768311],[-6.670166,61.768652],[-6.764258,61.815332],[-6.83916,61.840771],[-6.863965,61.862256],[-6.884766,61.899121],[-6.841797,61.903711],[-6.790771,61.895361],[-6.662109,61.861768],[-6.62583,61.826709],[-6.623193,61.805957]]],[[[-6.699463,61.444629],[-6.679688,61.414307],[-6.703027,61.417676],[-6.770508,61.452246],[-6.888135,61.534766],[-6.929248,61.60293],[-6.934863,61.634326],[-6.905908,61.630811],[-6.881641,61.602783],[-6.77002,61.584375],[-6.740625,61.570508],[-6.741064,61.536377],[-6.703516,61.495947],[-6.699463,61.444629]]],[[[-7.186865,62.139307],[-7.097119,62.100537],[-7.065186,62.073242],[-7.116797,62.046826],[-7.179395,62.040039],[-7.254932,62.046143],[-7.379102,62.074805],[-7.422607,62.140283],[-7.336768,62.138672],[-7.235303,62.151221],[-7.186865,62.139307]]],[[[-6.631055,62.227881],[-6.655811,62.093604],[-6.696436,62.094336],[-6.768896,62.131494],[-6.823437,62.139111],[-6.840527,62.119287],[-6.837695,62.09541],[-6.809473,62.08042],[-6.722559,61.990381],[-6.714404,61.96416],[-6.725195,61.951465],[-6.809717,61.977441],[-7.013574,62.093994],[-7.172168,62.285596],[-6.958643,62.31626],[-6.803662,62.265967],[-6.631055,62.227881]]],[[[-6.406055,62.258643],[-6.453857,62.186523],[-6.524707,62.197852],[-6.544141,62.205615],[-6.559473,62.224512],[-6.552051,62.278125],[-6.55459,62.355664],[-6.473047,62.291895],[-6.406055,62.258643]]]]}},{"type":"Feature","properties":{"featurecla":"Admin-0 country","scalerank":1,"LABELRANK":4,"SOVEREIGNT":"Denmark","SOV_A3":"DN1","ADM0_DIF":1,"LEVEL":2,"TYPE":"Country","TLC":"1","ADMIN":"Denmark","ADM0_A3":"DNK","GEOU_DIF":0,"GEOUNIT":"Denmark","GU_A3":"DNK","SU_DIF":0,"SUBUNIT":"Denmark","SU_A3":"DNK","BRK_DIFF":0,"NAME":"Denmark","NAME_LONG":"Denmark","BRK_A3":"DNK","BRK_NAME":"Denmark","BRK_GROUP":null,"ABBREV":"Den.","POSTAL":"DK","FORMAL_EN":"Kingdom of Denmark","FORMAL_FR":null,"NAME_CIAWF":"Denmark","NOTE_ADM0":null,"NOTE_BRK":null,"NAME_SORT":"Denmark","NAME_ALT":null,"MAPCOLOR7":4,"MAPCOLOR8":1,"MAPCOLOR9":3,"MAPCOLOR13":12,"POP_EST":5818553,"POP_RANK":13,"POP_YEAR":2019,"GDP_MD":350104,"GDP_YEAR":2019,"ECONOMY":"2. Developed region: nonG7","INCOME_GRP":"1. High income: OECD","FIPS_10":"DA","ISO_A2":"DK","ISO_A2_EH":"DK","ISO_A3":"DNK","ISO_A3_EH":"DNK","ISO_N3":"208","ISO_N3_EH":"208","UN_A3":"208","WB_A2":"DK","WB_A3":"DNK","WOE_ID":23424796,"WOE_ID_EH":23424796,"WOE_NOTE":"Exact WOE match as country","ADM0_ISO":"DNK","ADM0_DIFF":null,"ADM0_TLC":"DNK","ADM0_A3_US":"DNK","ADM0_A3_FR":"DNK","ADM0_A3_RU":"DNK","ADM0_A3_ES":"DNK","ADM0_A3_CN":"DNK","ADM0_A3_TW":"DNK","ADM0_A3_IN":"DNK","ADM0_A3_NP":"DNK","ADM0_A3_PK":"DNK","ADM0_A3_DE":"DNK","ADM0_A3_GB":"DNK","ADM0_A3_BR":"DNK","ADM0_A3_IL":"DNK","ADM0_A3_PS":"DNK","ADM0_A3_SA":"DNK","ADM0_A3_EG":"DNK","ADM0_A3_MA":"DNK","ADM0_A3_PT":"DNK","ADM0_A3_AR":"DNK","ADM0_A3_JP":"DNK","ADM0_A3_KO":"DNK","ADM0_A3_VN":"DNK","ADM0_A3_TR":"DNK","ADM0_A3_ID":"DNK","ADM0_A3_PL":"DNK","ADM0_A3_GR":"DNK","ADM0_A3_IT":"DNK","ADM0_A3_NL":"DNK","ADM0_A3_SE":"DNK","ADM0_A3_BD":"DNK","ADM0_A3_UA":"DNK","ADM0_A3_UN":-99,"ADM0_A3_WB":-99,"CONTINENT":"Europe","REGION_UN":"Europe","SUBREGION":"Northern Europe","REGION_WB":"Europe & Central Asia","NAME_LEN":7,"LONG_LEN":7,"ABBREV_LEN":4,"TINY":-99,"HOMEPART":1,"MIN_ZOOM":0,"MIN_LABEL":3,"MAX_LABEL":8,"LABEL_X":9.018163,"LABEL_Y":55.966965,"NE_ID":1159320547,"WIKIDATAID":"Q35","NAME_AR":"الدنمارك","NAME_BN":"ডেনমার্ক","NAME_DE":"Dänemark","NAME_EN":"Denmark","NAME_ES":"Dinamarca","NAME_FA":"دانمارک","NAME_FR":"Danemark","NAME_EL":"Δανία","NAME_HE":"דנמרק","NAME_HI":"डेनमार्क","NAME_HU":"Dánia","NAME_ID":"Denmark","NAME_IT":"Danimarca","NAME_JA":"デンマーク","NAME_KO":"덴마크","NAME_NL":"Denemarken","NAME_PL":"Dania","NAME_PT":"Dinamarca","NAME_RU":"Дания","NAME_SV":"Danmark","NAME_TR":"Danimarka","NAME_UK":"Данія","NAME_UR":"ڈنمارک","NAME_VI":"Đan Mạch","NAME_ZH":"丹麦","NAME_ZHT":"丹麥","FCLASS_ISO":"Admin-0 country","TLC_DIFF":null,"FCLASS_TLC":"Admin-0 country","FCLASS_US":null,"FCLASS_FR":null,"FCLASS_RU":null,"FCLASS_ES":null,"FCLASS_CN":null,"FCLASS_TW":null,"FCLASS_IN":null,"FCLASS_NP":null,"FCLASS_PK":null,"FCLASS_DE":null,"FCLASS_GB":null,"FCLASS_BR":null,"FCLASS_IL":null,"FCLASS_PS":null,"FCLASS_SA":null,"FCLASS_EG":null,"FCLASS_MA":null,"FCLASS_PT":null,"FCLASS_AR":null,"FCLASS_JP":null,"FCLASS_KO":null,"FCLASS_VN":null,"FCLASS_TR":null,"FCLASS_ID":null,"FCLASS_PL":null,"FCLASS_GR":null,"FCLASS_IT":null,"FCLASS_NL":null,"FCLASS_SE":null,"FCLASS_BD":null,"FCLASS_UA":null},"bbox":[8.121484,54.628857,15.137109,57.736914],"geometry":{"type":"MultiPolygon","coordinates":[[[[12.56875,55.785059],[12.571191,55.684961],[12.545215,55.655811],[12.507031,55.636621],[12.407129,55.61626],[12.320605,55.587842],[12.243457,55.537891],[12.215039,55.466504],[12.275391,55.414258],[12.385156,55.385645],[12.413086,55.286182],[12.322461,55.237109],[12.089941,55.188135],[12.065527,55.069922],[12.073047,54.976758],[12.068848,54.909033],[12.050391,54.815332],[11.862305,54.772607],[11.740918,54.915332],[11.739844,54.972461],[11.703613,55.03916],[11.696777,55.095996],[11.653809,55.186914],[11.475879,55.211523],[11.406836,55.214746],[11.310254,55.197852],[11.286328,55.204443],[11.170703,55.328613],[11.189746,55.465625],[11.128027,55.534766],[11.119531,55.566064],[11.120996,55.600732],[11.070312,55.629297],[11.008789,55.644434],[10.978906,55.721533],[11.049609,55.740234],[11.224414,55.731201],[11.275488,55.736475],[11.322266,55.752539],[11.463672,55.879297],[11.45957,55.907227],[11.474707,55.943457],[11.627734,55.956885],[11.695898,55.90791],[11.682227,55.829492],[11.690918,55.729004],[11.783594,55.70166],[11.819727,55.697656],[11.858301,55.771875],[11.885352,55.807959],[11.92207,55.828076],[11.93457,55.895898],[11.912793,55.937305],[11.866406,55.968164],[12.039648,56.052148],[12.218945,56.118652],[12.323242,56.122119],[12.428223,56.105859],[12.525781,56.083398],[12.578711,56.064062],[12.608398,56.033008],[12.542969,55.958984],[12.524805,55.918457],[12.56875,55.785059]]],[[[9.739746,54.825537],[9.725,54.825537],[9.66123,54.834375],[9.61582,54.85542],[9.49873,54.84043],[9.341992,54.806299],[9.25498,54.808008],[9.18584,54.844678],[8.90293,54.896924],[8.857227,54.901123],[8.670703,54.90332],[8.670313,54.903418],[8.661426,54.985937],[8.638281,55.045557],[8.572949,55.134277],[8.669824,55.155664],[8.651074,55.328564],[8.615918,55.418213],[8.345313,55.510303],[8.132129,55.599805],[8.181348,55.901172],[8.202344,55.982373],[8.121484,56.139893],[8.129883,56.321191],[8.163965,56.606885],[8.231738,56.618066],[8.281445,56.616699],[8.473145,56.56543],[8.55293,56.560303],[8.607617,56.514502],[8.67168,56.495654],[8.718066,56.544287],[8.736133,56.627441],[8.888086,56.735059],[8.994531,56.774805],[9.06709,56.793848],[9.140332,56.750439],[9.196387,56.70166],[9.209668,56.808398],[9.254883,57.011719],[9.110449,57.043652],[8.992773,57.016113],[8.876074,56.887256],[8.771973,56.725293],[8.603125,56.7104],[8.468359,56.664551],[8.34668,56.712109],[8.268262,56.754004],[8.266309,56.815332],[8.284082,56.852344],[8.427051,56.984424],[8.618555,57.111279],[8.811523,57.110059],[8.952246,57.150586],[9.036328,57.15542],[9.298828,57.146533],[9.433594,57.174316],[9.554297,57.232471],[9.815137,57.478418],[9.962305,57.580957],[10.259082,57.617041],[10.533301,57.7354],[10.609961,57.736914],[10.480957,57.648682],[10.460254,57.614551],[10.444629,57.562207],[10.537109,57.448535],[10.517578,57.379346],[10.524121,57.243213],[10.436914,57.172266],[10.338477,57.021338],[10.296094,56.999121],[10.287012,56.822949],[10.29668,56.780908],[10.282715,56.620508],[10.383594,56.554834],[10.490234,56.520508],[10.845898,56.521729],[10.882812,56.492871],[10.926172,56.443262],[10.894434,56.359033],[10.856445,56.295508],[10.753418,56.241992],[10.621191,56.2021],[10.538965,56.200342],[10.426953,56.276172],[10.37373,56.251562],[10.31875,56.212891],[10.22666,56.005371],[10.183008,55.865186],[10.159375,55.853809],[10.107324,55.874463],[10.017383,55.876074],[9.903711,55.842822],[9.962012,55.813086],[10.023633,55.761426],[9.999023,55.735547],[9.899023,55.707568],[9.810352,55.650977],[9.773242,55.608154],[9.661426,55.557471],[9.591113,55.493213],[9.625586,55.413574],[9.640234,55.343652],[9.670996,55.266406],[9.643262,55.204736],[9.504785,55.11626],[9.453711,55.039551],[9.572363,55.040527],[9.64541,55.022803],[9.688184,55.000146],[9.732324,54.968018],[9.705273,54.92832],[9.739746,54.825537]]],[[[10.645117,55.609814],[10.686816,55.557617],[10.738086,55.446338],[10.819238,55.321875],[10.785352,55.269775],[10.808398,55.203027],[10.785254,55.133398],[10.623828,55.052441],[10.442773,55.048779],[10.25459,55.087891],[9.98877,55.163184],[9.967383,55.205469],[9.930078,55.228906],[9.858984,55.357227],[9.860645,55.515479],[9.994238,55.535303],[10.286133,55.61084],[10.353613,55.598975],[10.424023,55.560352],[10.505078,55.558057],[10.622754,55.612842],[10.645117,55.609814]]],[[[11.361426,54.89165],[11.538379,54.82959],[11.658105,54.833154],[11.739551,54.807422],[11.758984,54.767676],[11.765918,54.679443],[11.680371,54.653711],[11.585938,54.662451],[11.457422,54.628857],[11.035547,54.773096],[11.041699,54.893359],[11.058594,54.940576],[11.258496,54.951807],[11.361426,54.89165]]],[[[10.734082,54.750732],[10.689746,54.745068],[10.629492,54.826074],[10.62168,54.851416],[10.69248,54.903271],[10.738281,54.962012],[10.856738,55.052197],[10.925,55.157861],[10.951074,55.156201],[10.920801,55.062109],[10.765234,54.799658],[10.734082,54.750732]]],[[[12.549219,54.965771],[12.511035,54.950879],[12.35752,54.961816],[12.184473,54.89248],[12.118848,54.914404],[12.143652,54.958691],[12.161719,54.974805],[12.219922,54.993604],[12.258789,55.021094],[12.274023,55.064111],[12.310059,55.040918],[12.417188,55.031201],[12.469531,55.01748],[12.513281,54.997314],[12.549219,54.965771]]],[[[12.665723,55.596533],[12.571582,55.554004],[12.550879,55.55625],[12.520313,55.6146],[12.569922,55.650098],[12.599219,55.680225],[12.62002,55.679346],[12.648438,55.646777],[12.665723,55.596533]]],[[[10.484375,54.847559],[10.417285,54.837158],[10.340527,54.858936],[10.215625,54.940967],[10.199902,54.962744],[10.265527,54.948828],[10.346973,54.905957],[10.413672,54.896826],[10.504883,54.860547],[10.484375,54.847559]]],[[[10.06123,54.886377],[9.957129,54.872461],[9.903906,54.896631],[9.80625,54.906006],[9.771191,55.059912],[9.78125,55.069043],[9.830371,55.058252],[9.998828,54.986475],[10.057715,54.90791],[10.06123,54.886377]]],[[[10.607324,55.783057],[10.590332,55.765088],[10.526953,55.783789],[10.520313,55.848486],[10.544336,55.906592],[10.516113,55.958545],[10.547168,55.991943],[10.636328,55.91416],[10.661719,55.877588],[10.627344,55.833887],[10.607324,55.783057]]],[[[11.052148,57.252539],[11.011426,57.229102],[10.873828,57.262256],[10.93457,57.308594],[11.085742,57.329932],[11.174512,57.3229],[11.076855,57.276904],[11.052148,57.252539]]],[[[15.087695,55.021875],[15.050781,55.004932],[14.885547,55.032959],[14.68418,55.102246],[14.713672,55.238037],[14.765332,55.296729],[15.132617,55.144531],[15.137109,55.087158],[15.087695,55.021875]]]]}},{"type":"Feature","properties":{"featurecla":"Admin-0 country","scalerank":1,"LABELRANK":5,"SOVEREIGNT":"Czechia","SOV_A3":"CZE","ADM0_DIF":0,"LEVEL":2,"TYPE":"Sovereign country","TLC":"1","ADMIN":"Czechia","ADM0_A3":"CZE","GEOU_DIF":0,"GEOUNIT":"Czechia","GU_A3":"CZE","SU_DIF":0,"SUBUNIT":"Czechia","SU_A3":"CZE","BRK_DIFF":0,"NAME":"Czechia","NAME_LONG":"Czech Republic","BRK_A3":"CZE","BRK_NAME":"Czechia","BRK_GROUP":null,"ABBREV":"Cz.","POSTAL":"CZ","FORMAL_EN":"Czech Republic","FORMAL_FR":"la République tchèque","NAME_CIAWF":"Czechia","NOTE_ADM0":null,"NOTE_BRK":null,"NAME_SORT":"Czechia","NAME_ALT":"Česko","MAPCOLOR7":1,"MAPCOLOR8":1,"MAPCOLOR9":2,"MAPCOLOR13":6,"POP_EST":10669709,"POP_RANK":14,"POP_YEAR":2019,"GDP_MD":250680,"GDP_YEAR":2019,"ECONOMY":"2. Developed region: nonG7","INCOME_GRP":"1. High income: OECD","FIPS_10":"EZ","ISO_A2":"CZ","ISO_A2_EH":"CZ","ISO_A3":"CZE","ISO_A3_EH":"CZE","ISO_N3":"203","ISO_N3_EH":"203","UN_A3":"203","WB_A2":"CZ","WB_A3":"CZE","WOE_ID":23424810,"WOE_ID_EH":23424810,"WOE_NOTE":"Exact WOE match as country","ADM0_ISO":"CZE","ADM0_DIFF":null,"ADM0_TLC":"CZE","ADM0_A3_US":"CZE","ADM0_A3_FR":"CZE","ADM0_A3_RU":"CZE","ADM0_A3_ES":"CZE","ADM0_A3_CN":"CZE","ADM0_A3_TW":"CZE","ADM0_A3_IN":"CZE","ADM0_A3_NP":"CZE","ADM0_A3_PK":"CZE","ADM0_A3_DE":"CZE","ADM0_A3_GB":"CZE","ADM0_A3_BR":"CZE","ADM0_A3_IL":"CZE","ADM0_A3_PS":"CZE","ADM0_A3_SA":"CZE","ADM0_A3_EG":"CZE","ADM0_A3_MA":"CZE","ADM0_A3_PT":"CZE","ADM0_A3_AR":"CZE","ADM0_A3_JP":"CZE","ADM0_A3_KO":"CZE","ADM0_A3_VN":"CZE","ADM0_A3_TR":"CZE","ADM0_A3_ID":"CZE","ADM0_A3_PL":"CZE","ADM0_A3_GR":"CZE","ADM0_A3_IT":"CZE","ADM0_A3_NL":"CZE","ADM0_A3_SE":"CZE","ADM0_A3_BD":"CZE","ADM0_A3_UA":"CZE","ADM0_A3_UN":-99,"ADM0_A3_WB":-99,"CONTINENT":"Europe","REGION_UN":"Europe","SUBREGION":"Eastern Europe","REGION_WB":"Europe & Central Asia","NAME_LEN":7,"LONG_LEN":14,"ABBREV_LEN":3,"TINY":-99,"HOMEPART":1,"MIN_ZOOM":0,"MIN_LABEL":4,"MAX_LABEL":9,"LABEL_X":15.377555,"LABEL_Y":49.882364,"NE_ID":1159320535,"WIKIDATAID":"Q213","NAME_AR":"التشيك","NAME_BN":"চেক প্রজাতন্ত্র","NAME_DE":"Tschechien","NAME_EN":"Czech Republic","NAME_ES":"República Checa","NAME_FA":"جمهوری چک","NAME_FR":"Tchéquie","NAME_EL":"Τσεχία","NAME_HE":"צ'כיה","NAME_HI":"चेक गणराज्य","NAME_HU":"Csehország","NAME_ID":"Republik Ceko","NAME_IT":"Repubblica Ceca","NAME_JA":"チェコ","NAME_KO":"체코","NAME_NL":"Tsjechië","NAME_PL":"Czechy","NAME_PT":"Chéquia","NAME_RU":"Чехия","NAME_SV":"Tjeckien","NAME_TR":"Çek Cumhuriyeti","NAME_UK":"Чехія","NAME_UR":"چیک جمہوریہ","NAME_VI":"Cộng hòa Séc","NAME_ZH":"捷克","NAME_ZHT":"捷克共和國","FCLASS_ISO":"Admin-0 country","TLC_DIFF":null,"FCLASS_TLC":"Admin-0 country","FCLASS_US":null,"FCLASS_FR":null,"FCLASS_RU":null,"FCLASS_ES":null,"FCLASS_CN":null,"FCLASS_TW":null,"FCLASS_IN":null,"FCLASS_NP":null,"FCLASS_PK":null,"FCLASS_DE":null,"FCLASS_GB":null,"FCLASS_BR":null,"FCLASS_IL":null,"FCLASS_PS":null,"FCLASS_SA":null,"FCLASS_EG":null,"FCLASS_MA":null,"FCLASS_PT":null,"FCLASS_AR":null,"FCLASS_JP":null,"FCLASS_KO":null,"FCLASS_VN":null,"FCLASS_TR":null,"FCLASS_ID":null,"FCLASS_PL":null,"FCLASS_GR":null,"FCLASS_IT":null,"FCLASS_NL":null,"FCLASS_SE":null,"FCLASS_BD":null,"FCLASS_UA":null},"bbox":[12.089746,48.576221,18.832227,51.037793],"geometry":{"type":"Polygon","coordinates":[[[18.832227,49.510791],[18.807031,49.509229],[18.749707,49.493994],[18.676172,49.488477],[18.596484,49.491455],[18.53457,49.464697],[18.476074,49.421094],[18.41582,49.390918],[18.383105,49.363916],[18.364844,49.33623],[18.160938,49.257373],[18.132617,49.224561],[18.109961,49.179785],[18.100391,49.119336],[18.085938,49.065137],[18.050879,49.036523],[17.940723,49.011963],[17.913281,48.99873],[17.892676,48.971143],[17.830859,48.928613],[17.758496,48.888135],[17.625391,48.841846],[17.482617,48.827783],[17.296875,48.842822],[17.188477,48.860937],[17.135645,48.841064],[17.063281,48.780762],[16.985254,48.676904],[16.953125,48.598828],[16.92832,48.620898],[16.883691,48.703711],[16.833203,48.714307],[16.764453,48.722021],[16.712695,48.734229],[16.600977,48.781885],[16.543555,48.79624],[16.47793,48.800098],[16.414844,48.77207],[16.367285,48.738965],[16.219336,48.739404],[16.057227,48.754785],[15.825195,48.864453],[15.765039,48.86543],[15.700781,48.860449],[15.599414,48.886377],[15.40293,48.957373],[15.310938,48.974023],[15.252734,48.963867],[15.199609,48.948145],[15.161719,48.946289],[15.139746,48.969336],[15.066797,48.997852],[14.993457,49.001123],[14.972168,48.983936],[14.947363,48.827734],[14.922559,48.771387],[14.821875,48.774023],[14.785938,48.747363],[14.706641,48.671924],[14.691309,48.599219],[14.553906,48.61333],[14.488672,48.625537],[14.431055,48.61626],[14.367578,48.576221],[14.189844,48.578564],[14.049121,48.60249],[13.98877,48.692432],[13.924316,48.728027],[13.843164,48.759863],[13.814746,48.766943],[13.769922,48.815967],[13.684961,48.876709],[13.547656,48.959668],[13.440723,48.955566],[13.401172,48.977588],[13.383691,49.008105],[13.339063,49.060791],[13.28877,49.097461],[13.227832,49.11167],[13.140527,49.15835],[13.02373,49.260107],[12.916699,49.330469],[12.813379,49.329346],[12.747852,49.366211],[12.681152,49.414502],[12.632031,49.46123],[12.555762,49.574854],[12.500293,49.639697],[12.457031,49.679785],[12.408203,49.713184],[12.390527,49.739648],[12.450195,49.800146],[12.471875,49.830078],[12.497559,49.853076],[12.5125,49.877441],[12.512012,49.895801],[12.457617,49.955518],[12.38418,49.998584],[12.276465,50.042334],[12.207813,50.09751],[12.18252,50.148047],[12.175,50.17583],[12.127832,50.213428],[12.089746,50.268555],[12.089844,50.301758],[12.099219,50.310986],[12.134863,50.310937],[12.174805,50.288379],[12.231152,50.244873],[12.277344,50.181445],[12.305664,50.205713],[12.358594,50.273242],[12.452637,50.349805],[12.549023,50.393408],[12.635547,50.39707],[12.706445,50.409131],[12.76543,50.430957],[12.868262,50.422217],[12.942676,50.406445],[12.966797,50.416211],[12.99707,50.456055],[13.016406,50.490381],[13.181152,50.510498],[13.237695,50.576758],[13.269531,50.576416],[13.306055,50.586328],[13.341016,50.611426],[13.374609,50.621729],[13.401172,50.609326],[13.436133,50.601074],[13.472559,50.616943],[13.526563,50.692822],[13.556738,50.704639],[13.701367,50.716504],[13.898535,50.761279],[13.998438,50.801123],[14.096484,50.822754],[14.201758,50.86123],[14.369043,50.89873],[14.377051,50.914062],[14.299414,50.952588],[14.27334,50.976904],[14.255859,51.001855],[14.283203,51.029492],[14.319727,51.037793],[14.367285,51.02627],[14.507324,51.009863],[14.545703,50.993945],[14.559668,50.954932],[14.595215,50.918604],[14.623828,50.914746],[14.613574,50.855566],[14.658203,50.832617],[14.72334,50.814697],[14.766504,50.818311],[14.797461,50.842334],[14.809375,50.858984],[14.895801,50.861377],[14.98291,50.886572],[14.989941,50.927246],[14.984473,51.003418],[14.99375,51.014355],[15.125977,50.992871],[15.258594,50.958545],[15.277051,50.883008],[15.312598,50.845752],[15.354395,50.811768],[15.394629,50.796289],[15.463965,50.793848],[15.643945,50.748877],[15.730566,50.739697],[15.819238,50.708691],[15.893945,50.676904],[15.948535,50.670264],[15.973828,50.635449],[16.007227,50.611621],[16.066406,50.629932],[16.282227,50.655615],[16.359961,50.621387],[16.4125,50.585156],[16.419727,50.573633],[16.392285,50.54165],[16.379102,50.516895],[16.356641,50.500488],[16.28252,50.483008],[16.240723,50.454687],[16.210352,50.42373],[16.230762,50.394092],[16.291309,50.371875],[16.33418,50.366895],[16.350488,50.345215],[16.487598,50.248389],[16.59668,50.121924],[16.63916,50.102148],[16.679102,50.097461],[16.725293,50.116064],[16.778613,50.157031],[16.841797,50.186719],[16.895313,50.201953],[16.989648,50.236914],[16.993359,50.259717],[16.914746,50.345215],[16.869141,50.414502],[16.880078,50.427051],[16.980762,50.416113],[17.151953,50.37832],[17.415234,50.254785],[17.462305,50.254785],[17.55459,50.264062],[17.654688,50.284229],[17.702246,50.307178],[17.720117,50.298633],[17.735449,50.230762],[17.709277,50.193555],[17.589355,50.157471],[17.596289,50.139502],[17.627051,50.116406],[17.681055,50.100781],[17.746582,50.056787],[17.791699,50.006592],[17.83125,49.983301],[17.874805,49.972266],[17.983789,49.999072],[18.014648,50.020264],[18.02832,50.035254],[18.049512,50.031934],[18.087695,50.007275],[18.099219,49.992773],[18.205273,49.964746],[18.266309,49.930273],[18.305273,49.914062],[18.348438,49.929834],[18.516211,49.902393],[18.562402,49.879346],[18.577148,49.841113],[18.568848,49.81792],[18.594629,49.757812],[18.806934,49.613721],[18.829297,49.540137],[18.832227,49.510791]]]}},{"type":"Feature","properties":{"featurecla":"Admin-0 country","scalerank":1,"LABELRANK":5,"SOVEREIGNT":"Cyprus","SOV_A3":"CYP","ADM0_DIF":0,"LEVEL":2,"TYPE":"Sovereign country","TLC":"1","ADMIN":"Cyprus","ADM0_A3":"CYP","GEOU_DIF":0,"GEOUNIT":"Cyprus","GU_A3":"CYP","SU_DIF":0,"SUBUNIT":"Cyprus","SU_A3":"CYP","BRK_DIFF":0,"NAME":"Cyprus","NAME_LONG":"Cyprus","BRK_A3":"CYP","BRK_NAME":"Cyprus","BRK_GROUP":null,"ABBREV":"Cyp.","POSTAL":"CY","FORMAL_EN":"Republic of Cyprus","FORMAL_FR":null,"NAME_CIAWF":"Cyprus","NOTE_ADM0":null,"NOTE_BRK":null,"NAME_SORT":"Cyprus","NAME_ALT":null,"MAPCOLOR7":1,"MAPCOLOR8":2,"MAPCOLOR9":3,"MAPCOLOR13":7,"POP_EST":1198575,"POP_RANK":12,"POP_YEAR":2019,"GDP_MD":24948,"GDP_YEAR":2019,"ECONOMY":"6. Developing region","INCOME_GRP":"2. High income: nonOECD","FIPS_10":"CY","ISO_A2":"CY","ISO_A2_EH":"CY","ISO_A3":"CYP","ISO_A3_EH":"CYP","ISO_N3":"196","ISO_N3_EH":"196","UN_A3":"196","WB_A2":"CY","WB_A3":"CYP","WOE_ID":-90,"WOE_ID_EH":23424994,"WOE_NOTE":"WOE lists as subunit of united Cyprus","ADM0_ISO":"CYP","ADM0_DIFF":null,"ADM0_TLC":"CYP","ADM0_A3_US":"CYP","ADM0_A3_FR":"CYP","ADM0_A3_RU":"CYP","ADM0_A3_ES":"CYP","ADM0_A3_CN":"CYP","ADM0_A3_TW":"CYP","ADM0_A3_IN":"CYP","ADM0_A3_NP":"CYP","ADM0_A3_PK":"CYP","ADM0_A3_DE":"CYP","ADM0_A3_GB":"CYP","ADM0_A3_BR":"CYP","ADM0_A3_IL":"CYP","ADM0_A3_PS":"CYP","ADM0_A3_SA":"CYP","ADM0_A3_EG":"CYP","ADM0_A3_MA":"CYP","ADM0_A3_PT":"CYP","ADM0_A3_AR":"CYP","ADM0_A3_JP":"CYP","ADM0_A3_KO":"CYP","ADM0_A3_VN":"CYP","ADM0_A3_TR":"CYP","ADM0_A3_ID":"CYP","ADM0_A3_PL":"CYP","ADM0_A3_GR":"CYP","ADM0_A3_IT":"CYP","ADM0_A3_NL":"CYP","ADM0_A3_SE":"CYP","ADM0_A3_BD":"CYP","ADM0_A3_UA":"CYP","ADM0_A3_UN":-99,"ADM0_A3_WB":-99,"CONTINENT":"Asia","REGION_UN":"Asia","SUBREGION":"Western Asia","REGION_WB":"Europe & Central Asia","NAME_LEN":6,"LONG_LEN":6,"ABBREV_LEN":4,"TINY":-99,"HOMEPART":1,"MIN_ZOOM":0,"MIN_LABEL":4.5,"MAX_LABEL":9.5,"LABEL_X":33.084182,"LABEL_Y":34.913329,"NE_ID":1159320533,"WIKIDATAID":"Q229","NAME_AR":"قبرص","NAME_BN":"সাইপ্রাস","NAME_DE":"Republik Zypern","NAME_EN":"Cyprus","NAME_ES":"Chipre","NAME_FA":"قبرس","NAME_FR":"Chypre","NAME_EL":"Κύπρος","NAME_HE":"קפריסין","NAME_HI":"साइप्रस","NAME_HU":"Ciprus","NAME_ID":"Siprus","NAME_IT":"Cipro","NAME_JA":"キプロス","NAME_KO":"키프로스","NAME_NL":"Cyprus","NAME_PL":"Cypr","NAME_PT":"Chipre","NAME_RU":"Кипр","NAME_SV":"Cypern","NAME_TR":"Kıbrıs Cumhuriyeti","NAME_UK":"Кіпр","NAME_UR":"قبرص","NAME_VI":"Cộng hòa Síp","NAME_ZH":"塞浦路斯","NAME_ZHT":"賽普勒斯","FCLASS_ISO":"Admin-0 country","TLC_DIFF":null,"FCLASS_TLC":"Admin-0 country","FCLASS_US":null,"FCLASS_FR":null,"FCLASS_RU":null,"FCLASS_ES":null,"FCLASS_CN":null,"FCLASS_TW":null,"FCLASS_IN":null,"FCLASS_NP":null,"FCLASS_PK":null,"FCLASS_DE":null,"FCLASS_GB":null,"FCLASS_BR":null,"FCLASS_IL":null,"FCLASS_PS":null,"FCLASS_SA":null,"FCLASS_EG":null,"FCLASS_MA":null,"FCLASS_PT":null,"FCLASS_AR":null,"FCLASS_JP":null,"FCLASS_KO":null,"FCLASS_VN":null,"FCLASS_TR":null,"FCLASS_ID":null,"FCLASS_PL":null,"FCLASS_GR":null,"FCLASS_IT":null,"FCLASS_NL":null,"FCLASS_SE":null,"FCLASS_BD":null,"FCLASS_UA":null},"bbox":[32.300977,34.56958,34.050195,35.182666],"geometry":{"type":"Polygon","coordinates":[[[32.712695,35.171045],[32.720215,35.145361],[32.784082,35.115771],[32.869434,35.089404],[32.919531,35.087842],[32.985938,35.116406],[33.077539,35.146191],[33.191016,35.173145],[33.24834,35.156934],[33.325586,35.153613],[33.383789,35.162695],[33.424219,35.140918],[33.455957,35.101416],[33.463867,35.004932],[33.475781,35.000342],[33.525684,35.038672],[33.614453,35.022754],[33.675391,35.017871],[33.725781,35.037305],[33.756934,35.039746],[33.792285,35.048193],[33.832031,35.067187],[33.866406,35.093604],[33.90332,35.085449],[33.965723,35.056787],[34.004492,35.065234],[34.023633,35.045557],[34.050195,34.988379],[33.936523,34.971484],[33.822461,34.965918],[33.758984,34.973242],[33.699414,34.969873],[33.514453,34.806445],[33.414941,34.750879],[33.296582,34.717725],[33.176074,34.698047],[33.115527,34.695557],[33.062305,34.674805],[33.024902,34.636914],[33.023926,34.6],[33.00791,34.56958],[32.941797,34.575879],[32.914258,34.635498],[32.867188,34.661133],[32.750098,34.647803],[32.692969,34.649365],[32.505566,34.70625],[32.449023,34.729443],[32.41377,34.778027],[32.317188,34.95332],[32.300977,35.082959],[32.390918,35.049805],[32.475,35.08999],[32.555957,35.155762],[32.652344,35.182666],[32.712695,35.171045]]]}},{"type":"Feature","properties":{"featurecla":"Admin-0 country","scalerank":1,"LABELRANK":6,"SOVEREIGNT":"Croatia","SOV_A3":"HRV","ADM0_DIF":0,"LEVEL":2,"TYPE":"Sovereign country","TLC":"1","ADMIN":"Croatia","ADM0_A3":"HRV","GEOU_DIF":0,"GEOUNIT":"Croatia","GU_A3":"HRV","SU_DIF":0,"SUBUNIT":"Croatia","SU_A3":"HRV","BRK_DIFF":0,"NAME":"Croatia","NAME_LONG":"Croatia","BRK_A3":"HRV","BRK_NAME":"Croatia","BRK_GROUP":null,"ABBREV":"Cro.","POSTAL":"HR","FORMAL_EN":"Republic of Croatia","FORMAL_FR":null,"NAME_CIAWF":"Croatia","NOTE_ADM0":null,"NOTE_BRK":null,"NAME_SORT":"Croatia","NAME_ALT":null,"MAPCOLOR7":5,"MAPCOLOR8":4,"MAPCOLOR9":5,"MAPCOLOR13":1,"POP_EST":4067500,"POP_RANK":12,"POP_YEAR":2019,"GDP_MD":60752,"GDP_YEAR":2019,"ECONOMY":"2. Developed region: nonG7","INCOME_GRP":"2. High income: nonOECD","FIPS_10":"HR","ISO_A2":"HR","ISO_A2_EH":"HR","ISO_A3":"HRV","ISO_A3_EH":"HRV","ISO_N3":"191","ISO_N3_EH":"191","UN_A3":"191","WB_A2":"HR","WB_A3":"HRV","WOE_ID":23424843,"WOE_ID_EH":23424843,"WOE_NOTE":"Exact WOE match as country","ADM0_ISO":"HRV","ADM0_DIFF":null,"ADM0_TLC":"HRV","ADM0_A3_US":"HRV","ADM0_A3_FR":"HRV","ADM0_A3_RU":"HRV","ADM0_A3_ES":"HRV","ADM0_A3_CN":"HRV","ADM0_A3_TW":"HRV","ADM0_A3_IN":"HRV","ADM0_A3_NP":"HRV","ADM0_A3_PK":"HRV","ADM0_A3_DE":"HRV","ADM0_A3_GB":"HRV","ADM0_A3_BR":"HRV","ADM0_A3_IL":"HRV","ADM0_A3_PS":"HRV","ADM0_A3_SA":"HRV","ADM0_A3_EG":"HRV","ADM0_A3_MA":"HRV","ADM0_A3_PT":"HRV","ADM0_A3_AR":"HRV","ADM0_A3_JP":"HRV","ADM0_A3_KO":"HRV","ADM0_A3_VN":"HRV","ADM0_A3_TR":"HRV","ADM0_A3_ID":"HRV","ADM0_A3_PL":"HRV","ADM0_A3_GR":"HRV","ADM0_A3_IT":"HRV","ADM0_A3_NL":"HRV","ADM0_A3_SE":"HRV","ADM0_A3_BD":"HRV","ADM0_A3_UA":"HRV","ADM0_A3_UN":-99,"ADM0_A3_WB":-99,"CONTINENT":"Europe","REGION_UN":"Europe","SUBREGION":"Southern Europe","REGION_WB":"Europe & Central Asia","NAME_LEN":7,"LONG_LEN":7,"ABBREV_LEN":4,"TINY":-99,"HOMEPART":1,"MIN_ZOOM":0,"MIN_LABEL":4,"MAX_LABEL":9,"LABEL_X":16.37241,"LABEL_Y":45.805799,"NE_ID":1159320833,"WIKIDATAID":"Q224","NAME_AR":"كرواتيا","NAME_BN":"ক্রোয়েশিয়া","NAME_DE":"Kroatien","NAME_EN":"Croatia","NAME_ES":"Croacia","NAME_FA":"کرواسی","NAME_FR":"Croatie","NAME_EL":"Κροατία","NAME_HE":"קרואטיה","NAME_HI":"क्रोएशिया","NAME_HU":"Horvátország","NAME_ID":"Kroasia","NAME_IT":"Croazia","NAME_JA":"クロアチア","NAME_KO":"크로아티아","NAME_NL":"Kroatië","NAME_PL":"Chorwacja","NAME_PT":"Croácia","NAME_RU":"Хорватия","NAME_SV":"Kroatien","NAME_TR":"Hırvatistan","NAME_UK":"Хорватія","NAME_UR":"کروشیا","NAME_VI":"Croatia","NAME_ZH":"克罗地亚","NAME_ZHT":"克羅地亞","FCLASS_ISO":"Admin-0 country","TLC_DIFF":null,"FCLASS_TLC":"Admin-0 country","FCLASS_US":null,"FCLASS_FR":null,"FCLASS_RU":null,"FCLASS_ES":null,"FCLASS_CN":null,"FCLASS_TW":null,"FCLASS_IN":null,"FCLASS_NP":null,"FCLASS_PK":null,"FCLASS_DE":null,"FCLASS_GB":null,"FCLASS_BR":null,"FCLASS_IL":null,"FCLASS_PS":null,"FCLASS_SA":null,"FCLASS_EG":null,"FCLASS_MA":null,"FCLASS_PT":null,"FCLASS_AR":null,"FCLASS_JP":null,"FCLASS_KO":null,"FCLASS_VN":null,"FCLASS_TR":null,"FCLASS_ID":null,"FCLASS_PL":null,"FCLASS_GR":null,"FCLASS_IT":null,"FCLASS_NL":null,"FCLASS_SE":null,"FCLASS_BD":null,"FCLASS_UA":null},"bbox":[13.517188,42.43291,19.400977,46.534619],"geometry":{"type":"MultiPolygon","coordinates":[[[[13.57793,45.516895],[13.615234,45.476758],[13.878711,45.428369],[13.935645,45.449805],[13.970117,45.482617],[13.970313,45.503369],[13.992773,45.509424],[14.085547,45.477832],[14.16123,45.485156],[14.283008,45.486621],[14.369922,45.481445],[14.427344,45.505762],[14.505176,45.595215],[14.533984,45.645264],[14.568848,45.657227],[14.591797,45.65127],[14.608594,45.610107],[14.649512,45.571484],[14.733594,45.508496],[14.793066,45.478223],[14.84707,45.467334],[14.9,45.492676],[14.95459,45.499902],[15.110449,45.450781],[15.24209,45.441406],[15.339453,45.467041],[15.32666,45.502295],[15.291211,45.541553],[15.283594,45.579687],[15.290137,45.612646],[15.356934,45.645508],[15.353711,45.659912],[15.272949,45.717725],[15.277051,45.732617],[15.454102,45.797607],[15.624805,45.834033],[15.652148,45.862158],[15.668066,45.904443],[15.675586,45.983691],[15.666211,46.048486],[15.596875,46.109229],[15.592578,46.13999],[15.608984,46.171924],[15.635938,46.200732],[15.704199,46.213232],[15.784277,46.233984],[15.847559,46.257861],[15.933301,46.277637],[16.000684,46.305371],[16.066504,46.371338],[16.106445,46.382227],[16.227441,46.372852],[16.25332,46.389111],[16.236719,46.483838],[16.258398,46.50791],[16.301172,46.521387],[16.321191,46.534619],[16.427637,46.524414],[16.516211,46.499902],[16.569922,46.48501],[16.748047,46.416406],[16.871484,46.339307],[16.939941,46.253662],[17.032715,46.187305],[17.149609,46.140332],[17.242188,46.076611],[17.310645,45.996143],[17.406348,45.951074],[17.529199,45.941309],[17.607031,45.91377],[17.639648,45.868359],[17.706445,45.827246],[17.807129,45.79043],[17.963867,45.770264],[18.263965,45.765479],[18.290625,45.764453],[18.358301,45.753027],[18.437305,45.767334],[18.533594,45.796143],[18.564648,45.813281],[18.666016,45.907471],[18.721777,45.899365],[18.833008,45.91084],[18.900293,45.931738],[18.905371,45.931738],[18.901074,45.907617],[18.893555,45.865527],[18.839063,45.835742],[18.894531,45.76709],[18.947266,45.655811],[18.917871,45.60083],[18.953711,45.558008],[19.055078,45.527246],[19.064258,45.51499],[19.033301,45.502197],[19.007617,45.46582],[19.004688,45.399512],[19.093066,45.336914],[19.272852,45.277979],[19.330273,45.268066],[19.352246,45.24541],[19.382324,45.230615],[19.4,45.2125],[19.400977,45.189062],[19.388086,45.172998],[19.303027,45.167285],[19.205957,45.167773],[19.136914,45.19624],[19.130762,45.175488],[19.129688,45.151709],[19.062891,45.137207],[19.1,44.973779],[19.085254,44.926758],[19.060547,44.910986],[19.037598,44.917529],[19.00957,44.919385],[18.995508,44.904004],[19.007129,44.869189],[18.941309,44.865186],[18.836426,44.883252],[18.788379,44.914893],[18.780176,44.947217],[18.779395,44.977246],[18.746094,45.026514],[18.662598,45.077441],[18.488281,45.08584],[18.423926,45.102002],[18.357617,45.120557],[18.284961,45.134277],[18.217969,45.13291],[18.137207,45.119385],[17.996289,45.141797],[17.948633,45.111865],[17.874414,45.077246],[17.812793,45.078125],[17.690137,45.158398],[17.653516,45.163477],[17.546289,45.122559],[17.502637,45.120361],[17.469141,45.133301],[17.324121,45.163965],[17.258691,45.170557],[17.210645,45.156055],[17.125391,45.171777],[16.918652,45.276562],[16.79082,45.196875],[16.530664,45.216699],[16.453516,45.162012],[16.365039,45.05835],[16.293359,45.008838],[16.231055,45.026611],[16.157324,45.072217],[16.02832,45.1896],[15.963184,45.210791],[15.888281,45.215723],[15.822852,45.202783],[15.788086,45.178955],[15.761523,45.00752],[15.737988,44.856396],[15.736621,44.76582],[15.880078,44.681934],[16.049023,44.537598],[16.103418,44.520996],[16.130273,44.47373],[16.169824,44.352002],[16.214258,44.215137],[16.300098,44.124512],[16.377539,44.059619],[16.47207,44.002588],[16.590527,43.913184],[16.687695,43.815039],[16.713477,43.778809],[16.901855,43.649023],[17.08457,43.516553],[17.248047,43.470215],[17.273828,43.445752],[17.275293,43.343848],[17.293066,43.305615],[17.402246,43.198926],[17.624805,43.042773],[17.650488,43.006592],[17.657813,42.980078],[17.643457,42.959766],[17.585156,42.938379],[17.537305,42.962256],[17.329883,43.114893],[17.129395,43.211133],[16.903125,43.392432],[16.600293,43.464062],[16.393945,43.543359],[16.268945,43.53125],[16.131055,43.506299],[16.045996,43.505518],[15.985547,43.519775],[15.942578,43.568945],[15.949121,43.606982],[15.941504,43.656641],[15.820605,43.735937],[15.655664,43.811279],[15.499414,43.908789],[15.18584,44.172119],[15.122949,44.256787],[15.184668,44.2729],[15.231348,44.271436],[15.284277,44.288818],[15.369727,44.289258],[15.470996,44.271973],[15.381348,44.328271],[15.269824,44.383496],[14.981348,44.60293],[14.895215,44.706592],[14.885254,44.818262],[14.906543,44.971387],[14.85459,45.081006],[14.632031,45.2229],[14.550488,45.297705],[14.386133,45.342139],[14.312695,45.337793],[14.268555,45.28252],[14.236328,45.159668],[14.090625,44.997607],[14.041992,44.927197],[13.96582,44.835645],[13.899805,44.829346],[13.860742,44.837402],[13.74248,44.991504],[13.629297,45.108203],[13.613477,45.163428],[13.60332,45.231396],[13.517188,45.481787],[13.57793,45.516895]]],[[[16.650684,42.996582],[16.835547,42.968652],[16.971094,42.981494],[17.093652,42.964355],[17.169824,42.932617],[17.188281,42.917041],[17.089355,42.914893],[16.977539,42.927783],[16.850684,42.895508],[16.738867,42.912744],[16.696387,42.933691],[16.666309,42.959912],[16.650684,42.996582]]],[[[17.194043,43.125781],[17.124121,43.11543],[16.679199,43.123145],[16.549805,43.143896],[16.405859,43.197363],[16.376465,43.21377],[16.521387,43.229248],[16.655957,43.21377],[16.697266,43.174951],[17.061133,43.143896],[17.194043,43.125781]]],[[[16.785254,43.270654],[16.627441,43.268066],[16.490332,43.286182],[16.423145,43.317236],[16.428125,43.343408],[16.448926,43.387061],[16.601562,43.381885],[16.834375,43.35083],[16.891309,43.314648],[16.873633,43.297949],[16.785254,43.270654]]],[[[15.231055,44.062305],[15.24668,44.027051],[15.121875,44.093311],[15.074609,44.137842],[15.06582,44.157666],[15.231055,44.062305]]],[[[14.810254,44.977051],[14.687012,44.955615],[14.62832,44.993945],[14.612988,45.025439],[14.511719,45.0354],[14.450391,45.079199],[14.437891,45.098633],[14.524609,45.146826],[14.571094,45.224756],[14.62998,45.178027],[14.701172,45.090039],[14.73916,45.065479],[14.810254,44.977051]]],[[[14.831445,44.758936],[14.856641,44.714844],[14.7625,44.754639],[14.678223,44.769873],[14.660352,44.799805],[14.672461,44.824365],[14.690527,44.848145],[14.754199,44.844824],[14.76377,44.821387],[14.831445,44.758936]]],[[[15.188477,44.335742],[15.162598,44.30918],[15.097949,44.358154],[15.038574,44.393018],[14.996094,44.434326],[14.912793,44.48584],[14.884668,44.544727],[14.760449,44.664746],[14.741895,44.697363],[14.803809,44.648682],[14.855371,44.618262],[14.898047,44.61084],[15.006445,44.534229],[15.112988,44.435742],[15.239941,44.350195],[15.213574,44.347559],[15.188477,44.335742]]],[[[15.18877,43.922363],[15.203027,43.907715],[15.20166,43.897754],[15.149805,43.911816],[15.13584,43.907275],[14.891309,44.125537],[14.865039,44.167969],[14.952539,44.117188],[15.18877,43.922363]]],[[[15.371387,43.973828],[15.437207,43.899512],[15.374219,43.914795],[15.308594,43.960791],[15.27002,44.010742],[15.371387,43.973828]]],[[[14.488086,44.660059],[14.480371,44.62124],[14.419531,44.670312],[14.388867,44.758301],[14.312402,44.900391],[14.302539,44.94043],[14.342188,44.979932],[14.340039,45.019971],[14.28584,45.144629],[14.33125,45.16499],[14.358203,45.167432],[14.369141,45.080957],[14.39375,45.03125],[14.467383,44.970215],[14.452539,44.869189],[14.467578,44.725342],[14.48252,44.693359],[14.488086,44.660059]]],[[[17.607813,42.769043],[17.744238,42.700342],[17.344141,42.790381],[17.389551,42.798633],[17.431934,42.800391],[17.607813,42.769043]]],[[[18.436328,42.559717],[18.438086,42.522949],[18.47666,42.481104],[18.51748,42.43291],[18.333008,42.527881],[18.160645,42.634033],[17.823828,42.797412],[17.584961,42.837158],[17.258203,42.968457],[17.04541,43.014893],[17.126465,43.025586],[17.219824,43.025879],[17.723633,42.850684],[17.667578,42.897119],[17.740234,42.915479],[17.801953,42.902246],[17.841309,42.845068],[17.918848,42.807422],[18.044531,42.74126],[18.123926,42.690576],[18.304004,42.599414],[18.346582,42.58667],[18.436328,42.559717]]]]}},{"type":"Feature","properties":{"featurecla":"Admin-0 country","scalerank":1,"LABELRANK":2,"SOVEREIGNT":"Colombia","SOV_A3":"COL","ADM0_DIF":0,"LEVEL":2,"TYPE":"Sovereign country","TLC":"1","ADMIN":"Colombia","ADM0_A3":"COL","GEOU_DIF":0,"GEOUNIT":"Colombia","GU_A3":"COL","SU_DIF":0,"SUBUNIT":"Colombia","SU_A3":"COL","BRK_DIFF":0,"NAME":"Colombia","NAME_LONG":"Colombia","BRK_A3":"COL","BRK_NAME":"Colombia","BRK_GROUP":null,"ABBREV":"Col.","POSTAL":"CO","FORMAL_EN":"Republic of Colombia","FORMAL_FR":null,"NAME_CIAWF":"Colombia","NOTE_ADM0":null,"NOTE_BRK":null,"NAME_SORT":"Colombia","NAME_ALT":null,"MAPCOLOR7":2,"MAPCOLOR8":1,"MAPCOLOR9":3,"MAPCOLOR13":1,"POP_EST":50339443,"POP_RANK":16,"POP_YEAR":2019,"GDP_MD":323615,"GDP_YEAR":2019,"ECONOMY":"6. Developing region","INCOME_GRP":"3. Upper middle income","FIPS_10":"CO","ISO_A2":"CO","ISO_A2_EH":"CO","ISO_A3":"COL","ISO_A3_EH":"COL","ISO_N3":"170","ISO_N3_EH":"170","UN_A3":"170","WB_A2":"CO","WB_A3":"COL","WOE_ID":23424787,"WOE_ID_EH":23424787,"WOE_NOTE":"Exact WOE match as country","ADM0_ISO":"COL","ADM0_DIFF":null,"ADM0_TLC":"COL","ADM0_A3_US":"COL","ADM0_A3_FR":"COL","ADM0_A3_RU":"COL","ADM0_A3_ES":"COL","ADM0_A3_CN":"COL","ADM0_A3_TW":"COL","ADM0_A3_IN":"COL","ADM0_A3_NP":"COL","ADM0_A3_PK":"COL","ADM0_A3_DE":"COL","ADM0_A3_GB":"COL","ADM0_A3_BR":"COL","ADM0_A3_IL":"COL","ADM0_A3_PS":"COL","ADM0_A3_SA":"COL","ADM0_A3_EG":"COL","ADM0_A3_MA":"COL","ADM0_A3_PT":"COL","ADM0_A3_AR":"COL","ADM0_A3_JP":"COL","ADM0_A3_KO":"COL","ADM0_A3_VN":"COL","ADM0_A3_TR":"COL","ADM0_A3_ID":"COL","ADM0_A3_PL":"COL","ADM0_A3_GR":"COL","ADM0_A3_IT":"COL","ADM0_A3_NL":"COL","ADM0_A3_SE":"COL","ADM0_A3_BD":"COL","ADM0_A3_UA":"COL","ADM0_A3_UN":-99,"ADM0_A3_WB":-99,"CONTINENT":"South America","REGION_UN":"Americas","SUBREGION":"South America","REGION_WB":"Latin America & Caribbean","NAME_LEN":8,"LONG_LEN":8,"ABBREV_LEN":4,"TINY":-99,"HOMEPART":1,"MIN_ZOOM":0,"MIN_LABEL":3,"MAX_LABEL":7,"LABEL_X":-73.174347,"LABEL_Y":3.373111,"NE_ID":1159320517,"WIKIDATAID":"Q739","NAME_AR":"كولومبيا","NAME_BN":"কলম্বিয়া","NAME_DE":"Kolumbien","NAME_EN":"Colombia","NAME_ES":"Colombia","NAME_FA":"کلمبیا","NAME_FR":"Colombie","NAME_EL":"Κολομβία","NAME_HE":"קולומביה","NAME_HI":"कोलम्बिया","NAME_HU":"Kolumbia","NAME_ID":"Kolombia","NAME_IT":"Colombia","NAME_JA":"コロンビア","NAME_KO":"콜롬비아","NAME_NL":"Colombia","NAME_PL":"Kolumbia","NAME_PT":"Colômbia","NAME_RU":"Колумбия","NAME_SV":"Colombia","NAME_TR":"Kolombiya","NAME_UK":"Колумбія","NAME_UR":"کولمبیا","NAME_VI":"Colombia","NAME_ZH":"哥伦比亚","NAME_ZHT":"哥倫比亞","FCLASS_ISO":"Admin-0 country","TLC_DIFF":null,"FCLASS_TLC":"Admin-0 country","FCLASS_US":null,"FCLASS_FR":null,"FCLASS_RU":null,"FCLASS_ES":null,"FCLASS_CN":null,"FCLASS_TW":null,"FCLASS_IN":null,"FCLASS_NP":null,"FCLASS_PK":null,"FCLASS_DE":null,"FCLASS_GB":null,"FCLASS_BR":null,"FCLASS_IL":null,"FCLASS_PS":null,"FCLASS_SA":null,"FCLASS_EG":null,"FCLASS_MA":null,"FCLASS_PT":null,"FCLASS_AR":null,"FCLASS_JP":null,"FCLASS_KO":null,"FCLASS_VN":null,"FCLASS_TR":null,"FCLASS_ID":null,"FCLASS_PL":null,"FCLASS_GR":null,"FCLASS_IT":null,"FCLASS_NL":null,"FCLASS_SE":null,"FCLASS_BD":null,"FCLASS_UA":null},"bbox":[-79.025439,-4.235938,-66.876025,12.434375],"geometry":{"type":"MultiPolygon","coordinates":[[[[-71.319727,11.861914],[-71.355566,11.849756],[-71.400195,11.823535],[-71.536084,11.774072],[-71.719482,11.726855],[-71.958105,11.666406],[-72.012305,11.601953],[-72.248486,11.196436],[-72.446094,11.114258],[-72.518018,11.053906],[-72.572266,10.977148],[-72.690088,10.83584],[-72.73916,10.727197],[-72.869336,10.49126],[-72.940381,10.195752],[-72.967383,10.029736],[-73.006543,9.78916],[-73.064062,9.668213],[-73.14126,9.554639],[-73.224268,9.443604],[-73.295654,9.322021],[-73.356348,9.226855],[-73.366211,9.194141],[-73.336719,9.16792],[-73.193164,9.194141],[-73.136719,9.222803],[-73.058398,9.25957],[-73.009277,9.239941],[-72.960156,9.135156],[-72.904443,9.12207],[-72.8521,9.135156],[-72.796387,9.108984],[-72.725537,8.848291],[-72.66543,8.627588],[-72.525732,8.489697],[-72.416553,8.381982],[-72.390332,8.287061],[-72.36416,8.152783],[-72.357617,8.087305],[-72.391699,8.047705],[-72.446045,7.966113],[-72.45957,7.809863],[-72.468896,7.757959],[-72.478955,7.613232],[-72.471973,7.524268],[-72.442969,7.454883],[-72.394629,7.415088],[-72.296338,7.394531],[-72.207715,7.370264],[-72.156689,7.249707],[-72.084277,7.096875],[-72.006641,7.032617],[-71.892676,6.990332],[-71.811279,7.005811],[-71.620898,7.03291],[-71.457129,7.026367],[-71.217822,6.985205],[-71.128613,6.986719],[-71.013281,6.994434],[-70.810693,7.077588],[-70.737158,7.090039],[-70.655078,7.082764],[-70.535547,7.040527],[-70.470654,7.007129],[-70.3875,6.972607],[-70.266113,6.947949],[-70.188135,6.952051],[-70.129199,6.953613],[-70.09502,6.937939],[-69.904199,6.700244],[-69.738965,6.494385],[-69.594824,6.321484],[-69.439258,6.134912],[-69.427148,6.123975],[-69.35708,6.147998],[-69.31084,6.137598],[-69.268164,6.099707],[-69.194531,6.115332],[-69.089941,6.184375],[-68.937207,6.198193],[-68.736475,6.156787],[-68.471777,6.156543],[-68.143066,6.19751],[-67.938867,6.241943],[-67.85918,6.289893],[-67.727148,6.284961],[-67.568066,6.241797],[-67.481982,6.180273],[-67.471582,6.119775],[-67.439355,6.025537],[-67.473877,5.92998],[-67.575195,5.833105],[-67.631348,5.709375],[-67.642285,5.558789],[-67.694629,5.44751],[-67.788428,5.375488],[-67.824902,5.270459],[-67.804199,5.13252],[-67.814307,4.930811],[-67.855273,4.665479],[-67.855273,4.506885],[-67.814307,4.455078],[-67.79541,4.380713],[-67.798633,4.283887],[-67.783203,4.198242],[-67.732324,4.086523],[-67.661621,3.864258],[-67.602539,3.768799],[-67.551123,3.733838],[-67.498682,3.691113],[-67.347705,3.46377],[-67.311133,3.415869],[-67.322168,3.373975],[-67.336279,3.342627],[-67.353613,3.322656],[-67.514844,3.187256],[-67.834766,2.892822],[-67.86123,2.855322],[-67.859082,2.793604],[-67.766455,2.833301],[-67.667236,2.800195],[-67.618701,2.793604],[-67.59668,2.769336],[-67.568018,2.689941],[-67.534961,2.676758],[-67.486426,2.643652],[-67.391602,2.559912],[-67.312256,2.47168],[-67.252734,2.429443],[-67.21084,2.390137],[-67.197607,2.332764],[-67.215234,2.275488],[-67.165479,2.142578],[-67.131445,2.10127],[-67.113818,2.050586],[-67.131445,1.999854],[-67.089551,1.940332],[-67.043896,1.823193],[-66.988135,1.680176],[-66.981543,1.600781],[-66.95835,1.564209],[-66.931104,1.458008],[-66.884473,1.358252],[-66.895508,1.289893],[-66.876025,1.223047],[-67.065234,1.178369],[-67.082275,1.1854],[-67.093652,1.21001],[-67.088281,1.400586],[-67.090137,1.615576],[-67.119238,1.703613],[-67.205811,1.844824],[-67.320605,2.03208],[-67.351953,2.08584],[-67.400439,2.116699],[-67.457764,2.121143],[-67.499658,2.10791],[-67.556055,2.072998],[-67.609229,2.035059],[-67.711865,1.922119],[-67.815088,1.790088],[-67.875537,1.760596],[-67.93623,1.748486],[-67.989746,1.752539],[-68.032861,1.788037],[-68.077051,1.860107],[-68.130273,1.955762],[-68.193799,1.987012],[-68.218359,1.957617],[-68.239453,1.901367],[-68.255957,1.845508],[-68.213281,1.774561],[-68.176562,1.719824],[-68.239551,1.72168],[-68.443457,1.721582],[-68.678467,1.721484],[-68.913184,1.721387],[-69.124268,1.721289],[-69.319727,1.72124],[-69.394336,1.725781],[-69.470166,1.75791],[-69.54292,1.773242],[-69.58125,1.770752],[-69.650049,1.739453],[-69.7396,1.734863],[-69.799951,1.705176],[-69.848584,1.70874],[-69.849463,1.543896],[-69.850781,1.308789],[-69.852148,1.059521],[-69.798145,1.078418],[-69.751318,1.076611],[-69.716992,1.059082],[-69.620898,1.073242],[-69.567578,1.065771],[-69.517139,1.059473],[-69.470312,1.058594],[-69.441504,1.038818],[-69.402783,1.042383],[-69.361377,1.064014],[-69.311816,1.050488],[-69.258691,1.015381],[-69.224463,0.963135],[-69.193848,0.898291],[-69.163232,0.864062],[-69.165039,0.801953],[-69.165967,0.75332],[-69.176758,0.712842],[-69.163232,0.68667],[-69.15332,0.658789],[-69.156055,0.642529],[-69.174072,0.635352],[-69.212793,0.629932],[-69.254199,0.625439],[-69.283008,0.627246],[-69.305518,0.652441],[-69.327148,0.655176],[-69.358643,0.651562],[-69.391992,0.666895],[-69.420801,0.698389],[-69.472119,0.729932],[-69.527051,0.716406],[-69.564844,0.700195],[-69.603613,0.680371],[-69.638721,0.659668],[-69.673828,0.665088],[-69.718896,0.649805],[-69.756738,0.626367],[-69.807129,0.607471],[-69.862061,0.598486],[-69.925098,0.589404],[-69.985449,0.58584],[-70.053906,0.578613],[-70.05791,0.447363],[-70.065723,0.189355],[-70.070947,0.018555],[-70.070508,-0.138867],[-70.044043,-0.196191],[-69.922754,-0.31748],[-69.82793,-0.381348],[-69.747461,-0.452539],[-69.66748,-0.482422],[-69.633984,-0.509277],[-69.611914,-0.55332],[-69.600879,-0.599609],[-69.592041,-0.639355],[-69.600879,-0.68125],[-69.620703,-0.720898],[-69.611914,-0.762793],[-69.583252,-0.795898],[-69.574414,-0.837793],[-69.55459,-0.877441],[-69.543555,-0.917188],[-69.519287,-0.945801],[-69.488428,-0.965723],[-69.44873,-0.99873],[-69.444336,-1.02959],[-69.44873,-1.064941],[-69.449121,-1.091602],[-69.411426,-1.152246],[-69.400244,-1.194922],[-69.417871,-1.245703],[-69.434912,-1.42168],[-69.478613,-1.621973],[-69.506445,-1.774902],[-69.551855,-2.024219],[-69.604687,-2.314258],[-69.669043,-2.667676],[-69.732617,-3.016699],[-69.794141,-3.35459],[-69.849756,-3.659863],[-69.911035,-3.996582],[-69.948193,-4.200586],[-69.965918,-4.235938],[-70.017187,-4.162012],[-70.094775,-4.092188],[-70.167529,-4.050195],[-70.198389,-3.995117],[-70.240283,-3.882715],[-70.298437,-3.844238],[-70.339502,-3.814355],[-70.379199,-3.81875],[-70.421094,-3.849609],[-70.48584,-3.869336],[-70.529687,-3.866406],[-70.706201,-3.788965],[-70.735107,-3.781543],[-70.62168,-3.60459],[-70.418994,-3.288281],[-70.290137,-3.087305],[-70.14707,-2.864063],[-70.074023,-2.750195],[-70.064453,-2.730762],[-70.064746,-2.70166],[-70.09585,-2.658203],[-70.164746,-2.639844],[-70.244434,-2.606543],[-70.294629,-2.552539],[-70.36416,-2.529297],[-70.418213,-2.490723],[-70.516797,-2.453125],[-70.575879,-2.418262],[-70.647998,-2.405762],[-70.705371,-2.341992],[-70.914551,-2.218555],[-70.968555,-2.206836],[-71.027295,-2.225781],[-71.113379,-2.24541],[-71.196387,-2.313086],[-71.300098,-2.334863],[-71.396973,-2.334082],[-71.447461,-2.29375],[-71.496094,-2.279199],[-71.559473,-2.224219],[-71.671484,-2.182129],[-71.752539,-2.152734],[-71.802734,-2.166309],[-71.867285,-2.227734],[-71.932471,-2.288672],[-71.984277,-2.326563],[-72.053809,-2.324609],[-72.136816,-2.380664],[-72.218457,-2.400488],[-72.300732,-2.409277],[-72.395605,-2.428906],[-72.500684,-2.39502],[-72.586719,-2.365137],[-72.625342,-2.35166],[-72.660156,-2.361035],[-72.71416,-2.392188],[-72.81123,-2.405469],[-72.887158,-2.408496],[-72.941113,-2.394043],[-72.989648,-2.339746],[-73.068164,-2.312012],[-73.154492,-2.278223],[-73.172656,-2.208398],[-73.160205,-2.156348],[-73.126514,-2.081055],[-73.145215,-2.00332],[-73.181494,-1.880371],[-73.196973,-1.830273],[-73.223975,-1.787695],[-73.266455,-1.772266],[-73.349512,-1.783887],[-73.440283,-1.737402],[-73.496289,-1.693066],[-73.525244,-1.638867],[-73.494336,-1.536621],[-73.521387,-1.449707],[-73.575488,-1.401367],[-73.610254,-1.316406],[-73.664307,-1.248828],[-73.735742,-1.21416],[-73.807178,-1.217969],[-73.863184,-1.19668],[-73.926953,-1.125195],[-73.986816,-1.098145],[-74.054395,-1.028613],[-74.180762,-0.997754],[-74.246387,-0.970605],[-74.283887,-0.927832],[-74.334424,-0.850879],[-74.328613,-0.808398],[-74.353125,-0.766602],[-74.374902,-0.691406],[-74.417871,-0.580664],[-74.465186,-0.517676],[-74.513867,-0.470117],[-74.555078,-0.429883],[-74.616357,-0.37002],[-74.69165,-0.335254],[-74.755371,-0.298633],[-74.780469,-0.244531],[-74.801758,-0.200098],[-74.8375,-0.20332],[-74.888818,-0.199414],[-74.945312,-0.188184],[-75.00498,-0.155859],[-75.054688,-0.116699],[-75.138379,-0.050488],[-75.184082,-0.041748],[-75.224609,-0.041748],[-75.284473,-0.106543],[-75.463965,-0.038428],[-75.617334,0.062891],[-75.77666,0.089258],[-75.879785,0.150977],[-75.974854,0.247754],[-76.026172,0.313086],[-76.06792,0.345557],[-76.270605,0.439404],[-76.311035,0.448486],[-76.388184,0.40498],[-76.413379,0.378857],[-76.417969,0.303906],[-76.427295,0.26123],[-76.494629,0.235449],[-76.603027,0.240967],[-76.678516,0.268164],[-76.729004,0.272119],[-76.739307,0.25083],[-76.767725,0.24165],[-76.829346,0.247754],[-76.920117,0.268506],[-77.002441,0.29624],[-77.114111,0.355078],[-77.165723,0.347754],[-77.292676,0.3604],[-77.396338,0.393896],[-77.422754,0.424854],[-77.467676,0.636523],[-77.481396,0.651172],[-77.526123,0.660352],[-77.601318,0.689502],[-77.648633,0.723633],[-77.673193,0.782227],[-77.702881,0.837842],[-77.829541,0.825391],[-78.037012,0.89873],[-78.180664,0.968555],[-78.312109,1.046094],[-78.511523,1.198828],[-78.587646,1.23667],[-78.681641,1.283447],[-78.737109,1.358691],[-78.828857,1.434668],[-78.859668,1.455371],[-78.888477,1.524072],[-79.025439,1.623682],[-78.957666,1.752197],[-78.792969,1.84873],[-78.576904,1.773779],[-78.550439,1.923633],[-78.628613,2.05625],[-78.617041,2.306787],[-78.591699,2.356641],[-78.534717,2.423682],[-78.460449,2.470068],[-78.416895,2.483496],[-78.342871,2.460547],[-78.296143,2.510498],[-78.12002,2.488184],[-78.06665,2.509131],[-78.030176,2.543066],[-77.987207,2.568994],[-77.932275,2.629248],[-77.900781,2.698828],[-77.874512,2.725879],[-77.813574,2.716357],[-77.807959,2.746387],[-77.77666,2.787305],[-77.67002,2.878857],[-77.671094,2.919336],[-77.700977,3.007568],[-77.693652,3.039941],[-77.632031,3.051172],[-77.559131,3.075977],[-77.520264,3.160254],[-77.472217,3.233789],[-77.417139,3.341797],[-77.356543,3.348584],[-77.324414,3.474756],[-77.242773,3.585352],[-77.076807,3.913281],[-77.126855,3.906055],[-77.166602,3.862256],[-77.212012,3.867432],[-77.263525,3.893213],[-77.248389,4.040967],[-77.278027,4.058496],[-77.358203,3.944727],[-77.427295,4.060449],[-77.433545,4.130957],[-77.404492,4.200781],[-77.40874,4.247754],[-77.520703,4.212793],[-77.515527,4.256299],[-77.44585,4.301025],[-77.414258,4.347607],[-77.353516,4.398291],[-77.32832,4.475],[-77.313672,4.593848],[-77.286328,4.721729],[-77.306543,4.784668],[-77.339453,4.838525],[-77.366748,5.076562],[-77.35918,5.215186],[-77.373291,5.323975],[-77.401758,5.416162],[-77.534424,5.537109],[-77.324609,5.675635],[-77.249268,5.780176],[-77.344678,5.995361],[-77.469434,6.176758],[-77.473047,6.285645],[-77.440088,6.271729],[-77.398242,6.275],[-77.359863,6.504492],[-77.368799,6.575586],[-77.438867,6.690332],[-77.525977,6.693115],[-77.602148,6.837305],[-77.64585,6.869629],[-77.680957,6.9604],[-77.803711,7.137256],[-77.901172,7.229346],[-77.82832,7.442822],[-77.764697,7.483691],[-77.743896,7.536963],[-77.76875,7.668066],[-77.761914,7.698828],[-77.746924,7.711865],[-77.732031,7.710938],[-77.706348,7.691211],[-77.658594,7.634619],[-77.618604,7.564551],[-77.586572,7.543066],[-77.538281,7.56626],[-77.350781,7.705859],[-77.362744,7.749072],[-77.345605,7.836523],[-77.282959,7.908154],[-77.215967,7.93252],[-77.195996,7.972461],[-77.212305,8.033887],[-77.282617,8.187061],[-77.345508,8.269531],[-77.385889,8.35166],[-77.407275,8.427246],[-77.478516,8.498437],[-77.44834,8.565869],[-77.393066,8.644678],[-77.374219,8.658301],[-77.344141,8.636719],[-77.261572,8.493701],[-77.130127,8.400586],[-76.992285,8.250342],[-76.93584,8.146826],[-76.890967,8.127979],[-76.851855,8.090479],[-76.869092,8.062695],[-76.912207,8.033398],[-76.924658,7.973193],[-76.896631,7.939453],[-76.866895,7.917969],[-76.786572,7.931592],[-76.742334,8.002148],[-76.77207,8.310547],[-76.818604,8.464697],[-76.872217,8.512744],[-76.920459,8.57373],[-76.887988,8.619873],[-76.802246,8.640674],[-76.689355,8.694727],[-76.276855,8.989111],[-76.135498,9.265625],[-76.027246,9.365771],[-75.905029,9.430908],[-75.755566,9.415625],[-75.639355,9.450439],[-75.603613,9.538477],[-75.635352,9.657812],[-75.680029,9.729785],[-75.637109,9.834277],[-75.592676,9.992725],[-75.595898,10.12583],[-75.538574,10.205176],[-75.558398,10.236426],[-75.642187,10.172168],[-75.70835,10.143408],[-75.670898,10.196338],[-75.553711,10.327734],[-75.492773,10.527637],[-75.445996,10.610889],[-75.280615,10.727197],[-75.247949,10.783252],[-75.123047,10.87041],[-74.921582,11.057568],[-74.84458,11.109717],[-74.454248,10.989062],[-74.330225,10.99668],[-74.352393,10.974658],[-74.40957,10.967187],[-74.492285,10.934473],[-74.51626,10.8625],[-74.460254,10.787061],[-74.400879,10.765234],[-74.350195,10.813721],[-74.299951,10.952246],[-74.219141,11.105322],[-74.200195,11.265723],[-74.14292,11.32085],[-74.059131,11.340625],[-73.90957,11.308887],[-73.795703,11.275684],[-73.676904,11.271484],[-73.313379,11.295752],[-72.721826,11.712158],[-72.44707,11.801709],[-72.275,11.889258],[-72.165234,12.060205],[-72.135742,12.188574],[-72.055078,12.238428],[-71.970117,12.238281],[-71.93125,12.269531],[-71.919141,12.309082],[-71.714551,12.419971],[-71.597461,12.434375],[-71.493994,12.432275],[-71.262109,12.335303],[-71.155029,12.16416],[-71.137305,12.046338],[-71.28418,11.918311],[-71.319727,11.861914]]],[[[-78.113721,2.541748],[-78.14082,2.519678],[-78.19248,2.559277],[-78.210107,2.60918],[-78.178418,2.646338],[-78.137646,2.63418],[-78.119141,2.603613],[-78.113721,2.541748]]]]}},{"type":"Feature","properties":{"featurecla":"Admin-0 country","scalerank":4,"LABELRANK":2,"SOVEREIGNT":"Chile","SOV_A3":"CHL","ADM0_DIF":0,"LEVEL":2,"TYPE":"Sovereign country","TLC":"1","ADMIN":"Chile","ADM0_A3":"CHL","GEOU_DIF":0,"GEOUNIT":"Chile","GU_A3":"CHL","SU_DIF":0,"SUBUNIT":"Chile","SU_A3":"CHL","BRK_DIFF":0,"NAME":"Chile","NAME_LONG":"Chile","BRK_A3":"CHL","BRK_NAME":"Chile","BRK_GROUP":null,"ABBREV":"Chile","POSTAL":"CL","FORMAL_EN":"Republic of Chile","FORMAL_FR":null,"NAME_CIAWF":"Chile","NOTE_ADM0":null,"NOTE_BRK":null,"NAME_SORT":"Chile","NAME_ALT":null,"MAPCOLOR7":5,"MAPCOLOR8":1,"MAPCOLOR9":5,"MAPCOLOR13":9,"POP_EST":18952038,"POP_RANK":14,"POP_YEAR":2019,"GDP_MD":282318,"GDP_YEAR":2019,"ECONOMY":"5. Emerging region: G20","INCOME_GRP":"3. Upper middle income","FIPS_10":"CI","ISO_A2":"CL","ISO_A2_EH":"CL","ISO_A3":"CHL","ISO_A3_EH":"CHL","ISO_N3":"152","ISO_N3_EH":"152","UN_A3":"152","WB_A2":"CL","WB_A3":"CHL","WOE_ID":23424782,"WOE_ID_EH":23424782,"WOE_NOTE":"Exact WOE match as country","ADM0_ISO":"CHL","ADM0_DIFF":null,"ADM0_TLC":"CHL","ADM0_A3_US":"CHL","ADM0_A3_FR":"CHL","ADM0_A3_RU":"CHL","ADM0_A3_ES":"CHL","ADM0_A3_CN":"CHL","ADM0_A3_TW":"CHL","ADM0_A3_IN":"CHL","ADM0_A3_NP":"CHL","ADM0_A3_PK":"CHL","ADM0_A3_DE":"CHL","ADM0_A3_GB":"CHL","ADM0_A3_BR":"CHL","ADM0_A3_IL":"CHL","ADM0_A3_PS":"CHL","ADM0_A3_SA":"CHL","ADM0_A3_EG":"CHL","ADM0_A3_MA":"CHL","ADM0_A3_PT":"CHL","ADM0_A3_AR":"CHL","ADM0_A3_JP":"CHL","ADM0_A3_KO":"CHL","ADM0_A3_VN":"CHL","ADM0_A3_TR":"CHL","ADM0_A3_ID":"CHL","ADM0_A3_PL":"CHL","ADM0_A3_GR":"CHL","ADM0_A3_IT":"CHL","ADM0_A3_NL":"CHL","ADM0_A3_SE":"CHL","ADM0_A3_BD":"CHL","ADM0_A3_UA":"CHL","ADM0_A3_UN":-99,"ADM0_A3_WB":-99,"CONTINENT":"South America","REGION_UN":"Americas","SUBREGION":"South America","REGION_WB":"Latin America & Caribbean","NAME_LEN":5,"LONG_LEN":5,"ABBREV_LEN":5,"TINY":-99,"HOMEPART":1,"MIN_ZOOM":0,"MIN_LABEL":1.7,"MAX_LABEL":6.7,"LABEL_X":-72.318871,"LABEL_Y":-38.151771,"NE_ID":1159320493,"WIKIDATAID":"Q298","NAME_AR":"تشيلي","NAME_BN":"চিলি","NAME_DE":"Chile","NAME_EN":"Chile","NAME_ES":"Chile","NAME_FA":"شیلی","NAME_FR":"Chili","NAME_EL":"Χιλή","NAME_HE":"צ'ילה","NAME_HI":"चिली","NAME_HU":"Chile","NAME_ID":"Chili","NAME_IT":"Cile","NAME_JA":"チリ","NAME_KO":"칠레","NAME_NL":"Chili","NAME_PL":"Chile","NAME_PT":"Chile","NAME_RU":"Чили","NAME_SV":"Chile","NAME_TR":"Şili","NAME_UK":"Чилі","NAME_UR":"چلی","NAME_VI":"Chile","NAME_ZH":"智利","NAME_ZHT":"智利","FCLASS_ISO":"Admin-0 country","TLC_DIFF":null,"FCLASS_TLC":"Admin-0 country","FCLASS_US":null,"FCLASS_FR":null,"FCLASS_RU":null,"FCLASS_ES":null,"FCLASS_CN":null,"FCLASS_TW":null,"FCLASS_IN":null,"FCLASS_NP":null,"FCLASS_PK":null,"FCLASS_DE":null,"FCLASS_GB":null,"FCLASS_BR":null,"FCLASS_IL":null,"FCLASS_PS":null,"FCLASS_SA":null,"FCLASS_EG":null,"FCLASS_MA":null,"FCLASS_PT":null,"FCLASS_AR":null,"FCLASS_JP":null,"FCLASS_KO":null,"FCLASS_VN":null,"FCLASS_TR":null,"FCLASS_ID":null,"FCLASS_PL":null,"FCLASS_GR":null,"FCLASS_IT":null,"FCLASS_NL":null,"FCLASS_SE":null,"FCLASS_BD":null,"FCLASS_UA":null},"bbox":[-109.434131,-55.891699,-66.435791,-17.506055],"geometry":{"type":"MultiPolygon","coordinates":[[[[-109.27998,-27.14043],[-109.434131,-27.171289],[-109.42915,-27.116211],[-109.390479,-27.068359],[-109.276465,-27.095898],[-109.222852,-27.101074],[-109.27998,-27.14043]]],[[[-78.80415,-33.646484],[-78.98335,-33.667773],[-78.989453,-33.661719],[-78.979297,-33.644141],[-78.938135,-33.613574],[-78.888281,-33.576367],[-78.877441,-33.575195],[-78.859033,-33.578125],[-78.838184,-33.585059],[-78.784668,-33.610156],[-78.768945,-33.627344],[-78.774707,-33.641602],[-78.80415,-33.646484]]],[[[-70.418262,-18.345605],[-70.37749,-18.333594],[-70.282275,-18.325391],[-70.183789,-18.325195],[-70.059082,-18.283496],[-69.926367,-18.206055],[-69.839697,-18.093457],[-69.802588,-17.990234],[-69.802441,-17.9],[-69.841504,-17.785156],[-69.8521,-17.703809],[-69.806104,-17.664941],[-69.684766,-17.649805],[-69.586426,-17.573242],[-69.510937,-17.506055],[-69.49502,-17.619531],[-69.358008,-17.77168],[-69.313379,-17.943164],[-69.282324,-17.964844],[-69.093945,-18.050488],[-69.09043,-18.070703],[-69.118066,-18.102734],[-69.145459,-18.144043],[-69.126367,-18.202441],[-69.092285,-18.282422],[-69.080957,-18.356641],[-69.060156,-18.433008],[-69.039404,-18.550098],[-69.026807,-18.65625],[-68.978857,-18.812988],[-68.969092,-18.909668],[-68.968311,-18.967969],[-68.931006,-19.025195],[-68.857959,-19.093359],[-68.759082,-19.162207],[-68.680664,-19.242383],[-68.620557,-19.29668],[-68.547852,-19.341113],[-68.491992,-19.381934],[-68.470166,-19.409961],[-68.462891,-19.432813],[-68.487012,-19.454395],[-68.575293,-19.560156],[-68.698291,-19.721094],[-68.696191,-19.740723],[-68.578271,-19.856543],[-68.559375,-19.902344],[-68.560693,-19.96709],[-68.600195,-20.044922],[-68.72749,-20.069629],[-68.755811,-20.09082],[-68.759326,-20.115527],[-68.730029,-20.148438],[-68.73457,-20.225195],[-68.688574,-20.310059],[-68.712305,-20.338965],[-68.759229,-20.378027],[-68.760547,-20.416211],[-68.745166,-20.458594],[-68.695801,-20.492969],[-68.499854,-20.612012],[-68.484326,-20.628418],[-68.487402,-20.640723],[-68.563184,-20.720117],[-68.571045,-20.769141],[-68.568945,-20.849805],[-68.558252,-20.901953],[-68.533838,-20.923633],[-68.435498,-20.948242],[-68.313867,-21.129688],[-68.197021,-21.300293],[-68.198535,-21.447266],[-68.186426,-21.618555],[-68.112158,-21.753027],[-68.101807,-21.860645],[-68.076758,-21.982813],[-67.988379,-22.057129],[-67.953906,-22.204004],[-67.944922,-22.282227],[-67.950391,-22.333691],[-67.881738,-22.493359],[-67.87373,-22.630566],[-67.88999,-22.729199],[-67.88916,-22.78418],[-67.879443,-22.822949],[-67.820508,-22.857715],[-67.794434,-22.879492],[-67.707324,-22.88916],[-67.579932,-22.891699],[-67.362256,-22.855176],[-67.194873,-22.82168],[-67.008789,-23.001367],[-67.089746,-23.245117],[-67.219141,-23.633984],[-67.319141,-23.934668],[-67.335596,-23.974805],[-67.356201,-24.033789],[-67.571777,-24.118945],[-67.88623,-24.243359],[-68.047363,-24.308301],[-68.250293,-24.391992],[-68.299512,-24.460352],[-68.358105,-24.497266],[-68.422559,-24.545117],[-68.447119,-24.596973],[-68.507275,-24.629785],[-68.562012,-24.747363],[-68.562012,-24.837695],[-68.527051,-24.899219],[-68.466309,-24.925195],[-68.447119,-24.998926],[-68.428027,-25.050977],[-68.384229,-25.091895],[-68.395215,-25.124707],[-68.430713,-25.149316],[-68.496338,-25.162988],[-68.54082,-25.236719],[-68.59209,-25.42002],[-68.600293,-25.485645],[-68.541895,-25.651563],[-68.51084,-25.741016],[-68.426758,-26.06543],[-68.414502,-26.153711],[-68.529834,-26.276953],[-68.575781,-26.351953],[-68.592187,-26.418066],[-68.591602,-26.47041],[-68.581152,-26.518359],[-68.485107,-26.670313],[-68.37334,-26.806445],[-68.318652,-26.877539],[-68.318652,-26.973242],[-68.345996,-27.02793],[-68.405371,-27.048145],[-68.537354,-27.085352],[-68.59209,-27.140039],[-68.652197,-27.14834],[-68.709619,-27.104492],[-68.769775,-27.11543],[-68.846338,-27.153711],[-68.875098,-27.24668],[-68.941992,-27.405176],[-68.999414,-27.449023],[-69.042187,-27.57002],[-69.118506,-27.743555],[-69.155273,-27.848145],[-69.174414,-27.924707],[-69.251221,-27.973633],[-69.340723,-28.070801],[-69.40957,-28.165332],[-69.436914,-28.192676],[-69.488867,-28.200879],[-69.527148,-28.285645],[-69.656934,-28.413574],[-69.687891,-28.562012],[-69.734912,-28.641113],[-69.743164,-28.783887],[-69.814844,-29.045508],[-69.827881,-29.103223],[-69.900342,-29.148828],[-69.995605,-29.25],[-70.026807,-29.324023],[-69.982617,-29.54541],[-69.927637,-29.769141],[-69.924121,-29.874023],[-69.945459,-30.016406],[-69.959961,-30.07832],[-69.923535,-30.103906],[-69.863379,-30.120313],[-69.844287,-30.175],[-69.888037,-30.213281],[-69.907129,-30.281641],[-69.956348,-30.358203],[-70.102002,-30.388281],[-70.153223,-30.360938],[-70.169629,-30.385547],[-70.161426,-30.440234],[-70.193945,-30.504688],[-70.269385,-30.677246],[-70.319238,-30.833984],[-70.348145,-30.902344],[-70.336426,-30.959766],[-70.311816,-30.992578],[-70.309082,-31.022656],[-70.350586,-31.060449],[-70.388379,-31.121094],[-70.429395,-31.129297],[-70.473096,-31.112793],[-70.51958,-31.148438],[-70.529053,-31.222852],[-70.554688,-31.317383],[-70.566406,-31.42793],[-70.585205,-31.569434],[-70.525635,-31.666406],[-70.450146,-31.841895],[-70.393848,-31.883789],[-70.330957,-31.881055],[-70.281738,-31.916602],[-70.254395,-31.957715],[-70.290918,-32.031055],[-70.355566,-32.042383],[-70.36377,-32.083496],[-70.344629,-32.176465],[-70.32002,-32.266699],[-70.257812,-32.309961],[-70.229785,-32.430664],[-70.169629,-32.47168],[-70.176953,-32.626074],[-70.116162,-32.807422],[-70.052051,-32.859961],[-70.021973,-32.88457],[-70.042139,-32.963672],[-70.093066,-33.026758],[-70.104004,-33.12793],[-70.084863,-33.201758],[-70.019824,-33.271484],[-69.969043,-33.279395],[-69.896191,-33.250977],[-69.819629,-33.283789],[-69.808691,-33.343945],[-69.797754,-33.398633],[-69.83877,-33.469727],[-69.882568,-33.600977],[-69.894336,-33.731348],[-69.881494,-33.929785],[-69.861523,-34.083594],[-69.857373,-34.180469],[-69.852441,-34.224316],[-69.879785,-34.254395],[-69.946338,-34.269922],[-70.002832,-34.27627],[-70.052051,-34.300781],[-70.062988,-34.35],[-70.101465,-34.432031],[-70.14126,-34.492871],[-70.210693,-34.58125],[-70.254687,-34.672656],[-70.289941,-34.732813],[-70.286768,-34.774512],[-70.312109,-34.85498],[-70.338135,-34.921777],[-70.393164,-35.146875],[-70.466602,-35.193652],[-70.525098,-35.216797],[-70.555176,-35.246875],[-70.532324,-35.30791],[-70.47041,-35.326172],[-70.448535,-35.375391],[-70.456738,-35.451953],[-70.415723,-35.523047],[-70.419727,-35.60918],[-70.380176,-35.771875],[-70.415723,-35.878516],[-70.403662,-35.970508],[-70.404785,-36.061719],[-70.456738,-36.132715],[-70.563379,-36.146387],[-70.621875,-36.211914],[-70.721924,-36.283203],[-70.732861,-36.340625],[-70.749268,-36.392578],[-70.790283,-36.411719],[-70.853174,-36.411719],[-70.905127,-36.419922],[-70.97793,-36.487305],[-71.055518,-36.52373],[-71.073242,-36.578027],[-71.066406,-36.644043],[-71.107422,-36.685059],[-71.159375,-36.761621],[-71.192187,-36.843652],[-71.159375,-36.920215],[-71.123828,-37.056934],[-71.118408,-37.114355],[-71.163477,-37.227441],[-71.200391,-37.300293],[-71.164893,-37.393262],[-71.134814,-37.445117],[-71.162842,-37.55918],[-71.186719,-37.631055],[-71.167578,-37.762305],[-71.096191,-37.909961],[-71.028174,-38.041211],[-71.018164,-38.193945],[-71.000488,-38.314844],[-70.967969,-38.445898],[-70.899658,-38.497852],[-70.847656,-38.541602],[-70.858643,-38.604492],[-70.896924,-38.681055],[-70.951611,-38.738477],[-71.087109,-38.75752],[-71.197266,-38.809375],[-71.285742,-38.84541],[-71.353174,-38.888867],[-71.401562,-38.935059],[-71.425586,-38.985645],[-71.409375,-39.205957],[-71.42002,-39.287207],[-71.465381,-39.402344],[-71.507764,-39.495215],[-71.525781,-39.523145],[-71.53125,-39.56416],[-71.539453,-39.602441],[-71.587012,-39.611133],[-71.654297,-39.594238],[-71.692578,-39.605176],[-71.719922,-39.635254],[-71.696826,-39.707031],[-71.67207,-39.833301],[-71.637891,-39.886816],[-71.647119,-39.929199],[-71.659766,-40.020801],[-71.704395,-40.094922],[-71.763672,-40.094629],[-71.801953,-40.124707],[-71.818311,-40.17666],[-71.800586,-40.244336],[-71.722656,-40.299707],[-71.695312,-40.335254],[-71.708984,-40.381738],[-71.769141,-40.400879],[-71.804639,-40.43916],[-71.838525,-40.524414],[-71.883789,-40.620605],[-71.932129,-40.691699],[-71.941357,-40.78916],[-71.873047,-40.892969],[-71.880713,-40.994629],[-71.885596,-41.292383],[-71.892187,-41.393359],[-71.871143,-41.560547],[-71.897607,-41.606641],[-71.911279,-41.650391],[-71.844482,-41.771973],[-71.77002,-41.968555],[-71.75,-42.046777],[-71.760937,-42.101465],[-71.860791,-42.147852],[-71.944092,-42.16709],[-71.993311,-42.134277],[-72.026123,-42.147949],[-72.064404,-42.205371],[-72.108203,-42.251855],[-72.124609,-42.29834],[-72.078125,-42.358496],[-72.053467,-42.473242],[-72.10542,-42.522461],[-72.143701,-42.577148],[-72.130029,-42.648242],[-72.113623,-42.776758],[-72.146436,-42.990039],[-72.102393,-43.065625],[-72.054688,-43.101953],[-71.898584,-43.145313],[-71.781494,-43.166797],[-71.750635,-43.237305],[-71.763867,-43.294629],[-71.820215,-43.322949],[-71.90498,-43.347559],[-71.90498,-43.440137],[-71.832422,-43.527148],[-71.750635,-43.590137],[-71.732764,-43.646777],[-71.737402,-43.704688],[-71.794727,-43.753223],[-71.715967,-43.858398],[-71.680078,-43.92959],[-71.716162,-43.984473],[-71.767187,-44.066699],[-71.812354,-44.106055],[-71.812109,-44.150781],[-71.830762,-44.241406],[-71.835059,-44.330176],[-71.82002,-44.383105],[-71.325732,-44.424902],[-71.212598,-44.441211],[-71.150879,-44.494043],[-71.159717,-44.560254],[-71.221484,-44.630762],[-71.261133,-44.763086],[-71.358154,-44.785156],[-71.455176,-44.749805],[-71.5604,-44.762012],[-71.65166,-44.77041],[-71.782812,-44.774414],[-71.957031,-44.791504],[-72.063721,-44.771875],[-72.07251,-44.82041],[-72.041699,-44.904199],[-71.812354,-44.930664],[-71.596289,-44.979199],[-71.531299,-45.067871],[-71.443457,-45.168262],[-71.35376,-45.230469],[-71.349316,-45.331934],[-71.49043,-45.437695],[-71.508105,-45.512695],[-71.693311,-45.534766],[-71.746191,-45.578906],[-71.772656,-45.724414],[-71.750635,-45.839063],[-71.680078,-45.878711],[-71.631543,-45.953711],[-71.684473,-46.041895],[-71.809277,-46.102734],[-71.875684,-46.160547],[-71.834131,-46.206738],[-71.777637,-46.27998],[-71.762109,-46.319824],[-71.731299,-46.427832],[-71.695215,-46.578418],[-71.699658,-46.651367],[-71.732715,-46.705859],[-71.856445,-46.791602],[-71.940234,-46.83125],[-71.956641,-46.936816],[-71.962988,-47.016016],[-71.954248,-47.0875],[-71.900537,-47.144336],[-71.90498,-47.20166],[-71.978516,-47.213867],[-72.041699,-47.241406],[-72.103418,-47.342773],[-72.28291,-47.446289],[-72.345947,-47.492676],[-72.341504,-47.57207],[-72.412598,-47.685547],[-72.472217,-47.78418],[-72.51792,-47.876367],[-72.509082,-47.97334],[-72.40791,-48.015918],[-72.32832,-48.110059],[-72.293018,-48.229102],[-72.354736,-48.36582],[-72.498145,-48.417383],[-72.582861,-48.475391],[-72.608398,-48.519336],[-72.585938,-48.6625],[-72.591748,-48.729688],[-72.614404,-48.792871],[-72.65127,-48.841602],[-72.728467,-48.896289],[-72.86543,-48.943945],[-72.981738,-48.976758],[-73.033643,-49.014355],[-73.09458,-49.096875],[-73.148877,-49.187988],[-73.135254,-49.300684],[-73.461572,-49.313867],[-73.483643,-49.397656],[-73.554199,-49.463867],[-73.57627,-49.58291],[-73.504541,-49.698047],[-73.47041,-49.794531],[-73.528906,-49.910938],[-73.507715,-50.030273],[-73.50127,-50.125293],[-73.386621,-50.231152],[-73.311719,-50.361914],[-73.27417,-50.472559],[-73.251611,-50.558496],[-73.221631,-50.610742],[-73.174512,-50.67002],[-73.15293,-50.738281],[-73.082373,-50.760352],[-72.955566,-50.696484],[-72.865918,-50.653125],[-72.803613,-50.637695],[-72.62041,-50.647656],[-72.509814,-50.60752],[-72.460156,-50.611719],[-72.392578,-50.634277],[-72.340234,-50.681836],[-72.300635,-50.789551],[-72.276318,-50.910254],[-72.307373,-51.033398],[-72.35918,-51.060156],[-72.376807,-51.09541],[-72.35918,-51.17041],[-72.301855,-51.22334],[-72.303223,-51.298926],[-72.366406,-51.470313],[-72.407666,-51.54082],[-72.334521,-51.620313],[-72.268994,-51.691113],[-72.136963,-51.744043],[-72.028418,-51.818652],[-71.953467,-51.880371],[-71.971094,-51.96416],[-71.918652,-51.989551],[-71.716602,-51.991309],[-71.414746,-51.993945],[-70.943164,-51.998145],[-70.482861,-52.002246],[-69.960254,-52.008203],[-69.712598,-52.075391],[-69.488428,-52.136133],[-69.206201,-52.136133],[-68.924561,-52.208105],[-68.715186,-52.255469],[-68.589795,-52.27334],[-68.460986,-52.29043],[-68.443359,-52.356641],[-69.007227,-52.262695],[-69.133789,-52.211426],[-69.241016,-52.205469],[-69.446875,-52.269434],[-69.560596,-52.421582],[-69.620312,-52.464746],[-69.76333,-52.505566],[-69.907227,-52.513574],[-70.390967,-52.66084],[-70.562939,-52.673438],[-70.680322,-52.7125],[-70.795117,-52.76875],[-70.839062,-52.889551],[-70.821191,-52.963086],[-70.952051,-53.226953],[-70.984326,-53.373633],[-70.985107,-53.44834],[-70.947803,-53.57041],[-70.99585,-53.779297],[-71.082812,-53.825],[-71.297754,-53.883398],[-71.443896,-53.840918],[-71.693799,-53.803125],[-71.871875,-53.722656],[-72.100928,-53.66582],[-72.174414,-53.632324],[-72.376807,-53.471191],[-72.398242,-53.417773],[-72.412891,-53.350195],[-72.306055,-53.253711],[-72.248633,-53.24668],[-72.081152,-53.249609],[-71.941699,-53.234082],[-71.852734,-53.285742],[-71.828223,-53.39834],[-71.867334,-53.458398],[-71.902783,-53.495508],[-71.891699,-53.523535],[-71.791455,-53.48457],[-71.740527,-53.232617],[-71.400342,-53.107031],[-71.288965,-53.033691],[-71.180225,-52.920508],[-71.163281,-52.888086],[-71.155078,-52.845605],[-71.227148,-52.810645],[-71.387744,-52.764258],[-71.897998,-53.001758],[-72.129102,-53.064355],[-72.278027,-53.132324],[-72.458301,-53.254492],[-72.492578,-53.290625],[-72.530811,-53.37168],[-72.548926,-53.460742],[-72.726807,-53.42002],[-72.998389,-53.290723],[-73.052734,-53.243457],[-72.998242,-53.177246],[-72.915527,-53.121973],[-72.909912,-52.936523],[-72.88916,-52.871582],[-72.831885,-52.819531],[-72.727686,-52.762305],[-72.675977,-52.749023],[-72.63208,-52.773828],[-72.626611,-52.817578],[-72.453467,-52.814453],[-72.117578,-52.65],[-71.979297,-52.646094],[-71.79707,-52.682813],[-71.591211,-52.660742],[-71.55415,-52.643945],[-71.511279,-52.605371],[-71.664746,-52.560059],[-71.811914,-52.537012],[-72.225684,-52.520996],[-72.315381,-52.538574],[-72.437695,-52.625781],[-72.478271,-52.604004],[-72.504395,-52.560059],[-72.644824,-52.529102],[-72.712109,-52.535547],[-72.776562,-52.577441],[-72.766016,-52.642578],[-72.801904,-52.712402],[-72.931885,-52.781641],[-73.020264,-52.891797],[-73.016113,-52.977441],[-73.022998,-53.02207],[-73.055469,-53.045605],[-73.122461,-53.073926],[-73.338184,-53.054688],[-73.459863,-52.964844],[-73.50752,-52.903516],[-73.645215,-52.837012],[-73.345947,-52.754297],[-73.24082,-52.707129],[-73.144824,-52.601953],[-73.073193,-52.535059],[-73.123926,-52.487988],[-73.183789,-52.487891],[-73.178174,-52.562695],[-73.244141,-52.624023],[-73.382129,-52.595117],[-73.585693,-52.685742],[-73.71084,-52.661523],[-73.914697,-52.688184],[-74.014453,-52.639355],[-74.03584,-52.577246],[-73.999902,-52.512598],[-74.037354,-52.40293],[-74.093506,-52.37627],[-74.15083,-52.38252],[-74.176562,-52.317188],[-74.238477,-52.202344],[-74.265967,-52.171289],[-74.295654,-52.117871],[-74.264941,-52.104883],[-74.194922,-52.120215],[-74.133545,-52.154785],[-74.040234,-52.15918],[-73.834473,-52.233984],[-73.749121,-52.216016],[-73.702783,-52.198828],[-73.6854,-52.136719],[-73.684326,-52.077734],[-73.649023,-52.077734],[-73.532227,-52.153125],[-73.457959,-52.145996],[-73.326758,-52.165918],[-73.260449,-52.157813],[-73.137354,-52.129688],[-72.943701,-52.046875],[-72.843213,-51.961133],[-72.79502,-51.949512],[-72.7354,-51.960547],[-72.695459,-51.985156],[-72.694824,-52.044727],[-72.649561,-52.099902],[-72.587988,-52.145117],[-72.57085,-52.200098],[-72.583447,-52.254199],[-72.693604,-52.330273],[-72.714014,-52.356738],[-72.677051,-52.384668],[-72.631494,-52.371582],[-72.568701,-52.333984],[-72.53291,-52.282324],[-72.52334,-52.255469],[-72.519336,-52.21709],[-72.524121,-52.170312],[-72.613574,-52.037012],[-72.624756,-52.006934],[-72.624609,-51.946484],[-72.522852,-51.890918],[-72.494141,-51.847559],[-72.489648,-51.763672],[-72.542529,-51.706152],[-72.76123,-51.573242],[-73.126758,-51.439941],[-73.16875,-51.453906],[-73.197021,-51.478027],[-73.163379,-51.495605],[-73.11499,-51.504492],[-72.789355,-51.614258],[-72.70459,-51.67793],[-72.649072,-51.69502],[-72.583301,-51.737305],[-72.600049,-51.799121],[-72.928369,-51.859863],[-73.188672,-51.990625],[-73.383252,-52.07002],[-73.518164,-52.041016],[-73.582324,-51.960352],[-73.650293,-51.85625],[-73.752637,-51.795508],[-73.810645,-51.801172],[-73.857568,-51.789941],[-73.894434,-51.757812],[-73.973242,-51.784473],[-74.146436,-51.712109],[-74.19668,-51.680566],[-74.06958,-51.578711],[-73.929785,-51.617871],[-73.895898,-51.331445],[-73.939502,-51.266309],[-74.12124,-51.19541],[-74.210498,-51.20459],[-74.332324,-51.19502],[-74.414355,-51.1625],[-74.507861,-51.149609],[-74.586865,-51.130664],[-74.690088,-51.086523],[-74.814746,-51.062891],[-74.983105,-50.881055],[-75.055322,-50.785547],[-75.094678,-50.68125],[-74.836621,-50.678906],[-74.685742,-50.662012],[-74.648926,-50.618457],[-74.702051,-50.535352],[-74.775879,-50.469922],[-74.72168,-50.408496],[-74.644482,-50.360938],[-74.564111,-50.382031],[-74.365576,-50.487891],[-74.331445,-50.55957],[-74.190186,-50.778027],[-74.156104,-50.797461],[-74.139404,-50.817773],[-73.847461,-50.940039],[-73.806543,-50.938379],[-73.824609,-50.83584],[-73.740576,-50.69668],[-73.659033,-50.650684],[-73.618164,-50.651172],[-73.613965,-50.62793],[-73.693262,-50.57002],[-73.654443,-50.492676],[-73.679932,-50.490234],[-73.750195,-50.539844],[-73.891504,-50.782715],[-73.978027,-50.827051],[-74.096729,-50.71709],[-74.164111,-50.637891],[-74.197217,-50.609766],[-74.185596,-50.485352],[-73.950342,-50.510547],[-74.031055,-50.469824],[-74.305566,-50.398047],[-74.374121,-50.362988],[-74.425098,-50.350195],[-74.516406,-50.265625],[-74.62959,-50.194043],[-74.434326,-50.065234],[-74.33374,-49.974609],[-74.019434,-50.022754],[-73.958594,-49.994727],[-74.01123,-49.928516],[-74.073291,-49.948535],[-74.171338,-49.907324],[-74.323926,-49.783398],[-74.31875,-49.720117],[-74.29082,-49.604102],[-74.230371,-49.579297],[-74.102002,-49.555371],[-73.955518,-49.593066],[-73.891553,-49.62373],[-73.836377,-49.609375],[-73.89248,-49.523438],[-73.988037,-49.490918],[-74.094434,-49.429688],[-74.083496,-49.361816],[-74.049219,-49.305664],[-74.023438,-49.244141],[-74.005615,-49.158008],[-74.015381,-49.090918],[-73.984766,-49.059961],[-73.937891,-49.046094],[-73.934961,-49.020898],[-74.027734,-49.026172],[-74.061328,-49.111035],[-74.073877,-49.188379],[-74.139795,-49.250488],[-74.167871,-49.320508],[-74.18457,-49.404395],[-74.221289,-49.500586],[-74.301514,-49.463965],[-74.348535,-49.42627],[-74.366553,-49.400488],[-74.358154,-49.351367],[-74.37998,-49.047852],[-74.382129,-48.793652],[-74.341016,-48.595703],[-74.227686,-48.516992],[-74.176221,-48.494141],[-74.129297,-48.504199],[-74.056934,-48.503613],[-74.009082,-48.475],[-74.171533,-48.427441],[-74.270068,-48.45459],[-74.342969,-48.492578],[-74.474414,-48.463965],[-74.499414,-48.362305],[-74.577197,-48.274414],[-74.590723,-48.161914],[-74.584668,-47.999023],[-74.400488,-48.013086],[-74.250439,-48.044922],[-73.853809,-48.042188],[-73.528174,-48.198242],[-73.384473,-48.177344],[-73.391064,-48.145898],[-73.500977,-48.106641],[-73.56958,-48.019336],[-73.609912,-47.993945],[-73.628906,-47.941504],[-73.635107,-47.880371],[-73.715869,-47.655469],[-73.748242,-47.661328],[-73.779248,-47.738477],[-73.84668,-47.866992],[-73.940869,-47.929395],[-74.084766,-47.954688],[-74.227051,-47.968945],[-74.350586,-47.944336],[-74.379346,-47.891211],[-74.376221,-47.829688],[-74.429688,-47.799609],[-74.569238,-47.772949],[-74.608887,-47.758008],[-74.654932,-47.702246],[-74.588428,-47.617969],[-74.533789,-47.567676],[-74.466895,-47.577637],[-74.403564,-47.600391],[-74.322559,-47.666699],[-74.242969,-47.679297],[-74.151953,-47.62666],[-74.134082,-47.59082],[-74.191016,-47.568359],[-74.24292,-47.559668],[-74.323682,-47.531445],[-74.482666,-47.430469],[-74.403271,-47.327539],[-74.215674,-47.20957],[-74.158398,-47.18252],[-74.208057,-47.083105],[-74.151904,-46.974414],[-74.209473,-46.884766],[-74.313574,-46.788184],[-74.454199,-46.766797],[-74.484424,-46.79502],[-74.489355,-46.83457],[-74.466992,-46.864355],[-74.480176,-46.88584],[-74.512256,-46.885156],[-74.69082,-46.863965],[-74.810645,-46.799707],[-75.005957,-46.741113],[-75.031445,-46.695312],[-75.052539,-46.628027],[-74.98418,-46.512109],[-75.01875,-46.510547],[-75.145752,-46.600098],[-75.337402,-46.64707],[-75.478418,-46.662402],[-75.540332,-46.69873],[-75.565088,-46.728711],[-75.527588,-46.746387],[-75.445996,-46.750781],[-75.386426,-46.862695],[-75.401221,-46.905664],[-75.430371,-46.93457],[-75.496631,-46.940137],[-75.635254,-46.862793],[-75.708105,-46.775],[-75.706396,-46.705273],[-75.656787,-46.610352],[-75.436914,-46.483008],[-75.376025,-46.429102],[-75.247021,-46.369336],[-75.074854,-46.23457],[-74.924463,-46.159668],[-74.997656,-46.097656],[-75.074512,-46.004492],[-75.066699,-45.874902],[-74.763135,-45.823633],[-74.630664,-45.844727],[-74.462793,-45.840723],[-74.369141,-45.809668],[-74.301172,-45.803027],[-74.157861,-45.767188],[-74.096191,-45.716797],[-74.081836,-45.67832],[-74.08252,-45.644727],[-74.099268,-45.603418],[-74.122705,-45.496191],[-74.098926,-45.460352],[-74.037549,-45.417676],[-73.957178,-45.404395],[-73.920312,-45.407715],[-73.825,-45.446875],[-73.844141,-45.502441],[-73.882324,-45.569336],[-73.960254,-45.835254],[-73.999512,-45.895313],[-74.061035,-45.947363],[-74.019922,-46.055859],[-74.081543,-46.131836],[-74.356787,-46.212695],[-74.392969,-46.217383],[-74.372461,-46.246289],[-74.213135,-46.239453],[-74.089746,-46.222363],[-73.967578,-46.154102],[-73.929199,-46.049902],[-73.878711,-45.846875],[-73.812549,-45.818164],[-73.735254,-45.811719],[-73.694873,-45.85957],[-73.70791,-45.966699],[-73.708154,-46.070312],[-73.810645,-46.377344],[-73.934814,-46.500684],[-73.948633,-46.533105],[-73.94375,-46.571582],[-73.845361,-46.566016],[-73.770264,-46.499805],[-73.716211,-46.415234],[-73.662061,-46.297461],[-73.668213,-46.212109],[-73.65166,-46.159277],[-73.629443,-45.986523],[-73.591846,-45.899121],[-73.594336,-45.776855],[-73.661963,-45.730762],[-73.756592,-45.702832],[-73.780371,-45.62793],[-73.730762,-45.47998],[-73.549902,-45.483789],[-73.378564,-45.382812],[-73.266211,-45.346191],[-73.202344,-45.353809],[-72.978174,-45.451172],[-72.933838,-45.452344],[-72.94082,-45.417285],[-72.975537,-45.392578],[-73.063867,-45.359766],[-73.226367,-45.255176],[-73.444971,-45.238184],[-73.404883,-45.102344],[-73.362451,-44.978223],[-73.256445,-44.961035],[-73.078418,-44.920215],[-72.738965,-44.73418],[-72.680078,-44.593945],[-72.663867,-44.436426],[-72.827539,-44.39541],[-73.001025,-44.292383],[-73.140967,-44.2375],[-73.265088,-44.168652],[-73.240723,-44.065723],[-73.224463,-43.897949],[-73.068799,-43.862012],[-72.996582,-43.631543],[-73.100977,-43.455176],[-73.075977,-43.323633],[-72.93999,-43.211328],[-72.915479,-43.133594],[-72.878027,-43.048145],[-72.758008,-43.039453],[-72.755371,-42.992969],[-72.766016,-42.908203],[-72.844971,-42.808008],[-72.848047,-42.669141],[-72.773926,-42.505176],[-72.654834,-42.516602],[-72.631836,-42.509668],[-72.716309,-42.410449],[-72.785156,-42.30127],[-72.773242,-42.257715],[-72.707373,-42.220508],[-72.631055,-42.199805],[-72.548437,-42.255762],[-72.430273,-42.433887],[-72.412354,-42.388184],[-72.460107,-42.206641],[-72.499414,-41.980859],[-72.623975,-42.010547],[-72.738184,-41.994629],[-72.781201,-41.95957],[-72.824072,-41.908789],[-72.783838,-41.846777],[-72.743701,-41.800586],[-72.659863,-41.74248],[-72.486035,-41.72207],[-72.3604,-41.649121],[-72.318262,-41.499023],[-72.359473,-41.513867],[-72.427734,-41.645898],[-72.542383,-41.690625],[-72.60083,-41.684082],[-72.669775,-41.659375],[-72.805127,-41.544336],[-72.87998,-41.517578],[-72.952832,-41.514746],[-73.01499,-41.543848],[-73.174072,-41.746582],[-73.241797,-41.780859],[-73.521289,-41.79707],[-73.624023,-41.773633],[-73.735156,-41.74248],[-73.721875,-41.69248],[-73.688086,-41.639258],[-73.625049,-41.611914],[-73.623926,-41.581348],[-73.710645,-41.573633],[-73.810742,-41.51748],[-73.855029,-41.446387],[-73.876172,-41.319336],[-73.965869,-41.118262],[-73.983594,-40.974316],[-73.920312,-40.871582],[-73.784033,-40.468457],[-73.74248,-40.262988],[-73.669434,-40.082324],[-73.670996,-39.963184],[-73.482227,-39.854297],[-73.4104,-39.78916],[-73.249902,-39.422363],[-73.226465,-39.224414],[-73.480762,-38.624023],[-73.520215,-38.509375],[-73.532568,-38.366797],[-73.471875,-38.130078],[-73.464795,-38.040332],[-73.516748,-37.910547],[-73.661816,-37.698535],[-73.6646,-37.59043],[-73.603418,-37.479102],[-73.662402,-37.341016],[-73.633643,-37.255469],[-73.60166,-37.188477],[-73.374561,-37.224316],[-73.271094,-37.207422],[-73.215967,-37.166895],[-73.172852,-37.053516],[-73.15127,-36.876172],[-73.137793,-36.799902],[-73.118066,-36.688379],[-73.006592,-36.643457],[-72.967822,-36.537793],[-72.874561,-36.39043],[-72.778418,-35.978516],[-72.683398,-35.876953],[-72.587354,-35.759668],[-72.623926,-35.585742],[-72.562061,-35.505371],[-72.505176,-35.446973],[-72.45498,-35.34082],[-72.386719,-35.24043],[-72.223779,-35.096191],[-72.182422,-34.920215],[-72.055957,-34.61582],[-72.030762,-34.420508],[-71.991504,-34.288477],[-72.002832,-34.165332],[-71.926855,-34.015625],[-71.853955,-33.889551],[-71.830957,-33.819531],[-71.664355,-33.652637],[-71.636279,-33.519238],[-71.695508,-33.429004],[-71.696582,-33.289062],[-71.742969,-33.095117],[-71.635547,-33.022559],[-71.592041,-32.969531],[-71.452246,-32.65957],[-71.461426,-32.537891],[-71.421289,-32.386816],[-71.513037,-32.20791],[-71.525879,-31.805859],[-71.577295,-31.496387],[-71.661963,-31.169531],[-71.653906,-30.986621],[-71.705664,-30.759277],[-71.708936,-30.628027],[-71.669482,-30.330371],[-71.400391,-30.142969],[-71.348047,-29.933203],[-71.315723,-29.649707],[-71.326709,-29.443164],[-71.353271,-29.350391],[-71.48584,-29.198242],[-71.519238,-28.926465],[-71.493604,-28.855273],[-71.384082,-28.778711],[-71.306738,-28.672461],[-71.266846,-28.50752],[-71.186426,-28.377832],[-71.154492,-28.064063],[-71.086523,-27.814453],[-71.052637,-27.727344],[-70.945801,-27.617871],[-70.925781,-27.588672],[-70.909277,-27.505176],[-70.914258,-27.30791],[-70.8979,-27.1875],[-70.812744,-26.950586],[-70.80293,-26.840918],[-70.708398,-26.596973],[-70.686963,-26.421777],[-70.646582,-26.329395],[-70.662256,-26.225391],[-70.635449,-25.992676],[-70.699609,-25.861133],[-70.713721,-25.78418],[-70.633008,-25.545605],[-70.578125,-25.4875],[-70.489502,-25.376465],[-70.452197,-25.251855],[-70.445361,-25.172656],[-70.558643,-24.778516],[-70.574121,-24.644336],[-70.546436,-24.331641],[-70.507422,-24.129688],[-70.520068,-23.968555],[-70.507422,-23.885742],[-70.487793,-23.781738],[-70.409961,-23.655566],[-70.392334,-23.565918],[-70.419629,-23.528516],[-70.511963,-23.482813],[-70.588135,-23.368359],[-70.593359,-23.255469],[-70.568848,-23.17334],[-70.563184,-23.057031],[-70.449658,-23.03418],[-70.38916,-22.969629],[-70.331689,-22.848633],[-70.259521,-22.556055],[-70.228516,-22.193164],[-70.185449,-21.974609],[-70.155078,-21.866602],[-70.12959,-21.64082],[-70.087549,-21.493066],[-70.080029,-21.356836],[-70.088379,-21.253223],[-70.197021,-20.725391],[-70.193652,-20.531445],[-70.147461,-20.229785],[-70.148145,-19.805078],[-70.157422,-19.705859],[-70.19834,-19.612988],[-70.2104,-19.486914],[-70.275781,-19.267578],[-70.334863,-18.827539],[-70.336084,-18.595215],[-70.361621,-18.398047],[-70.418262,-18.345605]]],[[[-68.629932,-52.652637],[-68.631689,-52.949512],[-68.633447,-53.241895],[-68.635059,-53.51543],[-68.63667,-53.788867],[-68.638232,-54.05293],[-68.639795,-54.324023],[-68.64751,-54.627832],[-68.653223,-54.853613],[-68.803857,-54.853613],[-68.843555,-54.876758],[-69.081641,-54.909863],[-69.486279,-54.858887],[-69.587549,-54.812793],[-69.723437,-54.712109],[-69.771826,-54.73916],[-69.899463,-54.781836],[-70.030518,-54.815527],[-70.138086,-54.819238],[-70.237793,-54.777539],[-70.259082,-54.756348],[-70.281738,-54.751758],[-70.497168,-54.80957],[-70.735156,-54.750586],[-70.924707,-54.714355],[-71.229248,-54.694141],[-71.440918,-54.619629],[-71.831543,-54.626172],[-71.901562,-54.601562],[-71.927734,-54.528711],[-71.906982,-54.494824],[-71.823437,-54.474414],[-71.800146,-54.433984],[-71.71582,-54.443652],[-71.606299,-54.497168],[-71.572754,-54.495313],[-71.500391,-54.444922],[-71.393408,-54.400195],[-71.355225,-54.39541],[-71.158838,-54.450586],[-71.079932,-54.444238],[-70.966455,-54.419531],[-70.946191,-54.398047],[-70.928174,-54.360059],[-70.898242,-54.337891],[-70.797266,-54.327246],[-70.698828,-54.348828],[-70.687549,-54.414746],[-70.701123,-54.485449],[-70.572998,-54.504395],[-70.41792,-54.502246],[-70.310986,-54.528516],[-70.297656,-54.485547],[-70.468311,-54.373242],[-70.53999,-54.303418],[-70.636133,-54.262305],[-70.759863,-54.241309],[-70.863086,-54.110449],[-70.856738,-53.995801],[-70.867725,-53.88418],[-70.644482,-53.822852],[-70.695605,-53.727441],[-70.61875,-53.655078],[-70.531299,-53.627344],[-70.443164,-53.893457],[-70.379736,-53.986719],[-70.460547,-54.005664],[-70.629834,-54.005566],[-70.535303,-54.136133],[-70.37998,-54.180664],[-70.246094,-54.277441],[-70.243359,-54.347656],[-70.168994,-54.379297],[-69.990137,-54.381348],[-69.866992,-54.36748],[-69.809082,-54.320801],[-69.741846,-54.305859],[-69.62168,-54.364063],[-69.419287,-54.407129],[-69.364795,-54.437598],[-69.325098,-54.488184],[-69.322461,-54.542676],[-69.312061,-54.571484],[-69.253174,-54.557422],[-69.169189,-54.483301],[-69.127881,-54.457617],[-69.077246,-54.44502],[-69.045215,-54.428418],[-69.044336,-54.406738],[-69.195654,-54.354395],[-69.988135,-54.109082],[-70.085596,-54.011133],[-70.151123,-53.888086],[-70.148828,-53.761133],[-70.091113,-53.721777],[-69.949707,-53.671582],[-69.689746,-53.600879],[-69.389941,-53.499414],[-69.352441,-53.47998],[-69.355957,-53.416309],[-69.393555,-53.373437],[-69.512549,-53.341992],[-69.637012,-53.334082],[-69.755615,-53.337207],[-69.874121,-53.350488],[-70.090381,-53.418164],[-70.212842,-53.413965],[-70.329297,-53.377637],[-70.415674,-53.304785],[-70.460254,-53.20625],[-70.459961,-53.143359],[-70.443359,-53.085547],[-70.390674,-53.026465],[-70.32002,-53.000684],[-70.256348,-53.004102],[-70.196484,-52.990234],[-70.160889,-52.969922],[-70.130615,-52.942773],[-70.139551,-52.919336],[-70.162744,-52.899023],[-70.25918,-52.857227],[-70.297363,-52.816992],[-70.380127,-52.751953],[-70.334912,-52.733789],[-70.189648,-52.723633],[-70.088232,-52.768555],[-69.993555,-52.821289],[-69.935449,-52.821094],[-69.883203,-52.799023],[-69.763574,-52.731348],[-69.663281,-52.646289],[-69.571875,-52.549316],[-69.498389,-52.491406],[-69.414062,-52.48623],[-69.167041,-52.667578],[-69.079932,-52.674316],[-68.789795,-52.576758],[-68.75752,-52.582031],[-68.659229,-52.631543],[-68.629932,-52.652637]]],[[[-67.079932,-55.153809],[-67.109473,-55.19209],[-67.172559,-55.242578],[-67.257422,-55.281836],[-67.339697,-55.292578],[-67.399268,-55.272266],[-67.429395,-55.236523],[-67.443262,-55.201172],[-67.463477,-55.181738],[-67.494727,-55.177441],[-67.535254,-55.178516],[-67.585205,-55.191992],[-67.691455,-55.242969],[-67.736963,-55.256445],[-67.767773,-55.25957],[-68.07002,-55.221094],[-68.099512,-55.206836],[-68.135107,-55.172656],[-68.174316,-55.071289],[-68.301367,-54.980664],[-68.106934,-54.929395],[-67.874121,-54.929688],[-67.424561,-54.968945],[-67.245264,-54.977637],[-67.107324,-55.063574],[-67.085498,-55.115234],[-67.079932,-55.153809]]],[[[-73.773389,-43.345898],[-73.848584,-43.366797],[-73.918701,-43.371973],[-73.989941,-43.356641],[-74.114404,-43.35791],[-74.238574,-43.318848],[-74.354932,-43.263574],[-74.387354,-43.231641],[-74.373145,-43.185742],[-74.289355,-43.079492],[-74.209473,-42.878711],[-74.156299,-42.590527],[-74.198828,-42.481348],[-74.193555,-42.436035],[-74.174072,-42.381543],[-74.164355,-42.325488],[-74.170312,-42.268945],[-74.160205,-42.216406],[-74.072314,-42.105859],[-74.059375,-42.05625],[-74.056836,-42.002344],[-74.018799,-41.890918],[-74.030518,-41.854004],[-74.063037,-41.822754],[-74.03667,-41.795508],[-73.730957,-41.877246],[-73.527832,-41.896289],[-73.516943,-41.980859],[-73.477783,-42.047168],[-73.454492,-42.165918],[-73.4229,-42.192871],[-73.439258,-42.277832],[-73.532812,-42.314453],[-73.524561,-42.392578],[-73.470801,-42.466309],[-73.549268,-42.492578],[-73.633887,-42.508203],[-73.653467,-42.528711],[-73.714746,-42.544727],[-73.789258,-42.585742],[-73.766846,-42.621875],[-73.673047,-42.704395],[-73.568262,-42.761621],[-73.510742,-42.847168],[-73.436328,-42.936523],[-73.472656,-42.993262],[-73.54082,-43.07373],[-73.649609,-43.127148],[-73.749658,-43.159082],[-73.737891,-43.291406],[-73.773389,-43.345898]]],[[[-74.476172,-49.147852],[-74.466797,-49.294531],[-74.483594,-49.441895],[-74.52207,-49.622949],[-74.515771,-49.65957],[-74.47085,-49.668555],[-74.458838,-49.691113],[-74.471973,-49.78623],[-74.496094,-49.859473],[-74.542578,-49.919141],[-74.569824,-49.990723],[-74.594727,-50.006641],[-74.703369,-50.019238],[-74.762988,-50.011426],[-74.81084,-49.929688],[-74.824707,-49.879492],[-74.821924,-49.813867],[-74.88042,-49.725879],[-74.882227,-49.692188],[-74.859326,-49.63418],[-74.812012,-49.605273],[-74.804834,-49.516016],[-74.781006,-49.489258],[-74.727051,-49.452344],[-74.718848,-49.437012],[-74.723828,-49.423828],[-74.743848,-49.422461],[-74.960107,-49.533008],[-74.981299,-49.56416],[-74.99082,-49.605664],[-74.993506,-49.751758],[-75.031543,-49.83623],[-75.066016,-49.852344],[-75.166943,-49.855957],[-75.300098,-49.847461],[-75.451172,-49.769922],[-75.549805,-49.791309],[-75.570117,-49.69707],[-75.520752,-49.62168],[-75.337061,-49.628223],[-75.305859,-49.494043],[-75.364209,-49.4625],[-75.428857,-49.408398],[-75.46748,-49.358887],[-75.433154,-49.32207],[-75.32666,-49.268652],[-75.269629,-49.262891],[-75.216846,-49.292773],[-75.086035,-49.270215],[-75.093701,-49.185352],[-75.210156,-49.148047],[-75.184229,-49.083594],[-75.037109,-49.02207],[-74.949219,-48.960156],[-74.945215,-48.889453],[-74.980762,-48.818848],[-74.969531,-48.791309],[-74.89624,-48.733203],[-74.793457,-48.705078],[-74.74668,-48.708887],[-74.651562,-48.749902],[-74.566602,-48.754785],[-74.546094,-48.766895],[-74.530664,-48.812598],[-74.476172,-49.147852]]],[[[-75.510254,-48.763477],[-75.622852,-48.764648],[-75.650928,-48.586328],[-75.518457,-48.328809],[-75.509033,-48.230664],[-75.553516,-48.156738],[-75.571484,-48.095898],[-75.560693,-48.070898],[-75.391406,-48.019727],[-75.338379,-48.074023],[-75.275488,-48.218457],[-75.155518,-48.425195],[-75.158496,-48.622656],[-75.225098,-48.671387],[-75.433984,-48.721191],[-75.510254,-48.763477]]],[[[-74.385742,-52.922363],[-74.369336,-52.931445],[-74.32998,-52.929297],[-74.274609,-52.945508],[-74.065967,-52.965332],[-73.879199,-53.012207],[-73.781787,-53.056055],[-73.654004,-53.069824],[-73.549268,-53.125684],[-73.504541,-53.140039],[-73.450586,-53.144336],[-73.310352,-53.247656],[-73.30249,-53.259473],[-73.143359,-53.340918],[-73.135205,-53.353906],[-73.225732,-53.358398],[-73.409375,-53.320508],[-73.501025,-53.318457],[-73.567285,-53.306836],[-73.582812,-53.300195],[-73.595947,-53.25293],[-73.61709,-53.229688],[-73.793506,-53.120703],[-73.866943,-53.096875],[-73.993994,-53.075781],[-74.138574,-53.090527],[-74.236377,-53.076465],[-74.270215,-53.081543],[-74.414404,-52.994922],[-74.558301,-52.921875],[-74.619922,-52.834766],[-74.711523,-52.768164],[-74.712012,-52.74873],[-74.669971,-52.733887],[-74.571533,-52.771289],[-74.474561,-52.835645],[-74.422266,-52.860059],[-74.385742,-52.922363]]],[[[-74.567285,-48.591992],[-74.586279,-48.615723],[-74.70957,-48.601172],[-74.923047,-48.626465],[-75.012842,-48.535742],[-75.052148,-48.391406],[-75.078906,-48.361523],[-75.131934,-48.279297],[-75.158496,-48.225293],[-75.212891,-48.141699],[-75.233887,-48.053418],[-75.247266,-48.026758],[-75.198291,-47.974609],[-74.975098,-47.922852],[-74.895654,-47.839355],[-74.827441,-47.850391],[-74.846191,-48.020801],[-74.805225,-48.078223],[-74.729297,-48.125879],[-74.715234,-48.145508],[-74.702393,-48.205859],[-74.664355,-48.299316],[-74.615137,-48.343066],[-74.602441,-48.370313],[-74.600146,-48.393066],[-74.618213,-48.425195],[-74.567285,-48.591992]]],[[[-72.923242,-53.481641],[-72.896289,-53.562793],[-72.882227,-53.57832],[-72.809375,-53.565332],[-72.685498,-53.55791],[-72.482275,-53.588086],[-72.459229,-53.598828],[-72.3729,-53.6875],[-72.306689,-53.725391],[-72.20542,-53.807422],[-72.30625,-53.862109],[-72.365967,-53.94082],[-72.369141,-53.980762],[-72.408545,-54.003809],[-72.470508,-54.027734],[-72.562891,-54.07373],[-72.676562,-54.078906],[-72.788623,-54.103125],[-72.840381,-54.125098],[-72.870996,-54.126563],[-72.907275,-54.114648],[-72.946094,-54.09209],[-72.958594,-54.065918],[-72.881738,-54.041602],[-72.781689,-53.954785],[-72.76377,-53.864844],[-72.871729,-53.848535],[-72.936133,-53.86084],[-72.984229,-53.860547],[-73.039453,-53.832813],[-73.073047,-53.875293],[-73.085547,-53.915918],[-73.07085,-53.978027],[-73.080762,-53.998047],[-73.119971,-54.009375],[-73.210645,-53.98584],[-73.304736,-53.943945],[-73.312158,-53.919629],[-73.292871,-53.83584],[-73.294922,-53.79209],[-73.314355,-53.729199],[-73.324805,-53.722656],[-73.360107,-53.724023],[-73.470947,-53.736133],[-73.581641,-53.655469],[-73.641504,-53.570312],[-73.845459,-53.545801],[-73.686523,-53.426855],[-73.44707,-53.410059],[-73.365869,-53.470215],[-73.099365,-53.511914],[-73.115332,-53.448047],[-73.110889,-53.425195],[-73.074316,-53.396777],[-73.053613,-53.394434],[-73.02207,-53.414551],[-72.970947,-53.423047],[-72.947266,-53.44248],[-72.923242,-53.481641]]],[[[-74.822949,-51.630176],[-74.780127,-51.824707],[-74.749512,-51.851855],[-74.647461,-51.866211],[-74.536816,-51.965137],[-74.531836,-51.991992],[-74.665967,-52.160059],[-74.694482,-52.279199],[-74.851807,-52.270703],[-74.917725,-52.152246],[-75.017139,-52.037891],[-75.050684,-51.903906],[-75.105371,-51.788867],[-75.008105,-51.72373],[-74.915186,-51.738281],[-74.909668,-51.65],[-74.822949,-51.630176]]],[[[-69.702979,-54.919043],[-68.900781,-55.017773],[-68.653516,-54.95791],[-68.458008,-54.959668],[-68.399805,-55.041992],[-68.598096,-55.12832],[-68.613281,-55.155566],[-68.585547,-55.177734],[-68.381738,-55.191602],[-68.330078,-55.219434],[-68.282666,-55.255176],[-68.322754,-55.308203],[-68.326562,-55.332715],[-68.30542,-55.356641],[-68.152588,-55.436914],[-68.089893,-55.47832],[-68.058301,-55.517969],[-68.045557,-55.5875],[-68.04834,-55.643164],[-68.082666,-55.650586],[-68.15708,-55.633691],[-68.229639,-55.601562],[-68.293359,-55.521387],[-68.338037,-55.505273],[-68.466699,-55.489063],[-68.594189,-55.45],[-68.693555,-55.452246],[-68.78501,-55.435645],[-68.867041,-55.450195],[-68.896143,-55.423828],[-68.931299,-55.370605],[-68.93208,-55.347363],[-68.888965,-55.263281],[-68.890088,-55.241211],[-68.912646,-55.238574],[-69.008203,-55.255762],[-69.046826,-55.244336],[-69.150781,-55.183398],[-69.192627,-55.171875],[-69.29707,-55.16582],[-69.356152,-55.273926],[-69.359229,-55.300684],[-69.299023,-55.369336],[-69.180859,-55.474805],[-69.24082,-55.476758],[-69.411816,-55.444238],[-69.455713,-55.424023],[-69.508691,-55.370898],[-69.610254,-55.339941],[-69.645898,-55.320898],[-69.656299,-55.298438],[-69.657373,-55.229004],[-69.679834,-55.218945],[-69.824023,-55.236523],[-69.853711,-55.219824],[-69.865771,-55.190625],[-69.886768,-55.174121],[-69.979785,-55.147461],[-69.987988,-55.130762],[-69.946533,-55.111035],[-69.92085,-55.061133],[-69.884424,-54.882031],[-69.702979,-54.919043]]],[[[-71.390479,-54.032813],[-71.16875,-54.112598],[-71.021924,-54.111816],[-71.022852,-54.161719],[-71.004883,-54.24668],[-71.028027,-54.281152],[-71.082959,-54.316309],[-71.117529,-54.366309],[-71.143262,-54.374023],[-71.304639,-54.313574],[-71.473291,-54.231152],[-71.558105,-54.245605],[-71.670605,-54.225391],[-71.76123,-54.229785],[-71.817578,-54.276465],[-71.948535,-54.300879],[-71.972363,-54.207227],[-72.091553,-54.11875],[-72.210449,-54.047754],[-72.146045,-53.938867],[-72.068945,-53.921289],[-71.996484,-53.884863],[-71.705127,-53.92334],[-71.55415,-53.956055],[-71.390479,-54.032813]]],[[[-73.735352,-44.394531],[-73.78457,-44.4375],[-73.862305,-44.445117],[-73.983301,-44.494824],[-73.996045,-44.537988],[-74.002051,-44.590918],[-73.918555,-44.654687],[-73.877393,-44.728809],[-73.827881,-44.839844],[-73.792139,-44.945801],[-73.795361,-44.978613],[-73.786475,-45.033594],[-73.727148,-45.119043],[-73.72168,-45.157617],[-73.728174,-45.195898],[-73.7521,-45.266797],[-73.770996,-45.276563],[-73.829883,-45.283496],[-73.834473,-45.326562],[-73.848975,-45.340625],[-74.01626,-45.344922],[-74.099072,-45.325391],[-74.089258,-45.195703],[-74.195215,-45.144824],[-74.267969,-45.058984],[-74.349902,-44.91084],[-74.41875,-44.865234],[-74.498828,-44.748145],[-74.617773,-44.647949],[-74.480518,-44.58457],[-74.501807,-44.473535],[-74.42168,-44.435449],[-74.301221,-44.395703],[-74.2125,-44.426953],[-74.132812,-44.415918],[-74.097217,-44.389355],[-74.108105,-44.275879],[-74.082812,-44.186426],[-73.994922,-44.140234],[-73.900195,-44.134863],[-73.864551,-44.185352],[-73.817773,-44.234961],[-73.703223,-44.274121],[-73.703711,-44.325391],[-73.735352,-44.394531]]],[[[-72.986133,-44.780078],[-73.228467,-44.859961],[-73.35,-44.833203],[-73.39707,-44.774316],[-73.420068,-44.724805],[-73.445068,-44.641016],[-73.403662,-44.596094],[-73.314941,-44.531348],[-73.281982,-44.489551],[-73.266016,-44.440234],[-73.271582,-44.394141],[-73.26001,-44.350293],[-73.207715,-44.334961],[-73.028418,-44.384082],[-72.842432,-44.457715],[-72.776367,-44.508594],[-72.764062,-44.549023],[-72.845312,-44.638477],[-72.897168,-44.712012],[-72.986133,-44.780078]]],[[[-75.04248,-44.890137],[-75.06748,-44.906543],[-75.09873,-44.901758],[-75.124219,-44.869922],[-75.142139,-44.815625],[-75.107422,-44.795117],[-75.079492,-44.795117],[-75.048437,-44.823926],[-75.032227,-44.870508],[-75.04248,-44.890137]]],[[[-75.302002,-50.67998],[-75.330469,-50.772363],[-75.411377,-50.764355],[-75.438525,-50.741113],[-75.452637,-50.68252],[-75.477393,-50.654199],[-75.442676,-50.595508],[-75.419775,-50.530371],[-75.427637,-50.480566],[-75.303711,-50.483984],[-75.156152,-50.496777],[-75.115332,-50.510449],[-75.160449,-50.554395],[-75.203418,-50.580664],[-75.292334,-50.596875],[-75.302002,-50.67998]]],[[[-75.106689,-48.836523],[-75.115088,-48.916016],[-75.262695,-49.068945],[-75.389941,-49.15918],[-75.506104,-49.230664],[-75.580371,-49.22998],[-75.641162,-49.19541],[-75.572852,-49.138867],[-75.487646,-49.082422],[-75.514551,-49.00957],[-75.540137,-48.988477],[-75.576172,-48.980762],[-75.637842,-48.942578],[-75.619141,-48.885938],[-75.583105,-48.858887],[-75.535254,-48.838184],[-75.490479,-48.850488],[-75.297266,-48.810645],[-75.236182,-48.778613],[-75.118604,-48.772949],[-75.106689,-48.836523]]],[[[-75.112207,-47.837695],[-75.18584,-47.850684],[-75.194336,-47.818066],[-75.261035,-47.763867],[-75.203125,-47.728027],[-75.089844,-47.690625],[-75.003955,-47.694727],[-74.926465,-47.723145],[-74.916016,-47.756641],[-75.05127,-47.800488],[-75.084473,-47.824512],[-75.112207,-47.837695]]],[[[-74.66875,-43.607812],[-74.810449,-43.625391],[-74.842676,-43.595508],[-74.841992,-43.570312],[-74.817676,-43.549414],[-74.74502,-43.535938],[-74.697461,-43.553027],[-74.672656,-43.577441],[-74.664795,-43.599609],[-74.66875,-43.607812]]],[[[-73.632178,-44.821484],[-73.664844,-44.83291],[-73.69458,-44.831152],[-73.724756,-44.796875],[-73.734863,-44.75166],[-73.800146,-44.684082],[-73.818457,-44.652148],[-73.816992,-44.613965],[-73.779492,-44.55918],[-73.723926,-44.544238],[-73.686475,-44.546289],[-73.641211,-44.61084],[-73.628223,-44.680762],[-73.616602,-44.75293],[-73.632178,-44.821484]]],[[[-74.558643,-51.277051],[-74.560889,-51.36084],[-74.592578,-51.3875],[-74.620361,-51.395703],[-74.690723,-51.370215],[-74.730908,-51.367383],[-74.797363,-51.411719],[-74.85332,-51.43418],[-74.93667,-51.42832],[-75.047363,-51.39834],[-75.146289,-51.524316],[-75.192432,-51.566699],[-75.289111,-51.625391],[-75.300049,-51.556445],[-75.238477,-51.453516],[-75.21001,-51.383301],[-75.153662,-51.278809],[-75.040332,-51.318164],[-74.881445,-51.279492],[-74.73667,-51.207617],[-74.611572,-51.207129],[-74.570508,-51.24541],[-74.558643,-51.277051]]],[[[-75.054785,-50.296094],[-75.250391,-50.37627],[-75.307861,-50.343066],[-75.449121,-50.343359],[-75.412109,-50.256641],[-75.397852,-50.192676],[-75.376709,-50.167969],[-75.368848,-50.112695],[-75.32666,-50.011816],[-75.209668,-50.04541],[-75.122559,-50.055273],[-75.004248,-50.088672],[-74.875977,-50.109961],[-74.838574,-50.197266],[-74.963379,-50.237305],[-75.054785,-50.296094]]],[[[-73.810645,-43.827246],[-73.789648,-43.876465],[-73.833643,-43.883203],[-73.90415,-43.875391],[-73.938281,-43.914258],[-73.955664,-43.921973],[-74.117773,-43.8875],[-74.142969,-43.872168],[-74.139941,-43.820996],[-73.967187,-43.816504],[-73.856934,-43.783789],[-73.841406,-43.788965],[-73.810645,-43.827246]]],[[[-74.142187,-51.931055],[-74.17207,-51.94209],[-74.283105,-51.91875],[-74.338672,-51.897949],[-74.423633,-51.845117],[-74.437109,-51.790625],[-74.475391,-51.725684],[-74.450781,-51.724902],[-74.362109,-51.750684],[-74.325684,-51.770215],[-74.277051,-51.811621],[-74.133398,-51.870898],[-74.11543,-51.888477],[-74.118896,-51.911133],[-74.142187,-51.931055]]],[[[-74.312891,-45.691504],[-74.368457,-45.73584],[-74.465527,-45.757227],[-74.561621,-45.722461],[-74.677734,-45.738574],[-74.689844,-45.662598],[-74.646436,-45.6],[-74.558398,-45.525586],[-74.494678,-45.425879],[-74.502344,-45.285156],[-74.45,-45.25293],[-74.421875,-45.203223],[-74.310547,-45.172656],[-74.2854,-45.277246],[-74.31543,-45.464063],[-74.240039,-45.574512],[-74.229199,-45.611328],[-74.243896,-45.653613],[-74.312891,-45.691504]]],[[[-67.575195,-55.889648],[-67.611426,-55.891699],[-67.699512,-55.873145],[-67.831543,-55.864844],[-67.846436,-55.857227],[-67.849707,-55.842578],[-67.834082,-55.827539],[-67.762061,-55.816113],[-67.544824,-55.825977],[-67.517285,-55.832813],[-67.509814,-55.844336],[-67.545264,-55.877441],[-67.575195,-55.889648]]],[[[-66.472119,-55.229102],[-66.551709,-55.272852],[-66.611133,-55.269922],[-66.630176,-55.254102],[-66.636621,-55.234375],[-66.624756,-55.213086],[-66.599707,-55.193652],[-66.541553,-55.169434],[-66.523145,-55.165527],[-66.435791,-55.189746],[-66.472119,-55.229102]]],[[[-70.991602,-54.867969],[-70.945117,-54.931348],[-70.92793,-54.942969],[-70.804834,-54.967676],[-70.749316,-54.952734],[-70.615283,-54.945605],[-70.534766,-54.921289],[-70.417529,-54.908887],[-70.283057,-55.065918],[-70.297852,-55.11377],[-70.40415,-55.165625],[-70.475586,-55.177051],[-70.543457,-55.161328],[-70.538721,-55.134961],[-70.551074,-55.111914],[-70.597461,-55.082031],[-70.640918,-55.084863],[-70.710986,-55.106934],[-70.744434,-55.104199],[-70.815479,-55.079883],[-70.939844,-55.061914],[-70.964502,-55.039648],[-70.967285,-55.006836],[-70.990723,-54.99043],[-71.120361,-54.937793],[-71.20332,-54.892969],[-71.273633,-54.886914],[-71.299316,-54.892285],[-71.325342,-54.91377],[-71.388574,-54.934277],[-71.406641,-54.930859],[-71.426904,-54.91377],[-71.437207,-54.889258],[-71.410547,-54.839355],[-71.374268,-54.83457],[-71.19707,-54.844434],[-71.088623,-54.86748],[-70.991602,-54.867969]]],[[[-67.288867,-55.776855],[-67.325293,-55.784766],[-67.352246,-55.766016],[-67.393359,-55.752734],[-67.559961,-55.724805],[-67.563477,-55.707813],[-67.546143,-55.683691],[-67.512793,-55.662012],[-67.448828,-55.640625],[-67.397363,-55.585156],[-67.374072,-55.589355],[-67.350586,-55.612109],[-67.310449,-55.688672],[-67.262451,-55.74375],[-67.267285,-55.762793],[-67.288867,-55.776855]]]]}},{"type":"Feature","properties":{"featurecla":"Admin-0 country","scalerank":1,"LABELRANK":4,"SOVEREIGNT":"Bulgaria","SOV_A3":"BGR","ADM0_DIF":0,"LEVEL":2,"TYPE":"Sovereign country","TLC":"1","ADMIN":"Bulgaria","ADM0_A3":"BGR","GEOU_DIF":0,"GEOUNIT":"Bulgaria","GU_A3":"BGR","SU_DIF":0,"SUBUNIT":"Bulgaria","SU_A3":"BGR","BRK_DIFF":0,"NAME":"Bulgaria","NAME_LONG":"Bulgaria","BRK_A3":"BGR","BRK_NAME":"Bulgaria","BRK_GROUP":null,"ABBREV":"Bulg.","POSTAL":"BG","FORMAL_EN":"Republic of Bulgaria","FORMAL_FR":null,"NAME_CIAWF":"Bulgaria","NOTE_ADM0":null,"NOTE_BRK":null,"NAME_SORT":"Bulgaria","NAME_ALT":null,"MAPCOLOR7":4,"MAPCOLOR8":5,"MAPCOLOR9":1,"MAPCOLOR13":8,"POP_EST":6975761,"POP_RANK":13,"POP_YEAR":2019,"GDP_MD":68558,"GDP_YEAR":2019,"ECONOMY":"2. Developed region: nonG7","INCOME_GRP":"3. Upper middle income","FIPS_10":"BU","ISO_A2":"BG","ISO_A2_EH":"BG","ISO_A3":"BGR","ISO_A3_EH":"BGR","ISO_N3":"100","ISO_N3_EH":"100","UN_A3":"100","WB_A2":"BG","WB_A3":"BGR","WOE_ID":23424771,"WOE_ID_EH":23424771,"WOE_NOTE":"Exact WOE match as country","ADM0_ISO":"BGR","ADM0_DIFF":null,"ADM0_TLC":"BGR","ADM0_A3_US":"BGR","ADM0_A3_FR":"BGR","ADM0_A3_RU":"BGR","ADM0_A3_ES":"BGR","ADM0_A3_CN":"BGR","ADM0_A3_TW":"BGR","ADM0_A3_IN":"BGR","ADM0_A3_NP":"BGR","ADM0_A3_PK":"BGR","ADM0_A3_DE":"BGR","ADM0_A3_GB":"BGR","ADM0_A3_BR":"BGR","ADM0_A3_IL":"BGR","ADM0_A3_PS":"BGR","ADM0_A3_SA":"BGR","ADM0_A3_EG":"BGR","ADM0_A3_MA":"BGR","ADM0_A3_PT":"BGR","ADM0_A3_AR":"BGR","ADM0_A3_JP":"BGR","ADM0_A3_KO":"BGR","ADM0_A3_VN":"BGR","ADM0_A3_TR":"BGR","ADM0_A3_ID":"BGR","ADM0_A3_PL":"BGR","ADM0_A3_GR":"BGR","ADM0_A3_IT":"BGR","ADM0_A3_NL":"BGR","ADM0_A3_SE":"BGR","ADM0_A3_BD":"BGR","ADM0_A3_UA":"BGR","ADM0_A3_UN":-99,"ADM0_A3_WB":-99,"CONTINENT":"Europe","REGION_UN":"Europe","SUBREGION":"Eastern Europe","REGION_WB":"Europe & Central Asia","NAME_LEN":8,"LONG_LEN":8,"ABBREV_LEN":5,"TINY":-99,"HOMEPART":1,"MIN_ZOOM":0,"MIN_LABEL":4,"MAX_LABEL":9,"LABEL_X":25.15709,"LABEL_Y":42.508785,"NE_ID":1159320409,"WIKIDATAID":"Q219","NAME_AR":"بلغاريا","NAME_BN":"বুলগেরিয়া","NAME_DE":"Bulgarien","NAME_EN":"Bulgaria","NAME_ES":"Bulgaria","NAME_FA":"بلغارستان","NAME_FR":"Bulgarie","NAME_EL":"Βουλγαρία","NAME_HE":"בולגריה","NAME_HI":"बुल्गारिया","NAME_HU":"Bulgária","NAME_ID":"Bulgaria","NAME_IT":"Bulgaria","NAME_JA":"ブルガリア","NAME_KO":"불가리아","NAME_NL":"Bulgarije","NAME_PL":"Bułgaria","NAME_PT":"Bulgária","NAME_RU":"Болгария","NAME_SV":"Bulgarien","NAME_TR":"Bulgaristan","NAME_UK":"Болгарія","NAME_UR":"بلغاریہ","NAME_VI":"Bulgaria","NAME_ZH":"保加利亚","NAME_ZHT":"保加利亞","FCLASS_ISO":"Admin-0 country","TLC_DIFF":null,"FCLASS_TLC":"Admin-0 country","FCLASS_US":null,"FCLASS_FR":null,"FCLASS_RU":null,"FCLASS_ES":null,"FCLASS_CN":null,"FCLASS_TW":null,"FCLASS_IN":null,"FCLASS_NP":null,"FCLASS_PK":null,"FCLASS_DE":null,"FCLASS_GB":null,"FCLASS_BR":null,"FCLASS_IL":null,"FCLASS_PS":null,"FCLASS_SA":null,"FCLASS_EG":null,"FCLASS_MA":null,"FCLASS_PT":null,"FCLASS_AR":null,"FCLASS_JP":null,"FCLASS_KO":null,"FCLASS_VN":null,"FCLASS_TR":null,"FCLASS_ID":null,"FCLASS_PL":null,"FCLASS_GR":null,"FCLASS_IT":null,"FCLASS_NL":null,"FCLASS_SE":null,"FCLASS_BD":null,"FCLASS_UA":null},"bbox":[22.344043,41.243555,28.585352,44.237793],"geometry":{"type":"Polygon","coordinates":[[[28.014453,41.969043],[27.879199,41.986621],[27.831934,41.981299],[27.80166,41.956543],[27.738867,41.961523],[27.661133,41.961328],[27.579883,41.93291],[27.534863,41.920801],[27.474805,41.946875],[27.362891,42.025049],[27.294922,42.079541],[27.244336,42.093262],[27.193359,42.0771],[27.011719,42.058643],[26.96875,42.026855],[26.884863,41.991846],[26.800391,41.975146],[26.679199,41.96333],[26.615332,41.964893],[26.579688,41.947949],[26.549707,41.896729],[26.529297,41.84668],[26.511426,41.826367],[26.360352,41.801562],[26.327246,41.772803],[26.317969,41.744678],[26.320898,41.716553],[26.200586,41.743799],[26.107422,41.725684],[26.085547,41.70415],[26.066016,41.673242],[26.076953,41.640186],[26.11123,41.608203],[26.143555,41.521533],[26.155176,41.434863],[26.135352,41.385742],[26.066406,41.350684],[25.92334,41.311914],[25.784961,41.33042],[25.723926,41.315039],[25.621484,41.310107],[25.527051,41.299805],[25.381934,41.264355],[25.251172,41.243555],[25.133398,41.315771],[24.993555,41.36499],[24.846875,41.394238],[24.795801,41.3729],[24.77373,41.356104],[24.651074,41.419971],[24.595996,41.442725],[24.569336,41.467383],[24.518262,41.552539],[24.487891,41.555225],[24.386719,41.523535],[24.289453,41.525049],[24.230371,41.530811],[24.056055,41.527246],[24.03291,41.469092],[24.011328,41.460059],[23.973535,41.452295],[23.880859,41.455957],[23.762305,41.412988],[23.635156,41.386768],[23.53584,41.386035],[23.433398,41.39873],[23.37207,41.389648],[23.239844,41.384961],[23.155957,41.32207],[23.025586,41.325635],[22.916016,41.336279],[22.929688,41.356104],[22.951465,41.605615],[23.005664,41.716943],[23.003613,41.739844],[22.991992,41.757178],[22.943945,41.775098],[22.90918,41.835205],[22.836816,41.993604],[22.796094,42.025684],[22.682324,42.059131],[22.582715,42.104834],[22.498242,42.165088],[22.344043,42.313965],[22.42207,42.328857],[22.445703,42.359131],[22.523535,42.440967],[22.532422,42.481201],[22.524219,42.503906],[22.47207,42.543311],[22.43623,42.629102],[22.463281,42.709473],[22.465625,42.750781],[22.439258,42.79165],[22.466797,42.84248],[22.522754,42.870312],[22.558105,42.878467],[22.706152,42.883936],[22.799902,42.985742],[22.856836,43.018262],[22.915234,43.075977],[22.942285,43.09707],[22.967969,43.142041],[22.976855,43.187988],[22.85957,43.252344],[22.819727,43.300732],[22.767578,43.35415],[22.696973,43.391064],[22.55459,43.454492],[22.499121,43.518848],[22.474121,43.602246],[22.436328,43.665479],[22.394824,43.706641],[22.386914,43.740137],[22.369629,43.781299],[22.36543,43.862109],[22.399023,43.969531],[22.420801,44.007422],[22.469043,44.018018],[22.597461,44.075293],[22.603418,44.148584],[22.626563,44.194092],[22.66748,44.220215],[22.705078,44.237793],[22.775195,44.195215],[22.94541,44.127295],[23.028516,44.077979],[23.024414,44.047217],[22.985352,44.016992],[22.911328,43.987207],[22.868262,43.9479],[22.856445,43.899023],[22.867676,43.864551],[22.919043,43.834473],[23.224609,43.873877],[23.53457,43.853564],[23.950781,43.78667],[24.226758,43.763477],[24.430566,43.794385],[24.808203,43.738428],[25.159668,43.686328],[25.49707,43.670801],[25.686133,43.711768],[25.818848,43.766846],[25.933398,43.870557],[26.21582,44.007275],[26.489258,44.083984],[26.847754,44.146191],[27.086914,44.167383],[27.120703,44.146143],[27.425391,44.020508],[27.561035,44.020068],[27.670898,43.997803],[27.710742,43.9646],[27.738574,43.956299],[27.884277,43.987354],[27.948926,43.918604],[28.05,43.822412],[28.221973,43.772852],[28.375195,43.744775],[28.423438,43.740479],[28.585352,43.742236],[28.561816,43.501318],[28.46543,43.389307],[28.319629,43.426855],[28.133691,43.395605],[28.035156,43.268262],[27.979297,43.230518],[27.928906,43.186133],[27.896484,43.020703],[27.888867,42.749707],[27.818359,42.71665],[27.753711,42.706543],[27.484766,42.468066],[27.639551,42.400977],[27.708203,42.349951],[27.821387,42.208008],[27.982715,42.047412],[28.014453,41.969043]]]}},{"type":"Feature","properties":{"featurecla":"Admin-0 country","scalerank":1,"LABELRANK":2,"SOVEREIGNT":"Brazil","SOV_A3":"BRA","ADM0_DIF":0,"LEVEL":2,"TYPE":"Sovereign country","TLC":"1","ADMIN":"Brazil","ADM0_A3":"BRA","GEOU_DIF":0,"GEOUNIT":"Brazil","GU_A3":"BRA","SU_DIF":0,"SUBUNIT":"Brazil","SU_A3":"BRA","BRK_DIFF":0,"NAME":"Brazil","NAME_LONG":"Brazil","BRK_A3":"BRA","BRK_NAME":"Brazil","BRK_GROUP":null,"ABBREV":"Brazil","POSTAL":"BR","FORMAL_EN":"Federative Republic of Brazil","FORMAL_FR":null,"NAME_CIAWF":"Brazil","NOTE_ADM0":null,"NOTE_BRK":null,"NAME_SORT":"Brazil","NAME_ALT":null,"MAPCOLOR7":5,"MAPCOLOR8":6,"MAPCOLOR9":5,"MAPCOLOR13":7,"POP_EST":211049527,"POP_RANK":17,"POP_YEAR":2019,"GDP_MD":1839758,"GDP_YEAR":2019,"ECONOMY":"3. Emerging region: BRIC","INCOME_GRP":"3. Upper middle income","FIPS_10":"BR","ISO_A2":"BR","ISO_A2_EH":"BR","ISO_A3":"BRA","ISO_A3_EH":"BRA","ISO_N3":"076","ISO_N3_EH":"076","UN_A3":"076","WB_A2":"BR","WB_A3":"BRA","WOE_ID":23424768,"WOE_ID_EH":23424768,"WOE_NOTE":"Exact WOE match as country","ADM0_ISO":"BRA","ADM0_DIFF":null,"ADM0_TLC":"BRA","ADM0_A3_US":"BRA","ADM0_A3_FR":"BRA","ADM0_A3_RU":"BRA","ADM0_A3_ES":"BRA","ADM0_A3_CN":"BRA","ADM0_A3_TW":"BRA","ADM0_A3_IN":"BRA","ADM0_A3_NP":"BRA","ADM0_A3_PK":"BRA","ADM0_A3_DE":"BRA","ADM0_A3_GB":"BRA","ADM0_A3_BR":"BRA","ADM0_A3_IL":"BRA","ADM0_A3_PS":"BRA","ADM0_A3_SA":"BRA","ADM0_A3_EG":"BRA","ADM0_A3_MA":"BRA","ADM0_A3_PT":"BRA","ADM0_A3_AR":"BRA","ADM0_A3_JP":"BRA","ADM0_A3_KO":"BRA","ADM0_A3_VN":"BRA","ADM0_A3_TR":"BRA","ADM0_A3_ID":"BRA","ADM0_A3_PL":"BRA","ADM0_A3_GR":"BRA","ADM0_A3_IT":"BRA","ADM0_A3_NL":"BRA","ADM0_A3_SE":"BRA","ADM0_A3_BD":"BRA","ADM0_A3_UA":"BRA","ADM0_A3_UN":-99,"ADM0_A3_WB":-99,"CONTINENT":"South America","REGION_UN":"Americas","SUBREGION":"South America","REGION_WB":"Latin America & Caribbean","NAME_LEN":6,"LONG_LEN":6,"ABBREV_LEN":6,"TINY":-99,"HOMEPART":1,"MIN_ZOOM":0,"MIN_LABEL":1.7,"MAX_LABEL":5.7,"LABEL_X":-49.55945,"LABEL_Y":-12.098687,"NE_ID":1159320441,"WIKIDATAID":"Q155","NAME_AR":"البرازيل","NAME_BN":"ব্রাজিল","NAME_DE":"Brasilien","NAME_EN":"Brazil","NAME_ES":"Brasil","NAME_FA":"برزیل","NAME_FR":"Brésil","NAME_EL":"Βραζιλία","NAME_HE":"ברזיל","NAME_HI":"ब्राज़ील","NAME_HU":"Brazília","NAME_ID":"Brasil","NAME_IT":"Brasile","NAME_JA":"ブラジル","NAME_KO":"브라질","NAME_NL":"Brazilië","NAME_PL":"Brazylia","NAME_PT":"Brasil","NAME_RU":"Бразилия","NAME_SV":"Brasilien","NAME_TR":"Brezilya","NAME_UK":"Бразилія","NAME_UR":"برازیل","NAME_VI":"Brasil","NAME_ZH":"巴西","NAME_ZHT":"巴西","FCLASS_ISO":"Admin-0 country","TLC_DIFF":null,"FCLASS_TLC":"Admin-0 country","FCLASS_US":null,"FCLASS_FR":null,"FCLASS_RU":null,"FCLASS_ES":null,"FCLASS_CN":null,"FCLASS_TW":null,"FCLASS_IN":null,"FCLASS_NP":null,"FCLASS_PK":null,"FCLASS_DE":null,"FCLASS_GB":null,"FCLASS_BR":null,"FCLASS_IL":null,"FCLASS_PS":null,"FCLASS_SA":null,"FCLASS_EG":null,"FCLASS_MA":null,"FCLASS_PT":null,"FCLASS_AR":null,"FCLASS_JP":null,"FCLASS_KO":null,"FCLASS_VN":null,"FCLASS_TR":null,"FCLASS_ID":null,"FCLASS_PL":null,"FCLASS_GR":null,"FCLASS_IT":null,"FCLASS_NL":null,"FCLASS_SE":null,"FCLASS_BD":null,"FCLASS_UA":null},"bbox":[-74.002051,-33.742188,-34.805469,5.257959],"geometry":{"type":"MultiPolygon","coordinates":[[[[-66.876025,1.223047],[-66.619043,0.992139],[-66.429248,0.82168],[-66.347119,0.767187],[-66.30166,0.751953],[-66.191211,0.763281],[-66.060059,0.785352],[-65.996338,0.809766],[-65.925879,0.863135],[-65.811328,0.937256],[-65.718115,0.978027],[-65.681445,0.983447],[-65.644678,0.970361],[-65.566016,0.926074],[-65.522998,0.843408],[-65.562695,0.74751],[-65.556055,0.687988],[-65.473389,0.69126],[-65.407227,0.790479],[-65.36084,0.868652],[-65.263965,0.931885],[-65.169629,1.022217],[-65.10376,1.108105],[-65.026562,1.158447],[-64.910107,1.219727],[-64.817969,1.257129],[-64.731543,1.25332],[-64.667432,1.293848],[-64.584375,1.369873],[-64.52627,1.431006],[-64.486035,1.452783],[-64.405127,1.446875],[-64.304199,1.455273],[-64.205029,1.529492],[-64.114844,1.619287],[-64.067041,1.770508],[-64.035449,1.904443],[-64.008496,1.931592],[-63.975781,1.953027],[-63.937158,1.966992],[-63.844482,1.976709],[-63.682129,2.048145],[-63.570264,2.120508],[-63.463916,2.136035],[-63.43252,2.155566],[-63.393945,2.22251],[-63.374854,2.34043],[-63.389258,2.411914],[-63.584619,2.433936],[-63.712549,2.434033],[-63.92417,2.452441],[-64.024902,2.481885],[-64.046582,2.502393],[-64.048828,2.525098],[-64.028711,2.576074],[-64.009033,2.671875],[-64.037793,2.801514],[-64.143555,3.004883],[-64.218848,3.204687],[-64.22876,3.343994],[-64.227051,3.491211],[-64.221094,3.587402],[-64.275293,3.662695],[-64.56792,3.899805],[-64.668994,4.011816],[-64.702588,4.089307],[-64.817871,4.232275],[-64.788672,4.276025],[-64.722266,4.274414],[-64.665527,4.237109],[-64.613672,4.157715],[-64.576367,4.139893],[-64.525537,4.13999],[-64.255664,4.140332],[-64.19248,4.126855],[-64.154297,4.100146],[-64.121729,4.066992],[-64.073389,3.974414],[-64.021484,3.929102],[-63.914648,3.930664],[-63.746973,3.932568],[-63.65293,3.94082],[-63.596631,3.915039],[-63.526807,3.893701],[-63.379785,3.942871],[-63.338672,3.943896],[-63.294727,3.922266],[-63.13623,3.756445],[-63.045312,3.686475],[-62.968652,3.593945],[-62.856982,3.593457],[-62.7646,3.672949],[-62.739941,3.940332],[-62.712109,4.01792],[-62.665332,4.039648],[-62.609766,4.042285],[-62.543945,4.084326],[-62.472559,4.138525],[-62.410645,4.156738],[-62.153125,4.098389],[-62.081592,4.126318],[-61.82085,4.197021],[-61.554248,4.287793],[-61.479395,4.402246],[-61.367529,4.433008],[-61.280078,4.516895],[-61.209424,4.508057],[-61.102441,4.504687],[-61.036279,4.519336],[-61.002832,4.535254],[-60.966406,4.574707],[-60.90625,4.686816],[-60.833398,4.729199],[-60.741748,4.774121],[-60.67915,4.8271],[-60.627588,4.892529],[-60.603857,4.949365],[-60.604492,4.99458],[-60.63501,5.081982],[-60.671973,5.164355],[-60.711963,5.191553],[-60.742139,5.202051],[-60.651367,5.221143],[-60.576416,5.19248],[-60.459521,5.188086],[-60.408789,5.210156],[-60.335205,5.199316],[-60.24165,5.257959],[-60.181738,5.238818],[-60.142041,5.238818],[-60.105957,5.194238],[-60.078076,5.143994],[-59.990674,5.082861],[-59.999365,4.989844],[-60.015479,4.90752],[-60.026758,4.812695],[-60.031787,4.740527],[-60.068945,4.66665],[-60.124561,4.597656],[-60.140918,4.569629],[-60.148633,4.533252],[-60.111133,4.511182],[-60.04502,4.50459],[-59.962354,4.501709],[-59.906104,4.480322],[-59.83335,4.475928],[-59.745801,4.41665],[-59.703271,4.381104],[-59.699707,4.353516],[-59.72749,4.287646],[-59.738574,4.226758],[-59.716895,4.188184],[-59.691211,4.1604],[-59.620215,4.023145],[-59.586426,3.975391],[-59.557764,3.96001],[-59.551123,3.933545],[-59.575391,3.883447],[-59.604443,3.819678],[-59.670215,3.752734],[-59.679004,3.699805],[-59.731641,3.666553],[-59.854395,3.5875],[-59.833057,3.462158],[-59.828809,3.398584],[-59.831152,3.349219],[-59.873047,3.283105],[-59.945654,3.087842],[-59.972314,2.990479],[-59.995898,2.76543],[-59.994336,2.68999],[-59.960791,2.588379],[-59.889648,2.362939],[-59.849121,2.327051],[-59.755225,2.274121],[-59.743506,2.121631],[-59.751758,1.962402],[-59.756201,1.900635],[-59.740723,1.87417],[-59.698535,1.861475],[-59.668506,1.842334],[-59.66377,1.795215],[-59.666602,1.746289],[-59.596631,1.718018],[-59.535693,1.7],[-59.479443,1.632422],[-59.377686,1.527344],[-59.337256,1.508203],[-59.316992,1.4646],[-59.231201,1.376025],[-59.100391,1.343652],[-58.968506,1.30459],[-58.916602,1.248877],[-58.8625,1.203613],[-58.821777,1.201221],[-58.787207,1.208496],[-58.730322,1.24751],[-58.684619,1.281055],[-58.605078,1.27915],[-58.511865,1.284668],[-58.495703,1.312256],[-58.486865,1.347754],[-58.506055,1.438672],[-58.472949,1.46626],[-58.395801,1.481738],[-58.380371,1.530225],[-58.362695,1.556689],[-58.340674,1.587549],[-58.314209,1.591943],[-58.281152,1.574316],[-58.23042,1.563281],[-58.173096,1.547852],[-58.142236,1.516992],[-58.091309,1.514355],[-58.034668,1.520264],[-58.011768,1.539941],[-57.995117,1.574316],[-57.982812,1.648438],[-57.946338,1.650586],[-57.873437,1.667285],[-57.795654,1.7],[-57.691748,1.704785],[-57.594434,1.704102],[-57.545752,1.726074],[-57.500439,1.773828],[-57.412695,1.908936],[-57.366797,1.940137],[-57.31748,1.963477],[-57.275586,1.959229],[-57.1896,1.981592],[-57.118896,2.013965],[-57.092676,2.005811],[-57.037598,1.936475],[-57.010059,1.92124],[-56.969531,1.916406],[-56.836719,1.88125],[-56.76626,1.892187],[-56.689844,1.914307],[-56.616455,1.922656],[-56.563574,1.907227],[-56.525488,1.927246],[-56.482812,1.942139],[-56.452832,1.932324],[-56.38584,1.923877],[-56.227148,1.885352],[-56.019922,1.842236],[-55.96333,1.85708],[-55.929639,1.8875],[-55.921631,1.97666],[-55.915332,2.039551],[-55.961963,2.095117],[-56.020068,2.158154],[-56.073633,2.236768],[-56.137695,2.259033],[-56.129395,2.299512],[-56.087793,2.341309],[-56.045117,2.364404],[-56.020361,2.392773],[-55.993506,2.49751],[-55.975586,2.515967],[-55.957471,2.520459],[-55.935937,2.516602],[-55.89375,2.489502],[-55.730566,2.406152],[-55.658936,2.41875],[-55.385352,2.440625],[-55.343994,2.48877],[-55.286035,2.499658],[-55.187695,2.54751],[-55.148828,2.550781],[-55.114111,2.539209],[-55.070312,2.54834],[-55.005811,2.592969],[-54.978662,2.597656],[-54.968408,2.54834],[-54.926562,2.497363],[-54.876074,2.450391],[-54.85166,2.439551],[-54.766846,2.454736],[-54.722217,2.44165],[-54.70293,2.397949],[-54.697412,2.359814],[-54.661865,2.327539],[-54.61626,2.326758],[-54.591943,2.31377],[-54.550488,2.293066],[-54.515088,2.245459],[-54.433105,2.20752],[-54.293066,2.154248],[-54.227979,2.15332],[-54.167383,2.137061],[-54.130078,2.121045],[-54.089746,2.150488],[-53.946436,2.232568],[-53.876611,2.278271],[-53.829541,2.312939],[-53.794238,2.345996],[-53.767773,2.354834],[-53.750146,2.33501],[-53.734717,2.308545],[-53.683691,2.29292],[-53.563965,2.261914],[-53.508984,2.253125],[-53.431836,2.279443],[-53.366016,2.324219],[-53.334424,2.339746],[-53.285498,2.295215],[-53.252197,2.232275],[-53.229785,2.204883],[-53.180078,2.211328],[-53.082275,2.201709],[-53.009717,2.181738],[-52.964844,2.183545],[-52.903467,2.211523],[-52.87041,2.26665],[-52.783398,2.317187],[-52.700635,2.363672],[-52.653174,2.425732],[-52.583008,2.528906],[-52.559473,2.573145],[-52.554688,2.647656],[-52.455859,2.86416],[-52.418408,2.903857],[-52.396387,2.972217],[-52.356641,3.051562],[-52.356641,3.117725],[-52.327881,3.181738],[-52.27124,3.237109],[-52.229443,3.27168],[-52.162598,3.364697],[-52.116113,3.452295],[-51.999512,3.646875],[-51.990625,3.702002],[-51.944336,3.735107],[-51.928906,3.776953],[-51.879492,3.828564],[-51.82749,3.86958],[-51.805273,3.929932],[-51.76709,3.992676],[-51.683447,4.039697],[-51.652539,4.061279],[-51.557812,4.233789],[-51.54707,4.310889],[-51.461523,4.31377],[-51.3271,4.224756],[-51.219922,4.093604],[-51.07627,3.67168],[-51.052393,3.281836],[-50.994141,3.077539],[-50.827197,2.651855],[-50.816504,2.573047],[-50.789697,2.477783],[-50.736963,2.376758],[-50.67876,2.210352],[-50.676562,2.179443],[-50.714404,2.134033],[-50.658936,2.130957],[-50.608691,2.104102],[-50.575879,1.998584],[-50.534424,1.927246],[-50.458887,1.82959],[-50.304297,1.797656],[-50.187598,1.785986],[-50.054688,1.730713],[-49.957129,1.659863],[-49.881592,1.419922],[-49.90625,1.269043],[-49.898877,1.162988],[-49.937939,1.121436],[-50.047217,1.051953],[-50.070996,1.015088],[-50.294434,0.835742],[-50.343262,0.751025],[-50.462988,0.637305],[-50.581543,0.420508],[-50.755078,0.222559],[-50.816357,0.172559],[-50.910156,0.160986],[-50.96709,0.130273],[-51.101953,-0.03125],[-51.28291,-0.085205],[-51.299561,-0.178809],[-51.40415,-0.392676],[-51.496289,-0.509473],[-51.555029,-0.549121],[-51.702637,-0.762305],[-51.721533,-0.855469],[-51.720605,-1.018457],[-51.819141,-1.117773],[-51.921631,-1.180859],[-51.934473,-1.320312],[-51.980811,-1.367969],[-52.020459,-1.399023],[-52.229248,-1.3625],[-52.553418,-1.514063],[-52.66416,-1.551758],[-52.310303,-1.55957],[-52.19668,-1.640137],[-51.947559,-1.586719],[-51.646289,-1.394336],[-51.531201,-1.354102],[-51.297363,-1.223535],[-51.202344,-1.136523],[-51.028955,-1.032129],[-50.992041,-0.986328],[-50.894922,-0.937598],[-50.842285,-0.999609],[-50.838184,-1.038867],[-50.917871,-1.115234],[-50.897168,-1.164453],[-50.84458,-1.22627],[-50.825537,-1.311426],[-50.818652,-1.37627],[-50.786133,-1.489941],[-50.678955,-1.643848],[-50.675293,-1.694727],[-50.690039,-1.761719],[-50.63877,-1.81709],[-50.585596,-1.849902],[-50.403223,-2.015527],[-50.260449,-1.922949],[-50.172705,-1.896191],[-50.116602,-1.85752],[-49.999219,-1.831836],[-49.902979,-1.870605],[-49.719531,-1.926367],[-49.585352,-1.867188],[-49.313672,-1.731738],[-49.398633,-1.971582],[-49.460156,-2.191504],[-49.506982,-2.280273],[-49.553369,-2.519922],[-49.599316,-2.583887],[-49.636523,-2.656934],[-49.575879,-2.631445],[-49.523926,-2.596875],[-49.45752,-2.50459],[-49.407666,-2.344336],[-49.211035,-1.916504],[-49.154785,-1.878516],[-48.991309,-1.829785],[-48.71001,-1.487695],[-48.6,-1.48877],[-48.52959,-1.56748],[-48.462939,-1.613965],[-48.44585,-1.52041],[-48.349805,-1.482129],[-48.451465,-1.43584],[-48.468066,-1.393848],[-48.477734,-1.323828],[-48.408594,-1.229199],[-48.449805,-1.145508],[-48.306494,-1.039844],[-48.317578,-0.960547],[-48.266455,-0.895117],[-48.201758,-0.82793],[-48.128467,-0.795215],[-48.115088,-0.7375],[-48.068848,-0.713672],[-48.032568,-0.705078],[-47.960938,-0.769629],[-47.883398,-0.693359],[-47.807666,-0.663477],[-47.77373,-0.676758],[-47.731494,-0.710449],[-47.687109,-0.724805],[-47.651074,-0.71875],[-47.557324,-0.669922],[-47.470703,-0.748535],[-47.418652,-0.765918],[-47.43291,-0.721875],[-47.460352,-0.680957],[-47.439063,-0.647656],[-47.398096,-0.62666],[-47.268604,-0.64541],[-47.200537,-0.680469],[-47.126904,-0.74541],[-47.024609,-0.750195],[-46.944336,-0.743359],[-46.893652,-0.779883],[-46.81123,-0.779688],[-46.769922,-0.836523],[-46.644434,-0.916406],[-46.617236,-0.970605],[-46.516309,-0.996875],[-46.421729,-1.030078],[-46.32085,-1.03916],[-46.219141,-1.03125],[-46.21499,-1.099805],[-46.140381,-1.118359],[-46.044629,-1.103027],[-45.972266,-1.187402],[-45.778809,-1.250781],[-45.644775,-1.347852],[-45.556934,-1.330664],[-45.458594,-1.35625],[-45.353027,-1.567383],[-45.32915,-1.717285],[-45.282129,-1.696582],[-45.238574,-1.629492],[-45.18208,-1.507031],[-45.076367,-1.466406],[-45.025781,-1.513477],[-44.919775,-1.588867],[-44.828369,-1.67168],[-44.789844,-1.724805],[-44.721143,-1.733496],[-44.778516,-1.798828],[-44.720947,-1.792285],[-44.65127,-1.745801],[-44.59165,-1.841797],[-44.546777,-1.946289],[-44.537793,-2.052734],[-44.580029,-2.113867],[-44.617285,-2.152148],[-44.658643,-2.227539],[-44.70752,-2.241113],[-44.756348,-2.265527],[-44.700635,-2.32041],[-44.662402,-2.373242],[-44.579004,-2.230469],[-44.520361,-2.190332],[-44.435449,-2.168066],[-44.391309,-2.269629],[-44.381836,-2.365527],[-44.520117,-2.405469],[-44.520654,-2.48125],[-44.562012,-2.524219],[-44.589014,-2.573438],[-44.610791,-2.676855],[-44.638965,-2.7625],[-44.721387,-3.142285],[-44.723047,-3.204785],[-44.622656,-3.137891],[-44.437549,-2.944434],[-44.381152,-2.738379],[-44.308154,-2.535156],[-44.228613,-2.471289],[-44.179395,-2.471191],[-44.105566,-2.493457],[-44.101367,-2.560059],[-44.112646,-2.598535],[-44.191602,-2.699609],[-44.225195,-2.75498],[-44.192676,-2.80957],[-44.013232,-2.642188],[-43.93291,-2.583496],[-43.864453,-2.59541],[-43.728613,-2.518164],[-43.455127,-2.502051],[-43.434619,-2.413672],[-43.380078,-2.376074],[-43.229687,-2.386035],[-42.936719,-2.465039],[-42.832275,-2.52959],[-42.675879,-2.589648],[-42.593555,-2.661035],[-42.249609,-2.791992],[-41.999854,-2.806055],[-41.876172,-2.746582],[-41.721875,-2.808887],[-41.640137,-2.878613],[-41.479932,-2.916504],[-41.318213,-2.93623],[-41.194531,-2.886133],[-40.875586,-2.869629],[-40.474561,-2.795605],[-40.235352,-2.813184],[-39.964697,-2.861523],[-39.771826,-2.98584],[-39.609424,-3.05625],[-39.511182,-3.125586],[-39.352686,-3.197363],[-39.014355,-3.390234],[-38.895996,-3.501758],[-38.68623,-3.653711],[-38.475781,-3.71748],[-38.361914,-3.876465],[-38.271875,-3.948047],[-38.048828,-4.216406],[-37.795654,-4.404297],[-37.626318,-4.59209],[-37.301465,-4.713086],[-37.174658,-4.912402],[-36.954883,-4.936719],[-36.861133,-4.966602],[-36.747363,-5.050684],[-36.590723,-5.097559],[-36.386719,-5.084277],[-36.161768,-5.09375],[-35.979883,-5.054395],[-35.549414,-5.129395],[-35.481689,-5.166016],[-35.392578,-5.250879],[-35.235449,-5.566699],[-35.141748,-5.917188],[-35.095459,-6.185352],[-34.988184,-6.39375],[-34.92959,-6.785059],[-34.879883,-6.908203],[-34.875977,-7.00293],[-34.833887,-7.024414],[-34.805469,-7.288379],[-34.816602,-7.394824],[-34.857764,-7.533301],[-34.86084,-7.59502],[-34.854785,-7.634277],[-34.872998,-7.69209],[-34.878613,-7.747461],[-34.836914,-7.871777],[-34.834668,-7.971484],[-34.890527,-8.092188],[-34.96665,-8.407617],[-35.157764,-8.930566],[-35.340869,-9.230664],[-35.59707,-9.540625],[-35.763965,-9.702539],[-35.830127,-9.719043],[-35.89082,-9.687012],[-35.847754,-9.772461],[-35.885449,-9.847656],[-36.05498,-10.075781],[-36.223535,-10.225098],[-36.39834,-10.484082],[-36.411621,-10.489941],[-36.635742,-10.589941],[-36.768311,-10.67168],[-36.937793,-10.82041],[-37.093359,-11.054785],[-37.125488,-11.084961],[-37.182812,-11.068457],[-37.181201,-11.1875],[-37.315137,-11.375977],[-37.356006,-11.403906],[-37.354883,-11.350488],[-37.331641,-11.309863],[-37.320801,-11.266602],[-37.321777,-11.215137],[-37.359229,-11.252539],[-37.438477,-11.39375],[-37.411816,-11.497266],[-37.469336,-11.653613],[-37.688721,-12.1],[-37.957324,-12.475488],[-38.019238,-12.591309],[-38.239746,-12.844238],[-38.401758,-12.966211],[-38.447314,-12.96709],[-38.498926,-12.956641],[-38.524902,-12.762305],[-38.654004,-12.644629],[-38.690967,-12.623926],[-38.743896,-12.748535],[-38.787988,-12.782715],[-38.851758,-12.790137],[-38.783594,-12.844434],[-38.763721,-12.907227],[-38.833154,-13.03291],[-38.835303,-13.147168],[-38.95918,-13.273047],[-39.030908,-13.365137],[-39.067383,-13.480469],[-39.089355,-13.588184],[-39.034912,-13.558789],[-39.009082,-13.581445],[-38.988623,-13.615039],[-39.001221,-13.664551],[-39.041113,-13.758105],[-39.034912,-13.991016],[-39.048145,-14.043945],[-39.008496,-14.101172],[-38.966504,-14.003418],[-38.942334,-14.030664],[-39.05957,-14.654785],[-39.013379,-14.935645],[-38.996191,-15.253809],[-38.943213,-15.564355],[-38.885254,-15.841992],[-38.880615,-15.864258],[-38.960791,-16.186523],[-39.063232,-16.504395],[-39.125049,-16.763574],[-39.163965,-17.043555],[-39.202881,-17.178125],[-39.215234,-17.31582],[-39.170605,-17.64209],[-39.154004,-17.703906],[-39.278369,-17.849414],[-39.412598,-17.92002],[-39.486768,-17.990137],[-39.650781,-18.252344],[-39.739795,-18.639844],[-39.741943,-18.845996],[-39.699854,-19.277832],[-39.731445,-19.453906],[-39.783301,-19.571777],[-39.844727,-19.649121],[-40.001367,-19.741992],[-40.141699,-19.968262],[-40.202734,-20.206055],[-40.298877,-20.292676],[-40.318555,-20.425781],[-40.395947,-20.569434],[-40.596582,-20.783789],[-40.727051,-20.846191],[-40.789258,-20.906055],[-40.82876,-21.031348],[-40.954541,-21.237891],[-41.047266,-21.505664],[-41.023145,-21.596875],[-41.021582,-21.61084],[-40.987842,-21.920313],[-41.000293,-21.999023],[-41.12251,-22.084375],[-41.58291,-22.243652],[-41.705518,-22.309668],[-41.98042,-22.580664],[-41.997559,-22.644629],[-41.986133,-22.73584],[-41.940918,-22.788281],[-41.9875,-22.845117],[-42.042383,-22.94707],[-42.122461,-22.94082],[-42.581055,-22.941016],[-42.829297,-22.97334],[-42.958301,-22.96709],[-43.016211,-22.942578],[-43.081152,-22.902539],[-43.100684,-22.850098],[-43.06543,-22.770703],[-43.086279,-22.72334],[-43.154297,-22.725195],[-43.229004,-22.747656],[-43.241943,-22.795117],[-43.236621,-22.828809],[-43.208838,-22.878125],[-43.193604,-22.938574],[-43.22417,-22.991211],[-43.369482,-22.998047],[-43.532813,-23.046387],[-43.736523,-23.066602],[-43.898828,-23.101465],[-43.973828,-23.057324],[-43.898828,-23.035254],[-43.791406,-23.045996],[-43.675977,-23.009473],[-43.70293,-22.966309],[-43.866162,-22.910547],[-44.047461,-22.944727],[-44.147998,-23.011035],[-44.36792,-23.00498],[-44.637256,-23.055469],[-44.681152,-23.106934],[-44.673828,-23.206641],[-44.621094,-23.228516],[-44.569678,-23.274023],[-44.619092,-23.316406],[-44.667187,-23.335156],[-44.95166,-23.381445],[-45.21543,-23.575586],[-45.325391,-23.599707],[-45.423291,-23.685352],[-45.433398,-23.758496],[-45.464307,-23.802539],[-45.5271,-23.804785],[-45.664648,-23.764844],[-45.843164,-23.763672],[-45.97207,-23.795508],[-46.630762,-24.110352],[-46.867285,-24.236328],[-47.137207,-24.493164],[-47.592187,-24.781055],[-47.831152,-24.95293],[-47.876563,-24.997461],[-47.914307,-24.999902],[-47.98916,-25.035742],[-47.959375,-25.06543],[-47.90835,-25.068164],[-47.929395,-25.168262],[-48.024365,-25.236719],[-48.202734,-25.416504],[-48.242432,-25.40332],[-48.185937,-25.309863],[-48.273486,-25.306348],[-48.40249,-25.27207],[-48.458496,-25.310742],[-48.427637,-25.40332],[-48.476123,-25.442969],[-48.56416,-25.447461],[-48.643994,-25.436523],[-48.731738,-25.36875],[-48.692187,-25.491504],[-48.507031,-25.521289],[-48.429883,-25.550195],[-48.401172,-25.597363],[-48.545166,-25.815918],[-48.665771,-25.844336],[-48.679004,-25.875195],[-48.612842,-25.875],[-48.576318,-25.935449],[-48.619434,-26.179395],[-48.679004,-26.225781],[-48.71377,-26.226953],[-48.748291,-26.268652],[-48.700684,-26.34834],[-48.651611,-26.406445],[-48.658154,-26.519141],[-48.676514,-26.612402],[-48.677734,-26.70293],[-48.615674,-26.878125],[-48.593408,-27.058008],[-48.568359,-27.123438],[-48.55415,-27.195996],[-48.595508,-27.263867],[-48.571973,-27.372754],[-48.642578,-27.55791],[-48.605664,-27.825195],[-48.620801,-28.075586],[-48.648438,-28.207227],[-48.693213,-28.310156],[-48.797266,-28.442676],[-48.799658,-28.575293],[-49.023584,-28.698633],[-49.271289,-28.871191],[-49.499902,-29.075391],[-49.745996,-29.363184],[-50.03335,-29.800977],[-50.299512,-30.425781],[-50.619971,-30.897656],[-50.748145,-31.068066],[-50.921387,-31.258398],[-51.151758,-31.480371],[-51.4604,-31.702441],[-51.798145,-31.900293],[-51.920215,-31.989551],[-52.039209,-32.114844],[-52.068945,-32.063086],[-52.043164,-31.977539],[-52.05957,-31.913477],[-52.063232,-31.830371],[-51.995117,-31.815039],[-51.893164,-31.867773],[-51.841211,-31.832031],[-51.803418,-31.79668],[-51.680664,-31.774609],[-51.446191,-31.557324],[-51.272168,-31.476953],[-51.174316,-31.339746],[-51.15752,-31.266797],[-51.161426,-31.118848],[-51.105957,-31.081348],[-50.980078,-31.094238],[-50.954395,-31.052148],[-50.965332,-31.005469],[-50.94082,-30.903711],[-50.770166,-30.813379],[-50.689307,-30.704199],[-50.716309,-30.425977],[-50.685059,-30.413477],[-50.614844,-30.456836],[-50.581934,-30.438867],[-50.546533,-30.316895],[-50.563525,-30.253613],[-50.646191,-30.236816],[-50.931885,-30.374316],[-51.024951,-30.368652],[-51.040381,-30.260645],[-51.179297,-30.211035],[-51.233594,-30.121387],[-51.249854,-30.059961],[-51.298047,-30.034863],[-51.29502,-30.141016],[-51.281787,-30.244141],[-51.157275,-30.364258],[-51.187549,-30.411914],[-51.246582,-30.467578],[-51.287695,-30.591211],[-51.283057,-30.751563],[-51.316406,-30.702734],[-51.359082,-30.674512],[-51.376465,-30.846875],[-51.459131,-30.912793],[-51.485254,-30.977539],[-51.463672,-31.052637],[-51.506299,-31.104492],[-51.716895,-31.24375],[-51.926807,-31.338867],[-51.972461,-31.383789],[-51.994873,-31.489941],[-52.026953,-31.599023],[-52.119824,-31.694922],[-52.193555,-31.885547],[-52.191553,-31.967578],[-52.16709,-32.088477],[-52.127393,-32.167773],[-52.190186,-32.220801],[-52.274609,-32.32373],[-52.34165,-32.439746],[-52.508496,-32.875293],[-52.652246,-33.137793],[-52.762891,-33.266406],[-52.92085,-33.401953],[-53.370605,-33.742188],[-53.397559,-33.737305],[-53.463574,-33.709863],[-53.518848,-33.677246],[-53.531348,-33.655469],[-53.537646,-33.622852],[-53.530371,-33.500293],[-53.531348,-33.170898],[-53.511865,-33.108691],[-53.482861,-33.068555],[-53.395215,-33.010352],[-53.310107,-32.927051],[-53.214062,-32.821094],[-53.125586,-32.736719],[-53.157275,-32.680078],[-53.23125,-32.625391],[-53.362744,-32.581152],[-53.489404,-32.503223],[-53.601709,-32.403027],[-53.653613,-32.29873],[-53.701123,-32.186328],[-53.746582,-32.097461],[-53.761719,-32.056836],[-53.806104,-32.039941],[-53.876514,-31.994531],[-53.920605,-31.952344],[-53.985156,-31.928125],[-54.100439,-31.901563],[-54.220557,-31.855176],[-54.369922,-31.74502],[-54.477686,-31.622754],[-54.530908,-31.541992],[-54.587646,-31.485156],[-54.895996,-31.391211],[-55.036035,-31.279004],[-55.091162,-31.313965],[-55.173535,-31.27959],[-55.254639,-31.225586],[-55.278955,-31.18418],[-55.313281,-31.141699],[-55.345508,-31.092969],[-55.366064,-31.046191],[-55.449561,-30.964453],[-55.557324,-30.875977],[-55.603027,-30.850781],[-55.627148,-30.858105],[-55.650488,-30.89209],[-55.665234,-30.924902],[-55.705957,-30.946582],[-55.756348,-30.987109],[-55.807764,-31.036719],[-55.873682,-31.069629],[-55.952002,-31.080859],[-56.004687,-31.079199],[-56.015527,-31.059668],[-56.018457,-30.991895],[-55.998975,-30.837207],[-56.044824,-30.777637],[-56.105859,-30.71377],[-56.176172,-30.628418],[-56.407227,-30.447461],[-56.72168,-30.186914],[-56.832715,-30.107227],[-56.937256,-30.101074],[-57.032715,-30.109961],[-57.120508,-30.144434],[-57.186914,-30.264844],[-57.214453,-30.283398],[-57.383838,-30.280664],[-57.552295,-30.26123],[-57.608887,-30.187793],[-57.563867,-30.139941],[-57.405225,-30.033887],[-57.31748,-29.939453],[-57.300684,-29.856543],[-57.224658,-29.782129],[-57.089355,-29.716211],[-56.938623,-29.594824],[-56.772461,-29.417871],[-56.671533,-29.287305],[-56.63584,-29.203027],[-56.570703,-29.138086],[-56.475977,-29.09248],[-56.393262,-28.997266],[-56.322363,-28.852441],[-56.225537,-28.737207],[-56.102881,-28.651758],[-56.034229,-28.580859],[-56.019629,-28.524609],[-55.984912,-28.488574],[-55.930176,-28.472852],[-55.903662,-28.443262],[-55.90542,-28.399609],[-55.890527,-28.37002],[-55.858887,-28.354199],[-55.806055,-28.359766],[-55.731982,-28.386621],[-55.687256,-28.381641],[-55.671973,-28.344922],[-55.691504,-28.302832],[-55.745996,-28.255469],[-55.725488,-28.204102],[-55.582373,-28.120996],[-55.47666,-28.089355],[-55.409814,-28.037793],[-55.346484,-27.955957],[-55.24375,-27.898828],[-55.101514,-27.866797],[-55.063867,-27.835938],[-55.068994,-27.796289],[-55.039941,-27.767773],[-54.955908,-27.747168],[-54.910205,-27.708594],[-54.902783,-27.651953],[-54.875732,-27.599219],[-54.829102,-27.550586],[-54.7771,-27.53252],[-54.719727,-27.544922],[-54.665869,-27.526563],[-54.61543,-27.477148],[-54.554932,-27.454102],[-54.484326,-27.457324],[-54.448145,-27.446484],[-54.327002,-27.423535],[-54.260156,-27.382031],[-54.205225,-27.289648],[-54.156445,-27.253809],[-54.113818,-27.274707],[-54.040137,-27.24375],[-53.935352,-27.161133],[-53.915625,-27.15957],[-53.838184,-27.121094],[-53.758496,-26.97832],[-53.717285,-26.882812],[-53.727148,-26.804688],[-53.75332,-26.748633],[-53.74458,-26.666504],[-53.718164,-26.443164],[-53.710938,-26.351855],[-53.668555,-26.288184],[-53.671289,-26.225098],[-53.746924,-26.083691],[-53.823242,-25.95957],[-53.864209,-25.748828],[-53.891162,-25.668848],[-53.954785,-25.647656],[-54.012305,-25.57793],[-54.08501,-25.571875],[-54.119238,-25.545215],[-54.15459,-25.523047],[-54.206152,-25.52959],[-54.250098,-25.57041],[-54.331885,-25.571875],[-54.38335,-25.588672],[-54.443945,-25.625],[-54.501514,-25.608301],[-54.537842,-25.576465],[-54.615869,-25.576074],[-54.610547,-25.432715],[-54.473145,-25.220215],[-54.43623,-25.121289],[-54.454102,-25.065234],[-54.412988,-24.86748],[-54.312939,-24.528125],[-54.281006,-24.306055],[-54.317285,-24.20127],[-54.318262,-24.128125],[-54.266895,-24.06582],[-54.241797,-24.047266],[-54.370801,-23.971191],[-54.440234,-23.901758],[-54.52959,-23.852148],[-54.625488,-23.8125],[-54.671777,-23.829004],[-54.721387,-23.852148],[-54.817285,-23.888477],[-54.926465,-23.951367],[-54.982666,-23.974512],[-55.081885,-23.997656],[-55.194336,-24.01748],[-55.286914,-24.004297],[-55.366309,-23.991016],[-55.415918,-23.951367],[-55.442383,-23.865332],[-55.442383,-23.792578],[-55.458887,-23.686719],[-55.518457,-23.627246],[-55.538281,-23.580957],[-55.541602,-23.524707],[-55.534961,-23.461914],[-55.518457,-23.415625],[-55.528369,-23.359375],[-55.554834,-23.319629],[-55.548193,-23.250195],[-55.561426,-23.154297],[-55.601123,-23.094727],[-55.620996,-23.025293],[-55.620996,-22.955859],[-55.650732,-22.886426],[-55.654053,-22.810352],[-55.627588,-22.740918],[-55.617676,-22.671484],[-55.647412,-22.621875],[-55.703662,-22.59209],[-55.746631,-22.512695],[-55.753271,-22.410156],[-55.799561,-22.353906],[-55.84917,-22.307617],[-55.905371,-22.307617],[-55.991406,-22.281152],[-56.06748,-22.284473],[-56.189844,-22.281152],[-56.246045,-22.264648],[-56.275781,-22.228223],[-56.351855,-22.178613],[-56.394873,-22.092676],[-56.447803,-22.076172],[-56.523828,-22.102539],[-56.550293,-22.135645],[-56.580078,-22.181934],[-56.633008,-22.234863],[-56.702441,-22.231543],[-56.775195,-22.261328],[-56.844678,-22.264648],[-56.937256,-22.271289],[-57.029883,-22.244824],[-57.142334,-22.215039],[-57.238232,-22.195215],[-57.330859,-22.215039],[-57.393652,-22.198438],[-57.476367,-22.188574],[-57.568945,-22.181934],[-57.641699,-22.129004],[-57.721094,-22.099219],[-57.764062,-22.10918],[-57.820312,-22.142285],[-57.879834,-22.135645],[-57.955908,-22.10918],[-57.985693,-22.046387],[-57.979053,-22.006641],[-57.9625,-21.966992],[-57.932764,-21.910742],[-57.949316,-21.851172],[-57.942676,-21.79834],[-57.929443,-21.751953],[-57.916211,-21.699121],[-57.926172,-21.649512],[-57.929443,-21.596582],[-57.936084,-21.546973],[-57.945996,-21.494043],[-57.906299,-21.417969],[-57.873242,-21.355078],[-57.893066,-21.302246],[-57.886475,-21.26582],[-57.86001,-21.20625],[-57.826953,-21.133594],[-57.830225,-20.997949],[-57.86001,-20.918555],[-57.892236,-20.89707],[-57.900488,-20.873047],[-57.884814,-20.841699],[-57.901904,-20.809375],[-57.908496,-20.776367],[-57.891406,-20.747461],[-57.915137,-20.690332],[-57.9625,-20.673828],[-57.979053,-20.657324],[-57.995605,-20.594434],[-58.008838,-20.52168],[-58.002246,-20.46543],[-58.025391,-20.41582],[-58.058447,-20.386133],[-58.091504,-20.333203],[-58.124609,-20.293457],[-58.137793,-20.237305],[-58.159766,-20.164648],[-58.09375,-20.151074],[-58.067627,-20.110352],[-58.021143,-20.055176],[-57.960156,-20.040723],[-57.887598,-20.02041],[-57.860742,-19.97959],[-58.029932,-19.832715],[-58.131494,-19.744531],[-58.072021,-19.625293],[-57.97168,-19.424219],[-57.874512,-19.229492],[-57.800391,-19.080957],[-57.781445,-19.053516],[-57.716797,-19.044043],[-57.728613,-18.967383],[-57.730859,-18.917188],[-57.783105,-18.914258],[-57.725,-18.733203],[-57.63916,-18.475],[-57.574023,-18.279297],[-57.553125,-18.246484],[-57.506152,-18.237305],[-57.495654,-18.214648],[-57.552051,-18.183105],[-57.586475,-18.122266],[-57.66167,-17.947363],[-57.780176,-17.671777],[-57.788867,-17.573047],[-57.832471,-17.512109],[-57.905029,-17.532324],[-57.990918,-17.512891],[-58.205566,-17.363086],[-58.347754,-17.282129],[-58.395996,-17.234277],[-58.417383,-17.080566],[-58.459814,-16.910742],[-58.478125,-16.700684],[-58.470605,-16.650195],[-58.350391,-16.49082],[-58.350781,-16.410254],[-58.340576,-16.339941],[-58.345605,-16.284375],[-58.375391,-16.283594],[-58.423682,-16.30791],[-58.496582,-16.32666],[-58.537939,-16.328223],[-58.957275,-16.313184],[-59.434277,-16.295996],[-59.831152,-16.281738],[-60.175586,-16.269336],[-60.187207,-16.132129],[-60.206641,-15.901953],[-60.22041,-15.738672],[-60.242334,-15.47959],[-60.380469,-15.318262],[-60.530469,-15.143164],[-60.583203,-15.09834],[-60.402002,-15.092773],[-60.27334,-15.08877],[-60.298877,-14.618555],[-60.338037,-14.570508],[-60.372705,-14.41875],[-60.39624,-14.332813],[-60.460156,-14.263086],[-60.474658,-14.184766],[-60.462988,-14.132422],[-60.428076,-14.1],[-60.40498,-14.019238],[-60.422363,-13.937988],[-60.460156,-13.862402],[-60.506592,-13.789844],[-60.595312,-13.745313],[-60.722363,-13.664355],[-60.914502,-13.561426],[-61.077002,-13.489746],[-61.12915,-13.498535],[-61.416064,-13.526563],[-61.511572,-13.541211],[-61.575684,-13.524805],[-61.789941,-13.525586],[-61.874121,-13.47041],[-61.944727,-13.40625],[-62.094775,-13.241992],[-62.118018,-13.159766],[-62.176074,-13.133691],[-62.263916,-13.143652],[-62.352832,-13.132422],[-62.525537,-13.064258],[-62.687061,-12.994336],[-62.765479,-12.997266],[-62.835156,-12.953711],[-62.95791,-12.84707],[-63.015186,-12.805566],[-63.041357,-12.750391],[-63.06748,-12.669141],[-63.116797,-12.65166],[-63.180664,-12.666211],[-63.249756,-12.70791],[-63.34668,-12.680078],[-63.465234,-12.605176],[-63.541895,-12.54668],[-63.585645,-12.518945],[-63.688574,-12.478027],[-63.788086,-12.469434],[-63.938574,-12.529688],[-64.061621,-12.505078],[-64.255029,-12.483301],[-64.420508,-12.439746],[-64.480762,-12.326172],[-64.513428,-12.250977],[-64.61167,-12.203906],[-64.690039,-12.146484],[-64.783447,-12.059375],[-64.829883,-12.030273],[-64.914355,-12.005957],[-64.992529,-11.975195],[-65.001221,-11.92002],[-65.030273,-11.847363],[-65.037109,-11.829395],[-65.090283,-11.741211],[-65.115137,-11.735059],[-65.142676,-11.752344],[-65.163379,-11.765137],[-65.185742,-11.749512],[-65.189746,-11.710059],[-65.175391,-11.646875],[-65.206201,-11.580566],[-65.282275,-11.511035],[-65.322021,-11.43916],[-65.325488,-11.364746],[-65.342383,-11.315039],[-65.372852,-11.289941],[-65.389893,-11.246289],[-65.393604,-11.184277],[-65.371582,-11.110352],[-65.323779,-11.024805],[-65.334033,-10.892773],[-65.402295,-10.714746],[-65.43999,-10.58623],[-65.447119,-10.507422],[-65.436914,-10.449023],[-65.395459,-10.392285],[-65.313086,-10.253027],[-65.298584,-10.146777],[-65.324561,-10.026953],[-65.328125,-9.935547],[-65.309326,-9.872656],[-65.337891,-9.790234],[-65.396143,-9.712402],[-65.436768,-9.710449],[-65.491992,-9.731738],[-65.558691,-9.797461],[-65.637109,-9.809082],[-65.706787,-9.768457],[-65.924707,-9.785449],[-66.263574,-9.826074],[-66.399219,-9.868164],[-66.478906,-9.886133],[-66.575342,-9.899902],[-66.72998,-9.975488],[-67.111523,-10.268945],[-67.190479,-10.311426],[-67.280469,-10.317285],[-67.332715,-10.35791],[-67.416943,-10.389844],[-67.582422,-10.505957],[-67.66665,-10.598926],[-67.721777,-10.683105],[-67.785693,-10.686035],[-67.83501,-10.662793],[-67.991699,-10.674414],[-68.07168,-10.703125],[-68.158643,-10.785059],[-68.266602,-10.933105],[-68.311133,-10.975195],[-68.397998,-11.01875],[-68.49834,-11.054785],[-68.622656,-11.10918],[-68.678369,-11.112793],[-68.72749,-11.122461],[-68.769922,-11.097656],[-68.784082,-11.044629],[-68.84834,-11.011133],[-69.00166,-10.994336],[-69.228516,-10.955664],[-69.462549,-10.948145],[-69.578613,-10.951758],[-69.674023,-10.954102],[-69.839795,-10.933398],[-69.960352,-10.929883],[-70.066309,-10.982422],[-70.220068,-11.047656],[-70.290381,-11.064258],[-70.341992,-11.066699],[-70.392285,-11.058594],[-70.450879,-11.024805],[-70.533252,-10.946875],[-70.596533,-10.976855],[-70.642334,-11.010254],[-70.641553,-10.84082],[-70.640332,-10.586035],[-70.639355,-10.361328],[-70.638525,-10.181543],[-70.637598,-9.971777],[-70.636914,-9.82373],[-70.593799,-9.76748],[-70.567236,-9.70459],[-70.59917,-9.620508],[-70.592236,-9.543457],[-70.570166,-9.489844],[-70.541113,-9.4375],[-70.60791,-9.463672],[-70.636914,-9.478223],[-70.672461,-9.517969],[-70.758496,-9.57168],[-70.81626,-9.625293],[-70.884521,-9.669043],[-70.970752,-9.765723],[-71.041748,-9.81875],[-71.115283,-9.852441],[-71.237939,-9.966016],[-71.339404,-9.988574],[-71.608008,-10.006055],[-71.887451,-10.005566],[-72.142969,-10.005176],[-72.181592,-10.003711],[-72.179102,-9.910156],[-72.172852,-9.844043],[-72.259961,-9.774316],[-72.26582,-9.688477],[-72.289014,-9.629199],[-72.318066,-9.556641],[-72.379053,-9.510156],[-72.464746,-9.492188],[-72.605469,-9.452051],[-72.814258,-9.410352],[-73.01377,-9.407422],[-73.209424,-9.411426],[-73.089844,-9.265723],[-72.970361,-9.120117],[-72.974023,-8.993164],[-73.070508,-8.882812],[-73.122559,-8.814063],[-73.203125,-8.719336],[-73.302441,-8.654004],[-73.356738,-8.566992],[-73.351709,-8.51416],[-73.3604,-8.479297],[-73.398145,-8.458984],[-73.435889,-8.427051],[-73.488135,-8.392188],[-73.549121,-8.345801],[-73.549121,-8.299316],[-73.572363,-8.249902],[-73.610107,-8.191895],[-73.610107,-8.14541],[-73.644922,-8.072852],[-73.682666,-8.020605],[-73.72041,-7.985742],[-73.775586,-7.936426],[-73.772705,-7.895703],[-73.732031,-7.875391],[-73.7146,-7.829004],[-73.72041,-7.78252],[-73.766895,-7.753516],[-73.82207,-7.738965],[-73.894629,-7.654785],[-73.946875,-7.61123],[-73.981738,-7.585059],[-74.002051,-7.556055],[-73.981738,-7.535742],[-73.958496,-7.506641],[-73.952686,-7.460254],[-73.964307,-7.416699],[-73.964307,-7.378906],[-73.929443,-7.367285],[-73.891748,-7.373145],[-73.854004,-7.349902],[-73.804639,-7.341211],[-73.749463,-7.335352],[-73.72041,-7.309277],[-73.72334,-7.262793],[-73.758203,-7.172754],[-73.793018,-7.135059],[-73.804639,-7.079883],[-73.77627,-6.973535],[-73.758105,-6.905762],[-73.694531,-6.833789],[-73.499902,-6.679492],[-73.325488,-6.574707],[-73.240332,-6.564063],[-73.177441,-6.525195],[-73.137354,-6.46582],[-73.126318,-6.400879],[-73.135352,-6.344336],[-73.167725,-6.260645],[-73.206494,-6.156445],[-73.235547,-6.098438],[-73.209375,-6.028711],[-73.162891,-5.933398],[-73.068066,-5.789551],[-72.979883,-5.634863],[-72.970215,-5.589648],[-72.958936,-5.495215],[-72.918262,-5.302539],[-72.895801,-5.198242],[-72.907471,-5.157715],[-72.887061,-5.122754],[-72.831934,-5.09375],[-72.69873,-5.067188],[-72.60835,-5.00957],[-72.468994,-4.90127],[-72.352832,-4.786035],[-72.256787,-4.748926],[-72.08252,-4.642285],[-71.982422,-4.574609],[-71.943164,-4.55332],[-71.844727,-4.504395],[-71.668359,-4.487305],[-71.521338,-4.469727],[-71.438281,-4.437598],[-71.316797,-4.424316],[-71.23501,-4.388184],[-71.144238,-4.387207],[-70.973682,-4.350488],[-70.915625,-4.295313],[-70.866016,-4.22959],[-70.799512,-4.17334],[-70.721582,-4.158887],[-70.63457,-4.168652],[-70.530664,-4.167578],[-70.404639,-4.150098],[-70.343652,-4.193652],[-70.316895,-4.246973],[-70.23916,-4.301172],[-70.183984,-4.298145],[-70.128809,-4.286621],[-70.05332,-4.333105],[-70.003955,-4.327246],[-69.972021,-4.301172],[-69.965918,-4.235938],[-69.948193,-4.200586],[-69.911035,-3.996582],[-69.849756,-3.659863],[-69.794141,-3.35459],[-69.732617,-3.016699],[-69.669043,-2.667676],[-69.604687,-2.314258],[-69.551855,-2.024219],[-69.506445,-1.774902],[-69.478613,-1.621973],[-69.434912,-1.42168],[-69.417871,-1.245703],[-69.400244,-1.194922],[-69.411426,-1.152246],[-69.449121,-1.091602],[-69.44873,-1.064941],[-69.444336,-1.02959],[-69.44873,-0.99873],[-69.488428,-0.965723],[-69.519287,-0.945801],[-69.543555,-0.917188],[-69.55459,-0.877441],[-69.574414,-0.837793],[-69.583252,-0.795898],[-69.611914,-0.762793],[-69.620703,-0.720898],[-69.600879,-0.68125],[-69.592041,-0.639355],[-69.600879,-0.599609],[-69.611914,-0.55332],[-69.633984,-0.509277],[-69.66748,-0.482422],[-69.747461,-0.452539],[-69.82793,-0.381348],[-69.922754,-0.31748],[-70.044043,-0.196191],[-70.070508,-0.138867],[-70.070947,0.018555],[-70.065723,0.189355],[-70.05791,0.447363],[-70.053906,0.578613],[-69.985449,0.58584],[-69.925098,0.589404],[-69.862061,0.598486],[-69.807129,0.607471],[-69.756738,0.626367],[-69.718896,0.649805],[-69.673828,0.665088],[-69.638721,0.659668],[-69.603613,0.680371],[-69.564844,0.700195],[-69.527051,0.716406],[-69.472119,0.729932],[-69.420801,0.698389],[-69.391992,0.666895],[-69.358643,0.651562],[-69.327148,0.655176],[-69.305518,0.652441],[-69.283008,0.627246],[-69.254199,0.625439],[-69.212793,0.629932],[-69.174072,0.635352],[-69.156055,0.642529],[-69.15332,0.658789],[-69.163232,0.68667],[-69.176758,0.712842],[-69.165967,0.75332],[-69.165039,0.801953],[-69.163232,0.864062],[-69.193848,0.898291],[-69.224463,0.963135],[-69.258691,1.015381],[-69.311816,1.050488],[-69.361377,1.064014],[-69.402783,1.042383],[-69.441504,1.038818],[-69.470312,1.058594],[-69.517139,1.059473],[-69.567578,1.065771],[-69.620898,1.073242],[-69.716992,1.059082],[-69.751318,1.076611],[-69.798145,1.078418],[-69.852148,1.059521],[-69.850781,1.308789],[-69.849463,1.543896],[-69.848584,1.70874],[-69.799951,1.705176],[-69.7396,1.734863],[-69.650049,1.739453],[-69.58125,1.770752],[-69.54292,1.773242],[-69.470166,1.75791],[-69.394336,1.725781],[-69.319727,1.72124],[-69.124268,1.721289],[-68.913184,1.721387],[-68.678467,1.721484],[-68.443457,1.721582],[-68.239551,1.72168],[-68.176562,1.719824],[-68.213281,1.774561],[-68.255957,1.845508],[-68.239453,1.901367],[-68.218359,1.957617],[-68.193799,1.987012],[-68.130273,1.955762],[-68.077051,1.860107],[-68.032861,1.788037],[-67.989746,1.752539],[-67.93623,1.748486],[-67.875537,1.760596],[-67.815088,1.790088],[-67.711865,1.922119],[-67.609229,2.035059],[-67.556055,2.072998],[-67.499658,2.10791],[-67.457764,2.121143],[-67.400439,2.116699],[-67.351953,2.08584],[-67.320605,2.03208],[-67.205811,1.844824],[-67.119238,1.703613],[-67.090137,1.615576],[-67.088281,1.400586],[-67.093652,1.21001],[-67.082275,1.1854],[-67.065234,1.178369],[-66.876025,1.223047]]],[[[-49.628662,-0.229199],[-49.535205,-0.233594],[-49.402881,-0.214648],[-49.314258,-0.167871],[-49.215088,-0.158691],[-49.116992,-0.163574],[-48.786572,-0.215527],[-48.588037,-0.231641],[-48.51543,-0.248242],[-48.444482,-0.271875],[-48.392676,-0.297363],[-48.379687,-0.352832],[-48.428027,-0.441504],[-48.463965,-0.534766],[-48.497461,-0.664941],[-48.52334,-0.691406],[-48.56665,-0.684473],[-48.539697,-0.800977],[-48.549512,-0.847559],[-48.570947,-0.892871],[-48.624072,-0.986914],[-48.70459,-1.106641],[-48.728516,-1.131738],[-48.789844,-1.17334],[-48.839697,-1.226562],[-48.829004,-1.276563],[-48.804053,-1.326953],[-48.833594,-1.390039],[-48.928906,-1.482324],[-48.985938,-1.504688],[-49.038477,-1.514063],[-49.086865,-1.505078],[-49.172705,-1.412598],[-49.181689,-1.484961],[-49.204785,-1.558984],[-49.233984,-1.599512],[-49.344824,-1.595215],[-49.406592,-1.555566],[-49.506641,-1.511621],[-49.525684,-1.630469],[-49.587891,-1.712402],[-49.650586,-1.738086],[-49.748779,-1.755371],[-49.805127,-1.790234],[-49.911328,-1.762988],[-50.009961,-1.708496],[-50.065723,-1.703809],[-50.109277,-1.747852],[-50.338428,-1.755957],[-50.443457,-1.800684],[-50.507617,-1.787988],[-50.602051,-1.697754],[-50.617188,-1.637695],[-50.673389,-1.516016],[-50.723828,-1.371484],[-50.759766,-1.240234],[-50.729492,-1.126758],[-50.668311,-1.130566],[-50.595898,-1.147461],[-50.580518,-1.139453],[-50.576953,-1.103125],[-50.59292,-1.072949],[-50.709619,-1.077734],[-50.783301,-1.010352],[-50.796094,-0.90625],[-50.780957,-0.689844],[-50.771387,-0.64541],[-50.719922,-0.583398],[-50.703076,-0.528516],[-50.71582,-0.470215],[-50.693701,-0.364453],[-50.645508,-0.272852],[-50.461572,-0.157422],[-50.248242,-0.116406],[-49.628662,-0.229199]]],[[[-44.129297,-23.141895],[-44.098047,-23.169336],[-44.155762,-23.166602],[-44.220508,-23.19082],[-44.320068,-23.212305],[-44.360156,-23.17207],[-44.274121,-23.116211],[-44.242871,-23.074121],[-44.22041,-23.08291],[-44.191602,-23.113281],[-44.129297,-23.141895]]],[[[-48.584424,-26.401563],[-48.603076,-26.41377],[-48.665771,-26.289648],[-48.539746,-26.170313],[-48.497607,-26.21875],[-48.531104,-26.313184],[-48.568066,-26.379688],[-48.584424,-26.401563]]],[[[-45.260254,-23.88916],[-45.260889,-23.941309],[-45.302539,-23.914746],[-45.412842,-23.934961],[-45.451416,-23.895605],[-45.302344,-23.727539],[-45.272266,-23.751953],[-45.249072,-23.782617],[-45.233105,-23.825391],[-45.250293,-23.853027],[-45.260254,-23.88916]]],[[[-44.499316,-2.939648],[-44.597754,-3.037598],[-44.565332,-2.923926],[-44.581885,-2.845605],[-44.569092,-2.784961],[-44.501953,-2.72627],[-44.481445,-2.717578],[-44.487305,-2.789746],[-44.482568,-2.811914],[-44.499316,-2.939648]]],[[[-38.743848,-13.09707],[-38.783008,-13.118652],[-38.786963,-13.055078],[-38.684863,-12.974902],[-38.668115,-12.880176],[-38.614551,-12.924023],[-38.600293,-12.972461],[-38.601172,-12.992578],[-38.743848,-13.09707]]],[[[-38.903564,-13.473438],[-38.937891,-13.532324],[-38.977588,-13.523535],[-38.993213,-13.484082],[-39.022168,-13.445605],[-39.006592,-13.415527],[-38.980127,-13.398438],[-38.907129,-13.401074],[-38.903564,-13.473438]]],[[[-44.883105,-1.317871],[-44.947119,-1.366016],[-44.967871,-1.39082],[-45.02085,-1.372363],[-45.01123,-1.344727],[-44.995605,-1.347559],[-44.978662,-1.267285],[-44.888281,-1.276855],[-44.883105,-1.317871]]],[[[-49.738232,0.268164],[-49.697266,0.215967],[-49.838965,0.006885],[-49.91709,-0.023193],[-50.00249,-0.029297],[-50.113135,0.033008],[-50.285596,0.028564],[-50.339453,0.043359],[-50.345117,0.134473],[-50.272656,0.231738],[-50.127979,0.226514],[-49.879004,0.304541],[-49.738232,0.268164]]],[[[-50.298975,1.938525],[-50.398779,1.892871],[-50.456104,1.910498],[-50.508984,2.029541],[-50.491016,2.128613],[-50.41875,2.161475],[-50.362646,2.154443],[-50.341992,2.141748],[-50.29209,1.97959],[-50.298975,1.938525]]],[[[-50.652881,-0.131641],[-50.926367,-0.327344],[-51.018994,-0.263086],[-51.038086,-0.225879],[-51.022363,-0.188379],[-51.025732,-0.172363],[-50.995068,-0.105273],[-50.842187,-0.050195],[-50.765283,-0.040869],[-50.666992,-0.058008],[-50.650586,-0.105859],[-50.652881,-0.131641]]],[[[-49.443896,-0.112402],[-49.708838,-0.14375],[-49.830078,-0.093896],[-49.802686,-0.051855],[-49.712305,0.015137],[-49.602197,0.062695],[-49.503467,0.083691],[-49.400488,0.057227],[-49.372314,0.001074],[-49.380859,-0.055469],[-49.443896,-0.112402]]],[[[-50.426123,0.139258],[-50.443945,-0.007666],[-50.623926,0.054395],[-50.610449,0.204785],[-50.526221,0.246924],[-50.451562,0.326904],[-50.426074,0.424951],[-50.424561,0.558252],[-50.396875,0.581396],[-50.372754,0.590869],[-50.350977,0.581738],[-50.342529,0.381592],[-50.332275,0.259033],[-50.426123,0.139258]]],[[[-50.15293,0.393018],[-50.261328,0.35918],[-50.281543,0.39082],[-50.281689,0.516504],[-50.251172,0.585449],[-50.112793,0.604736],[-50.098633,0.625],[-50.058838,0.638037],[-50.036816,0.594824],[-50.040039,0.522803],[-50.15293,0.393018]]],[[[-51.83252,-1.433789],[-51.938379,-1.452637],[-51.802051,-1.202539],[-51.680029,-1.086133],[-51.678271,-0.855078],[-51.546045,-0.649609],[-51.424463,-0.565918],[-51.254004,-0.541406],[-51.160742,-0.666699],[-51.276318,-1.021777],[-51.310107,-1.023828],[-51.465137,-1.211133],[-51.637695,-1.341895],[-51.83252,-1.433789]]],[[[-48.485889,-27.766992],[-48.55459,-27.812207],[-48.542187,-27.574805],[-48.505176,-27.495508],[-48.464746,-27.436328],[-48.414893,-27.399609],[-48.37793,-27.451465],[-48.40957,-27.566309],[-48.496777,-27.707031],[-48.485889,-27.766992]]]]}},{"type":"Feature","properties":{"featurecla":"Admin-0 country","scalerank":1,"LABELRANK":5,"SOVEREIGNT":"Bosnia and Herzegovina","SOV_A3":"BIH","ADM0_DIF":0,"LEVEL":2,"TYPE":"Sovereign country","TLC":"1","ADMIN":"Bosnia and Herzegovina","ADM0_A3":"BIH","GEOU_DIF":0,"GEOUNIT":"Bosnia and Herzegovina","GU_A3":"BIH","SU_DIF":0,"SUBUNIT":"Bosnia and Herzegovina","SU_A3":"BIH","BRK_DIFF":0,"NAME":"Bosnia and Herz.","NAME_LONG":"Bosnia and Herzegovina","BRK_A3":"BIH","BRK_NAME":"Bosnia and Herz.","BRK_GROUP":null,"ABBREV":"B.H.","POSTAL":"BiH","FORMAL_EN":"Bosnia and Herzegovina","FORMAL_FR":null,"NAME_CIAWF":"Bosnia and Herzegovina","NOTE_ADM0":null,"NOTE_BRK":null,"NAME_SORT":"Bosnia and Herzegovina","NAME_ALT":null,"MAPCOLOR7":1,"MAPCOLOR8":1,"MAPCOLOR9":1,"MAPCOLOR13":2,"POP_EST":3301000,"POP_RANK":12,"POP_YEAR":2019,"GDP_MD":20164,"GDP_YEAR":2019,"ECONOMY":"6. Developing region","INCOME_GRP":"3. Upper middle income","FIPS_10":"BK","ISO_A2":"BA","ISO_A2_EH":"BA","ISO_A3":"BIH","ISO_A3_EH":"BIH","ISO_N3":"070","ISO_N3_EH":"070","UN_A3":"070","WB_A2":"BA","WB_A3":"BIH","WOE_ID":23424761,"WOE_ID_EH":23424761,"WOE_NOTE":"Exact WOE match as country","ADM0_ISO":"BIH","ADM0_DIFF":null,"ADM0_TLC":"BIH","ADM0_A3_US":"BIH","ADM0_A3_FR":"BIH","ADM0_A3_RU":"BIH","ADM0_A3_ES":"BIH","ADM0_A3_CN":"BIH","ADM0_A3_TW":"BIH","ADM0_A3_IN":"BIH","ADM0_A3_NP":"BIH","ADM0_A3_PK":"BIH","ADM0_A3_DE":"BIH","ADM0_A3_GB":"BIH","ADM0_A3_BR":"BIH","ADM0_A3_IL":"BIH","ADM0_A3_PS":"BIH","ADM0_A3_SA":"BIH","ADM0_A3_EG":"BIH","ADM0_A3_MA":"BIH","ADM0_A3_PT":"BIH","ADM0_A3_AR":"BIH","ADM0_A3_JP":"BIH","ADM0_A3_KO":"BIH","ADM0_A3_VN":"BIH","ADM0_A3_TR":"BIH","ADM0_A3_ID":"BIH","ADM0_A3_PL":"BIH","ADM0_A3_GR":"BIH","ADM0_A3_IT":"BIH","ADM0_A3_NL":"BIH","ADM0_A3_SE":"BIH","ADM0_A3_BD":"BIH","ADM0_A3_UA":"BIH","ADM0_A3_UN":-99,"ADM0_A3_WB":-99,"CONTINENT":"Europe","REGION_UN":"Europe","SUBREGION":"Southern Europe","REGION_WB":"Europe & Central Asia","NAME_LEN":16,"LONG_LEN":22,"ABBREV_LEN":4,"TINY":-99,"HOMEPART":1,"MIN_ZOOM":0,"MIN_LABEL":4.5,"MAX_LABEL":6.8,"LABEL_X":18.06841,"LABEL_Y":44.091051,"NE_ID":1159320417,"WIKIDATAID":"Q225","NAME_AR":"البوسنة والهرسك","NAME_BN":"বসনিয়া ও হার্জেগোভিনা","NAME_DE":"Bosnien und Herzegowina","NAME_EN":"Bosnia and Herzegovina","NAME_ES":"Bosnia y Herzegovina","NAME_FA":"بوسنی و هرزگوین","NAME_FR":"Bosnie-Herzégovine","NAME_EL":"Βοσνία και Ερζεγοβίνη","NAME_HE":"בוסניה והרצגובינה","NAME_HI":"बॉस्निया और हर्ज़ेगोविना","NAME_HU":"Bosznia-Hercegovina","NAME_ID":"Bosnia dan Herzegovina","NAME_IT":"Bosnia ed Erzegovina","NAME_JA":"ボスニア・ヘルツェゴビナ","NAME_KO":"보스니아 헤르체고비나","NAME_NL":"Bosnië en Herzegovina","NAME_PL":"Bośnia i Hercegowina","NAME_PT":"Bósnia e Herzegovina","NAME_RU":"Босния и Герцеговина","NAME_SV":"Bosnien och Hercegovina","NAME_TR":"Bosna-Hersek","NAME_UK":"Боснія і Герцеговина","NAME_UR":"بوسنیا و ہرزیگووینا","NAME_VI":"Bosna và Hercegovina","NAME_ZH":"波斯尼亚和黑塞哥维那","NAME_ZHT":"波士尼亞與赫塞哥維納","FCLASS_ISO":"Admin-0 country","TLC_DIFF":null,"FCLASS_TLC":"Admin-0 country","FCLASS_US":null,"FCLASS_FR":null,"FCLASS_RU":null,"FCLASS_ES":null,"FCLASS_CN":null,"FCLASS_TW":null,"FCLASS_IN":null,"FCLASS_NP":null,"FCLASS_PK":null,"FCLASS_DE":null,"FCLASS_GB":null,"FCLASS_BR":null,"FCLASS_IL":null,"FCLASS_PS":null,"FCLASS_SA":null,"FCLASS_EG":null,"FCLASS_MA":null,"FCLASS_PT":null,"FCLASS_AR":null,"FCLASS_JP":null,"FCLASS_KO":null,"FCLASS_VN":null,"FCLASS_TR":null,"FCLASS_ID":null,"FCLASS_PL":null,"FCLASS_GR":null,"FCLASS_IT":null,"FCLASS_NL":null,"FCLASS_SE":null,"FCLASS_BD":null,"FCLASS_UA":null},"bbox":[15.736621,42.559717,19.583789,45.276562],"geometry":{"type":"Polygon","coordinates":[[[19.348633,44.880908],[19.356836,44.858545],[19.334473,44.780664],[19.291895,44.696777],[19.223145,44.60957],[19.151367,44.527344],[19.132422,44.483789],[19.127344,44.414551],[19.118457,44.359961],[19.12832,44.330273],[19.151855,44.302539],[19.231543,44.280566],[19.338867,44.22583],[19.430176,44.154492],[19.547168,44.073486],[19.583789,44.043457],[19.583691,44.011084],[19.549512,43.987109],[19.449414,43.978027],[19.345215,43.985107],[19.305273,43.993359],[19.268066,43.983447],[19.24502,43.965039],[19.257227,43.943311],[19.364063,43.844775],[19.488184,43.703564],[19.495117,43.642871],[19.47998,43.595166],[19.45127,43.562061],[19.399609,43.567578],[19.360352,43.593457],[19.300781,43.591797],[19.254492,43.584375],[19.194336,43.533301],[19.164355,43.535449],[19.112793,43.527734],[19.080078,43.517725],[19.02832,43.53252],[18.974219,43.542334],[18.950684,43.52666],[18.940234,43.496729],[18.973828,43.442383],[19.036719,43.357324],[19.02666,43.292432],[18.978711,43.2854],[18.934668,43.339453],[18.895605,43.348193],[18.851074,43.346338],[18.749219,43.283545],[18.674219,43.230811],[18.656836,43.193945],[18.62998,43.153662],[18.621875,43.124609],[18.623633,43.027686],[18.488477,43.012158],[18.460156,42.9979],[18.443848,42.968457],[18.455078,42.844092],[18.466016,42.777246],[18.543262,42.67417],[18.545898,42.641602],[18.534961,42.620117],[18.480078,42.579199],[18.453906,42.564502],[18.436328,42.559717],[18.346582,42.58667],[18.304004,42.599414],[18.123926,42.690576],[18.044531,42.74126],[17.918848,42.807422],[17.841309,42.845068],[17.801953,42.902246],[17.740234,42.915479],[17.667578,42.897119],[17.585156,42.938379],[17.643457,42.959766],[17.657813,42.980078],[17.650488,43.006592],[17.624805,43.042773],[17.402246,43.198926],[17.293066,43.305615],[17.275293,43.343848],[17.273828,43.445752],[17.248047,43.470215],[17.08457,43.516553],[16.901855,43.649023],[16.713477,43.778809],[16.687695,43.815039],[16.590527,43.913184],[16.47207,44.002588],[16.377539,44.059619],[16.300098,44.124512],[16.214258,44.215137],[16.169824,44.352002],[16.130273,44.47373],[16.103418,44.520996],[16.049023,44.537598],[15.880078,44.681934],[15.736621,44.76582],[15.737988,44.856396],[15.761523,45.00752],[15.788086,45.178955],[15.822852,45.202783],[15.888281,45.215723],[15.963184,45.210791],[16.02832,45.1896],[16.157324,45.072217],[16.231055,45.026611],[16.293359,45.008838],[16.365039,45.05835],[16.453516,45.162012],[16.530664,45.216699],[16.79082,45.196875],[16.918652,45.276562],[17.125391,45.171777],[17.210645,45.156055],[17.258691,45.170557],[17.324121,45.163965],[17.469141,45.133301],[17.502637,45.120361],[17.546289,45.122559],[17.653516,45.163477],[17.690137,45.158398],[17.812793,45.078125],[17.874414,45.077246],[17.948633,45.111865],[17.996289,45.141797],[18.137207,45.119385],[18.217969,45.13291],[18.284961,45.134277],[18.357617,45.120557],[18.423926,45.102002],[18.488281,45.08584],[18.662598,45.077441],[18.746094,45.026514],[18.779395,44.977246],[18.780176,44.947217],[18.788379,44.914893],[18.836426,44.883252],[18.941309,44.865186],[19.007129,44.869189],[19.04209,44.871338],[19.131543,44.899609],[19.236816,44.914258],[19.312695,44.897461],[19.348633,44.880908]]]}},{"type":"Feature","properties":{"featurecla":"Admin-0 country","scalerank":1,"LABELRANK":3,"SOVEREIGNT":"Bolivia","SOV_A3":"BOL","ADM0_DIF":0,"LEVEL":2,"TYPE":"Sovereign country","TLC":"1","ADMIN":"Bolivia","ADM0_A3":"BOL","GEOU_DIF":0,"GEOUNIT":"Bolivia","GU_A3":"BOL","SU_DIF":0,"SUBUNIT":"Bolivia","SU_A3":"BOL","BRK_DIFF":0,"NAME":"Bolivia","NAME_LONG":"Bolivia","BRK_A3":"BOL","BRK_NAME":"Bolivia","BRK_GROUP":null,"ABBREV":"Bolivia","POSTAL":"BO","FORMAL_EN":"Plurinational State of Bolivia","FORMAL_FR":null,"NAME_CIAWF":"Bolivia","NOTE_ADM0":null,"NOTE_BRK":null,"NAME_SORT":"Bolivia","NAME_ALT":null,"MAPCOLOR7":1,"MAPCOLOR8":5,"MAPCOLOR9":2,"MAPCOLOR13":3,"POP_EST":11513100,"POP_RANK":14,"POP_YEAR":2019,"GDP_MD":40895,"GDP_YEAR":2019,"ECONOMY":"5. Emerging region: G20","INCOME_GRP":"4. Lower middle income","FIPS_10":"BL","ISO_A2":"BO","ISO_A2_EH":"BO","ISO_A3":"BOL","ISO_A3_EH":"BOL","ISO_N3":"068","ISO_N3_EH":"068","UN_A3":"068","WB_A2":"BO","WB_A3":"BOL","WOE_ID":23424762,"WOE_ID_EH":23424762,"WOE_NOTE":"Exact WOE match as country","ADM0_ISO":"BOL","ADM0_DIFF":null,"ADM0_TLC":"BOL","ADM0_A3_US":"BOL","ADM0_A3_FR":"BOL","ADM0_A3_RU":"BOL","ADM0_A3_ES":"BOL","ADM0_A3_CN":"BOL","ADM0_A3_TW":"BOL","ADM0_A3_IN":"BOL","ADM0_A3_NP":"BOL","ADM0_A3_PK":"BOL","ADM0_A3_DE":"BOL","ADM0_A3_GB":"BOL","ADM0_A3_BR":"BOL","ADM0_A3_IL":"BOL","ADM0_A3_PS":"BOL","ADM0_A3_SA":"BOL","ADM0_A3_EG":"BOL","ADM0_A3_MA":"BOL","ADM0_A3_PT":"BOL","ADM0_A3_AR":"BOL","ADM0_A3_JP":"BOL","ADM0_A3_KO":"BOL","ADM0_A3_VN":"BOL","ADM0_A3_TR":"BOL","ADM0_A3_ID":"BOL","ADM0_A3_PL":"BOL","ADM0_A3_GR":"BOL","ADM0_A3_IT":"BOL","ADM0_A3_NL":"BOL","ADM0_A3_SE":"BOL","ADM0_A3_BD":"BOL","ADM0_A3_UA":"BOL","ADM0_A3_UN":-99,"ADM0_A3_WB":-99,"CONTINENT":"South America","REGION_UN":"Americas","SUBREGION":"South America","REGION_WB":"Latin America & Caribbean","NAME_LEN":7,"LONG_LEN":7,"ABBREV_LEN":7,"TINY":-99,"HOMEPART":1,"MIN_ZOOM":0,"MIN_LABEL":3,"MAX_LABEL":7.5,"LABEL_X":-64.593433,"LABEL_Y":-16.666015,"NE_ID":1159320439,"WIKIDATAID":"Q750","NAME_AR":"بوليفيا","NAME_BN":"বলিভিয়া","NAME_DE":"Bolivien","NAME_EN":"Bolivia","NAME_ES":"Bolivia","NAME_FA":"بولیوی","NAME_FR":"Bolivie","NAME_EL":"Βολιβία","NAME_HE":"בוליביה","NAME_HI":"बोलिविया","NAME_HU":"Bolívia","NAME_ID":"Bolivia","NAME_IT":"Bolivia","NAME_JA":"ボリビア","NAME_KO":"볼리비아","NAME_NL":"Bolivia","NAME_PL":"Boliwia","NAME_PT":"Bolívia","NAME_RU":"Боливия","NAME_SV":"Bolivia","NAME_TR":"Bolivya","NAME_UK":"Болівія","NAME_UR":"بولیویا","NAME_VI":"Bolivia","NAME_ZH":"玻利维亚","NAME_ZHT":"玻利維亞","FCLASS_ISO":"Admin-0 country","TLC_DIFF":null,"FCLASS_TLC":"Admin-0 country","FCLASS_US":null,"FCLASS_FR":null,"FCLASS_RU":null,"FCLASS_ES":null,"FCLASS_CN":null,"FCLASS_TW":null,"FCLASS_IN":null,"FCLASS_NP":null,"FCLASS_PK":null,"FCLASS_DE":null,"FCLASS_GB":null,"FCLASS_BR":null,"FCLASS_IL":null,"FCLASS_PS":null,"FCLASS_SA":null,"FCLASS_EG":null,"FCLASS_MA":null,"FCLASS_PT":null,"FCLASS_AR":null,"FCLASS_JP":null,"FCLASS_KO":null,"FCLASS_VN":null,"FCLASS_TR":null,"FCLASS_ID":null,"FCLASS_PL":null,"FCLASS_GR":null,"FCLASS_IT":null,"FCLASS_NL":null,"FCLASS_SE":null,"FCLASS_BD":null,"FCLASS_UA":null},"bbox":[-69.645703,-22.891699,-57.495654,-9.710449],"geometry":{"type":"Polygon","coordinates":[[[-69.510937,-17.506055],[-69.511084,-17.504883],[-69.510986,-17.460352],[-69.521924,-17.388965],[-69.563818,-17.33291],[-69.625879,-17.294434],[-69.645703,-17.248535],[-69.624854,-17.200195],[-69.50332,-17.104785],[-69.43833,-17.088379],[-69.421094,-17.040039],[-69.381543,-17.001367],[-69.267236,-16.860938],[-69.199805,-16.768457],[-69.13252,-16.713086],[-69.054541,-16.674316],[-69.020703,-16.642188],[-69.038379,-16.542676],[-69.03291,-16.475977],[-69.00625,-16.433691],[-68.928027,-16.389063],[-68.857812,-16.354785],[-68.842773,-16.337891],[-68.848828,-16.312793],[-68.913477,-16.261914],[-69.04624,-16.217676],[-69.13418,-16.221973],[-69.187988,-16.182813],[-69.217578,-16.149121],[-69.391895,-15.736914],[-69.420898,-15.640625],[-69.418506,-15.603418],[-69.301904,-15.399414],[-69.254297,-15.33291],[-69.172461,-15.236621],[-69.187109,-15.19873],[-69.330713,-15.038965],[-69.374707,-14.962988],[-69.37373,-14.8875],[-69.359473,-14.795313],[-69.276025,-14.745898],[-69.252344,-14.671094],[-69.234912,-14.59707],[-69.199268,-14.572559],[-69.162695,-14.530957],[-69.119727,-14.470313],[-69.052783,-14.417578],[-69.013135,-14.377246],[-69.004492,-14.265039],[-68.971777,-14.234375],[-68.880322,-14.198828],[-68.870898,-14.169727],[-68.891699,-14.094336],[-68.937451,-14.014648],[-68.974268,-13.975977],[-69.023047,-13.780273],[-69.074121,-13.682813],[-69.052832,-13.643945],[-69.017529,-13.594434],[-68.983447,-13.496387],[-68.972266,-13.382324],[-68.980518,-12.962598],[-68.978613,-12.880078],[-68.93374,-12.82207],[-68.867676,-12.755176],[-68.811816,-12.72959],[-68.759082,-12.687207],[-68.762891,-12.607715],[-68.728125,-12.560742],[-68.685254,-12.501953],[-68.818701,-12.27041],[-68.936035,-12.066797],[-69.046191,-11.875684],[-69.17373,-11.654297],[-69.257715,-11.508594],[-69.362012,-11.327539],[-69.453613,-11.16875],[-69.578613,-10.951758],[-69.462549,-10.948145],[-69.228516,-10.955664],[-69.00166,-10.994336],[-68.84834,-11.011133],[-68.784082,-11.044629],[-68.769922,-11.097656],[-68.72749,-11.122461],[-68.678369,-11.112793],[-68.622656,-11.10918],[-68.49834,-11.054785],[-68.397998,-11.01875],[-68.311133,-10.975195],[-68.266602,-10.933105],[-68.158643,-10.785059],[-68.07168,-10.703125],[-67.991699,-10.674414],[-67.83501,-10.662793],[-67.785693,-10.686035],[-67.721777,-10.683105],[-67.66665,-10.598926],[-67.582422,-10.505957],[-67.416943,-10.389844],[-67.332715,-10.35791],[-67.280469,-10.317285],[-67.190479,-10.311426],[-67.111523,-10.268945],[-66.72998,-9.975488],[-66.575342,-9.899902],[-66.478906,-9.886133],[-66.399219,-9.868164],[-66.263574,-9.826074],[-65.924707,-9.785449],[-65.706787,-9.768457],[-65.637109,-9.809082],[-65.558691,-9.797461],[-65.491992,-9.731738],[-65.436768,-9.710449],[-65.396143,-9.712402],[-65.337891,-9.790234],[-65.309326,-9.872656],[-65.328125,-9.935547],[-65.324561,-10.026953],[-65.298584,-10.146777],[-65.313086,-10.253027],[-65.395459,-10.392285],[-65.436914,-10.449023],[-65.447119,-10.507422],[-65.43999,-10.58623],[-65.402295,-10.714746],[-65.334033,-10.892773],[-65.323779,-11.024805],[-65.371582,-11.110352],[-65.393604,-11.184277],[-65.389893,-11.246289],[-65.372852,-11.289941],[-65.342383,-11.315039],[-65.325488,-11.364746],[-65.322021,-11.43916],[-65.282275,-11.511035],[-65.206201,-11.580566],[-65.175391,-11.646875],[-65.189746,-11.710059],[-65.185742,-11.749512],[-65.163379,-11.765137],[-65.142676,-11.752344],[-65.115137,-11.735059],[-65.090283,-11.741211],[-65.037109,-11.829395],[-65.030273,-11.847363],[-65.001221,-11.92002],[-64.992529,-11.975195],[-64.914355,-12.005957],[-64.829883,-12.030273],[-64.783447,-12.059375],[-64.690039,-12.146484],[-64.61167,-12.203906],[-64.513428,-12.250977],[-64.480762,-12.326172],[-64.420508,-12.439746],[-64.255029,-12.483301],[-64.061621,-12.505078],[-63.938574,-12.529688],[-63.788086,-12.469434],[-63.688574,-12.478027],[-63.585645,-12.518945],[-63.541895,-12.54668],[-63.465234,-12.605176],[-63.34668,-12.680078],[-63.249756,-12.70791],[-63.180664,-12.666211],[-63.116797,-12.65166],[-63.06748,-12.669141],[-63.041357,-12.750391],[-63.015186,-12.805566],[-62.95791,-12.84707],[-62.835156,-12.953711],[-62.765479,-12.997266],[-62.687061,-12.994336],[-62.525537,-13.064258],[-62.352832,-13.132422],[-62.263916,-13.143652],[-62.176074,-13.133691],[-62.118018,-13.159766],[-62.094775,-13.241992],[-61.944727,-13.40625],[-61.874121,-13.47041],[-61.789941,-13.525586],[-61.575684,-13.524805],[-61.511572,-13.541211],[-61.416064,-13.526563],[-61.12915,-13.498535],[-61.077002,-13.489746],[-60.914502,-13.561426],[-60.722363,-13.664355],[-60.595312,-13.745313],[-60.506592,-13.789844],[-60.460156,-13.862402],[-60.422363,-13.937988],[-60.40498,-14.019238],[-60.428076,-14.1],[-60.462988,-14.132422],[-60.474658,-14.184766],[-60.460156,-14.263086],[-60.39624,-14.332813],[-60.372705,-14.41875],[-60.338037,-14.570508],[-60.298877,-14.618555],[-60.27334,-15.08877],[-60.402002,-15.092773],[-60.583203,-15.09834],[-60.530469,-15.143164],[-60.380469,-15.318262],[-60.242334,-15.47959],[-60.22041,-15.738672],[-60.206641,-15.901953],[-60.187207,-16.132129],[-60.175586,-16.269336],[-59.831152,-16.281738],[-59.434277,-16.295996],[-58.957275,-16.313184],[-58.537939,-16.328223],[-58.496582,-16.32666],[-58.423682,-16.30791],[-58.375391,-16.283594],[-58.345605,-16.284375],[-58.340576,-16.339941],[-58.350781,-16.410254],[-58.350391,-16.49082],[-58.470605,-16.650195],[-58.478125,-16.700684],[-58.459814,-16.910742],[-58.417383,-17.080566],[-58.395996,-17.234277],[-58.347754,-17.282129],[-58.205566,-17.363086],[-57.990918,-17.512891],[-57.905029,-17.532324],[-57.832471,-17.512109],[-57.788867,-17.573047],[-57.780176,-17.671777],[-57.66167,-17.947363],[-57.586475,-18.122266],[-57.552051,-18.183105],[-57.495654,-18.214648],[-57.506152,-18.237305],[-57.553125,-18.246484],[-57.574023,-18.279297],[-57.63916,-18.475],[-57.725,-18.733203],[-57.783105,-18.914258],[-57.730859,-18.917188],[-57.728613,-18.967383],[-57.716797,-19.044043],[-57.781445,-19.053516],[-57.800391,-19.080957],[-57.874512,-19.229492],[-57.97168,-19.424219],[-58.072021,-19.625293],[-58.131494,-19.744531],[-58.029932,-19.832715],[-57.860742,-19.97959],[-57.887598,-20.02041],[-57.960156,-20.040723],[-58.021143,-20.055176],[-58.067627,-20.110352],[-58.09375,-20.151074],[-58.159766,-20.164648],[-58.139941,-19.998828],[-58.160059,-19.854883],[-58.180176,-19.817871],[-58.474219,-19.646094],[-58.741113,-19.490234],[-59.090527,-19.28623],[-59.540869,-19.291797],[-60.007373,-19.297559],[-60.451611,-19.38877],[-60.88877,-19.478516],[-61.095996,-19.520996],[-61.511816,-19.606445],[-61.756836,-19.645313],[-61.820898,-19.809473],[-61.916943,-20.055371],[-62.011816,-20.199023],[-62.121631,-20.349902],[-62.276318,-20.5625],[-62.276514,-20.820801],[-62.27666,-21.066016],[-62.385449,-21.411719],[-62.477832,-21.705273],[-62.566943,-21.988672],[-62.628516,-22.183984],[-62.650977,-22.233691],[-62.665283,-22.217969],[-62.74458,-22.159863],[-62.815088,-22.049609],[-62.834277,-21.999121],[-62.843359,-21.997266],[-63.267187,-22.000586],[-63.675342,-22.004297],[-63.716943,-22.027539],[-63.775586,-22.027246],[-63.818652,-22.005469],[-63.861035,-22.007227],[-63.92168,-22.028613],[-63.976123,-22.072559],[-64.131836,-22.36582],[-64.209082,-22.491309],[-64.266406,-22.60332],[-64.30791,-22.795313],[-64.325293,-22.827637],[-64.373975,-22.761035],[-64.445508,-22.585352],[-64.477734,-22.485352],[-64.523633,-22.371582],[-64.605518,-22.228809],[-64.700098,-22.185547],[-64.758643,-22.171289],[-64.843066,-22.143945],[-64.992627,-22.109668],[-65.057812,-22.102734],[-65.484863,-22.098145],[-65.518799,-22.094531],[-65.686182,-22.110254],[-65.771045,-22.099609],[-65.860156,-22.019727],[-66.058594,-21.879492],[-66.098584,-21.835059],[-66.174658,-21.805664],[-66.220166,-21.802539],[-66.247607,-21.830469],[-66.282129,-21.947461],[-66.322461,-22.053125],[-66.365186,-22.11377],[-66.506982,-22.158398],[-66.639014,-22.205371],[-66.711719,-22.216309],[-66.750635,-22.269336],[-66.76748,-22.343066],[-66.800293,-22.409668],[-66.991113,-22.509863],[-67.033545,-22.552246],[-67.05542,-22.650879],[-67.161914,-22.773828],[-67.194873,-22.82168],[-67.362256,-22.855176],[-67.579932,-22.891699],[-67.707324,-22.88916],[-67.794434,-22.879492],[-67.820508,-22.857715],[-67.879443,-22.822949],[-67.88916,-22.78418],[-67.88999,-22.729199],[-67.87373,-22.630566],[-67.881738,-22.493359],[-67.950391,-22.333691],[-67.944922,-22.282227],[-67.953906,-22.204004],[-67.988379,-22.057129],[-68.076758,-21.982813],[-68.101807,-21.860645],[-68.112158,-21.753027],[-68.186426,-21.618555],[-68.198535,-21.447266],[-68.197021,-21.300293],[-68.313867,-21.129688],[-68.435498,-20.948242],[-68.533838,-20.923633],[-68.558252,-20.901953],[-68.568945,-20.849805],[-68.571045,-20.769141],[-68.563184,-20.720117],[-68.487402,-20.640723],[-68.484326,-20.628418],[-68.499854,-20.612012],[-68.695801,-20.492969],[-68.745166,-20.458594],[-68.760547,-20.416211],[-68.759229,-20.378027],[-68.712305,-20.338965],[-68.688574,-20.310059],[-68.73457,-20.225195],[-68.730029,-20.148438],[-68.759326,-20.115527],[-68.755811,-20.09082],[-68.72749,-20.069629],[-68.600195,-20.044922],[-68.560693,-19.96709],[-68.559375,-19.902344],[-68.578271,-19.856543],[-68.696191,-19.740723],[-68.698291,-19.721094],[-68.575293,-19.560156],[-68.487012,-19.454395],[-68.462891,-19.432813],[-68.470166,-19.409961],[-68.491992,-19.381934],[-68.547852,-19.341113],[-68.620557,-19.29668],[-68.680664,-19.242383],[-68.759082,-19.162207],[-68.857959,-19.093359],[-68.931006,-19.025195],[-68.968311,-18.967969],[-68.969092,-18.909668],[-68.978857,-18.812988],[-69.026807,-18.65625],[-69.039404,-18.550098],[-69.060156,-18.433008],[-69.080957,-18.356641],[-69.092285,-18.282422],[-69.126367,-18.202441],[-69.145459,-18.144043],[-69.118066,-18.102734],[-69.09043,-18.070703],[-69.093945,-18.050488],[-69.282324,-17.964844],[-69.313379,-17.943164],[-69.358008,-17.77168],[-69.49502,-17.619531],[-69.510937,-17.506055]]]}},{"type":"Feature","properties":{"featurecla":"Admin-0 country","scalerank":1,"LABELRANK":2,"SOVEREIGNT":"Belgium","SOV_A3":"BEL","ADM0_DIF":0,"LEVEL":2,"TYPE":"Sovereign country","TLC":"1","ADMIN":"Belgium","ADM0_A3":"BEL","GEOU_DIF":0,"GEOUNIT":"Belgium","GU_A3":"BEL","SU_DIF":0,"SUBUNIT":"Belgium","SU_A3":"BEL","BRK_DIFF":0,"NAME":"Belgium","NAME_LONG":"Belgium","BRK_A3":"BEL","BRK_NAME":"Belgium","BRK_GROUP":null,"ABBREV":"Belg.","POSTAL":"B","FORMAL_EN":"Kingdom of Belgium","FORMAL_FR":null,"NAME_CIAWF":"Belgium","NOTE_ADM0":null,"NOTE_BRK":null,"NAME_SORT":"Belgium","NAME_ALT":null,"MAPCOLOR7":3,"MAPCOLOR8":2,"MAPCOLOR9":1,"MAPCOLOR13":8,"POP_EST":11484055,"POP_RANK":14,"POP_YEAR":2019,"GDP_MD":533097,"GDP_YEAR":2019,"ECONOMY":"2. Developed region: nonG7","INCOME_GRP":"1. High income: OECD","FIPS_10":"BE","ISO_A2":"BE","ISO_A2_EH":"BE","ISO_A3":"BEL","ISO_A3_EH":"BEL","ISO_N3":"056","ISO_N3_EH":"056","UN_A3":"056","WB_A2":"BE","WB_A3":"BEL","WOE_ID":23424757,"WOE_ID_EH":23424757,"WOE_NOTE":"Exact WOE match as country","ADM0_ISO":"BEL","ADM0_DIFF":null,"ADM0_TLC":"BEL","ADM0_A3_US":"BEL","ADM0_A3_FR":"BEL","ADM0_A3_RU":"BEL","ADM0_A3_ES":"BEL","ADM0_A3_CN":"BEL","ADM0_A3_TW":"BEL","ADM0_A3_IN":"BEL","ADM0_A3_NP":"BEL","ADM0_A3_PK":"BEL","ADM0_A3_DE":"BEL","ADM0_A3_GB":"BEL","ADM0_A3_BR":"BEL","ADM0_A3_IL":"BEL","ADM0_A3_PS":"BEL","ADM0_A3_SA":"BEL","ADM0_A3_EG":"BEL","ADM0_A3_MA":"BEL","ADM0_A3_PT":"BEL","ADM0_A3_AR":"BEL","ADM0_A3_JP":"BEL","ADM0_A3_KO":"BEL","ADM0_A3_VN":"BEL","ADM0_A3_TR":"BEL","ADM0_A3_ID":"BEL","ADM0_A3_PL":"BEL","ADM0_A3_GR":"BEL","ADM0_A3_IT":"BEL","ADM0_A3_NL":"BEL","ADM0_A3_SE":"BEL","ADM0_A3_BD":"BEL","ADM0_A3_UA":"BEL","ADM0_A3_UN":-99,"ADM0_A3_WB":-99,"CONTINENT":"Europe","REGION_UN":"Europe","SUBREGION":"Western Europe","REGION_WB":"Europe & Central Asia","NAME_LEN":7,"LONG_LEN":7,"ABBREV_LEN":5,"TINY":-99,"HOMEPART":1,"MIN_ZOOM":0,"MIN_LABEL":4,"MAX_LABEL":9,"LABEL_X":4.800448,"LABEL_Y":50.785392,"NE_ID":1159320389,"WIKIDATAID":"Q31","NAME_AR":"بلجيكا","NAME_BN":"বেলজিয়াম","NAME_DE":"Belgien","NAME_EN":"Belgium","NAME_ES":"Bélgica","NAME_FA":"بلژیک","NAME_FR":"Belgique","NAME_EL":"Βέλγιο","NAME_HE":"בלגיה","NAME_HI":"बेल्जियम","NAME_HU":"Belgium","NAME_ID":"Belgia","NAME_IT":"Belgio","NAME_JA":"ベルギー","NAME_KO":"벨기에","NAME_NL":"België","NAME_PL":"Belgia","NAME_PT":"Bélgica","NAME_RU":"Бельгия","NAME_SV":"Belgien","NAME_TR":"Belçika","NAME_UK":"Бельгія","NAME_UR":"بلجئیم","NAME_VI":"Bỉ","NAME_ZH":"比利时","NAME_ZHT":"比利時","FCLASS_ISO":"Admin-0 country","TLC_DIFF":null,"FCLASS_TLC":"Admin-0 country","FCLASS_US":null,"FCLASS_FR":null,"FCLASS_RU":null,"FCLASS_ES":null,"FCLASS_CN":null,"FCLASS_TW":null,"FCLASS_IN":null,"FCLASS_NP":null,"FCLASS_PK":null,"FCLASS_DE":null,"FCLASS_GB":null,"FCLASS_BR":null,"FCLASS_IL":null,"FCLASS_PS":null,"FCLASS_SA":null,"FCLASS_EG":null,"FCLASS_MA":null,"FCLASS_PT":null,"FCLASS_AR":null,"FCLASS_JP":null,"FCLASS_KO":null,"FCLASS_VN":null,"FCLASS_TR":null,"FCLASS_ID":null,"FCLASS_PL":null,"FCLASS_GR":null,"FCLASS_IT":null,"FCLASS_NL":null,"FCLASS_SE":null,"FCLASS_BD":null,"FCLASS_UA":null},"bbox":[2.524902,49.510889,6.364453,51.491113],"geometry":{"type":"Polygon","coordinates":[[[4.226172,51.386475],[4.304492,51.361523],[4.37373,51.356006],[4.404004,51.36709],[4.384766,51.427588],[4.440918,51.459814],[4.503418,51.474707],[4.531641,51.448584],[4.58877,51.421924],[4.633984,51.421729],[4.755664,51.491113],[4.78418,51.477393],[4.810547,51.452734],[4.816016,51.432812],[4.820703,51.412061],[4.848047,51.403271],[4.943945,51.407764],[4.992578,51.445361],[5.030957,51.469092],[5.059473,51.453125],[5.073438,51.406836],[5.099902,51.346484],[5.21416,51.278955],[5.31084,51.259717],[5.429785,51.272998],[5.476855,51.285059],[5.508789,51.275],[5.54043,51.239307],[5.608789,51.198437],[5.752344,51.169482],[5.796484,51.153076],[5.827148,51.125635],[5.818262,51.086426],[5.749805,50.98877],[5.74082,50.959912],[5.75,50.950244],[5.736621,50.932129],[5.647559,50.86665],[5.639453,50.843604],[5.669141,50.805957],[5.693555,50.774756],[5.693652,50.774658],[5.74707,50.75957],[5.797363,50.754541],[5.892461,50.752557],[5.993945,50.750439],[6.005957,50.732227],[6.119434,50.679248],[6.154492,50.637256],[6.235938,50.59668],[6.168457,50.545361],[6.178711,50.52251],[6.203027,50.499121],[6.294922,50.485498],[6.340918,50.451758],[6.343652,50.400244],[6.364453,50.316162],[6.175098,50.232666],[6.121289,50.139355],[6.116504,50.120996],[6.110059,50.123779],[6.089063,50.15459],[6.054785,50.154297],[5.97627,50.167187],[5.866895,50.082812],[5.817383,50.012695],[5.788086,49.96123],[5.744043,49.919629],[5.735254,49.875635],[5.74082,49.857178],[5.725781,49.83335],[5.725,49.808301],[5.787988,49.758887],[5.803711,49.732178],[5.880371,49.644775],[5.856543,49.612842],[5.837598,49.57832],[5.81543,49.553809],[5.789746,49.538281],[5.710449,49.539209],[5.610059,49.528223],[5.542383,49.511035],[5.507324,49.510889],[5.434668,49.554492],[5.353516,49.619824],[5.301953,49.650977],[5.278809,49.67793],[5.215039,49.689258],[5.124121,49.721484],[5.061035,49.756543],[5.006934,49.778369],[4.930566,49.789258],[4.867578,49.788135],[4.849121,49.847119],[4.841504,49.914502],[4.790039,49.95957],[4.860547,50.135889],[4.818652,50.153174],[4.772852,50.139062],[4.706641,50.09707],[4.675098,50.046875],[4.656152,50.002441],[4.54502,49.960254],[4.36875,49.944971],[4.176074,49.960254],[4.149316,49.971582],[4.137012,49.984473],[4.136816,50],[4.150293,50.023877],[4.183887,50.052832],[4.192188,50.094141],[4.157715,50.129883],[4.135254,50.143799],[4.144141,50.178418],[4.169629,50.221777],[4.174609,50.246484],[4.044141,50.321338],[3.949707,50.335938],[3.858105,50.338574],[3.788574,50.346973],[3.748047,50.343506],[3.718848,50.32168],[3.689355,50.306055],[3.667285,50.324805],[3.626758,50.457324],[3.59541,50.477344],[3.476953,50.499463],[3.316211,50.507373],[3.27334,50.531543],[3.249805,50.591162],[3.234961,50.662939],[3.182031,50.731689],[3.154883,50.748926],[3.106836,50.779443],[3.022852,50.766895],[2.921973,50.727051],[2.862402,50.716016],[2.839746,50.711768],[2.759375,50.750635],[2.669141,50.811426],[2.596777,50.875928],[2.579297,50.911768],[2.601465,50.955273],[2.574805,50.988574],[2.536035,51.049512],[2.524902,51.097119],[2.960156,51.26543],[3.225195,51.351611],[3.350098,51.377686],[3.380078,51.291113],[3.402832,51.263623],[3.43252,51.245752],[3.471973,51.242236],[3.51709,51.263623],[3.580273,51.286182],[3.681836,51.275684],[3.755664,51.254834],[3.781934,51.233203],[3.830762,51.212598],[3.902051,51.207666],[4.040039,51.24707],[4.172559,51.30708],[4.211426,51.34873],[4.226172,51.386475]]]}},{"type":"Feature","properties":{"featurecla":"Admin-0 country","scalerank":1,"LABELRANK":4,"SOVEREIGNT":"Belarus","SOV_A3":"BLR","ADM0_DIF":0,"LEVEL":2,"TYPE":"Sovereign country","TLC":"1","ADMIN":"Belarus","ADM0_A3":"BLR","GEOU_DIF":0,"GEOUNIT":"Belarus","GU_A3":"BLR","SU_DIF":0,"SUBUNIT":"Belarus","SU_A3":"BLR","BRK_DIFF":0,"NAME":"Belarus","NAME_LONG":"Belarus","BRK_A3":"BLR","BRK_NAME":"Belarus","BRK_GROUP":null,"ABBREV":"Bela.","POSTAL":"BY","FORMAL_EN":"Republic of Belarus","FORMAL_FR":null,"NAME_CIAWF":"Belarus","NOTE_ADM0":null,"NOTE_BRK":null,"NAME_SORT":"Belarus","NAME_ALT":null,"MAPCOLOR7":1,"MAPCOLOR8":1,"MAPCOLOR9":5,"MAPCOLOR13":11,"POP_EST":9466856,"POP_RANK":13,"POP_YEAR":2019,"GDP_MD":63080,"GDP_YEAR":2019,"ECONOMY":"6. Developing region","INCOME_GRP":"3. Upper middle income","FIPS_10":"BO","ISO_A2":"BY","ISO_A2_EH":"BY","ISO_A3":"BLR","ISO_A3_EH":"BLR","ISO_N3":"112","ISO_N3_EH":"112","UN_A3":"112","WB_A2":"BY","WB_A3":"BLR","WOE_ID":23424765,"WOE_ID_EH":23424765,"WOE_NOTE":"Exact WOE match as country","ADM0_ISO":"BLR","ADM0_DIFF":null,"ADM0_TLC":"BLR","ADM0_A3_US":"BLR","ADM0_A3_FR":"BLR","ADM0_A3_RU":"BLR","ADM0_A3_ES":"BLR","ADM0_A3_CN":"BLR","ADM0_A3_TW":"BLR","ADM0_A3_IN":"BLR","ADM0_A3_NP":"BLR","ADM0_A3_PK":"BLR","ADM0_A3_DE":"BLR","ADM0_A3_GB":"BLR","ADM0_A3_BR":"BLR","ADM0_A3_IL":"BLR","ADM0_A3_PS":"BLR","ADM0_A3_SA":"BLR","ADM0_A3_EG":"BLR","ADM0_A3_MA":"BLR","ADM0_A3_PT":"BLR","ADM0_A3_AR":"BLR","ADM0_A3_JP":"BLR","ADM0_A3_KO":"BLR","ADM0_A3_VN":"BLR","ADM0_A3_TR":"BLR","ADM0_A3_ID":"BLR","ADM0_A3_PL":"BLR","ADM0_A3_GR":"BLR","ADM0_A3_IT":"BLR","ADM0_A3_NL":"BLR","ADM0_A3_SE":"BLR","ADM0_A3_BD":"BLR","ADM0_A3_UA":"BLR","ADM0_A3_UN":-99,"ADM0_A3_WB":-99,"CONTINENT":"Europe","REGION_UN":"Europe","SUBREGION":"Eastern Europe","REGION_WB":"Europe & Central Asia","NAME_LEN":7,"LONG_LEN":7,"ABBREV_LEN":5,"TINY":-99,"HOMEPART":1,"MIN_ZOOM":0,"MIN_LABEL":3,"MAX_LABEL":8,"LABEL_X":28.417701,"LABEL_Y":53.821888,"NE_ID":1159320427,"WIKIDATAID":"Q184","NAME_AR":"بيلاروسيا","NAME_BN":"বেলারুশ","NAME_DE":"Belarus","NAME_EN":"Belarus","NAME_ES":"Bielorrusia","NAME_FA":"بلاروس","NAME_FR":"Biélorussie","NAME_EL":"Λευκορωσία","NAME_HE":"בלארוס","NAME_HI":"बेलारूस","NAME_HU":"Fehéroroszország","NAME_ID":"Belarus","NAME_IT":"Bielorussia","NAME_JA":"ベラルーシ","NAME_KO":"벨라루스","NAME_NL":"Wit-Rusland","NAME_PL":"Białoruś","NAME_PT":"Bielorrússia","NAME_RU":"Белоруссия","NAME_SV":"Belarus","NAME_TR":"Beyaz Rusya","NAME_UK":"Білорусь","NAME_UR":"بیلاروس","NAME_VI":"Belarus","NAME_ZH":"白俄罗斯","NAME_ZHT":"白俄羅斯","FCLASS_ISO":"Admin-0 country","TLC_DIFF":null,"FCLASS_TLC":"Admin-0 country","FCLASS_US":null,"FCLASS_FR":null,"FCLASS_RU":null,"FCLASS_ES":null,"FCLASS_CN":null,"FCLASS_TW":null,"FCLASS_IN":null,"FCLASS_NP":null,"FCLASS_PK":null,"FCLASS_DE":null,"FCLASS_GB":null,"FCLASS_BR":null,"FCLASS_IL":null,"FCLASS_PS":null,"FCLASS_SA":null,"FCLASS_EG":null,"FCLASS_MA":null,"FCLASS_PT":null,"FCLASS_AR":null,"FCLASS_JP":null,"FCLASS_KO":null,"FCLASS_VN":null,"FCLASS_TR":null,"FCLASS_ID":null,"FCLASS_PL":null,"FCLASS_GR":null,"FCLASS_IT":null,"FCLASS_NL":null,"FCLASS_SE":null,"FCLASS_BD":null,"FCLASS_UA":null},"bbox":[23.175098,51.265039,32.710254,56.145801],"geometry":{"type":"Polygon","coordinates":[[[31.763379,52.101074],[31.57373,52.108105],[31.345996,52.105371],[31.217969,52.050244],[31.168457,52.062939],[31.079297,52.076953],[30.980664,52.046191],[30.845703,51.953076],[30.755273,51.895166],[30.667285,51.814111],[30.639453,51.770068],[30.583887,51.688965],[30.533008,51.596338],[30.560742,51.531494],[30.602344,51.47124],[30.611719,51.406348],[30.63252,51.35542],[30.576953,51.318359],[30.544531,51.265039],[30.449512,51.274316],[30.333398,51.325537],[30.308984,51.399609],[30.219531,51.451221],[30.160742,51.477881],[30.06377,51.482031],[29.908789,51.458008],[29.706055,51.439551],[29.553125,51.43457],[29.469629,51.40835],[29.346484,51.382568],[29.298828,51.413037],[29.230469,51.497021],[29.174219,51.580615],[29.135645,51.617285],[29.102051,51.627539],[29.060742,51.625439],[29.013086,51.598926],[28.977734,51.571777],[28.927539,51.562158],[28.849512,51.540186],[28.793262,51.510352],[28.73125,51.433398],[28.690234,51.438867],[28.647754,51.456543],[28.599023,51.542627],[28.532031,51.562451],[28.424609,51.563623],[28.291602,51.581836],[28.183789,51.607861],[28.144434,51.60166],[28.080273,51.565039],[28.010742,51.559766],[27.858594,51.592383],[27.828809,51.577441],[27.788867,51.52915],[27.741309,51.482568],[27.7,51.477979],[27.676758,51.489941],[27.689746,51.572412],[27.601367,51.601611],[27.452344,51.606104],[27.347656,51.594141],[27.296289,51.597412],[27.270117,51.613574],[27.141992,51.752051],[27.074121,51.76084],[26.952832,51.754004],[26.773438,51.770703],[26.566895,51.801904],[26.453418,51.813428],[26.394336,51.844434],[26.26709,51.855029],[25.925293,51.913525],[25.785742,51.923828],[25.580273,51.924756],[25.267188,51.937744],[25.066699,51.930518],[24.973828,51.911133],[24.866406,51.899121],[24.685156,51.888281],[24.611328,51.889502],[24.495215,51.883057],[24.361914,51.867529],[24.32373,51.838428],[24.280078,51.774707],[24.126855,51.664648],[23.97832,51.591309],[23.951172,51.585059],[23.864258,51.623975],[23.791699,51.637109],[23.706836,51.641309],[23.64668,51.628857],[23.608594,51.610498],[23.61377,51.525391],[23.605273,51.51792],[23.539648,51.618896],[23.544824,51.710254],[23.581348,51.762402],[23.625684,51.809326],[23.607422,51.879785],[23.651074,51.972998],[23.652441,52.040381],[23.633301,52.06958],[23.597949,52.103076],[23.501172,52.140381],[23.458398,52.169531],[23.327148,52.208447],[23.196973,52.256934],[23.175098,52.286621],[23.18125,52.306982],[23.204102,52.337891],[23.30332,52.428369],[23.410938,52.516211],[23.47959,52.551562],[23.844727,52.664209],[23.90127,52.703613],[23.91543,52.770264],[23.916309,52.81875],[23.909375,52.904883],[23.887109,53.027539],[23.85918,53.112109],[23.789258,53.270947],[23.598926,53.599219],[23.484668,53.939795],[23.559082,53.919824],[23.733691,53.912256],[23.872559,53.935693],[23.944434,53.938965],[24.008496,53.931641],[24.103906,53.94502],[24.191309,53.950439],[24.236621,53.919971],[24.317969,53.892969],[24.478516,53.931836],[24.620703,53.979834],[24.768164,53.974658],[24.789258,53.998242],[24.825684,54.118994],[24.869531,54.145166],[25.046094,54.133057],[25.111426,54.154932],[25.179492,54.214258],[25.283691,54.25127],[25.370605,54.251221],[25.461133,54.292773],[25.505664,54.264941],[25.527344,54.215137],[25.497363,54.175244],[25.510352,54.159619],[25.573047,54.139893],[25.680566,54.140479],[25.749219,54.156982],[25.765234,54.179785],[25.765039,54.221191],[25.748145,54.259668],[25.702539,54.292969],[25.616895,54.310107],[25.55752,54.310693],[25.547363,54.331836],[25.567578,54.377051],[25.620313,54.4604],[25.685156,54.535791],[25.724805,54.564258],[25.731641,54.590381],[25.723926,54.636035],[25.722461,54.717871],[25.780859,54.833252],[25.859277,54.919287],[25.964453,54.947168],[26.092969,54.962305],[26.175195,55.003271],[26.21582,55.050391],[26.23125,55.090137],[26.250781,55.124512],[26.291797,55.1396],[26.601172,55.130176],[26.648438,55.204199],[26.675,55.224902],[26.734375,55.246777],[26.775684,55.273096],[26.760156,55.293359],[26.68125,55.306445],[26.495313,55.318018],[26.457617,55.34248],[26.469531,55.371924],[26.519238,55.448145],[26.566602,55.546484],[26.59082,55.622656],[26.593555,55.667529],[26.620215,55.679639],[26.771875,55.693994],[26.822461,55.709229],[26.953027,55.812939],[27.052539,55.830566],[27.30918,55.803906],[27.427148,55.805957],[27.45918,55.803516],[27.576758,55.798779],[27.589453,55.80918],[27.642285,55.911719],[27.694238,55.941553],[27.896289,56.076172],[28.032031,56.133301],[28.117871,56.145801],[28.147949,56.14292],[28.284277,56.055908],[28.316309,56.052539],[28.39209,56.086719],[28.407031,56.089014],[28.563965,56.091992],[28.636914,56.061768],[28.69082,56.002637],[28.74082,55.955371],[28.794727,55.942578],[28.947461,56.0021],[29.031738,56.021777],[29.087402,56.021143],[29.283008,55.967871],[29.375,55.938721],[29.396094,55.912207],[29.397949,55.881055],[29.373145,55.834717],[29.353418,55.784375],[29.412988,55.724854],[29.482227,55.68457],[29.630078,55.751172],[29.68457,55.769727],[29.744141,55.77041],[29.823926,55.795117],[29.881641,55.832324],[29.937012,55.845264],[30.042676,55.836426],[30.233594,55.845215],[30.45625,55.786816],[30.475391,55.768799],[30.586719,55.700293],[30.625586,55.66626],[30.662305,55.655469],[30.72168,55.622119],[30.800781,55.601123],[30.855957,55.60752],[30.882227,55.596387],[30.906836,55.57002],[30.908789,55.525342],[30.900586,55.397412],[30.861816,55.3604],[30.820996,55.330273],[30.810547,55.306982],[30.814453,55.278711],[30.877441,55.223437],[30.958887,55.137598],[30.977734,55.087793],[30.977734,55.050488],[30.866797,54.940723],[30.829883,54.91499],[30.804492,54.860937],[30.791016,54.806006],[30.798828,54.783252],[30.98418,54.695898],[31.121289,54.648486],[31.152148,54.625342],[31.154883,54.610937],[31.081934,54.51709],[31.074805,54.491797],[31.184766,54.452979],[31.245508,54.39165],[31.299121,54.291699],[31.403613,54.195947],[31.628418,54.111182],[31.791992,54.055908],[31.825977,54.030713],[31.837793,54.000781],[31.825293,53.93501],[31.783008,53.85498],[31.754199,53.810449],[31.820801,53.791943],[31.992188,53.796875],[32.200391,53.78125],[32.450195,53.69292],[32.450977,53.65332],[32.425195,53.617285],[32.442383,53.579248],[32.469629,53.546973],[32.685742,53.448145],[32.706445,53.419434],[32.710254,53.371436],[32.704297,53.336328],[32.644434,53.328906],[32.578027,53.312402],[32.469336,53.270312],[32.42627,53.210596],[32.250684,53.128369],[32.141992,53.091162],[32.055469,53.089453],[31.849707,53.106201],[31.777441,53.146875],[31.747461,53.18418],[31.668262,53.200928],[31.562988,53.20249],[31.417871,53.196045],[31.388379,53.184814],[31.364551,53.138965],[31.30293,53.060889],[31.258789,53.016699],[31.295117,52.989795],[31.353027,52.933447],[31.442773,52.861816],[31.535156,52.798242],[31.564844,52.759229],[31.563477,52.731445],[31.519434,52.69873],[31.526172,52.633008],[31.615918,52.546191],[31.585547,52.532471],[31.576563,52.426025],[31.577344,52.312305],[31.601562,52.284814],[31.649902,52.262207],[31.690625,52.220654],[31.758594,52.12583],[31.763379,52.101074]]]}},{"type":"Feature","properties":{"featurecla":"Admin-0 country","scalerank":1,"LABELRANK":4,"SOVEREIGNT":"Austria","SOV_A3":"AUT","ADM0_DIF":0,"LEVEL":2,"TYPE":"Sovereign country","TLC":"1","ADMIN":"Austria","ADM0_A3":"AUT","GEOU_DIF":0,"GEOUNIT":"Austria","GU_A3":"AUT","SU_DIF":0,"SUBUNIT":"Austria","SU_A3":"AUT","BRK_DIFF":0,"NAME":"Austria","NAME_LONG":"Austria","BRK_A3":"AUT","BRK_NAME":"Austria","BRK_GROUP":null,"ABBREV":"Aust.","POSTAL":"A","FORMAL_EN":"Republic of Austria","FORMAL_FR":null,"NAME_CIAWF":"Austria","NOTE_ADM0":null,"NOTE_BRK":null,"NAME_SORT":"Austria","NAME_ALT":null,"MAPCOLOR7":3,"MAPCOLOR8":1,"MAPCOLOR9":3,"MAPCOLOR13":4,"POP_EST":8877067,"POP_RANK":13,"POP_YEAR":2019,"GDP_MD":445075,"GDP_YEAR":2019,"ECONOMY":"2. Developed region: nonG7","INCOME_GRP":"1. High income: OECD","FIPS_10":"AU","ISO_A2":"AT","ISO_A2_EH":"AT","ISO_A3":"AUT","ISO_A3_EH":"AUT","ISO_N3":"040","ISO_N3_EH":"040","UN_A3":"040","WB_A2":"AT","WB_A3":"AUT","WOE_ID":23424750,"WOE_ID_EH":23424750,"WOE_NOTE":"Exact WOE match as country","ADM0_ISO":"AUT","ADM0_DIFF":null,"ADM0_TLC":"AUT","ADM0_A3_US":"AUT","ADM0_A3_FR":"AUT","ADM0_A3_RU":"AUT","ADM0_A3_ES":"AUT","ADM0_A3_CN":"AUT","ADM0_A3_TW":"AUT","ADM0_A3_IN":"AUT","ADM0_A3_NP":"AUT","ADM0_A3_PK":"AUT","ADM0_A3_DE":"AUT","ADM0_A3_GB":"AUT","ADM0_A3_BR":"AUT","ADM0_A3_IL":"AUT","ADM0_A3_PS":"AUT","ADM0_A3_SA":"AUT","ADM0_A3_EG":"AUT","ADM0_A3_MA":"AUT","ADM0_A3_PT":"AUT","ADM0_A3_AR":"AUT","ADM0_A3_JP":"AUT","ADM0_A3_KO":"AUT","ADM0_A3_VN":"AUT","ADM0_A3_TR":"AUT","ADM0_A3_ID":"AUT","ADM0_A3_PL":"AUT","ADM0_A3_GR":"AUT","ADM0_A3_IT":"AUT","ADM0_A3_NL":"AUT","ADM0_A3_SE":"AUT","ADM0_A3_BD":"AUT","ADM0_A3_UA":"AUT","ADM0_A3_UN":-99,"ADM0_A3_WB":-99,"CONTINENT":"Europe","REGION_UN":"Europe","SUBREGION":"Western Europe","REGION_WB":"Europe & Central Asia","NAME_LEN":7,"LONG_LEN":7,"ABBREV_LEN":5,"TINY":-99,"HOMEPART":1,"MIN_ZOOM":0,"MIN_LABEL":3,"MAX_LABEL":8,"LABEL_X":14.130515,"LABEL_Y":47.518859,"NE_ID":1159320379,"WIKIDATAID":"Q40","NAME_AR":"النمسا","NAME_BN":"অস্ট্রিয়া","NAME_DE":"Österreich","NAME_EN":"Austria","NAME_ES":"Austria","NAME_FA":"اتریش","NAME_FR":"Autriche","NAME_EL":"Αυστρία","NAME_HE":"אוסטריה","NAME_HI":"ऑस्ट्रिया","NAME_HU":"Ausztria","NAME_ID":"Austria","NAME_IT":"Austria","NAME_JA":"オーストリア","NAME_KO":"오스트리아","NAME_NL":"Oostenrijk","NAME_PL":"Austria","NAME_PT":"Áustria","NAME_RU":"Австрия","NAME_SV":"Österrike","NAME_TR":"Avusturya","NAME_UK":"Австрія","NAME_UR":"آسٹریا","NAME_VI":"Áo","NAME_ZH":"奥地利","NAME_ZHT":"奧地利","FCLASS_ISO":"Admin-0 country","TLC_DIFF":null,"FCLASS_TLC":"Admin-0 country","FCLASS_US":null,"FCLASS_FR":null,"FCLASS_RU":null,"FCLASS_ES":null,"FCLASS_CN":null,"FCLASS_TW":null,"FCLASS_IN":null,"FCLASS_NP":null,"FCLASS_PK":null,"FCLASS_DE":null,"FCLASS_GB":null,"FCLASS_BR":null,"FCLASS_IL":null,"FCLASS_PS":null,"FCLASS_SA":null,"FCLASS_EG":null,"FCLASS_MA":null,"FCLASS_PT":null,"FCLASS_AR":null,"FCLASS_JP":null,"FCLASS_KO":null,"FCLASS_VN":null,"FCLASS_TR":null,"FCLASS_ID":null,"FCLASS_PL":null,"FCLASS_GR":null,"FCLASS_IT":null,"FCLASS_NL":null,"FCLASS_SE":null,"FCLASS_BD":null,"FCLASS_UA":null},"bbox":[9.524023,46.399707,17.147363,49.001123],"geometry":{"type":"Polygon","coordinates":[[[9.527539,47.270752],[9.609082,47.391797],[9.625879,47.467041],[9.554395,47.511133],[9.524023,47.524219],[9.548926,47.534033],[9.650586,47.525879],[9.715137,47.550781],[9.748926,47.575537],[9.83916,47.552295],[9.971582,47.505322],[10.034082,47.473584],[10.059863,47.449072],[10.074219,47.428516],[10.066309,47.393359],[10.096484,47.37959],[10.158789,47.374268],[10.200293,47.363428],[10.185742,47.317187],[10.183008,47.278809],[10.240625,47.284131],[10.312793,47.313428],[10.369141,47.366064],[10.403906,47.416992],[10.430371,47.541064],[10.439453,47.551562],[10.482813,47.541797],[10.658691,47.547217],[10.741602,47.524121],[10.873047,47.520215],[10.870605,47.500781],[10.893945,47.470459],[10.952148,47.426709],[10.980859,47.398145],[11.041992,47.393115],[11.136035,47.408887],[11.191211,47.425195],[11.211914,47.413623],[11.297949,47.424902],[11.374121,47.460254],[11.392969,47.487158],[11.469922,47.506104],[11.573926,47.549756],[11.716797,47.583496],[12.185645,47.619531],[12.203809,47.646729],[12.196875,47.709082],[12.209277,47.718262],[12.268359,47.702734],[12.363184,47.688184],[12.435742,47.666113],[12.48291,47.637305],[12.526563,47.636133],[12.594238,47.656299],[12.68584,47.669336],[12.771387,47.639404],[12.796191,47.607031],[12.781152,47.59043],[12.782813,47.56416],[12.809375,47.542187],[12.878906,47.506445],[12.968066,47.475684],[13.014355,47.478076],[13.031543,47.508008],[13.047949,47.57915],[13.054102,47.655127],[13.033594,47.69873],[12.985547,47.709424],[12.928125,47.712842],[12.897656,47.721875],[12.908301,47.745801],[12.954199,47.807764],[12.953516,47.890625],[12.849902,47.984814],[12.760059,48.075977],[12.760352,48.106982],[12.814258,48.16084],[12.897461,48.203711],[13.082129,48.275098],[13.14043,48.289941],[13.215234,48.301904],[13.322852,48.33125],[13.374609,48.361377],[13.409375,48.394141],[13.459863,48.564551],[13.47168,48.571826],[13.486621,48.581836],[13.675195,48.523047],[13.692188,48.532764],[13.723926,48.542383],[13.785352,48.587451],[13.798828,48.62168],[13.797461,48.686426],[13.80293,48.74751],[13.814746,48.766943],[13.843164,48.759863],[13.924316,48.728027],[13.98877,48.692432],[14.049121,48.60249],[14.189844,48.578564],[14.367578,48.576221],[14.431055,48.61626],[14.488672,48.625537],[14.553906,48.61333],[14.691309,48.599219],[14.706641,48.671924],[14.785938,48.747363],[14.821875,48.774023],[14.922559,48.771387],[14.947363,48.827734],[14.972168,48.983936],[14.993457,49.001123],[15.066797,48.997852],[15.139746,48.969336],[15.161719,48.946289],[15.199609,48.948145],[15.252734,48.963867],[15.310938,48.974023],[15.40293,48.957373],[15.599414,48.886377],[15.700781,48.860449],[15.765039,48.86543],[15.825195,48.864453],[16.057227,48.754785],[16.219336,48.739404],[16.367285,48.738965],[16.414844,48.77207],[16.47793,48.800098],[16.543555,48.79624],[16.600977,48.781885],[16.712695,48.734229],[16.764453,48.722021],[16.833203,48.714307],[16.883691,48.703711],[16.92832,48.620898],[16.953125,48.598828],[16.948828,48.588574],[16.943359,48.550928],[16.904492,48.503516],[16.862695,48.441406],[16.86543,48.386914],[16.972656,48.198096],[17.067871,48.083252],[17.085938,48.039551],[17.147363,48.005957],[17.089063,47.963623],[17.077734,47.900879],[17.039941,47.872949],[17.030078,47.837109],[17.045898,47.804541],[17.045605,47.76377],[17.066602,47.707568],[16.973438,47.695312],[16.862695,47.697266],[16.823047,47.693994],[16.785938,47.678662],[16.747559,47.686279],[16.647461,47.739014],[16.590918,47.750537],[16.550977,47.747363],[16.521094,47.724463],[16.469629,47.695068],[16.421289,47.674463],[16.432129,47.656299],[16.639746,47.608887],[16.676563,47.536035],[16.636621,47.476611],[16.623047,47.447559],[16.574414,47.424658],[16.514746,47.404541],[16.442871,47.399512],[16.434375,47.367432],[16.462598,47.273145],[16.439746,47.252734],[16.416895,47.223437],[16.438379,47.145898],[16.482813,47.140381],[16.492676,47.122656],[16.484766,47.09126],[16.476953,47.057861],[16.46123,47.022461],[16.453418,47.006787],[16.423926,46.996973],[16.331836,47.002197],[16.252539,46.971924],[16.093066,46.863281],[16.037207,46.844824],[15.976855,46.801367],[15.980469,46.705859],[15.972266,46.697217],[15.957617,46.677637],[15.766895,46.711279],[15.760254,46.710742],[15.632617,46.698437],[15.545313,46.654639],[15.439258,46.629639],[15.216992,46.642969],[15.000684,46.625977],[14.949414,46.613232],[14.893262,46.605908],[14.840625,46.580469],[14.810547,46.54458],[14.756738,46.499121],[14.680176,46.463428],[14.596973,46.436084],[14.577148,46.412939],[14.549805,46.399707],[14.503516,46.417041],[14.465918,46.416113],[14.419922,46.42793],[14.267285,46.440723],[14.099512,46.461914],[14.019629,46.482178],[13.928809,46.498193],[13.831348,46.51123],[13.743945,46.514307],[13.7,46.520264],[13.490039,46.555566],[13.351562,46.55791],[13.16875,46.572656],[12.805566,46.625879],[12.699805,46.647461],[12.598633,46.654102],[12.479199,46.67251],[12.388281,46.702637],[12.330078,46.759814],[12.267969,46.835889],[12.154102,46.935254],[12.130762,46.984766],[12.165527,47.028174],[12.20127,47.060889],[12.197168,47.075],[12.169434,47.082129],[11.969531,47.039697],[11.775684,46.986084],[11.699414,46.984668],[11.625488,46.996582],[11.527539,46.997412],[11.433203,46.983057],[11.244434,46.975684],[11.133887,46.936182],[11.063477,46.859131],[11.025098,46.796973],[10.993262,46.777002],[10.927344,46.769482],[10.828906,46.775244],[10.759766,46.793311],[10.689258,46.846387],[10.579785,46.853711],[10.479395,46.855127],[10.452832,46.864941],[10.45459,46.899414],[10.414941,46.964404],[10.349414,46.984766],[10.179785,46.862354],[10.133496,46.851514],[9.996875,46.885352],[9.877734,46.937695],[9.864648,46.975977],[9.845313,47.007373],[9.74502,47.037109],[9.619922,47.057471],[9.580273,47.057373],[9.595703,47.07583],[9.610547,47.107129],[9.601172,47.13208],[9.571875,47.15791],[9.555762,47.185498],[9.551074,47.212256],[9.542188,47.234131],[9.536816,47.254639],[9.527539,47.270752]]]}},{"type":"Feature","properties":{"featurecla":"Admin-0 country","scalerank":1,"LABELRANK":2,"SOVEREIGNT":"Argentina","SOV_A3":"ARG","ADM0_DIF":0,"LEVEL":2,"TYPE":"Sovereign country","TLC":"1","ADMIN":"Argentina","ADM0_A3":"ARG","GEOU_DIF":0,"GEOUNIT":"Argentina","GU_A3":"ARG","SU_DIF":0,"SUBUNIT":"Argentina","SU_A3":"ARG","BRK_DIFF":0,"NAME":"Argentina","NAME_LONG":"Argentina","BRK_A3":"ARG","BRK_NAME":"Argentina","BRK_GROUP":null,"ABBREV":"Arg.","POSTAL":"AR","FORMAL_EN":"Argentine Republic","FORMAL_FR":null,"NAME_CIAWF":"Argentina","NOTE_ADM0":null,"NOTE_BRK":null,"NAME_SORT":"Argentina","NAME_ALT":null,"MAPCOLOR7":3,"MAPCOLOR8":1,"MAPCOLOR9":3,"MAPCOLOR13":13,"POP_EST":44938712,"POP_RANK":15,"POP_YEAR":2019,"GDP_MD":445445,"GDP_YEAR":2019,"ECONOMY":"5. Emerging region: G20","INCOME_GRP":"3. Upper middle income","FIPS_10":"AR","ISO_A2":"AR","ISO_A2_EH":"AR","ISO_A3":"ARG","ISO_A3_EH":"ARG","ISO_N3":"032","ISO_N3_EH":"032","UN_A3":"032","WB_A2":"AR","WB_A3":"ARG","WOE_ID":23424747,"WOE_ID_EH":23424747,"WOE_NOTE":"Exact WOE match as country","ADM0_ISO":"ARG","ADM0_DIFF":null,"ADM0_TLC":"ARG","ADM0_A3_US":"ARG","ADM0_A3_FR":"ARG","ADM0_A3_RU":"ARG","ADM0_A3_ES":"ARG","ADM0_A3_CN":"ARG","ADM0_A3_TW":"ARG","ADM0_A3_IN":"ARG","ADM0_A3_NP":"ARG","ADM0_A3_PK":"ARG","ADM0_A3_DE":"ARG","ADM0_A3_GB":"ARG","ADM0_A3_BR":"ARG","ADM0_A3_IL":"ARG","ADM0_A3_PS":"ARG","ADM0_A3_SA":"ARG","ADM0_A3_EG":"ARG","ADM0_A3_MA":"ARG","ADM0_A3_PT":"ARG","ADM0_A3_AR":"ARG","ADM0_A3_JP":"ARG","ADM0_A3_KO":"ARG","ADM0_A3_VN":"ARG","ADM0_A3_TR":"ARG","ADM0_A3_ID":"ARG","ADM0_A3_PL":"ARG","ADM0_A3_GR":"ARG","ADM0_A3_IT":"ARG","ADM0_A3_NL":"ARG","ADM0_A3_SE":"ARG","ADM0_A3_BD":"ARG","ADM0_A3_UA":"ARG","ADM0_A3_UN":-99,"ADM0_A3_WB":-99,"CONTINENT":"South America","REGION_UN":"Americas","SUBREGION":"South America","REGION_WB":"Latin America & Caribbean","NAME_LEN":9,"LONG_LEN":9,"ABBREV_LEN":4,"TINY":-99,"HOMEPART":1,"MIN_ZOOM":0,"MIN_LABEL":2,"MAX_LABEL":7,"LABEL_X":-64.173331,"LABEL_Y":-33.501159,"NE_ID":1159320331,"WIKIDATAID":"Q414","NAME_AR":"الأرجنتين","NAME_BN":"আর্জেন্টিনা","NAME_DE":"Argentinien","NAME_EN":"Argentina","NAME_ES":"Argentina","NAME_FA":"آرژانتین","NAME_FR":"Argentine","NAME_EL":"Αργεντινή","NAME_HE":"ארגנטינה","NAME_HI":"अर्जेण्टीना","NAME_HU":"Argentína","NAME_ID":"Argentina","NAME_IT":"Argentina","NAME_JA":"アルゼンチン","NAME_KO":"아르헨티나","NAME_NL":"Argentinië","NAME_PL":"Argentyna","NAME_PT":"Argentina","NAME_RU":"Аргентина","NAME_SV":"Argentina","NAME_TR":"Arjantin","NAME_UK":"Аргентина","NAME_UR":"ارجنٹائن","NAME_VI":"Argentina","NAME_ZH":"阿根廷","NAME_ZHT":"阿根廷","FCLASS_ISO":"Admin-0 country","TLC_DIFF":null,"FCLASS_TLC":"Admin-0 country","FCLASS_US":null,"FCLASS_FR":null,"FCLASS_RU":null,"FCLASS_ES":null,"FCLASS_CN":null,"FCLASS_TW":null,"FCLASS_IN":null,"FCLASS_NP":null,"FCLASS_PK":null,"FCLASS_DE":null,"FCLASS_GB":null,"FCLASS_BR":null,"FCLASS_IL":null,"FCLASS_PS":null,"FCLASS_SA":null,"FCLASS_EG":null,"FCLASS_MA":null,"FCLASS_PT":null,"FCLASS_AR":null,"FCLASS_JP":null,"FCLASS_KO":null,"FCLASS_VN":null,"FCLASS_TR":null,"FCLASS_ID":null,"FCLASS_PL":null,"FCLASS_GR":null,"FCLASS_IT":null,"FCLASS_NL":null,"FCLASS_SE":null,"FCLASS_BD":null,"FCLASS_UA":null},"bbox":[-73.57627,-55.032129,-53.668555,-21.802539],"geometry":{"type":"MultiPolygon","coordinates":[[[[-57.608887,-30.187793],[-57.645752,-30.226953],[-57.650879,-30.29502],[-57.712695,-30.384473],[-57.831201,-30.495215],[-57.87251,-30.591016],[-57.818555,-30.712012],[-57.810596,-30.858594],[-57.834082,-30.91748],[-57.886328,-30.937402],[-57.898291,-30.975195],[-57.870068,-31.031055],[-57.868408,-31.104395],[-57.893359,-31.195312],[-57.94834,-31.299414],[-58.033398,-31.416602],[-58.053857,-31.494922],[-58.009668,-31.534375],[-57.987988,-31.576172],[-57.988867,-31.620605],[-58.006982,-31.684961],[-58.042334,-31.769238],[-58.09585,-31.831836],[-58.16748,-31.872656],[-58.189014,-31.924219],[-58.1604,-31.986523],[-58.156348,-32.051563],[-58.177002,-32.119043],[-58.164795,-32.184863],[-58.119727,-32.248926],[-58.123047,-32.321875],[-58.201172,-32.47168],[-58.219971,-32.563965],[-58.170996,-32.959277],[-58.200781,-33.014648],[-58.250391,-33.07832],[-58.308887,-33.08291],[-58.375977,-33.071875],[-58.424463,-33.111523],[-58.454834,-33.285938],[-58.547217,-33.663477],[-58.530566,-33.753027],[-58.456592,-33.89834],[-58.429492,-33.990918],[-58.409033,-34.060742],[-58.39248,-34.192969],[-58.435498,-34.252539],[-58.475244,-34.262988],[-58.525488,-34.296191],[-58.466211,-34.457422],[-58.418945,-34.531641],[-58.28335,-34.683496],[-57.763574,-34.894531],[-57.547852,-35.018945],[-57.303662,-35.188477],[-57.170654,-35.3625],[-57.158887,-35.505957],[-57.353906,-35.720313],[-57.375488,-35.900293],[-57.335449,-36.026758],[-57.26499,-36.144141],[-57.076172,-36.296777],[-56.937158,-36.352539],[-56.749463,-36.346484],[-56.717383,-36.389063],[-56.698096,-36.426465],[-56.668262,-36.735254],[-56.672021,-36.85127],[-56.727148,-36.957715],[-57.087695,-37.446387],[-57.395752,-37.744629],[-57.507275,-37.909277],[-57.546973,-38.085645],[-57.645605,-38.169629],[-58.179199,-38.43584],[-59.007227,-38.67334],[-59.67627,-38.79668],[-59.82832,-38.838184],[-60.903955,-38.973926],[-61.112207,-38.992969],[-61.382861,-38.980859],[-61.602539,-38.998828],[-61.8479,-38.961816],[-62.066895,-38.919141],[-62.189258,-38.813281],[-62.334766,-38.800098],[-62.374463,-38.85293],[-62.303613,-38.988086],[-62.338086,-39.150586],[-62.295068,-39.243262],[-62.209082,-39.261816],[-62.126465,-39.309766],[-62.053662,-39.373828],[-62.179346,-39.380469],[-62.130566,-39.431543],[-62.076807,-39.461523],[-62.082764,-39.568359],[-62.131543,-39.825391],[-62.253955,-39.880469],[-62.286914,-39.895313],[-62.323975,-39.950684],[-62.401855,-40.196582],[-62.427002,-40.355957],[-62.393604,-40.458789],[-62.246338,-40.674609],[-62.301855,-40.814648],[-62.39502,-40.89082],[-62.797998,-41.047168],[-62.959033,-41.109668],[-63.212842,-41.152441],[-63.621777,-41.159766],[-63.772998,-41.15],[-64.123193,-41.007812],[-64.383447,-40.922461],[-64.621484,-40.854492],[-64.852979,-40.81377],[-64.819873,-40.793262],[-64.804395,-40.756543],[-64.869482,-40.73584],[-64.916895,-40.731348],[-65.069434,-40.805273],[-65.133398,-40.880664],[-65.151855,-40.946973],[-65.15498,-41.105664],[-65.127881,-41.23877],[-65.018262,-41.566895],[-65.007031,-41.745117],[-65.059082,-41.969922],[-64.986377,-42.102051],[-64.898047,-42.161816],[-64.699512,-42.220801],[-64.622461,-42.261035],[-64.537744,-42.25459],[-64.511719,-42.270215],[-64.524219,-42.299219],[-64.574121,-42.355957],[-64.570996,-42.416016],[-64.42041,-42.433789],[-64.2646,-42.42168],[-64.100879,-42.395117],[-64.062207,-42.353418],[-64.061182,-42.266113],[-64.25293,-42.250781],[-64.228516,-42.218262],[-64.083252,-42.182813],[-63.892871,-42.124609],[-63.795557,-42.113867],[-63.729492,-42.15293],[-63.684766,-42.188672],[-63.629883,-42.282715],[-63.595898,-42.406543],[-63.594434,-42.555566],[-63.617334,-42.695801],[-63.644482,-42.745703],[-63.69248,-42.805273],[-64.034766,-42.88125],[-64.130664,-42.861426],[-64.219922,-42.755566],[-64.247949,-42.646094],[-64.324268,-42.572266],[-64.487842,-42.513477],[-64.650488,-42.531445],[-64.811963,-42.633203],[-64.970703,-42.666309],[-65.026904,-42.758887],[-64.629199,-42.908984],[-64.441553,-42.950684],[-64.380371,-42.949219],[-64.319141,-42.968945],[-64.375684,-43.024609],[-64.432227,-43.05918],[-64.715234,-43.135547],[-64.839941,-43.188867],[-64.985547,-43.293555],[-65.189746,-43.52207],[-65.252344,-43.571875],[-65.283594,-43.62998],[-65.304688,-43.7875],[-65.238574,-44.04873],[-65.308398,-44.158203],[-65.265527,-44.279687],[-65.289844,-44.360742],[-65.361279,-44.477344],[-65.647607,-44.661426],[-65.69834,-44.796191],[-65.599121,-44.875586],[-65.605713,-44.94502],[-65.63877,-45.007812],[-65.757715,-45.007129],[-66.190137,-44.964746],[-66.347754,-45.033594],[-66.493604,-45.117578],[-66.533447,-45.157813],[-66.585059,-45.18291],[-66.882471,-45.227637],[-66.941406,-45.257324],[-67.257617,-45.577246],[-67.393018,-45.775586],[-67.556641,-45.970117],[-67.599561,-46.052539],[-67.608887,-46.166797],[-67.586084,-46.269531],[-67.563379,-46.34541],[-67.506445,-46.442773],[-67.386621,-46.553809],[-66.776855,-47.005859],[-66.650391,-47.045312],[-65.998535,-47.09375],[-65.853662,-47.156738],[-65.769092,-47.256738],[-65.738086,-47.344922],[-65.775391,-47.568359],[-65.814307,-47.638184],[-65.886328,-47.701562],[-66.040625,-47.783301],[-66.225244,-47.826758],[-66.172363,-47.857617],[-66.097363,-47.853223],[-65.934229,-47.826758],[-65.863672,-47.853223],[-65.810059,-47.941113],[-65.912158,-47.976758],[-65.943408,-48.019336],[-66.017187,-48.084277],[-66.393359,-48.342383],[-66.596289,-48.419531],[-66.782812,-48.522949],[-67.033105,-48.627734],[-67.130957,-48.687891],[-67.26333,-48.814258],[-67.466309,-48.951758],[-67.684863,-49.24668],[-67.693701,-49.304004],[-67.661963,-49.342187],[-67.783496,-49.858887],[-67.825977,-49.919629],[-67.913965,-49.984473],[-68.145654,-50.091406],[-68.257227,-50.10459],[-68.404639,-50.042676],[-68.487891,-49.97793],[-68.569287,-49.866992],[-68.667578,-49.752539],[-68.672656,-49.793457],[-68.638477,-49.862988],[-68.661621,-49.935742],[-68.912988,-49.96875],[-68.97959,-50.003027],[-68.752686,-49.987695],[-68.597949,-50.009473],[-68.532568,-50.036133],[-68.47373,-50.091406],[-68.421875,-50.15791],[-68.46543,-50.194727],[-68.589355,-50.225195],[-68.749854,-50.281152],[-68.939453,-50.382324],[-69.044775,-50.499121],[-69.090186,-50.583105],[-69.141406,-50.752539],[-69.15498,-50.864453],[-69.235156,-50.950586],[-69.358594,-51.028125],[-69.351758,-51.045801],[-69.267969,-51.006152],[-69.201025,-50.993652],[-69.143506,-51.096973],[-69.065723,-51.303516],[-69.02959,-51.446484],[-69.035303,-51.488965],[-69.058301,-51.547168],[-69.218066,-51.56123],[-69.360547,-51.559473],[-69.46543,-51.584473],[-69.409082,-51.610254],[-69.313037,-51.601074],[-69.180127,-51.662305],[-69.03252,-51.63623],[-68.965332,-51.677148],[-68.916797,-51.714648],[-68.69082,-52.013086],[-68.493506,-52.197559],[-68.39375,-52.307031],[-68.443359,-52.356641],[-68.460986,-52.29043],[-68.589795,-52.27334],[-68.715186,-52.255469],[-68.924561,-52.208105],[-69.206201,-52.136133],[-69.488428,-52.136133],[-69.712598,-52.075391],[-69.960254,-52.008203],[-70.482861,-52.002246],[-70.943164,-51.998145],[-71.414746,-51.993945],[-71.716602,-51.991309],[-71.918652,-51.989551],[-71.971094,-51.96416],[-71.953467,-51.880371],[-72.028418,-51.818652],[-72.136963,-51.744043],[-72.268994,-51.691113],[-72.334521,-51.620313],[-72.407666,-51.54082],[-72.366406,-51.470313],[-72.303223,-51.298926],[-72.301855,-51.22334],[-72.35918,-51.17041],[-72.376807,-51.09541],[-72.35918,-51.060156],[-72.307373,-51.033398],[-72.276318,-50.910254],[-72.300635,-50.789551],[-72.340234,-50.681836],[-72.392578,-50.634277],[-72.460156,-50.611719],[-72.509814,-50.60752],[-72.62041,-50.647656],[-72.803613,-50.637695],[-72.865918,-50.653125],[-72.955566,-50.696484],[-73.082373,-50.760352],[-73.15293,-50.738281],[-73.174512,-50.67002],[-73.221631,-50.610742],[-73.251611,-50.558496],[-73.27417,-50.472559],[-73.311719,-50.361914],[-73.386621,-50.231152],[-73.50127,-50.125293],[-73.507715,-50.030273],[-73.528906,-49.910938],[-73.47041,-49.794531],[-73.504541,-49.698047],[-73.57627,-49.58291],[-73.554199,-49.463867],[-73.483643,-49.397656],[-73.461572,-49.313867],[-73.135254,-49.300684],[-73.148877,-49.187988],[-73.09458,-49.096875],[-73.033643,-49.014355],[-72.981738,-48.976758],[-72.86543,-48.943945],[-72.728467,-48.896289],[-72.65127,-48.841602],[-72.614404,-48.792871],[-72.591748,-48.729688],[-72.585938,-48.6625],[-72.608398,-48.519336],[-72.582861,-48.475391],[-72.498145,-48.417383],[-72.354736,-48.36582],[-72.293018,-48.229102],[-72.32832,-48.110059],[-72.40791,-48.015918],[-72.509082,-47.97334],[-72.51792,-47.876367],[-72.472217,-47.78418],[-72.412598,-47.685547],[-72.341504,-47.57207],[-72.345947,-47.492676],[-72.28291,-47.446289],[-72.103418,-47.342773],[-72.041699,-47.241406],[-71.978516,-47.213867],[-71.90498,-47.20166],[-71.900537,-47.144336],[-71.954248,-47.0875],[-71.962988,-47.016016],[-71.956641,-46.936816],[-71.940234,-46.83125],[-71.856445,-46.791602],[-71.732715,-46.705859],[-71.699658,-46.651367],[-71.695215,-46.578418],[-71.731299,-46.427832],[-71.762109,-46.319824],[-71.777637,-46.27998],[-71.834131,-46.206738],[-71.875684,-46.160547],[-71.809277,-46.102734],[-71.684473,-46.041895],[-71.631543,-45.953711],[-71.680078,-45.878711],[-71.750635,-45.839063],[-71.772656,-45.724414],[-71.746191,-45.578906],[-71.693311,-45.534766],[-71.508105,-45.512695],[-71.49043,-45.437695],[-71.349316,-45.331934],[-71.35376,-45.230469],[-71.443457,-45.168262],[-71.531299,-45.067871],[-71.596289,-44.979199],[-71.812354,-44.930664],[-72.041699,-44.904199],[-72.07251,-44.82041],[-72.063721,-44.771875],[-71.957031,-44.791504],[-71.782812,-44.774414],[-71.65166,-44.77041],[-71.5604,-44.762012],[-71.455176,-44.749805],[-71.358154,-44.785156],[-71.261133,-44.763086],[-71.221484,-44.630762],[-71.159717,-44.560254],[-71.150879,-44.494043],[-71.212598,-44.441211],[-71.325732,-44.424902],[-71.82002,-44.383105],[-71.835059,-44.330176],[-71.830762,-44.241406],[-71.812109,-44.150781],[-71.812354,-44.106055],[-71.767187,-44.066699],[-71.716162,-43.984473],[-71.680078,-43.92959],[-71.715967,-43.858398],[-71.794727,-43.753223],[-71.737402,-43.704688],[-71.732764,-43.646777],[-71.750635,-43.590137],[-71.832422,-43.527148],[-71.90498,-43.440137],[-71.90498,-43.347559],[-71.820215,-43.322949],[-71.763867,-43.294629],[-71.750635,-43.237305],[-71.781494,-43.166797],[-71.898584,-43.145313],[-72.054688,-43.101953],[-72.102393,-43.065625],[-72.146436,-42.990039],[-72.113623,-42.776758],[-72.130029,-42.648242],[-72.143701,-42.577148],[-72.10542,-42.522461],[-72.053467,-42.473242],[-72.078125,-42.358496],[-72.124609,-42.29834],[-72.108203,-42.251855],[-72.064404,-42.205371],[-72.026123,-42.147949],[-71.993311,-42.134277],[-71.944092,-42.16709],[-71.860791,-42.147852],[-71.760937,-42.101465],[-71.75,-42.046777],[-71.77002,-41.968555],[-71.844482,-41.771973],[-71.911279,-41.650391],[-71.897607,-41.606641],[-71.871143,-41.560547],[-71.892187,-41.393359],[-71.885596,-41.292383],[-71.880713,-40.994629],[-71.873047,-40.892969],[-71.941357,-40.78916],[-71.932129,-40.691699],[-71.883789,-40.620605],[-71.838525,-40.524414],[-71.804639,-40.43916],[-71.769141,-40.400879],[-71.708984,-40.381738],[-71.695312,-40.335254],[-71.722656,-40.299707],[-71.800586,-40.244336],[-71.818311,-40.17666],[-71.801953,-40.124707],[-71.763672,-40.094629],[-71.704395,-40.094922],[-71.659766,-40.020801],[-71.647119,-39.929199],[-71.637891,-39.886816],[-71.67207,-39.833301],[-71.696826,-39.707031],[-71.719922,-39.635254],[-71.692578,-39.605176],[-71.654297,-39.594238],[-71.587012,-39.611133],[-71.539453,-39.602441],[-71.53125,-39.56416],[-71.525781,-39.523145],[-71.507764,-39.495215],[-71.465381,-39.402344],[-71.42002,-39.287207],[-71.409375,-39.205957],[-71.425586,-38.985645],[-71.401562,-38.935059],[-71.353174,-38.888867],[-71.285742,-38.84541],[-71.197266,-38.809375],[-71.087109,-38.75752],[-70.951611,-38.738477],[-70.896924,-38.681055],[-70.858643,-38.604492],[-70.847656,-38.541602],[-70.899658,-38.497852],[-70.967969,-38.445898],[-71.000488,-38.314844],[-71.018164,-38.193945],[-71.028174,-38.041211],[-71.096191,-37.909961],[-71.167578,-37.762305],[-71.186719,-37.631055],[-71.162842,-37.55918],[-71.134814,-37.445117],[-71.164893,-37.393262],[-71.200391,-37.300293],[-71.163477,-37.227441],[-71.118408,-37.114355],[-71.123828,-37.056934],[-71.159375,-36.920215],[-71.192187,-36.843652],[-71.159375,-36.761621],[-71.107422,-36.685059],[-71.066406,-36.644043],[-71.073242,-36.578027],[-71.055518,-36.52373],[-70.97793,-36.487305],[-70.905127,-36.419922],[-70.853174,-36.411719],[-70.790283,-36.411719],[-70.749268,-36.392578],[-70.732861,-36.340625],[-70.721924,-36.283203],[-70.621875,-36.211914],[-70.563379,-36.146387],[-70.456738,-36.132715],[-70.404785,-36.061719],[-70.403662,-35.970508],[-70.415723,-35.878516],[-70.380176,-35.771875],[-70.419727,-35.60918],[-70.415723,-35.523047],[-70.456738,-35.451953],[-70.448535,-35.375391],[-70.47041,-35.326172],[-70.532324,-35.30791],[-70.555176,-35.246875],[-70.525098,-35.216797],[-70.466602,-35.193652],[-70.393164,-35.146875],[-70.338135,-34.921777],[-70.312109,-34.85498],[-70.286768,-34.774512],[-70.289941,-34.732813],[-70.254687,-34.672656],[-70.210693,-34.58125],[-70.14126,-34.492871],[-70.101465,-34.432031],[-70.062988,-34.35],[-70.052051,-34.300781],[-70.002832,-34.27627],[-69.946338,-34.269922],[-69.879785,-34.254395],[-69.852441,-34.224316],[-69.857373,-34.180469],[-69.861523,-34.083594],[-69.881494,-33.929785],[-69.894336,-33.731348],[-69.882568,-33.600977],[-69.83877,-33.469727],[-69.797754,-33.398633],[-69.808691,-33.343945],[-69.819629,-33.283789],[-69.896191,-33.250977],[-69.969043,-33.279395],[-70.019824,-33.271484],[-70.084863,-33.201758],[-70.104004,-33.12793],[-70.093066,-33.026758],[-70.042139,-32.963672],[-70.021973,-32.88457],[-70.052051,-32.859961],[-70.116162,-32.807422],[-70.176953,-32.626074],[-70.169629,-32.47168],[-70.229785,-32.430664],[-70.257812,-32.309961],[-70.32002,-32.266699],[-70.344629,-32.176465],[-70.36377,-32.083496],[-70.355566,-32.042383],[-70.290918,-32.031055],[-70.254395,-31.957715],[-70.281738,-31.916602],[-70.330957,-31.881055],[-70.393848,-31.883789],[-70.450146,-31.841895],[-70.525635,-31.666406],[-70.585205,-31.569434],[-70.566406,-31.42793],[-70.554688,-31.317383],[-70.529053,-31.222852],[-70.51958,-31.148438],[-70.473096,-31.112793],[-70.429395,-31.129297],[-70.388379,-31.121094],[-70.350586,-31.060449],[-70.309082,-31.022656],[-70.311816,-30.992578],[-70.336426,-30.959766],[-70.348145,-30.902344],[-70.319238,-30.833984],[-70.269385,-30.677246],[-70.193945,-30.504688],[-70.161426,-30.440234],[-70.169629,-30.385547],[-70.153223,-30.360938],[-70.102002,-30.388281],[-69.956348,-30.358203],[-69.907129,-30.281641],[-69.888037,-30.213281],[-69.844287,-30.175],[-69.863379,-30.120313],[-69.923535,-30.103906],[-69.959961,-30.07832],[-69.945459,-30.016406],[-69.924121,-29.874023],[-69.927637,-29.769141],[-69.982617,-29.54541],[-70.026807,-29.324023],[-69.995605,-29.25],[-69.900342,-29.148828],[-69.827881,-29.103223],[-69.814844,-29.045508],[-69.743164,-28.783887],[-69.734912,-28.641113],[-69.687891,-28.562012],[-69.656934,-28.413574],[-69.527148,-28.285645],[-69.488867,-28.200879],[-69.436914,-28.192676],[-69.40957,-28.165332],[-69.340723,-28.070801],[-69.251221,-27.973633],[-69.174414,-27.924707],[-69.155273,-27.848145],[-69.118506,-27.743555],[-69.042187,-27.57002],[-68.999414,-27.449023],[-68.941992,-27.405176],[-68.875098,-27.24668],[-68.846338,-27.153711],[-68.769775,-27.11543],[-68.709619,-27.104492],[-68.652197,-27.14834],[-68.59209,-27.140039],[-68.537354,-27.085352],[-68.405371,-27.048145],[-68.345996,-27.02793],[-68.318652,-26.973242],[-68.318652,-26.877539],[-68.37334,-26.806445],[-68.485107,-26.670313],[-68.581152,-26.518359],[-68.591602,-26.47041],[-68.592187,-26.418066],[-68.575781,-26.351953],[-68.529834,-26.276953],[-68.414502,-26.153711],[-68.426758,-26.06543],[-68.51084,-25.741016],[-68.541895,-25.651563],[-68.600293,-25.485645],[-68.59209,-25.42002],[-68.54082,-25.236719],[-68.496338,-25.162988],[-68.430713,-25.149316],[-68.395215,-25.124707],[-68.384229,-25.091895],[-68.428027,-25.050977],[-68.447119,-24.998926],[-68.466309,-24.925195],[-68.527051,-24.899219],[-68.562012,-24.837695],[-68.562012,-24.747363],[-68.507275,-24.629785],[-68.447119,-24.596973],[-68.422559,-24.545117],[-68.358105,-24.497266],[-68.299512,-24.460352],[-68.250293,-24.391992],[-68.047363,-24.308301],[-67.88623,-24.243359],[-67.571777,-24.118945],[-67.356201,-24.033789],[-67.335596,-23.974805],[-67.319141,-23.934668],[-67.219141,-23.633984],[-67.089746,-23.245117],[-67.008789,-23.001367],[-67.194873,-22.82168],[-67.161914,-22.773828],[-67.05542,-22.650879],[-67.033545,-22.552246],[-66.991113,-22.509863],[-66.800293,-22.409668],[-66.76748,-22.343066],[-66.750635,-22.269336],[-66.711719,-22.216309],[-66.639014,-22.205371],[-66.506982,-22.158398],[-66.365186,-22.11377],[-66.322461,-22.053125],[-66.282129,-21.947461],[-66.247607,-21.830469],[-66.220166,-21.802539],[-66.174658,-21.805664],[-66.098584,-21.835059],[-66.058594,-21.879492],[-65.860156,-22.019727],[-65.771045,-22.099609],[-65.686182,-22.110254],[-65.518799,-22.094531],[-65.484863,-22.098145],[-65.057812,-22.102734],[-64.992627,-22.109668],[-64.843066,-22.143945],[-64.758643,-22.171289],[-64.700098,-22.185547],[-64.605518,-22.228809],[-64.523633,-22.371582],[-64.477734,-22.485352],[-64.445508,-22.585352],[-64.373975,-22.761035],[-64.325293,-22.827637],[-64.30791,-22.795313],[-64.266406,-22.60332],[-64.209082,-22.491309],[-64.131836,-22.36582],[-63.976123,-22.072559],[-63.92168,-22.028613],[-63.861035,-22.007227],[-63.818652,-22.005469],[-63.775586,-22.027246],[-63.716943,-22.027539],[-63.675342,-22.004297],[-63.267187,-22.000586],[-62.843359,-21.997266],[-62.834277,-21.999121],[-62.815088,-22.049609],[-62.74458,-22.159863],[-62.665283,-22.217969],[-62.650977,-22.233691],[-62.625684,-22.261523],[-62.625977,-22.29043],[-62.541553,-22.349609],[-62.37251,-22.43916],[-62.21416,-22.612402],[-62.066602,-22.869434],[-61.928027,-23.059277],[-61.798535,-23.182031],[-61.679492,-23.26875],[-61.570996,-23.319434],[-61.513037,-23.360449],[-61.505518,-23.391992],[-61.403955,-23.45752],[-61.208398,-23.557031],[-61.084717,-23.656445],[-61.03291,-23.755664],[-60.839844,-23.858105],[-60.505371,-23.963574],[-60.262207,-24.013965],[-60.110303,-24.00918],[-59.89248,-24.093555],[-59.608594,-24.266797],[-59.4354,-24.387012],[-59.372949,-24.453906],[-59.187256,-24.562305],[-58.724023,-24.786621],[-58.519629,-24.842871],[-58.422803,-24.894141],[-58.365381,-24.959277],[-58.308691,-24.979102],[-58.252783,-24.953809],[-58.136475,-24.977148],[-57.959814,-25.049219],[-57.82168,-25.136426],[-57.643896,-25.328418],[-57.587158,-25.405078],[-57.563135,-25.47373],[-57.57168,-25.53418],[-57.62583,-25.59873],[-57.725488,-25.667188],[-57.754785,-25.69707],[-57.75708,-25.725977],[-57.782471,-25.783691],[-57.865234,-25.906934],[-57.88623,-25.964258],[-57.890625,-26.006543],[-57.943115,-26.05293],[-58.082422,-26.138574],[-58.111133,-26.180176],[-58.118066,-26.224902],[-58.135645,-26.251465],[-58.154687,-26.262598],[-58.181494,-26.307422],[-58.203027,-26.381445],[-58.205176,-26.476562],[-58.187939,-26.592578],[-58.191309,-26.62998],[-58.22207,-26.65],[-58.239355,-26.676855],[-58.245557,-26.731055],[-58.27168,-26.770703],[-58.317676,-26.795898],[-58.334668,-26.824902],[-58.322559,-26.857617],[-58.356445,-26.890039],[-58.436328,-26.921973],[-58.485254,-26.968457],[-58.503223,-27.029492],[-58.547705,-27.083984],[-58.618604,-27.132129],[-58.641748,-27.196094],[-58.604834,-27.314355],[-58.168262,-27.273438],[-57.812207,-27.316602],[-57.39126,-27.430469],[-57.111816,-27.470117],[-56.973975,-27.435742],[-56.871729,-27.440625],[-56.805176,-27.484668],[-56.715723,-27.49375],[-56.603369,-27.467871],[-56.510547,-27.487891],[-56.437158,-27.553809],[-56.370508,-27.537402],[-56.310547,-27.43877],[-56.241699,-27.366797],[-56.164062,-27.321484],[-56.067334,-27.307715],[-55.951465,-27.325684],[-55.859033,-27.361914],[-55.78999,-27.416406],[-55.714648,-27.414844],[-55.63291,-27.357129],[-55.593799,-27.288086],[-55.597266,-27.207617],[-55.564893,-27.15],[-55.496729,-27.115332],[-55.450635,-27.068359],[-55.42666,-27.009277],[-55.345801,-26.973145],[-55.208008,-26.960156],[-55.135937,-26.931152],[-55.129639,-26.886035],[-55.088867,-26.844531],[-55.013623,-26.806641],[-54.962158,-26.759375],[-54.934473,-26.702539],[-54.888916,-26.666797],[-54.825488,-26.652246],[-54.755078,-26.53291],[-54.677734,-26.308789],[-54.631934,-26.005762],[-54.615869,-25.576074],[-54.537842,-25.576465],[-54.501514,-25.608301],[-54.443945,-25.625],[-54.38335,-25.588672],[-54.331885,-25.571875],[-54.250098,-25.57041],[-54.206152,-25.52959],[-54.15459,-25.523047],[-54.119238,-25.545215],[-54.08501,-25.571875],[-54.012305,-25.57793],[-53.954785,-25.647656],[-53.891162,-25.668848],[-53.864209,-25.748828],[-53.823242,-25.95957],[-53.746924,-26.083691],[-53.671289,-26.225098],[-53.668555,-26.288184],[-53.710938,-26.351855],[-53.718164,-26.443164],[-53.74458,-26.666504],[-53.75332,-26.748633],[-53.727148,-26.804688],[-53.717285,-26.882812],[-53.758496,-26.97832],[-53.838184,-27.121094],[-53.915625,-27.15957],[-53.935352,-27.161133],[-54.040137,-27.24375],[-54.113818,-27.274707],[-54.156445,-27.253809],[-54.205225,-27.289648],[-54.260156,-27.382031],[-54.327002,-27.423535],[-54.448145,-27.446484],[-54.484326,-27.457324],[-54.554932,-27.454102],[-54.61543,-27.477148],[-54.665869,-27.526563],[-54.719727,-27.544922],[-54.7771,-27.53252],[-54.829102,-27.550586],[-54.875732,-27.599219],[-54.902783,-27.651953],[-54.910205,-27.708594],[-54.955908,-27.747168],[-55.039941,-27.767773],[-55.068994,-27.796289],[-55.063867,-27.835938],[-55.101514,-27.866797],[-55.24375,-27.898828],[-55.346484,-27.955957],[-55.409814,-28.037793],[-55.47666,-28.089355],[-55.582373,-28.120996],[-55.725488,-28.204102],[-55.745996,-28.255469],[-55.691504,-28.302832],[-55.671973,-28.344922],[-55.687256,-28.381641],[-55.731982,-28.386621],[-55.806055,-28.359766],[-55.858887,-28.354199],[-55.890527,-28.37002],[-55.90542,-28.399609],[-55.903662,-28.443262],[-55.930176,-28.472852],[-55.984912,-28.488574],[-56.019629,-28.524609],[-56.034229,-28.580859],[-56.102881,-28.651758],[-56.225537,-28.737207],[-56.322363,-28.852441],[-56.393262,-28.997266],[-56.475977,-29.09248],[-56.570703,-29.138086],[-56.63584,-29.203027],[-56.671533,-29.287305],[-56.772461,-29.417871],[-56.938623,-29.594824],[-57.089355,-29.716211],[-57.224658,-29.782129],[-57.300684,-29.856543],[-57.31748,-29.939453],[-57.405225,-30.033887],[-57.563867,-30.139941],[-57.608887,-30.187793]]],[[[-68.653223,-54.853613],[-68.64751,-54.627832],[-68.639795,-54.324023],[-68.638232,-54.05293],[-68.63667,-53.788867],[-68.635059,-53.51543],[-68.633447,-53.241895],[-68.631689,-52.949512],[-68.629932,-52.652637],[-68.571191,-52.694922],[-68.33877,-52.900098],[-68.278223,-52.983984],[-68.240137,-53.081836],[-68.333008,-53.019629],[-68.431152,-53.055273],[-68.479492,-53.11377],[-68.520801,-53.177246],[-68.520508,-53.221875],[-68.488525,-53.260938],[-68.393115,-53.294922],[-68.161133,-53.306445],[-68.144092,-53.319043],[-68.008496,-53.564063],[-67.940283,-53.61875],[-67.861084,-53.662207],[-67.678125,-53.787109],[-67.502588,-53.921973],[-67.294238,-54.049805],[-67.069482,-54.148047],[-66.865137,-54.222559],[-66.670068,-54.313574],[-66.462012,-54.441016],[-66.235645,-54.533496],[-65.992578,-54.598926],[-65.74707,-54.653418],[-65.369287,-54.632129],[-65.251953,-54.638086],[-65.179004,-54.678125],[-65.252344,-54.788867],[-65.345996,-54.87793],[-65.471143,-54.914648],[-65.60332,-54.928125],[-65.722754,-54.926367],[-65.841992,-54.909961],[-65.95376,-54.919336],[-66.060645,-54.956738],[-66.172021,-54.975293],[-66.286768,-54.977734],[-66.398682,-55.009375],[-66.511133,-55.032129],[-66.627686,-55.013281],[-66.930469,-54.924902],[-67.1271,-54.903809],[-67.793262,-54.868652],[-68.007129,-54.848438],[-68.220117,-54.817578],[-68.331689,-54.816309],[-68.491016,-54.83623],[-68.618652,-54.833789],[-68.653223,-54.853613]]],[[[-64.54917,-54.716211],[-64.438818,-54.739355],[-64.220508,-54.721973],[-64.105322,-54.72168],[-64.054932,-54.729883],[-64.032422,-54.742383],[-63.881934,-54.722949],[-63.81543,-54.725098],[-63.832568,-54.767969],[-63.97124,-54.810645],[-64.02832,-54.792578],[-64.3229,-54.796484],[-64.453271,-54.840332],[-64.508691,-54.839941],[-64.637354,-54.902539],[-64.731445,-54.862988],[-64.757324,-54.826562],[-64.689209,-54.774707],[-64.625098,-54.773633],[-64.581348,-54.752734],[-64.54917,-54.716211]]],[[[-61.875781,-39.171875],[-61.865967,-39.234863],[-61.918018,-39.227441],[-62.041602,-39.166895],[-62.083301,-39.110156],[-62.093018,-39.08623],[-61.96665,-39.112207],[-61.907129,-39.135645],[-61.875781,-39.171875]]]]}},{"type":"Feature","properties":{"featurecla":"Admin-0 country","scalerank":3,"LABELRANK":6,"SOVEREIGNT":"Andorra","SOV_A3":"AND","ADM0_DIF":0,"LEVEL":2,"TYPE":"Sovereign country","TLC":"1","ADMIN":"Andorra","ADM0_A3":"AND","GEOU_DIF":0,"GEOUNIT":"Andorra","GU_A3":"AND","SU_DIF":0,"SUBUNIT":"Andorra","SU_A3":"AND","BRK_DIFF":0,"NAME":"Andorra","NAME_LONG":"Andorra","BRK_A3":"AND","BRK_NAME":"Andorra","BRK_GROUP":null,"ABBREV":"And.","POSTAL":"AND","FORMAL_EN":"Principality of Andorra","FORMAL_FR":null,"NAME_CIAWF":"Andorra","NOTE_ADM0":null,"NOTE_BRK":null,"NAME_SORT":"Andorra","NAME_ALT":null,"MAPCOLOR7":1,"MAPCOLOR8":4,"MAPCOLOR9":1,"MAPCOLOR13":8,"POP_EST":77142,"POP_RANK":8,"POP_YEAR":2019,"GDP_MD":3154,"GDP_YEAR":2019,"ECONOMY":"2. Developed region: nonG7","INCOME_GRP":"2. High income: nonOECD","FIPS_10":"AN","ISO_A2":"AD","ISO_A2_EH":"AD","ISO_A3":"AND","ISO_A3_EH":"AND","ISO_N3":"020","ISO_N3_EH":"020","UN_A3":"020","WB_A2":"AD","WB_A3":"ADO","WOE_ID":23424744,"WOE_ID_EH":23424744,"WOE_NOTE":"Exact WOE match as country","ADM0_ISO":"AND","ADM0_DIFF":null,"ADM0_TLC":"AND","ADM0_A3_US":"AND","ADM0_A3_FR":"AND","ADM0_A3_RU":"AND","ADM0_A3_ES":"AND","ADM0_A3_CN":"AND","ADM0_A3_TW":"AND","ADM0_A3_IN":"AND","ADM0_A3_NP":"AND","ADM0_A3_PK":"AND","ADM0_A3_DE":"AND","ADM0_A3_GB":"AND","ADM0_A3_BR":"AND","ADM0_A3_IL":"AND","ADM0_A3_PS":"AND","ADM0_A3_SA":"AND","ADM0_A3_EG":"AND","ADM0_A3_MA":"AND","ADM0_A3_PT":"AND","ADM0_A3_AR":"AND","ADM0_A3_JP":"AND","ADM0_A3_KO":"AND","ADM0_A3_VN":"AND","ADM0_A3_TR":"AND","ADM0_A3_ID":"AND","ADM0_A3_PL":"AND","ADM0_A3_GR":"AND","ADM0_A3_IT":"AND","ADM0_A3_NL":"AND","ADM0_A3_SE":"AND","ADM0_A3_BD":"AND","ADM0_A3_UA":"AND","ADM0_A3_UN":-99,"ADM0_A3_WB":-99,"CONTINENT":"Europe","REGION_UN":"Europe","SUBREGION":"Southern Europe","REGION_WB":"Europe & Central Asia","NAME_LEN":7,"LONG_LEN":7,"ABBREV_LEN":4,"TINY":5,"HOMEPART":1,"MIN_ZOOM":0,"MIN_LABEL":5,"MAX_LABEL":10,"LABEL_X":1.539409,"LABEL_Y":42.547643,"NE_ID":1159320327,"WIKIDATAID":"Q228","NAME_AR":"أندورا","NAME_BN":"অ্যান্ডোরা","NAME_DE":"Andorra","NAME_EN":"Andorra","NAME_ES":"Andorra","NAME_FA":"آندورا","NAME_FR":"Andorre","NAME_EL":"Ανδόρρα","NAME_HE":"אנדורה","NAME_HI":"अण्डोरा","NAME_HU":"Andorra","NAME_ID":"Andorra","NAME_IT":"Andorra","NAME_JA":"アンドラ","NAME_KO":"안도라","NAME_NL":"Andorra","NAME_PL":"Andora","NAME_PT":"Andorra","NAME_RU":"Андорра","NAME_SV":"Andorra","NAME_TR":"Andorra","NAME_UK":"Андорра","NAME_UR":"انڈورا","NAME_VI":"Andorra","NAME_ZH":"安道尔","NAME_ZHT":"安道爾","FCLASS_ISO":"Admin-0 country","TLC_DIFF":null,"FCLASS_TLC":"Admin-0 country","FCLASS_US":null,"FCLASS_FR":null,"FCLASS_RU":null,"FCLASS_ES":null,"FCLASS_CN":null,"FCLASS_TW":null,"FCLASS_IN":null,"FCLASS_NP":null,"FCLASS_PK":null,"FCLASS_DE":null,"FCLASS_GB":null,"FCLASS_BR":null,"FCLASS_IL":null,"FCLASS_PS":null,"FCLASS_SA":null,"FCLASS_EG":null,"FCLASS_MA":null,"FCLASS_PT":null,"FCLASS_AR":null,"FCLASS_JP":null,"FCLASS_KO":null,"FCLASS_VN":null,"FCLASS_TR":null,"FCLASS_ID":null,"FCLASS_PL":null,"FCLASS_GR":null,"FCLASS_IT":null,"FCLASS_NL":null,"FCLASS_SE":null,"FCLASS_BD":null,"FCLASS_UA":null},"bbox":[1.414844,42.434473,1.740234,42.642725],"geometry":{"type":"Polygon","coordinates":[[[1.706055,42.50332],[1.678516,42.49668],[1.586426,42.455957],[1.534082,42.441699],[1.48623,42.434473],[1.448828,42.437451],[1.428125,42.461328],[1.430273,42.497852],[1.421973,42.530811],[1.414844,42.548389],[1.42832,42.595898],[1.458887,42.62168],[1.501367,42.642725],[1.568164,42.63501],[1.709863,42.604443],[1.739453,42.575928],[1.740234,42.556738],[1.713965,42.525635],[1.706055,42.50332]]]}},{"type":"Feature","properties":{"featurecla":"Admin-0 country","scalerank":1,"LABELRANK":6,"SOVEREIGNT":"Albania","SOV_A3":"ALB","ADM0_DIF":0,"LEVEL":2,"TYPE":"Sovereign country","TLC":"1","ADMIN":"Albania","ADM0_A3":"ALB","GEOU_DIF":0,"GEOUNIT":"Albania","GU_A3":"ALB","SU_DIF":0,"SUBUNIT":"Albania","SU_A3":"ALB","BRK_DIFF":0,"NAME":"Albania","NAME_LONG":"Albania","BRK_A3":"ALB","BRK_NAME":"Albania","BRK_GROUP":null,"ABBREV":"Alb.","POSTAL":"AL","FORMAL_EN":"Republic of Albania","FORMAL_FR":null,"NAME_CIAWF":"Albania","NOTE_ADM0":null,"NOTE_BRK":null,"NAME_SORT":"Albania","NAME_ALT":null,"MAPCOLOR7":1,"MAPCOLOR8":4,"MAPCOLOR9":1,"MAPCOLOR13":6,"POP_EST":2854191,"POP_RANK":12,"POP_YEAR":2019,"GDP_MD":15279,"GDP_YEAR":2019,"ECONOMY":"6. Developing region","INCOME_GRP":"4. Lower middle income","FIPS_10":"AL","ISO_A2":"AL","ISO_A2_EH":"AL","ISO_A3":"ALB","ISO_A3_EH":"ALB","ISO_N3":"008","ISO_N3_EH":"008","UN_A3":"008","WB_A2":"AL","WB_A3":"ALB","WOE_ID":23424742,"WOE_ID_EH":23424742,"WOE_NOTE":"Exact WOE match as country","ADM0_ISO":"ALB","ADM0_DIFF":null,"ADM0_TLC":"ALB","ADM0_A3_US":"ALB","ADM0_A3_FR":"ALB","ADM0_A3_RU":"ALB","ADM0_A3_ES":"ALB","ADM0_A3_CN":"ALB","ADM0_A3_TW":"ALB","ADM0_A3_IN":"ALB","ADM0_A3_NP":"ALB","ADM0_A3_PK":"ALB","ADM0_A3_DE":"ALB","ADM0_A3_GB":"ALB","ADM0_A3_BR":"ALB","ADM0_A3_IL":"ALB","ADM0_A3_PS":"ALB","ADM0_A3_SA":"ALB","ADM0_A3_EG":"ALB","ADM0_A3_MA":"ALB","ADM0_A3_PT":"ALB","ADM0_A3_AR":"ALB","ADM0_A3_JP":"ALB","ADM0_A3_KO":"ALB","ADM0_A3_VN":"ALB","ADM0_A3_TR":"ALB","ADM0_A3_ID":"ALB","ADM0_A3_PL":"ALB","ADM0_A3_GR":"ALB","ADM0_A3_IT":"ALB","ADM0_A3_NL":"ALB","ADM0_A3_SE":"ALB","ADM0_A3_BD":"ALB","ADM0_A3_UA":"ALB","ADM0_A3_UN":-99,"ADM0_A3_WB":-99,"CONTINENT":"Europe","REGION_UN":"Europe","SUBREGION":"Southern Europe","REGION_WB":"Europe & Central Asia","NAME_LEN":7,"LONG_LEN":7,"ABBREV_LEN":4,"TINY":-99,"HOMEPART":1,"MIN_ZOOM":0,"MIN_LABEL":5,"MAX_LABEL":10,"LABEL_X":20.11384,"LABEL_Y":40.654855,"NE_ID":1159320325,"WIKIDATAID":"Q222","NAME_AR":"ألبانيا","NAME_BN":"আলবেনিয়া","NAME_DE":"Albanien","NAME_EN":"Albania","NAME_ES":"Albania","NAME_FA":"آلبانی","NAME_FR":"Albanie","NAME_EL":"Αλβανία","NAME_HE":"אלבניה","NAME_HI":"अल्बानिया","NAME_HU":"Albánia","NAME_ID":"Albania","NAME_IT":"Albania","NAME_JA":"アルバニア","NAME_KO":"알바니아","NAME_NL":"Albanië","NAME_PL":"Albania","NAME_PT":"Albânia","NAME_RU":"Албания","NAME_SV":"Albanien","NAME_TR":"Arnavutluk","NAME_UK":"Албанія","NAME_UR":"البانیا","NAME_VI":"Albania","NAME_ZH":"阿尔巴尼亚","NAME_ZHT":"阿爾巴尼亞","FCLASS_ISO":"Admin-0 country","TLC_DIFF":null,"FCLASS_TLC":"Admin-0 country","FCLASS_US":null,"FCLASS_FR":null,"FCLASS_RU":null,"FCLASS_ES":null,"FCLASS_CN":null,"FCLASS_TW":null,"FCLASS_IN":null,"FCLASS_NP":null,"FCLASS_PK":null,"FCLASS_DE":null,"FCLASS_GB":null,"FCLASS_BR":null,"FCLASS_IL":null,"FCLASS_PS":null,"FCLASS_SA":null,"FCLASS_EG":null,"FCLASS_MA":null,"FCLASS_PT":null,"FCLASS_AR":null,"FCLASS_JP":null,"FCLASS_KO":null,"FCLASS_VN":null,"FCLASS_TR":null,"FCLASS_ID":null,"FCLASS_PL":null,"FCLASS_GR":null,"FCLASS_IT":null,"FCLASS_NL":null,"FCLASS_SE":null,"FCLASS_BD":null,"FCLASS_UA":null},"bbox":[19.280664,39.653516,21.031055,42.647949],"geometry":{"type":"Polygon","coordinates":[[[19.342383,41.869092],[19.345508,41.918848],[19.361133,41.997754],[19.352148,42.024023],[19.361426,42.069092],[19.330859,42.129297],[19.280664,42.172559],[19.329004,42.249268],[19.399609,42.341895],[19.465137,42.415381],[19.544531,42.491943],[19.597461,42.56543],[19.654492,42.628564],[19.703418,42.647949],[19.727832,42.634521],[19.740723,42.606934],[19.737793,42.525146],[19.754492,42.496924],[19.788281,42.476172],[19.859766,42.486328],[19.939063,42.506689],[20.045703,42.549902],[20.063965,42.547266],[20.103516,42.524658],[20.185742,42.425879],[20.240527,42.338965],[20.348242,42.308789],[20.408301,42.274951],[20.485449,42.223389],[20.522852,42.171484],[20.575391,42.013086],[20.581445,41.917432],[20.566211,41.873682],[20.553125,41.862354],[20.505176,41.706494],[20.516602,41.627051],[20.516211,41.574756],[20.475586,41.554102],[20.448633,41.521289],[20.492383,41.391406],[20.487012,41.336084],[20.488965,41.272607],[20.567871,41.127832],[20.614453,41.083057],[20.656055,41.06167],[20.709277,40.928369],[20.74082,40.905273],[20.870215,40.91792],[20.933496,40.903125],[20.958594,40.871533],[20.964258,40.849902],[20.955762,40.775293],[20.987891,40.717773],[21.031055,40.658643],[21.030859,40.622461],[21.001953,40.563379],[20.950195,40.494385],[20.881641,40.46792],[20.806055,40.445459],[20.77002,40.391895],[20.75166,40.334912],[20.717871,40.292676],[20.696973,40.246387],[20.664941,40.151758],[20.657422,40.117383],[20.60625,40.082666],[20.527051,40.068506],[20.456055,40.065576],[20.408008,40.049463],[20.383691,40.017187],[20.338477,39.991064],[20.311133,39.979443],[20.311328,39.950781],[20.344238,39.890625],[20.381641,39.841797],[20.382422,39.802637],[20.364063,39.791748],[20.306152,39.79668],[20.293848,39.782227],[20.287598,39.738574],[20.27207,39.701172],[20.248242,39.678369],[20.206836,39.653516],[20.131055,39.661621],[20.059766,39.699121],[20.022559,39.710693],[20.00127,39.709424],[19.995605,39.801025],[19.964844,39.872266],[19.851855,40.043555],[19.48457,40.209961],[19.398145,40.284863],[19.360156,40.347705],[19.322266,40.40708],[19.358594,40.40874],[19.394531,40.393701],[19.440527,40.375684],[19.45918,40.405371],[19.439258,40.470264],[19.344629,40.62207],[19.3375,40.663818],[19.383887,40.790723],[19.46123,40.933301],[19.456055,41.106055],[19.480078,41.236377],[19.453418,41.320996],[19.440625,41.424756],[19.497363,41.562695],[19.545801,41.596826],[19.575684,41.64043],[19.577539,41.7875],[19.468262,41.856152],[19.342383,41.869092]]]}}],"bbox":[-180,-89.99892578125,180,83.599609375]}