database_name,database_position,database_age,database_ca,database_pa,database_nationality,database_club,database_uid,角球,传中,盘带,射门,接球,任意球,头球,远射,界外球,盯人,传球,罚点球,抢断,技术,侵略性,预判,勇敢,镇定,集中,决断,意志力,想象力,领导力,无球跑动,防守站位,团队合作,视野,工作投入,爆发力,灵活,平衡,弹跳,体质,速度,耐力,强壮,稳定,肮脏,大赛,伤病,多样,制空能力,拦截传中,沟通,神经指数,手控球,大脚开球,一对一,反应,出击,击球倾向,手抛球的能力,适应性,雄心,争论,忠诚,抗压能力,职业,体育道德,情绪控制,GK,DL,DC,DR,WBL,WBR,DM,ML,MC,MR,AML,AMC,AMR,ST,身高,左脚,右脚,身价（欧元）,当前声望,本国声望,世界声望,种族,RCA,肤色,出生日期,国家队出场,国家队进球,工资（欧元）,UID,防守,身体,速度_2,创造,进攻,技术_2,制空,精神,拦截射门,身体_2,速度_3,精神_2,指挥防守,意外性,制空_2,大脚,球员习惯,二维码&球员名片&扫码填写评价
Kylian Mbappé,AM/ST RL,26,191,197,France,R. Madrid,85139014,13,13,18,18,18,11,9,15,3,4,15,18,4,17,6,17,12,17,16,16,18,18,13,17,4,10,16,13,19,16,16,8,15,19,15,12,15,7,16,7,14,2,3,3,3,3,2,4,3,1,3,3,15,20,8,14,16,16,12,13,1,1,1,1,1,1,1,10,1,10,20,1,15,18,178,12,20,"£149,602,800",9550,9400,9550,AfricanCaribbean,185,13,36149,90,50,"£496,918",85139014,4,14.75,19,16.3333333333333,17.3333333333333,17.6666666666667,8.5,14.8333333333333,3.5,14.75,19,14.8333333333333,3,3,2.5,2.5,"尝试花式动作
喜欢从双侧内切
经常带球",#NAME?
Harry Kane,ST C,32,188,190,"England,Republic of Ireland",FC Bayern München,28049320,11,12,14,19,18,12,17,17,7,8,18,20,9,17,13,18,15,18,16,18,19,12,17,17,8,16,18,12,12,12,18,16,16,13,16,16,18,13,11,10,9,3,2,4,2,3,1,2,1,3,3,1,10,18,8,18,18,20,8,14,5,1,1,1,1,1,10,1,12,1,12,15,12,20,188,16,20,"£300,000,000",9400,9000,8900,NorthernEuropean,190,4,34178,107,73,"£381,198",28049320,8.33333333333333,15.5,12.5,16,18,16.3333333333333,16.5,17,1.5,15.5,12.5,17,3,2,3,1,"经常尝试传身后球
回撤拿球
鼓动观众情绪
长距离传球",#NAME?
"Mohamed Salah(Liverpool,Egypt)",AM/ST RL,33,186,187,Egypt,Liverpool,98028755,11,17,16,17,17,12,10,15,7,7,16,17,7,17,10,17,9,16,16,16,18,15,13,18,8,17,17,18,16,18,18,8,19,16,17,16,16,4,16,3,8,2,2,1,1,1,3,1,2,2,3,2,18,18,5,17,17,19,15,18,1,1,1,1,1,1,1,8,1,8,15,14,20,16,175,20,8,"£300,000,000",9250,9000,8750,NorthAfricanMiddleEastern,186,9,33770,104,58,"£400,000",98028755,7.33333333333333,17.25,16,16,17,16.6666666666667,9,15.5,1.5,17.25,16,15.5,1.5,1,1.5,2.5,"角度刁钻的射门
乐于反越位
从右路内切",#NAME?
Ousmane Dembélé,AM/ST RL,28,185,188,"France,Mauritania",Paris Saint-Germain,85140178,12,14,18,15,18,10,7,13,5,10,15,14,7,18,11,11,12,13,13,12,15,18,13,14,10,14,14,14,18,17,13,8,12,17,14,10,16,5,14,10,15,1,2,1,3,4,1,2,3,2,1,2,13,14,13,12,13,14,15,13,1,1,1,1,1,1,1,13,1,14,17,14,19,20,178,20,18,"£235,202,528",9250,9250,8250,AfricanCaribbean,161,16,35565,56,7,"£332,386",85140178,9,13.5,17.5,15.6666666666667,14,18,7.5,12.8333333333333,2.5,13.5,17.5,12.8333333333333,1.5,3,2.5,1.5,"角度刁钻的射门
尝试花式动作
喜欢从双侧内切
喜欢连续过多人
经常带球",#NAME?
Erling Haaland,ST ,25,184,195,"Norway,England",Manchester City,29179241,7,10,14,18,13,13,15,13,5,6,13,17,7,14,15,19,15,17,15,15,20,16,13,18,7,14,14,13,17,16,17,18,19,19,14,17,16,9,14,10,7,1,3,3,2,4,2,2,1,3,1,1,16,20,11,15,18,17,10,12,1,1,1,1,1,1,1,1,1,1,1,1,1,20,195,20,11,"£159,120,016",9350,9300,9300,NorthernEuropean,183,2,36728,43,42,"£450,000",29179241,6.66666666666667,16,18,14.3333333333333,17.6666666666667,13.6666666666667,16.5,16.3333333333333,1.5,16,18,16.3333333333333,3,2,2.5,1.5,"乐于反越位
趟球变向加速过人
鼓动观众情绪
第一时间射门",#NAME?
Vinícius Júnior,AM/ST L,25,183,190,"Brazil,Spain",R. Madrid,19302146,7,13,19,16,15,8,12,12,4,3,15,14,6,16,17,16,17,15,11,15,20,16,14,16,9,13,14,13,19,17,17,8,15,18,16,12,14,11,18,5,10,1,3,2,3,3,2,2,1,3,1,4,15,19,16,13,12,15,6,3,1,1,1,1,1,1,1,14,1,10,20,1,14,16,176,12,20,"£134,597,440",9150,9000,9150,MixedRace,177,17,36719,41,7,"£344,735",19302146,6,15.5,18.5,15,15.6666666666667,16.6666666666667,10,15.3333333333333,1.5,15.5,18.5,15.3333333333333,2.5,3,2,3,"激怒对手
与裁判争论
撞墙式配合
喜欢连续过多人
经常带球",#NAME?
Virgil van Dijk,D C,34,183,185,"Netherlands,Suriname",Liverpool,37024025,2,4,10,7,17,13,17,5,7,16,16,11,17,16,17,18,14,18,17,17,18,11,18,8,17,17,15,15,14,12,14,17,17,15,15,18,18,12,18,4,7,2,1,3,1,1,1,3,2,1,3,2,18,18,9,17,19,17,12,18,1,1,20,1,1,1,12,1,1,1,1,1,1,8,195,10,20,"£300,000,000",9200,8500,8750,AfricanCaribbean,183,14,33427,81,10,"£350,000",37024025,16.6666666666667,14.75,14.5,14,11,14.3333333333333,17,16.8333333333333,2.5,14.75,14.5,16.8333333333333,2,1,1.5,1.5,"利用脚下技术将球带出危险区
不喜欢倒地铲球
长距离传球",#NAME?
Bukayo Saka,AM RL,23,181,188,"England,Nigeria",Arsenal,28122642,17,15,17,15,16,14,9,17,6,9,13,15,10,17,13,16,12,15,14,16,17,16,12,17,10,17,15,16,17,16,18,9,18,15,17,13,17,8,15,6,18,1,2,2,1,1,3,2,3,1,2,1,16,16,5,16,17,17,15,16,1,8,1,1,10,8,1,12,8,14,18,1,20,1,178,20,11,"£146,160,016",9050,9050,8250,AfricanCaribbean,181,19,37139,44,12,"£250,000",28122642,9.66666666666667,16,16,14.6666666666667,15.6666666666667,16.6666666666667,9,15.3333333333333,2.5,16,16,15.3333333333333,2,1,1,2,"经常带球
从右路内切",#NAME?
Jude Bellingham,M/AM LC,22,181,188,"England,Republic of Ireland",R. Madrid,29232937,11,12,17,17,17,11,14,14,6,12,17,13,15,17,17,16,17,17,14,15,20,18,17,17,12,16,16,18,16,15,14,12,16,15,16,14,16,13,17,6,15,1,2,3,3,3,1,3,3,2,3,2,16,20,12,16,18,18,9,7,1,1,1,1,1,1,12,16,20,14,14,17,12,10,186,12,20,"£174,960,032",9050,9000,8550,AfricanCaribbean,182,12,37801,44,6,"£344,735",29232937,13,14.75,15.5,17,17,17,13,16.3333333333333,3,14.75,15.5,16.3333333333333,2.5,3,2,1.5,"插入对方禁区
与裁判争论
鼓动观众情绪
第一时间射门
经常带球",#NAME?
Declan Rice,DM/M C,26,181,182,"England,Republic of Ireland",Arsenal,28106491,19,15,14,10,16,17,14,12,12,15,15,11,17,15,13,18,16,17,15,18,17,10,16,16,16,19,14,17,13,13,15,14,18,13,17,14,19,12,16,5,14,4,1,1,3,2,2,4,2,1,3,2,12,16,3,15,16,18,16,14,1,1,12,1,1,1,19,1,20,1,1,1,1,1,185,11,20,"£129,600,016",9050,9050,8250,NorthernEuropean,177,4,36174,66,5,"£250,000",28106491,16,14.75,13,13,14.3333333333333,15,14,17.1666666666667,3,14.75,13,17.1666666666667,1,3,3,2,"中路带球突进
长距离传球
喜欢将球转移到边路",#NAME?
Thibaut Courtois,GK ,33,181,181,Belgium,R. Madrid,18026122,6,2,10,1,10,10,10,1,1,2,13,4,3,12,8,15,15,12,16,16,16,14,13,3,16,14,9,11,12,13,14,18,12,11,8,14,16,5,19,9,16,20,16,14,5,16,16,18,19,12,6,15,14,14,8,15,17,16,14,14,20,1,1,1,1,1,1,1,1,1,1,1,1,1,200,20,9,"£46,329,340",9050,8750,8550,NorthernEuropean,178,2,33735,103,0,"£255,845",18026122,7,12.25,11.5,12,5.33333333333333,10.6666666666667,14,15.3333333333333,18.5,12.25,11.5,15.3333333333333,15,5,18,15.5,,#NAME?
"Alisson(Liverpool,Brazil)",GK ,32,180,182,Brazil,Liverpool,19058734,2,1,10,1,14,2,7,1,1,2,14,5,3,13,12,17,14,16,16,16,19,13,11,11,18,12,12,17,13,17,16,14,16,13,12,15,17,5,16,8,13,14,14,14,11,17,15,18,17,16,14,14,18,17,3,17,18,18,13,18,20,1,1,1,1,1,1,1,1,1,1,1,1,1,191,9,20,"£300,000,000",9000,8650,8250,NorthernEuropean,180,3,33879,74,0,"£235,000",19058734,7.66666666666667,15,13,13,9.33333333333333,12.3333333333333,10.5,15.6666666666667,17.5,15,13,15.6666666666667,14,11,15.5,14.5,喜欢通过长距离手抛球发起防守反击,#NAME?
"Rodri(Manchester City,Spain)",DM C,29,180,180,Spain,Manchester City,67217524,4,8,13,13,15,8,13,15,7,13,16,8,17,14,13,17,15,20,17,18,13,9,11,14,17,16,16,16,14,13,12,17,16,13,17,16,18,10,18,6,10,2,1,2,2,2,1,1,3,1,1,1,15,16,4,13,15,18,13,16,1,1,15,1,1,1,20,1,14,1,1,1,1,1,191,13,20,"£129,600,016",9000,9000,9000,MediterraneanHispanic,178,7,35238,56,4,"£165,000",67217524,15.6666666666667,14.5,13.5,13.6666666666667,15.6666666666667,14,15,16,2,14.5,13.5,16,1.5,2,2,1,"远射
大力射门
控制节奏",#NAME?
Joshua Kimmich,D/DM/M RC,30,177,183,Germany,FC Bayern München,92039023,16,18,13,11,15,15,12,14,14,12,18,15,13,16,15,16,15,17,14,16,20,12,18,13,12,19,18,18,12,12,13,11,20,13,18,12,19,14,16,4,19,3,3,1,4,2,4,1,3,3,3,1,12,20,8,18,16,20,8,8,1,10,12,18,10,15,20,10,18,10,8,10,8,1,177,12,20,"£111,465,840",8850,8850,8250,NorthernEuropean,167,3,34738,101,8,"£314,903",92039023,12.3333333333333,13.75,12.5,16,13.6666666666667,14.6666666666667,11.5,16.6666666666667,2,13.75,12.5,16.6666666666667,2,4,2.5,2.5,"激怒对手
与裁判争论
回撤拿球
长距离传球
喜欢接脚下球
喜欢将球转移到边路
倾向于尽可能长地延续自己的职业生涯（隐藏习惯）",#NAME?
William Saliba,D C,24,176,184,"France,Cameroon,Lebanon",Arsenal,49039004,6,10,12,9,15,6,16,11,6,16,13,10,18,16,15,18,15,19,15,16,16,11,10,8,16,17,12,15,14,14,16,16,16,14,16,17,18,10,16,4,7,3,1,3,2,2,2,1,2,2,2,3,16,15,6,14,18,18,15,16,1,1,20,12,1,1,1,1,1,1,1,1,1,1,192,10,20,"£103,171,333",8800,8800,7500,AfricanCaribbean,176,13,36974,28,0,"£220,000",49039004,16.6666666666667,15.75,14,12,12,14.3333333333333,16,16.1666666666667,1.5,15.75,14,16.1666666666667,2,2,2.5,2.5,把球带出防守区域,#NAME?
Martin Ødegaard,M/AM C,26,176,180,Norway,Arsenal,53095137,16,15,17,13,18,14,8,16,3,9,18,14,10,19,9,18,10,16,15,17,16,16,15,17,10,19,19,15,13,16,16,9,13,13,15,11,14,4,13,7,13,3,2,2,1,3,1,3,1,3,2,3,16,16,4,14,15,20,17,18,1,1,1,1,1,1,13,10,20,13,10,18,14,8,178,20,10,"£115,368,008",8800,8800,7750,NorthernEuropean,175,1,36146,65,3,"£225,000",53095137,9.66666666666667,14.5,13,17.6666666666667,15.3333333333333,18,8.5,15.8333333333333,2,14.5,13,15.8333333333333,2,1,3,2,"经常尝试传身后球
撞墙式配合",#NAME?
"Vitinha(Paris Saint-Germain,Portugal)",DM/M C,25,176,179,Portugal,Paris Saint-Germain,83174762,13,13,17,12,17,13,7,14,8,15,17,17,14,16,14,16,15,16,16,15,15,17,14,15,15,16,16,16,13,18,16,8,16,13,18,11,18,5,14,5,13,3,3,1,3,1,1,1,2,3,3,2,15,14,5,16,16,16,15,14,1,1,1,1,1,1,20,1,18,1,1,13,1,1,172,10,20,"£191,167,376",8800,8750,7250,MediterraneanHispanic,173,5,36569,29,0,"£107,859",83174762,14.6666666666667,15.75,13,16.6666666666667,14.3333333333333,16.6666666666667,7.5,15.5,1.5,15.75,13,15.5,2,3,2,1.5,"回撤拿球
撞墙式配合
控制节奏
喜欢接脚下球",#NAME?
Pedri,DM/M C,22,175,180,Spain,Barcelona,67293495,12,15,17,12,18,10,6,12,6,9,18,11,11,18,12,16,12,16,15,16,16,16,12,14,12,16,18,16,14,17,13,8,16,13,16,10,17,5,14,10,14,2,3,3,4,3,3,2,3,1,2,4,13,14,5,15,13,14,16,16,1,1,1,1,1,1,19,12,20,12,12,15,12,1,174,14,20,"£149,959,088",8750,8750,8250,MediterraneanHispanic,171,2,37585,33,3,"£207,409",67293495,10.6666666666667,14,13.5,17.3333333333333,14,17.6666666666667,7,15.1666666666667,2.5,14,13.5,15.1666666666667,3,4,2.5,3.5,"经常尝试传身后球
回撤拿球
喜欢接脚下球",#NAME?
Achraf Hakimi,D/WB R,26,175,178,"Morocco,Spain",Paris Saint-Germain,67228634,7,15,15,13,15,13,11,13,11,13,15,10,13,14,15,13,12,13,13,13,15,14,15,17,13,13,13,14,18,15,14,11,17,18,18,12,17,8,14,5,15,1,1,3,3,1,2,2,1,2,1,1,15,16,10,14,14,15,12,13,1,12,1,20,13,20,1,12,1,15,8,1,10,1,181,10,20,"£146,768,240",8750,8250,8000,NorthAfricanMiddleEastern,160,8,36103,84,11,"£241,811",67228634,13,14.75,18,14,14.3333333333333,14.6666666666667,11,13.1666666666667,1.5,14.75,18,13.1666666666667,2,3,1,1.5,"有机会就前插
趟球变向加速过人
经常带球",#NAME?
Raphinha,M/AM RLC,28,175,177,"Brazil,Italy",Barcelona,19242277,15,15,15,15,15,14,10,14,11,8,15,13,11,15,16,15,17,15,14,15,19,17,16,19,8,14,14,16,16,15,15,8,17,15,16,11,16,12,16,6,14,1,1,2,3,4,1,3,1,3,2,2,15,18,9,13,15,16,12,7,1,1,1,1,1,1,1,17,8,15,20,17,18,10,176,20,14,"£69,136,544",8750,7950,8000,MixedRace,172,11,35413,34,11,"£241,977",19242277,9,14.25,15.5,15.3333333333333,16.3333333333333,15,9,15.6666666666667,2,14.25,15.5,15.6666666666667,1.5,3,2.5,1.5,"大力射门
激怒对手
喜欢从双侧内切
长距离传球",#NAME?
Federico Valverde,DM/M RC,27,175,176,"Uruguay,Spain",R. Madrid,78074594,13,12,12,13,14,14,12,17,10,13,15,11,15,14,12,15,17,13,14,13,18,14,14,14,13,18,13,18,17,15,15,12,17,17,18,14,15,8,16,6,14,2,4,2,2,3,2,1,2,2,2,2,12,14,10,12,12,16,11,8,1,1,1,12,1,12,17,1,20,15,1,10,15,1,182,12,20,"£87,476,128",8750,8250,8250,MediterraneanHispanic,170,8,35998,69,8,"£181,301",78074594,13.6666666666667,15.5,17,14,13.3333333333333,13.3333333333333,12,15.8333333333333,1.5,15.5,17,15.8333333333333,3,2,2.5,2,"沿右路带球突进
远射
大力射门
长距离传球",#NAME?
Kevin De Bruyne,M/AM C,34,173,190,Belgium,Parthenope,18004457,14,19,15,16,16,17,6,17,7,9,19,16,9,18,12,14,13,15,15,17,17,16,13,13,10,14,20,15,12,13,14,10,17,12,13,13,15,6,13,8,14,4,3,1,2,1,1,3,3,2,2,1,13,17,13,14,11,18,16,13,1,1,1,1,1,1,12,13,20,13,12,20,12,12,181,16,20,"£300,000,000",8650,9500,8650,NorthernEuropean,170,4,33417,111,31,"£184,641",18004457,9.33333333333333,13.25,12,18.3333333333333,14.6666666666667,16.3333333333333,8,15,3,13.25,12,15,2,2,2.5,1,"经常尝试传身后球
角度刁钻的射门
回撤拿球",#NAME?
Cole Palmer,AM RLC,23,173,173,England,Chelsea,28120042,13,16,17,18,19,15,8,15,3,6,15,20,8,18,8,15,8,19,12,18,10,16,7,13,8,11,16,13,15,16,16,13,13,15,17,9,18,5,15,6,10,4,3,2,1,3,2,1,1,3,2,3,7,11,8,10,9,12,13,9,1,1,1,1,1,1,1,10,13,14,17,20,20,14,189,20,9,"£172,800,000",8500,8500,8250,NorthernEuropean,170,5,37382,12,2,"£130,000",28120042,7.33333333333333,14.5,15,15.6666666666667,16.6666666666667,18,10.5,12.3333333333333,1,14.5,15,12.3333333333333,2.5,1,3.5,2.5,"远射
弧线球射门
喜欢从双侧内切
喜欢连续过多人",#NAME?
Lionel Messi,AM/ST RC,38,172,200,"Argentina,Spain",Inter Miami CF,7458500,15,16,20,17,19,18,10,16,4,4,19,17,7,20,8,17,10,17,15,18,17,18,17,15,5,11,20,6,13,15,18,6,14,10,11,9,16,9,19,10,12,2,1,3,2,3,3,1,1,1,3,3,17,18,5,17,19,17,11,12,1,1,1,1,1,1,1,8,8,12,11,19,20,19,171,20,12,"£1,751,579",8750,10000,8750,MediterraneanHispanic,161,3,31952,193,112,"£291,085",7458500,5.33333333333333,13.25,11.5,19,16.3333333333333,19.6666666666667,8,14.6666666666667,1,13.25,11.5,14.6666666666667,2,2,2.5,3,"经常尝试传身后球
角度刁钻的射门
回撤拿球
撞墙式配合
经常带球",#NAME?
Bruno Fernandes,DM/M/AM C,30,172,174,Portugal,Manchester United,43124203,16,16,11,15,17,16,9,15,3,3,18,19,8,17,18,17,15,14,13,12,17,17,17,16,7,15,18,18,13,14,13,9,20,13,20,10,14,14,12,1,15,3,3,1,1,1,3,2,3,3,1,1,18,15,4,13,14,18,5,7,1,1,1,1,1,1,18,1,18,1,10,20,12,10,179,13,20,"£95,821,152",8500,9000,7750,MediterraneanHispanic,166,6,34585,80,25,"£300,000",43124203,6,14.25,13,17.6666666666667,15,15,9,14.8333333333333,2.5,14.25,13,14.8333333333333,2,1,2,2,"插入对方禁区
经常尝试传身后球
远射
与裁判争论
撞墙式配合
鼓动观众情绪",#NAME?
Florian Wirtz,M/AM RLC,22,170,188,Germany,Liverpool,91193048,14,13,18,14,18,13,7,14,6,8,18,14,10,19,13,15,13,16,13,14,17,18,12,13,8,16,18,17,14,16,14,7,14,15,16,10,17,10,17,8,14,4,3,1,3,1,3,3,1,3,3,3,14,18,4,16,18,16,8,8,1,1,1,1,1,1,10,12,18,12,15,20,15,14,177,10,20,"£158,400,000",8500,8500,8000,NorthernEuropean,169,3,37744,31,7,"£200,000",91193048,8.66666666666667,14,14.5,18,14.3333333333333,18.3333333333333,7,14.6666666666667,2,14,14.5,14.6666666666667,2,3,2.5,3,"经常尝试传身后球
用外脚背
撞墙式配合
经常带球",#NAME?
Alexander Isak,AM/ST L,25,170,180,"Sweden,Eritrea",Liverpool,93070286,7,9,18,18,15,8,12,10,6,5,13,16,6,17,11,15,13,16,12,14,14,17,7,18,6,14,15,14,17,19,15,14,14,16,14,12,16,7,15,5,8,2,3,4,3,3,2,3,3,3,3,1,13,15,5,10,13,8,14,14,1,1,1,1,1,1,1,12,1,6,18,10,12,20,190,10,20,"£248,468,000",8500,8250,7500,AfricanCaribbean,167,14,36424,52,16,"£300,000",93070286,5.66666666666667,15,16.5,15,17.3333333333333,16.6666666666667,13,13.6666666666667,3,15,16.5,13.6666666666667,3.5,3,2.5,1.5,角度刁钻的射门,#NAME?
Julián Álvarez,AM/ST RLC,25,170,180,"Argentina,Italy",A. Madrid,14183207,14,13,15,16,16,17,11,16,6,7,15,15,9,15,11,16,15,15,15,16,15,16,10,16,8,16,14,16,16,15,13,7,15,14,16,12,14,8,16,6,13,2,3,2,3,3,2,2,3,3,3,1,14,14,5,12,14,14,17,8,1,1,1,1,1,1,1,1,1,1,15,16,15,20,170,15,20,"£112,001,208",8500,8500,8000,MediterraneanHispanic,165,7,36556,46,13,"£129,631",14183207,8,14,15,15,15.6666666666667,15.3333333333333,9,15.5,2.5,14,15,15.5,2.5,3,2.5,1.5,"跑肋部空间接球
远射
撞墙式配合",#NAME?
Michael Olise,M/AM RC,23,170,180,"France,England,Nigeria",FC Bayern München,29221846,15,16,17,15,18,16,8,16,6,8,17,15,9,18,8,17,12,17,13,16,13,17,8,16,8,12,17,13,15,16,16,11,12,14,15,13,17,6,16,10,12,2,2,1,1,3,2,4,2,1,2,1,16,18,5,8,18,12,11,16,1,1,1,1,1,1,1,12,15,17,12,18,20,12,184,20,9,"£166,321,792",8500,7750,7750,AfricanCaribbean,172,15,37237,8,2,"£223,746",29221846,8.33333333333333,15,14.5,17,16,17.6666666666667,9.5,13.8333333333333,3,15,14.5,13.8333333333333,1.5,1,2.5,1.5,"弧线球射门
尝试花式动作
经常带球",#NAME?
Rúben Dias,D C,28,170,177,Portugal,Manchester City,55070299,4,11,12,6,13,5,15,4,5,17,14,8,17,13,16,16,18,15,14,15,18,8,17,8,17,16,13,17,13,13,12,16,18,13,18,16,17,13,16,4,8,2,2,4,1,1,2,1,1,3,2,2,18,18,8,16,16,18,14,16,1,1,20,1,1,1,1,1,1,1,1,1,1,1,186,12,20,"£85,800,000",8500,8500,8500,MediterraneanHispanic,169,4,35564,68,3,"£200,000",55070299,17,14.75,13,11.6666666666667,9.66666666666667,12.6666666666667,15.5,16.1666666666667,1,14.75,13,16.1666666666667,3,1,1.5,2,"与裁判争论
鼓动观众情绪
把球带出防守区域",#NAME?
Lautaro Martínez,ST ,27,170,175,Argentina,Blu-neri Milano,14110660,4,8,14,17,16,5,16,15,4,5,12,15,8,16,18,15,18,15,14,14,19,17,16,16,7,15,12,18,15,16,14,11,20,15,19,13,16,14,15,6,11,2,1,1,2,2,3,2,4,2,2,1,16,18,4,18,15,19,12,12,1,1,1,1,1,1,1,1,1,1,1,10,1,20,174,14,20,"£113,245,672",8500,8000,8250,MediterraneanHispanic,168,7,35664,64,29,"£277,044",14110660,6.66666666666667,15.5,15,13.6666666666667,16,15.3333333333333,13.5,15.8333333333333,3,15.5,15,15.8333333333333,1,2,2,2,"大力射门
撞墙式配合
第一时间射门",#NAME?
Robert Lewandowski,ST ,36,169,190,Poland,Barcelona,719601,6,9,13,18,16,15,17,12,3,7,13,19,7,16,14,17,15,17,17,17,18,14,15,18,7,14,14,14,12,12,17,13,17,13,14,15,15,8,16,7,8,3,3,3,1,1,2,2,1,3,3,3,15,18,12,11,16,18,10,11,1,1,1,1,1,1,1,1,1,1,10,12,8,20,185,14,20,"£7,186,746",8500,9100,8500,NorthernEuropean,168,3,32376,158,85,"£432,103",719601,7,14.5,12.5,13.6666666666667,17.6666666666667,15,15,16.3333333333333,1.5,14.5,12.5,16.3333333333333,3,1,2,2.5,"角度刁钻的射门
喜欢过顶球吊射",#NAME?
Eduardo Camavinga,DM/M LC,22,169,180,"France,Democratic Republic of Congo,Angola",R. Madrid,49056243,6,13,13,10,15,6,13,12,13,14,15,7,16,15,15,16,16,14,15,14,16,12,13,14,14,17,14,17,16,15,15,13,16,17,17,16,14,9,15,5,15,1,3,2,2,2,1,1,1,2,2,3,16,13,5,14,15,16,15,18,1,15,1,1,14,1,20,12,17,1,1,1,1,1,185,20,10,"£117,748,368",8450,8000,8000,AfricanCaribbean,168,16,37570,26,2,"£137,562",49056243,14.6666666666667,15.75,16.5,13.6666666666667,12.6666666666667,14.3333333333333,13,15.6666666666667,1,15.75,16.5,15.6666666666667,2.5,2,1.5,2,"习惯简单短传配合
控制节奏
利用脚下技术将球带出危险区
经常带球",#NAME?
Sandro Tonali,DM/M C,25,169,171,Italy,Newcastle United,43298481,14,13,14,9,16,13,9,12,9,13,16,12,15,15,15,15,16,16,15,15,16,12,14,13,16,19,14,19,13,14,15,9,14,14,17,14,17,14,14,6,10,2,3,1,2,1,1,1,1,1,1,3,14,16,9,14,14,14,15,17,1,1,1,1,1,1,19,1,20,1,1,11,1,1,181,12,20,"£89,490,000",8450,8450,7500,MediterraneanHispanic,167,2,36654,25,2,"£132,500",43298481,14.6666666666667,15,13.5,14,12.6666666666667,15,9,16,1,15,13.5,16,2,2,1.5,2,"控制节奏
长距离传球",#NAME?
Phil Foden,M/AM RLC,25,168,180,England,Manchester City,28108494,13,13,17,14,17,13,8,13,5,8,17,12,8,17,7,14,13,16,15,15,14,16,8,16,11,15,17,14,16,17,15,7,14,16,14,9,15,6,16,7,13,1,3,3,1,2,3,3,2,1,3,3,12,15,12,13,12,14,14,16,1,1,1,1,1,1,1,14,19,12,20,20,17,14,171,20,9,"£99,220,000",8550,8050,8000,NorthernEuropean,165,3,36674,45,4,"£130,000",28108494,9,13.75,16,16.6666666666667,15.3333333333333,17,7.5,14.3333333333333,2.5,13.75,16,14.3333333333333,3,1,1.5,3,"插入对方禁区
角度刁钻的射门
喜欢接脚下球
经常带球",#NAME?
"Enzo Fernández(Chelsea,Argentina)",DM/M C,24,168,174,Argentina,Chelsea,14229525,12,13,13,14,16,15,12,16,8,10,17,14,14,16,15,14,13,14,13,16,15,14,12,17,10,15,18,15,12,14,16,10,17,12,16,13,16,10,13,4,13,2,2,1,3,3,3,1,1,3,1,3,18,18,15,2,17,5,13,12,1,1,1,1,1,1,18,1,20,1,1,15,1,1,178,13,20,"£110,428,006",8400,7900,7250,MediterraneanHispanic,166,5,36908,37,5,"£180,000",14229525,11.3333333333333,14.75,12,16.3333333333333,15,15,11,14.3333333333333,1,14.75,12,14.3333333333333,1.5,3,2.5,3,"经常尝试传身后球
远射
撞墙式配合",#NAME?
Bruno Guimarães,DM/M C,27,168,170,"Brazil,Spain",Newcastle United,19297055,11,12,16,12,18,12,10,11,5,13,18,11,14,18,18,16,15,18,15,15,14,15,15,14,16,15,17,16,13,13,16,12,15,11,17,14,15,15,15,7,17,3,3,3,3,3,3,3,1,2,2,2,15,13,6,12,14,14,9,11,1,1,1,1,1,1,20,12,20,1,1,1,1,1,182,8,20,"£87,780,000",8400,8000,7000,MediterraneanHispanic,165,9,35750,35,1,"£180,000",19297055,14.3333333333333,15,12,16.6666666666667,14.6666666666667,17.3333333333333,11,15,2,15,12,15,3,3,3,2.5,"经常尝试传身后球
控制节奏
长距离传球",#NAME?
Gianluigi Donnarumma,GK ,26,167,170,Italy,Manchester City,43252073,3,1,6,1,9,7,7,3,8,3,9,6,7,6,12,15,16,14,15,15,15,6,14,2,15,15,8,13,10,16,17,18,15,11,15,16,15,4,15,4,16,15,15,14,9,16,14,16,18,11,14,14,19,16,5,13,15,14,15,14,20,1,1,1,1,1,1,1,1,1,1,1,1,1,196,8,20,"£74,745,000",8350,8350,7800,MediterraneanHispanic,167,6,36216,74,0,"£250,000",43252073,8.33333333333333,16,10.5,7.66666666666667,5.66666666666667,7,12.5,15.1666666666667,17,16,10.5,15.1666666666667,14.5,9,15.5,14,,#NAME?
Marcus Thuram,ST L,27,167,170,"France,Guadeloupe",Blu-neri Milano,48037335,4,10,17,15,17,5,13,14,4,4,13,13,7,17,13,14,12,15,13,14,13,17,12,15,6,14,13,14,17,15,17,14,15,17,14,17,15,9,14,10,11,3,1,4,3,3,3,3,4,2,1,1,17,16,10,11,14,15,12,13,1,1,1,1,1,1,1,5,1,1,15,10,10,20,192,12,20,"£73,457,576",8350,7500,7600,AfricanCaribbean,166,16,35648,30,2,"£127,803",48037335,5.66666666666667,15.75,17,14.3333333333333,15,17,13.5,13.3333333333333,3.5,15.75,17,13.3333333333333,2.5,3,3,2,"跑肋部空间接球
趟球变向加速过人
尝试花式动作
经常带球",#NAME?
"Gabriel(Arsenal,Brazil)",D C,27,167,168,Brazil,Arsenal,19242094,4,7,10,7,12,4,19,6,7,16,13,7,18,13,17,15,18,11,12,14,17,8,13,9,15,16,13,14,13,13,14,17,13,15,16,19,17,15,12,8,4,3,3,2,1,2,2,1,1,3,4,1,15,14,8,16,14,14,8,7,1,1,20,1,1,1,1,1,1,1,1,1,1,1,190,20,10,"£78,650,000",8350,8350,7000,AfricanCaribbean,164,15,35783,14,1,"£190,000",19242094,16.3333333333333,15.5,14,11.3333333333333,9,11.6666666666667,18,15.3333333333333,1,15.5,14,15.3333333333333,2.5,1,2.5,1.5,"激怒对手
不喜欢倒地铲球
鼓动观众情绪",#NAME?
Luka Modrić,DM/M C,39,166,180,Croatia,Casciavit Milano,653054,16,15,16,11,20,13,7,13,6,8,18,14,9,19,12,16,14,18,18,18,17,15,16,14,14,16,19,14,13,13,14,6,13,11,11,8,17,12,18,11,16,4,2,1,3,4,4,2,1,1,1,3,10,15,5,17,17,20,19,17,1,1,1,1,1,1,19,1,20,1,1,15,1,1,172,10,20,"£5,884,907",8300,9500,8300,MediterraneanHispanic,163,3,31299,188,28,"£107,693",653054,10.3333333333333,11.5,12,17.3333333333333,14.3333333333333,18.3333333333333,6.5,16.5,1.5,11.5,12,16.5,1.5,3,4,3.5,"用外脚背
回撤拿球
控制节奏
喜欢将球转移到边路
倾向于尽可能长地延续自己的职业生涯（隐藏习惯）",#NAME?
Khvicha Kvaratskhelia,AM LC,24,166,174,Georgia,Paris Saint-Germain,59130638,8,14,18,15,18,14,11,14,4,8,16,15,10,18,11,12,12,14,11,15,17,19,10,17,5,11,15,12,15,18,13,9,16,15,12,10,16,8,12,7,13,2,1,2,3,1,1,2,3,2,2,2,19,18,4,10,16,15,13,14,1,1,1,1,1,1,1,14,1,10,20,15,11,12,183,15,20,"£113,500,064",8300,8550,7750,NorthernEuropean,163,2,36934,41,18,"£271,892",59130638,7.66666666666667,13.25,15,16.6666666666667,15.3333333333333,18,10,13,2.5,13.25,15,13,1.5,3,1.5,1.5,"经常尝试传身后球
尝试花式动作
喜欢从双侧内切
经常带球",#NAME?
"Marquinhos(Paris Saint-Germain,Brazil,Portugal)",D/DM C,31,166,167,"Brazil,Portugal",Paris Saint-Germain,19163495,4,11,10,8,13,4,16,10,7,16,13,8,16,13,15,17,15,16,16,15,16,10,16,8,16,17,13,15,13,13,16,16,15,14,16,15,16,8,15,8,15,2,2,3,3,2,4,4,3,2,4,3,15,16,7,16,14,18,15,16,1,1,20,14,1,1,16,1,1,1,1,1,1,1,183,10,20,"£300,000,000",8300,8700,7650,MixedRace,166,12,34468,99,7,"£279,205",19163495,16,15,13.5,12,10.6666666666667,12,16,16,3.5,15,13.5,16,2.5,3,2,3.5,不喜欢倒地铲球,#NAME?
Lamine Yamal,M/AM R,18,165,-10,"Spain,Morocco,Equatorial Guinea",Barcelona,2000256231,13,17,18,14,18,11,7,15,6,5,17,11,6,18,9,13,11,15,14,16,17,19,8,15,7,13,18,11,16,18,14,9,14,15,12,10,16,8,18,6,12,3,2,3,2,1,1,1,1,2,2,3,12,16,9,15,16,14,13,14,1,1,1,1,1,1,1,10,12,18,12,14,20,14,180,20,10,"£223,045,712",8250,8250,7500,NorthAfricanMiddleEastern,165,14,39276,21,6,"£280,867",2000256231,6,13.5,15.5,18,14.6666666666667,18,8,14,1,13.5,15.5,14,2.5,2,2,2,"用外脚背
尝试花式动作
喜欢接脚下球
从右路内切",#NAME?
Jamal Musiala,AM RLC,22,165,185,"Germany,England,Nigeria",FC Bayern München,28124579,8,9,19,15,16,8,13,14,6,9,15,12,11,18,12,15,12,15,13,14,16,18,7,14,9,15,15,15,15,18,16,12,12,15,13,10,15,5,16,12,15,1,3,2,3,3,1,3,1,3,2,2,18,19,4,15,14,16,16,18,1,1,1,1,1,1,12,12,15,12,18,20,15,12,184,12,20,"£137,472,144",8250,8250,7750,AfricanCaribbean,163,10,37678,40,8,"£381,198",28124579,9.66666666666667,14.25,15,16,14.6666666666667,17.6666666666667,12.5,14.1666666666667,2,14.25,15,14.1666666666667,2.5,3,2,1.5,"角度刁钻的射门
喜欢连续过多人
经常带球",#NAME?
Moisés Caicedo,DM/M C,23,165,185,Ecuador,Chelsea,86078360,5,8,14,11,14,8,9,12,4,13,15,8,18,14,15,15,15,15,15,16,14,14,9,13,15,17,14,20,16,15,12,9,18,14,19,12,14,8,12,6,10,2,4,2,2,1,3,1,3,3,3,1,14,14,8,13,10,14,11,11,1,1,1,14,1,1,20,1,19,1,1,1,1,1,178,8,20,"£136,372,496",8250,7800,6750,AfricanCaribbean,163,17,37197,55,3,"£140,000",86078360,15.3333333333333,14.5,15,14.3333333333333,13,14,9,15.3333333333333,2,14.5,15,15.3333333333333,3,2,1.5,2,倒地铲球,#NAME?
Ederson,GK ,31,165,180,"Brazil,Portugal",Fenerbahçe A.Ş.,55057659,5,3,11,3,14,8,9,12,3,1,16,12,1,14,12,17,18,17,16,15,16,2,10,12,16,14,13,13,8,11,11,13,15,10,12,13,16,5,16,5,1,13,16,14,15,16,20,14,15,16,6,17,16,14,4,12,20,16,10,19,20,1,1,1,1,1,1,1,1,1,1,1,1,1,188,20,12,"£300,000,000",8450,8500,7000,MediterraneanHispanic,166,8,34198,29,0,"£228,516",55057659,6,11.75,9,10.3333333333333,10.6666666666667,13,11,16,14.5,11.75,9,16,15,15,14.5,18.5,,#NAME?
Frenkie de Jong,DM/M C,28,165,180,Netherlands,Barcelona,37047745,13,14,17,11,17,13,9,10,6,9,17,11,12,17,10,16,11,16,13,16,14,14,12,14,14,17,18,13,13,16,15,9,13,13,15,11,14,2,13,12,17,2,3,2,2,1,2,1,2,2,1,1,15,14,8,14,13,15,16,17,1,1,12,1,1,1,19,12,20,12,10,12,10,1,181,12,20,"£67,420,632",8250,8250,7600,NorthernEuropean,163,4,35562,59,2,"£397,535",37047745,11.6666666666667,14.25,13,16.3333333333333,13.6666666666667,17,9,14.5,1.5,14.25,13,14.5,2.5,2,1.5,1.5,"经常尝试传身后球
回撤拿球
控制节奏
利用脚下技术将球带出危险区",#NAME?
Jan Oblak,GK ,32,165,178,Slovenia,A. Madrid,64016316,4,3,2,2,12,5,1,3,3,3,9,12,3,9,8,11,13,16,15,15,15,15,15,3,16,12,8,12,11,13,13,14,9,13,13,13,15,9,15,5,10,15,12,15,4,18,15,16,19,12,9,14,14,19,7,13,16,10,15,14,20,1,1,1,1,1,1,1,1,1,1,1,1,1,189,8,20,"£300,000,000",8250,8600,7500,NorthernEuropean,159,5,33976,77,0,"£307,765",64016316,7.33333333333333,13,12,10.6666666666667,7,7.66666666666667,7.5,13.5,17.5,13,12,13.5,13.5,4,16.5,14.5,喜欢通过长距离手抛球发起防守反击,#NAME?
Rodrygo,AM/ST RL,24,165,178,"Brazil,Spain",R. Madrid,19306929,11,12,17,17,15,14,12,14,8,5,15,12,6,15,11,14,14,14,13,14,14,15,11,17,10,13,14,14,15,16,16,7,12,16,15,13,12,7,16,9,11,3,1,1,2,1,2,3,2,2,2,3,12,13,11,14,13,15,15,15,1,1,1,1,1,1,1,12,1,14,19,14,20,16,174,10,20,"£71,880,392",8250,8000,7750,AfricanCaribbean,159,12,36900,33,7,"£199,433",19306929,7,15,15.5,14.6666666666667,16,15.6666666666667,9.5,13.6666666666667,2.5,15,15.5,13.6666666666667,1,2,2,2.5,"跑肋部空间接球
角度刁钻的射门
喜欢从双侧内切",#NAME?
Nuno Mendes,D/WB L,23,165,177,"Portugal,Cape Verde Islands",Paris Saint-Germain,83261910,13,15,15,10,15,7,9,10,11,12,14,9,14,14,14,14,12,14,12,13,14,12,8,14,13,12,13,13,18,15,14,10,16,18,15,13,15,6,11,11,14,1,1,3,3,1,3,4,2,1,1,3,16,15,6,15,17,14,14,15,1,20,13,1,20,1,1,14,1,1,1,1,1,1,176,20,12,"£129,994,088",8250,8750,7000,AfricanCaribbean,152,14,37426,37,1,"£127,636",83261910,13,14.25,18,13,12.6666666666667,14.6666666666667,9.5,12.8333333333333,3,14.25,18,12.8333333333333,2,3,1,3,"插入对方禁区
有机会就前插",#NAME?
Dani Olmo,M/AM/ST C,27,165,170,Spain,Barcelona,24048100,13,13,17,13,18,13,9,13,6,9,17,13,10,18,11,16,12,16,11,14,16,17,10,14,10,14,17,14,13,16,15,10,10,12,14,10,12,7,16,15,15,2,1,2,3,2,2,1,2,1,3,1,13,16,2,14,16,17,13,10,1,1,1,1,1,1,10,12,18,12,14,20,14,16,179,12,20,"£74,348,576",8250,8250,7750,NorthernEuropean,158,1,35922,43,11,"£207,409",24048100,9.66666666666667,13.75,12.5,17,14.3333333333333,17.6666666666667,9.5,13.8333333333333,1.5,13.75,12.5,13.8333333333333,1.5,3,2,1.5,"角度刁钻的射门
撞墙式配合
尝试花式动作",#NAME?
Dayot Upamecano,D C,26,165,170,"France,Guinea-Bissau",FC Bayern München,16182894,3,8,12,6,13,3,14,8,10,17,16,10,17,13,16,16,17,16,13,14,16,12,12,9,16,16,16,16,15,12,16,16,12,16,13,17,15,16,14,10,10,3,3,1,3,3,2,1,1,1,3,1,15,17,8,13,12,13,8,10,1,1,20,8,1,1,12,1,10,1,1,1,1,1,186,9,20,"£70,070,744",8250,7750,7750,AfricanCaribbean,165,17,36095,30,2,"£182,312",16182894,16.6666666666667,14.5,15.5,14.6666666666667,10.3333333333333,12.6666666666667,15,15.3333333333333,1,14.5,15.5,15.3333333333333,2,3,3,1.5,"利用脚下技术将球带出危险区
长距离传球
把球带出防守区域",#NAME?
John Stones,D/DM RC,31,165,170,England,Manchester City,28060397,4,6,14,8,14,5,14,6,8,13,16,12,16,16,13,16,17,18,16,15,13,12,13,15,16,16,14,17,14,13,12,16,16,15,15,15,16,8,14,16,13,3,2,3,2,3,2,3,3,3,2,3,10,17,7,15,14,15,13,16,1,1,20,15,1,1,16,1,1,1,1,1,1,1,188,12,20,"£51,741,188",8250,8250,8000,NorthernEuropean,165,5,34482,83,3,"£200,000",28060397,15,13.75,14.5,14,13.6666666666667,14.6666666666667,15,15.5,3,13.75,14.5,15.5,2.5,2,3,2.5,"利用脚下技术将球带出危险区
把球带出防守区域",#NAME?
"Reece James(Chelsea,England)",D/WB RC,25,165,170,England,Chelsea,28108035,13,16,11,12,14,14,14,11,9,13,12,12,14,15,16,13,18,16,14,17,17,12,13,12,13,15,11,16,15,12,19,10,12,14,14,18,16,10,15,15,13,1,2,2,2,1,2,1,2,1,1,2,18,17,4,13,16,19,15,12,1,10,16,20,10,19,14,1,12,12,1,1,1,1,179,10,20,"£86,400,000",8250,8250,7000,AfricanCaribbean,160,13,36502,19,1,"£250,000",28108035,13.3333333333333,15.75,14.5,11.6666666666667,13.3333333333333,13.3333333333333,12,15.6666666666667,1.5,15.75,14.5,15.6666666666667,2,2,1,2,"大力射门
弧线球射门
利用脚下技术将球带出危险区",#NAME?
Marc-André ter Stegen,GK ,33,164,183,Germany,Barcelona,35017428,5,3,1,1,13,8,6,3,1,3,17,2,1,14,11,15,14,16,15,14,16,5,15,3,13,14,9,10,13,13,16,14,13,11,13,14,14,6,12,13,13,12,14,15,13,13,18,12,18,9,15,16,16,18,13,11,15,13,14,12,20,1,1,1,1,1,1,1,1,1,1,1,1,1,187,15,20,"£41,198,520",8200,8200,7800,NorthernEuropean,162,1,33724,44,0,"£232,039",35017428,5.66666666666667,14,12,10.3333333333333,6.66666666666667,9.33333333333333,10,14.6666666666667,15,14,12,14.6666666666667,14.5,13,12.5,17,,#NAME?
Bernardo Silva,M/AM RC,30,164,180,Portugal,Manchester City,55041632,14,15,17,15,17,13,10,13,2,12,17,13,8,18,13,16,15,16,14,14,16,17,12,17,13,17,17,20,13,15,16,7,17,12,16,9,16,10,16,6,20,1,3,3,2,2,1,1,2,1,4,3,15,17,14,11,13,17,12,8,1,14,1,1,1,1,1,12,20,16,12,20,19,9,173,20,8,"£74,801,920",8850,8200,8850,MediterraneanHispanic,163,6,34556,102,13,"£250,000",55041632,11,14,12.5,17,16,17.3333333333333,8.5,15.3333333333333,1.5,14,12.5,15.3333333333333,3,2,1.5,2,"用外脚背
喜欢从双侧内切
经常带球",#NAME?
Dejan Kulusevski,M/AM RC,25,164,175,"Sweden,North Macedonia",Tottenham Hotspur,43295814,11,13,16,14,17,9,7,11,4,4,15,11,7,16,7,15,8,14,12,14,15,15,14,15,6,17,14,17,13,14,17,12,14,14,18,17,15,11,14,6,15,3,1,2,3,1,1,2,2,1,3,2,16,14,8,12,15,14,13,10,1,1,1,1,1,9,1,12,17,18,14,20,20,14,186,20,13,"£92,400,000",8400,8000,7000,NorthernEuropean,157,2,36641,45,5,"£128,000",43295814,5.66666666666667,16.5,13.5,14.6666666666667,14.3333333333333,16.3333333333333,9.5,13.5,2,16.5,13.5,13.5,1.5,3,2,1.5,"经常尝试传身后球
角度刁钻的射门
回撤拿球",#NAME?
Jules Koundé,D R,26,164,175,"France,Benin",Barcelona,48036304,10,13,14,13,14,9,13,13,13,14,14,11,15,14,15,15,15,14,13,14,15,13,13,16,13,15,14,16,15,16,16,11,16,15,16,14,13,8,15,8,16,1,3,3,1,3,2,1,1,3,3,1,15,15,8,13,14,15,13,12,1,12,14,20,10,15,1,1,1,10,1,1,1,1,178,13,20,"£61,436,396",8200,8000,7750,AfricanCaribbean,163,12,36111,42,0,"£224,693",48036304,14,15.5,15,13.6666666666667,14.3333333333333,14,12,14.5,1,15.5,15,14.5,3,1,2,1.5,"有机会就前插
趟球变向加速过人
长距离传球
把球带出防守区域",#NAME?
Trent Alexander-Arnold,D/WB/DM RC,26,163,174,England,R. Madrid,28104124,15,17,11,8,17,15,11,12,9,10,19,11,12,17,13,14,11,16,12,14,15,14,12,15,11,15,17,14,14,14,15,11,15,14,14,13,15,10,15,6,14,1,3,1,2,2,3,1,3,1,2,3,15,18,8,14,14,15,12,14,1,9,1,20,12,19,17,1,15,13,1,1,1,1,180,14,20,"£56,963,920",8150,8150,7250,NorthernEuropean,151,14,36075,34,4,"£248,607",28104124,11,14,14,16.6666666666667,13,15,11,13.5,2,14,14,13.5,2,2,1.5,3,"有机会就前插
经常尝试传身后球
主罚远距离任意球
喜欢将球转移到边路",#NAME?
Nico Williams,M/AM RL,23,163,171,"Spain,Ghana,Pays Basque",A. Bilbao,67276230,13,14,15,13,15,11,12,11,8,9,15,14,8,17,13,14,14,15,14,14,17,15,12,15,14,15,14,15,15,15,11,10,16,15,14,14,14,9,15,6,12,2,3,2,1,1,1,3,2,1,1,2,12,13,6,15,13,13,13,11,1,1,1,1,1,1,1,18,1,17,20,1,19,14,181,15,20,"£82,099,640",8150,8150,7400,AfricanCaribbean,162,16,37449,28,6,"£268,493",67276230,10.3333333333333,13.5,15,14.6666666666667,14.3333333333333,15.6666666666667,11,14.6666666666667,2.5,13.5,15,14.6666666666667,2.5,1,1.5,1.5,"喜欢从双侧内切
喜欢连续过多人
经常带球",#NAME?
Alexis Mac Allister,DM/M/AM C,26,163,169,Argentina,Liverpool,14157184,14,13,13,12,16,14,9,13,4,10,16,15,14,16,14,17,14,17,17,16,16,13,11,16,14,18,15,16,13,14,14,8,14,12,15,12,16,9,17,6,12,3,1,1,2,3,1,3,1,3,1,1,18,14,3,14,15,16,15,15,1,1,1,1,1,1,19,12,20,12,12,19,12,8,174,9,20,"£69,326,248",8150,7950,7250,MediterraneanHispanic,160,7,36153,38,4,"£175,000",14157184,12.6666666666667,13.75,12.5,14.6666666666667,15,15,8.5,16.3333333333333,2,13.75,12.5,16.3333333333333,1,2,3,1,后排插上进攻,#NAME?
Omar Marmoush,AM/ST RLC,26,163,168,"Egypt,Canada",Manchester City,91205962,15,12,16,14,14,18,11,14,6,7,13,16,8,15,13,16,11,16,13,14,16,16,12,16,7,13,15,15,16,16,15,11,14,16,13,13,17,8,14,8,16,1,2,1,2,3,2,3,3,1,1,3,16,18,8,10,15,16,10,11,1,1,1,8,8,10,1,12,1,10,18,15,15,20,183,9,20,"£72,975,000",8150,7750,7150,NorthAfricanMiddleEastern,155,7,36198,37,6,"£260,000",91205962,7.33333333333333,14.25,16,14.6666666666667,15.3333333333333,15,11,13.8333333333333,3,14.25,16,13.8333333333333,1.5,2,2,2.5,"撞墙式配合
主罚远距离任意球
喜欢连续过多人
经常带球",#NAME?
Antonio Rüdiger,D C,32,163,166,"Germany,Sierra Leone",R. Madrid,92023410,5,10,10,7,10,9,15,8,14,15,12,7,17,11,18,14,18,13,15,16,17,9,18,8,14,13,12,15,16,10,16,15,15,16,16,18,16,16,16,14,13,3,3,2,2,2,1,1,3,3,1,3,15,17,15,9,13,15,8,7,1,10,20,12,1,1,1,1,1,1,1,1,1,1,190,10,20,"£25,744,970",8150,7700,7650,AfricanCaribbean,163,17,34031,79,3,"£240,320",92023410,15.3333333333333,15,16,11,9.33333333333333,10.3333333333333,15,15.5,2,15,16,15.5,2.5,2,2.5,2,"激怒对手
倒地铲球
长距离传球
把球带出防守区域",#NAME?
Aurélien Tchouaméni,DM C,25,162,172,"France,Cameroon",R. Madrid,48042326,8,10,12,9,13,6,13,13,8,16,15,10,16,14,15,16,16,15,13,14,15,13,11,12,14,15,13,17,14,14,15,14,16,16,17,18,14,7,14,9,14,1,3,1,4,2,1,2,3,2,1,2,10,15,7,13,15,15,14,13,1,1,15,1,1,1,20,1,15,1,1,1,1,1,188,10,20,"£53,496,124",8100,7950,7600,AfricanCaribbean,161,15,36552,41,3,"£207,172",48042326,15.3333333333333,16,15,13.6666666666667,12,13,13.5,14.8333333333333,2.5,16,15,14.8333333333333,2,4,1.5,1.5,"长时间控球
长距离传球
喜欢接脚下球",#NAME?
"Luis Díaz(FC Bayern München,Colombia)",M/AM RL,28,162,170,Colombia,FC Bayern München,76049803,11,12,17,13,17,10,13,13,6,8,14,13,8,17,13,14,15,13,12,12,16,16,12,15,8,15,14,16,16,17,15,12,16,16,13,9,14,12,15,6,10,2,3,1,3,1,3,3,1,3,2,3,17,16,7,12,15,14,11,15,1,1,1,1,1,1,1,17,1,12,20,14,16,14,180,12,20,"£85,830,256",8100,8050,7600,MixedRace,160,11,35443,66,19,"£232,033",76049803,8,13.5,16,14.6666666666667,13.6666666666667,17,12.5,14,2,13.5,16,14,2,3,1.5,3,"远射
角度刁钻的射门
尝试倒勾球
经常带球
从左路内切",#NAME?
Alessandro Bastoni,D C,26,162,169,Italy,Blu-neri Milano,43252460,4,14,12,10,15,7,15,8,15,15,16,8,16,14,15,16,17,14,13,14,16,12,12,12,14,17,16,16,14,13,16,15,17,16,14,16,15,13,14,7,10,3,3,3,1,3,3,1,1,1,1,1,14,17,5,15,16,17,13,11,1,10,20,1,1,1,8,1,1,1,1,1,1,1,190,20,10,"£77,411,496",8100,8100,7650,MediterraneanHispanic,162,2,36263,37,2,"£169,351",43252460,15,14.75,15,14.6666666666667,12,13.6666666666667,15,15.5,1,14.75,15,15.5,3,1,3,2,"不喜欢倒地铲球
长距离传球
把球带出防守区域",#NAME?
Bremer,D C,28,162,169,Brazil,Juventus,19270493,4,6,9,12,12,4,17,7,5,17,13,5,16,12,17,17,15,15,16,15,17,7,12,7,15,14,11,16,14,12,15,16,16,15,15,16,16,12,13,9,9,2,3,1,2,4,3,3,1,1,2,2,15,17,5,14,15,16,12,14,1,1,20,1,1,1,1,1,1,1,1,1,1,1,187,8,20,"£51,852,408",8100,7550,6750,AfricanCaribbean,161,13,35507,5,0,"£153,895",19270493,16,14.5,14.5,10.3333333333333,11.3333333333333,11,16.5,15.6666666666667,2,14.5,14.5,15.6666666666667,2,2,3,2.5,,#NAME?
Serhou Guirassy,ST ,29,162,165,"Guinea,France",Borussia Dortmund,85111795,4,8,13,17,15,13,16,13,6,7,14,15,8,15,13,17,15,16,14,14,16,13,14,17,8,16,14,15,13,13,16,16,12,13,13,16,17,12,15,13,8,3,1,1,1,3,1,1,2,1,1,1,13,18,6,7,12,16,8,12,1,1,1,1,1,1,1,1,1,1,12,14,12,20,187,12,20,"£43,210,340",8100,7750,7250,AfricanCaribbean,162,16,35136,24,9,"£174,025",85111795,7.66666666666667,14.5,13,13.6666666666667,16.6666666666667,14.3333333333333,16,15.3333333333333,1.5,14.5,13,15.3333333333333,1,1,3,1,"撞墙式配合
主罚远距离任意球",#NAME?
Scott McTominay,M/AM LC,28,162,163,"Scotland,England",Parthenope,29125343,4,11,13,16,13,5,18,14,4,11,15,7,14,13,17,15,16,18,16,12,18,9,13,16,12,18,12,15,13,13,18,17,19,14,19,18,17,14,15,4,14,3,3,3,2,2,3,3,1,2,3,2,17,15,2,16,15,18,14,16,1,1,10,1,1,1,15,12,20,1,15,19,1,10,193,11,20,"£74,902,792",8100,7750,6750,NorthernEuropean,156,0,35407,61,12,"£92,403",29125343,12.3333333333333,17,13.5,12,16.6666666666667,13,17.5,15.8333333333333,2,17,13.5,15.8333333333333,3,2,2.5,2.5,"插入对方禁区
鼓动观众情绪
第一时间射门",#NAME?
Nicolò Barella,M C,28,161,168,Italy,Blu-neri Milano,43139595,12,12,14,12,16,14,6,14,4,11,16,11,16,15,20,14,18,12,10,13,19,14,14,15,13,17,16,18,15,14,16,7,17,14,17,12,14,14,16,9,12,3,3,4,3,2,1,3,3,1,1,3,12,18,4,18,16,19,10,8,1,1,1,1,1,1,14,8,20,8,1,13,1,1,172,12,20,"£72,965,648",8050,8050,7550,MediterraneanHispanic,161,1,35468,63,10,"£200,096",43139595,13.3333333333333,14.75,14.5,15.3333333333333,13,15,6.5,15.1666666666667,3,14.75,14.5,15.1666666666667,3.5,3,2.5,2,"跑肋部空间接球
有机会就前插
与裁判争论
倒地铲球",#NAME?
Hakan Çalhanoğlu,DM/M C,31,161,164,"Türkiye,Germany",Blu-neri Milano,92026209,19,17,11,13,17,16,6,17,4,10,19,20,13,16,11,16,12,17,13,16,13,16,13,12,12,17,17,12,12,13,12,7,15,12,14,9,15,8,14,10,13,3,1,1,2,1,3,2,4,1,2,2,12,16,6,7,16,14,16,14,1,1,1,1,1,1,20,11,20,10,10,13,9,7,178,12,20,"£300,000,000",8050,7900,7650,NorthAfricanMiddleEastern,153,3,34373,97,21,"£184,641",92026209,11.6666666666667,12,12,17.3333333333333,14,14.6666666666667,6.5,14.5,3,12,12,14.5,1,2,2,2.5,"经常尝试传身后球
大力射门
弧线球射门
控制节奏
长距离传球",#NAME?
Wesley Fofana,D C,24,160,180,"France,Mali,Ivory Coast",Chelsea,49037900,9,6,12,7,12,11,16,5,2,15,12,10,15,14,12,14,13,14,13,16,16,10,10,12,15,13,12,13,15,13,10,16,16,16,16,15,15,10,15,15,8,3,2,1,1,2,1,3,3,1,1,3,14,16,13,8,12,11,10,12,1,1,20,12,1,1,1,1,1,1,1,1,1,1,186,10,20,"£84,556,002",7700,7250,6000,AfricanCaribbean,155,15,36877,1,0,"£200,000",49037900,15,13.5,15.5,11.3333333333333,11,12.6666666666667,16,14.1666666666667,3,13.5,15.5,14.1666666666667,1.5,1,2.5,2,中路带球突进,#NAME?
Anthony Gordon,AM RL,24,160,170,"England,Republic of Ireland,Scotland",Newcastle United,28116386,12,15,17,13,14,12,7,12,5,8,13,12,11,14,13,14,13,15,12,13,17,15,9,16,9,15,14,16,17,14,15,11,12,17,15,10,14,7,8,5,10,3,3,1,3,3,2,1,2,2,3,2,10,16,9,12,12,14,12,11,1,1,1,1,1,1,1,15,1,12,20,14,18,13,183,8,20,"£78,866,667",8000,8000,6650,NorthernEuropean,158,1,36946,12,1,"£130,000",28116386,9.33333333333333,13.5,17,14,14.6666666666667,15,9,14,1.5,13.5,17,14,2,3,3,2,从左路内切,#NAME?
Jérémy Doku,AM/ST RL,23,160,170,"Belgium,Ghana",Manchester City,18106083,11,12,17,11,13,8,5,8,5,5,14,14,7,15,13,11,13,13,13,14,12,17,6,13,8,15,13,14,18,16,13,8,16,16,14,13,14,7,13,9,11,4,1,1,2,1,3,1,3,2,3,2,12,15,12,12,13,11,13,10,1,1,1,1,1,1,1,14,1,10,20,1,15,19,171,12,20,"£84,948,000",8000,8000,7000,AfricanCaribbean,150,17,37403,33,3,"£55,200",18106083,6.66666666666667,14,17,14.6666666666667,12.3333333333333,15,6.5,13,2,14,17,13,1,2,2.5,2.5,"尝试花式动作
喜欢连续过多人",#NAME?
Victor Osimhen,ST ,26,160,170,Nigeria,Galatasaray A.Ş.,13158205,4,7,13,15,16,5,16,12,3,4,10,15,6,14,8,15,16,15,13,13,15,15,13,18,7,13,11,15,17,16,12,15,14,17,13,15,14,13,14,10,10,4,1,3,3,4,3,2,3,1,1,1,15,16,16,7,16,10,9,9,1,1,1,1,1,1,1,1,1,1,10,1,10,20,186,10,20,"£128,857,376",8000,7750,7500,AfricanCaribbean,159,16,36158,40,26,"£436,258",13158205,5.66666666666667,14,17,12,16,14.3333333333333,15.5,14.1666666666667,2.5,14,17,14.1666666666667,2,3,4,2,"角度刁钻的射门
喜欢盘过门将后射门
尝试倒勾球
趟球变向加速过人",#NAME?
Éder Militão,D C,27,160,168,"Brazil,Spain",R. Madrid,19273276,9,10,12,8,12,10,16,11,11,15,14,13,16,12,15,15,16,12,12,14,15,10,16,12,16,13,12,16,15,14,15,14,18,15,16,16,13,12,15,8,12,1,1,2,2,4,1,3,2,2,2,2,15,12,6,12,15,14,12,12,1,1,20,14,1,7,10,1,1,1,1,1,1,1,186,8,20,"£49,980,532",8000,8200,7500,AfricanCaribbean,162,17,35813,35,2,"£153,899",19273276,15.6666666666667,15.25,15,12,10.6666666666667,12,15,14.1666666666667,2.5,15.25,15,14.1666666666667,1.5,2,2.5,1.5,,#NAME?
Unai Simón,GK ,28,160,168,"Spain,Pays Basque",A. Bilbao,67200923,6,2,1,3,14,8,13,3,1,2,12,5,1,14,6,13,13,15,13,14,15,1,12,2,15,14,14,14,14,14,7,15,12,14,14,13,15,6,13,5,13,16,15,15,13,14,14,15,16,13,9,15,13,12,2,10,8,11,14,13,20,1,1,1,1,1,1,1,1,1,1,1,1,1,190,11,20,"£171,361,840",8000,8000,7250,MediterraneanHispanic,159,5,35592,50,0,"£71,131",67200923,6,12,14,9,6.66666666666667,9.66666666666667,14,13.6666666666667,15.5,12,14,13.6666666666667,15,13,15,14.5,,#NAME?
Viktor Gyökeres,ST ,27,160,168,"Sweden,Hungary",Arsenal,93070271,6,10,14,17,14,7,13,12,6,6,13,16,8,13,17,14,16,15,13,13,18,13,7,14,9,14,15,19,15,12,17,14,15,16,18,18,15,14,11,10,11,2,2,2,1,1,3,2,2,1,1,2,15,12,4,10,14,12,10,10,1,1,1,1,1,1,1,1,1,1,12,14,12,20,187,10,20,"£68,250,000",8000,8250,7250,NorthernEuropean,159,2,35950,26,15,"£200,000",93070271,7.66666666666667,16.25,15.5,13.6666666666667,15.3333333333333,13.6666666666667,13.5,14.6666666666667,2,16.25,15.5,14.6666666666667,2,1,1.5,2.5,"跑肋部空间接球
乐于反越位
避免使用弱势脚
经常带球",#NAME?
Willian Pacho,D LC,23,160,168,Ecuador,Paris Saint-Germain,86075795,3,8,11,6,13,4,14,6,8,16,14,6,16,12,16,16,17,15,15,14,16,11,10,9,15,15,13,15,14,12,15,16,15,15,15,18,16,10,14,7,11,2,4,1,2,3,4,4,2,1,1,3,17,17,7,11,15,14,12,12,1,15,20,1,12,1,10,1,1,1,1,1,1,1,188,20,10,"£119,691,024",8000,8000,6750,AfricanCaribbean,159,16,37180,27,2,"£75,452",86075795,15.6666666666667,15,14.5,12.6666666666667,10,12,15,15.5,3,15,14.5,15.5,2.5,2,2.5,3.5,,#NAME?
Diogo Costa,GK ,25,160,166,"Portugal,Switzerland",Futebol Clube do Porto,83169226,3,2,3,2,11,6,5,2,3,3,14,6,1,13,14,16,14,18,16,14,14,11,16,1,12,14,14,13,12,15,12,13,14,12,12,12,15,6,14,7,13,13,14,18,7,15,11,16,16,17,9,12,5,12,2,20,18,20,18,18,20,1,1,1,1,1,1,1,1,1,1,1,1,1,186,12,20,"£64,815,508",7800,8000,6750,MediterraneanHispanic,159,5,36422,36,0,"£53,036",83169226,5.33333333333333,12.75,12,13,7,9,9,14.6666666666667,16,12.75,12,14.6666666666667,16,7,14,11.5,倾向于尽可能长地延续自己的职业生涯（隐藏习惯）,#NAME?
Gregor Kobel,GK ,27,160,165,Switzerland,Borussia Dortmund,98040383,3,2,7,5,8,6,7,6,10,3,10,3,6,9,16,14,16,12,13,14,18,8,16,8,16,12,10,16,9,16,12,17,12,11,11,16,18,10,16,10,1,15,13,16,6,16,12,18,18,12,8,15,15,17,7,15,14,17,12,12,20,1,1,1,1,1,1,1,1,1,1,1,1,1,195,7,20,"£73,080,784",8000,8000,6750,NorthernEuropean,160,3,35770,13,0,"£149,164",98040383,8.33333333333333,13.75,10,9.33333333333333,8.33333333333333,8,12,14.5,18,13.75,10,14.5,14.5,6,15.5,13.5,,#NAME?
Ademola Lookman,AM/ST RLC,27,160,164,"Nigeria,England",Bergamo,29141828,13,12,16,16,16,12,8,14,3,4,14,15,4,15,13,14,8,14,11,14,15,16,8,13,4,11,14,13,17,18,14,7,14,15,13,10,16,3,16,10,13,1,1,2,3,2,3,3,2,3,3,2,11,17,11,8,15,9,13,15,1,1,1,1,1,1,1,10,1,8,19,19,15,20,174,13,20,"£40,259,072",8000,7400,6850,AfricanCaribbean,144,16,35723,29,8,"£38,390",29141828,4,13.75,16,14.6666666666667,14.3333333333333,15.6666666666667,7.5,12.1666666666667,2.5,13.75,16,12.1666666666667,1.5,3,1.5,2.5,"经常尝试传身后球
在盘带前先将球停至右脚",#NAME?
Fabián,DM/M/AM C,29,160,163,Spain,Paris Saint-Germain,67216396,9,14,15,14,17,9,13,16,9,13,16,11,14,16,13,15,14,15,14,14,13,16,11,15,14,15,15,14,12,12,16,14,14,12,16,13,15,5,12,5,14,2,2,3,1,2,2,3,2,1,1,2,15,15,8,12,13,15,14,11,1,1,1,1,1,1,18,12,20,12,10,17,10,1,189,20,10,"£55,499,352",8000,7650,7000,NorthernEuropean,158,2,35158,39,6,"£151,070",67216396,13.6666666666667,14.25,12,15.6666666666667,14.6666666666667,16,13.5,14.1666666666667,2.5,14.25,12,14.1666666666667,2.5,1,2,2,经常带球,#NAME?
Alejandro Grimaldo,D/WB L,29,160,162,Spain,Bayer 04 Leverkusen,67153376,17,17,15,12,17,19,8,16,13,10,16,14,11,17,12,16,12,17,13,15,14,16,13,16,11,15,16,15,14,15,12,7,18,13,16,10,17,10,15,8,14,3,1,2,3,2,1,4,1,3,2,1,16,15,10,12,13,15,11,11,1,20,1,1,20,1,12,15,12,1,15,12,1,1,171,20,8,"£82,824,896",8000,7450,7000,MediterraneanHispanic,150,5,34962,10,0,"£99,442",67153376,10.6666666666667,13.25,13.5,16,15,16.3333333333333,7.5,14.1666666666667,2.5,13.25,13.5,14.1666666666667,1.5,3,2.5,1,"有机会就前插
弧线球射门
撞墙式配合
主罚远距离任意球",#NAME?
Federico Dimarco,D/WB L,27,160,162,Italy,Blu-neri Milano,43143488,17,19,11,12,18,16,11,17,8,13,15,13,12,15,12,14,16,16,15,17,16,15,15,16,13,18,16,16,14,14,15,9,15,14,12,11,14,7,14,7,13,3,2,1,2,3,1,3,1,1,3,1,12,15,6,19,15,19,13,13,1,20,13,1,20,1,1,14,1,1,1,1,1,1,174,20,8,"£63,551,824",8000,8000,7000,NorthernEuropean,158,4,35744,30,3,"£123,149",43143488,12.6666666666667,13,14,15.3333333333333,14.6666666666667,14.6666666666667,10,16,2,13,14,16,1.5,2,3,1,"有机会就前插
远射
大力射门
弧线球射门",#NAME?
Granit Xhaka,DM/M C,32,160,160,"Switzerland,Albania,Kosovo",Sunderland,98003821,13,12,12,11,16,15,12,17,6,12,18,12,13,17,16,16,16,18,15,16,16,13,19,11,14,17,17,16,10,10,16,12,17,12,17,14,18,15,14,7,11,2,1,3,4,2,3,2,3,3,1,1,12,14,13,10,15,13,8,8,1,12,12,1,10,1,20,10,20,1,1,12,1,1,186,20,9,"£300,000,000",8000,8000,7000,MediterraneanHispanic,160,8,33874,137,14,"£115,000",98003821,13,14.25,11,16,13.3333333333333,15,12,16,2.5,14.25,11,16,2,4,2,2,"远射
大力射门
与裁判争论
长距离传球
喜欢将球转移到边路",#NAME?
Dominik Szoboszlai,DM/M/AM RC,24,159,170,Hungary,Liverpool,16202373,15,14,13,11,16,15,8,14,5,8,16,15,11,16,13,14,12,15,14,14,16,15,13,15,12,17,15,17,14,15,15,10,18,17,17,11,14,7,14,6,13,3,3,1,2,1,3,1,3,2,3,2,14,16,7,13,15,14,11,14,1,1,1,12,1,12,16,10,20,16,12,18,12,7,186,8,20,"£79,555,666",7850,8000,7000,NorthernEuropean,158,4,36824,55,16,"£145,000",16202373,10.3333333333333,14.5,15.5,15.3333333333333,13.6666666666667,15,9,14.5,2,14.5,15.5,14.5,2,2,2,2.5,"插入对方禁区
经常尝试传身后球
远射
主罚远距离任意球
喜欢将球转移到边路",#NAME?
Ibrahima Konaté,D C,26,159,170,"France,Mali",Liverpool,48037822,3,5,13,5,14,6,16,4,12,16,14,6,16,14,16,14,16,14,13,14,15,8,13,8,15,15,9,15,14,14,14,16,14,15,14,18,15,8,15,10,5,2,1,1,1,1,1,2,3,3,2,3,16,16,10,12,16,14,11,15,1,1,20,1,1,1,12,1,1,1,1,1,1,1,194,9,20,"£45,870,000",8150,7500,6750,AfricanCaribbean,158,17,36305,23,0,"£140,000",48037822,15.6666666666667,15,14.5,10.3333333333333,9,13.6666666666667,16,14.5,2.5,15,14.5,14.5,1,1,1.5,2,,#NAME?
Giorgi Mamardashvili,GK ,24,159,169,Georgia,Liverpool,59138294,3,2,2,3,8,5,12,2,2,2,12,2,1,13,11,12,14,12,14,13,14,11,14,3,13,14,11,15,10,14,11,19,12,11,13,15,15,9,15,5,11,17,16,16,8,15,15,14,18,14,10,12,16,14,7,12,10,14,10,10,20,1,1,1,1,1,1,1,1,1,1,1,1,1,197,20,8,"£54,536,667",7950,8350,6500,MediterraneanHispanic,157,5,36798,29,0,"£125,000",59138294,5.33333333333333,13.25,10.5,11.3333333333333,6,7.66666666666667,15.5,13.5,16,13.25,10.5,13.5,16,8,16,13.5,,#NAME?
Ryan Gravenberch,DM/M/AM C,23,159,169,"Netherlands,Suriname",Liverpool,37071197,11,11,15,9,15,10,12,10,7,12,15,10,13,16,13,16,13,16,14,14,15,15,7,14,14,15,14,15,15,18,15,12,14,14,14,13,15,6,15,7,11,1,1,3,2,2,1,2,3,1,2,3,14,16,8,13,14,15,13,15,1,1,12,1,1,1,19,8,20,9,10,16,8,1,190,11,20,"£74,869,000",7800,7000,6750,AfricanCaribbean,156,13,37392,20,1,"£160,000",37071197,13,15,14.5,14.6666666666667,13,15.3333333333333,12,14.5,2.5,15,14.5,14.5,2,2,1.5,2,"不喜欢倒地铲球
喜欢接脚下球
经常带球",#NAME?
Rafael Leão,AM/ST L,26,159,165,"Portugal,Angola",Casciavit Milano,83111483,8,14,17,14,17,9,11,13,6,3,14,13,4,14,8,13,8,12,8,11,11,14,10,14,4,12,12,7,18,18,15,16,16,17,12,14,10,6,14,8,8,1,2,3,4,4,3,4,3,1,2,1,14,16,10,12,13,11,9,14,1,1,1,1,1,1,1,10,1,5,20,12,9,19,188,14,20,"£52,403,340",7950,8000,7700,AfricanCaribbean,154,16,36321,40,5,"£106,529",83111483,3.66666666666667,14.75,17.5,13.3333333333333,13.3333333333333,16,13.5,10.5,3.5,14.75,17.5,10.5,2.5,4,2.5,2,趟球变向加速过人,#NAME?
Tijjani Reijnders,DM/M/AM C,27,159,165,"Netherlands,Indonesia",Manchester City,37071126,13,12,14,14,15,12,11,15,8,10,15,12,8,15,8,14,13,14,15,14,13,14,12,16,11,16,16,15,14,15,14,11,15,14,15,12,16,6,13,5,13,2,2,3,3,2,1,4,2,3,2,3,15,14,5,13,14,15,15,15,1,1,1,1,1,1,16,11,20,12,7,18,9,1,185,12,20,"£63,341,248",7950,7500,6550,Asian,155,4,36005,23,4,"£165,000",37071126,9.66666666666667,14,14,15,14.6666666666667,14.6666666666667,11,14.1666666666667,3,14,14,14.1666666666667,2.5,3,2,2,"中路带球突进
角度刁钻的射门",#NAME?
Christian Pulisic,AM/ST RLC,26,159,163,"United States,Croatia",Casciavit Milano,92074020,15,14,16,15,16,12,5,15,4,4,15,14,7,15,12,15,12,15,13,14,13,16,12,15,7,14,15,13,15,15,14,8,13,14,13,11,15,4,14,12,15,1,2,1,2,4,3,3,3,2,2,1,15,17,6,14,12,14,16,14,1,1,1,1,1,10,1,12,8,14,15,18,20,17,178,13,20,"£52,403,340",7950,7800,6950,NorthernEuropean,153,2,36056,78,32,"£85,257",92074020,6,13.25,14.5,15.3333333333333,15,15.6666666666667,6.5,13.5,3,13.25,14.5,13.5,1.5,2,2.5,2,"角度刁钻的射门
撞墙式配合",#NAME?
André-Franck Zambo Anguissa,DM/M C,29,159,161,Cameroon,Parthenope,48030711,5,10,15,13,16,5,15,11,7,11,16,9,15,15,16,17,14,15,13,14,17,16,13,16,13,15,13,15,14,13,18,12,18,14,18,16,16,12,16,6,10,3,3,1,3,2,3,1,3,2,2,2,16,15,6,13,16,16,13,14,1,1,1,1,1,1,16,1,20,1,1,1,1,1,184,10,20,"£67,799,936",7950,7250,6500,AfricanCaribbean,159,17,35019,62,5,"£57,502",48030711,13,16.25,14,15,14.6666666666667,15.3333333333333,13.5,15,2,16.25,14,15,2,3,2.5,2.5,"有机会就前插
尝试花式动作",#NAME?
Martín Zubimendi,DM/M C,26,159,160,"Spain,Pays Basque",Arsenal,67246385,9,10,13,11,16,8,14,13,2,15,16,12,15,15,14,17,13,16,16,16,13,10,12,12,15,16,15,15,12,13,12,11,15,11,14,14,15,9,14,8,10,3,3,1,1,1,3,2,2,1,2,3,16,12,8,17,15,15,12,13,1,1,1,1,1,1,20,1,19,1,1,1,1,1,181,12,20,"£63,341,248",7950,7950,7000,MediterraneanHispanic,158,1,36193,19,2,"£140,407",67246385,15,13.25,11.5,13.6666666666667,13,14.6666666666667,12.5,15.1666666666667,2,13.25,11.5,15.1666666666667,2,1,2,3,"控制节奏
长距离传球",#NAME?
Isco,M/AM RLC,33,158,180,Spain,Real Hispalis,67103537,16,13,17,13,19,14,9,14,7,6,17,16,11,19,10,12,8,15,12,12,12,18,12,12,8,10,18,12,12,15,17,7,14,11,13,13,13,10,12,8,13,4,3,2,3,2,1,2,3,2,3,2,9,12,12,10,12,12,13,11,1,1,1,1,1,1,1,15,18,15,14,20,13,10,176,14,20,"£300,000,000",7900,7900,7150,MediterraneanHispanic,153,6,33715,39,12,"£99,554",67103537,8.33333333333333,14.5,11.5,17.6666666666667,13.3333333333333,18.3333333333333,8,11,2.5,14.5,11.5,11,2.5,3,3,1.5,"经常尝试传身后球
回撤拿球
尝试花式动作
喜欢接脚下球
经常带球",#NAME?
Joško Gvardiol,D LC,23,158,180,Croatia,Manchester City,24060473,2,12,13,12,14,6,15,8,12,14,16,7,14,14,15,14,17,16,15,14,17,13,14,13,14,15,15,16,14,13,15,13,15,15,14,16,14,10,16,6,13,1,3,1,3,1,3,1,1,1,1,1,13,19,4,12,18,16,10,10,1,20,20,1,15,1,10,1,1,1,1,1,1,1,185,20,12,"£76,719,664",7800,7800,6500,NorthernEuropean,157,4,37279,42,3,"£200,000",24060473,14,14.5,14.5,14.6666666666667,13.6666666666667,13.6666666666667,14,15.3333333333333,1,14.5,14.5,15.3333333333333,2,3,1,2,"利用脚下技术将球带出危险区
长距离传球
把球带出防守区域",#NAME?
Bradley Barcola,AM/ST RL,22,158,174,"France,Togo",Paris Saint-Germain,49056282,10,13,16,13,16,9,11,12,5,5,14,10,5,16,12,12,12,12,12,11,13,16,10,15,9,14,13,14,17,17,13,13,15,17,12,10,13,9,12,7,12,3,1,2,1,2,1,3,4,3,2,1,12,13,8,11,13,13,12,10,1,1,1,1,1,1,1,13,1,1,20,1,17,19,186,10,20,"£114,072,520",7900,7900,6000,AfricanCaribbean,149,13,37501,14,2,"£109,687",49056282,6.33333333333333,13,17,14.3333333333333,13.3333333333333,16,12,12.3333333333333,3.5,13,17,12.3333333333333,1.5,1,2.5,1,,#NAME?
Álex Baena,M/AM RLC,24,158,170,Spain,A. Madrid,67287665,14,14,14,14,17,15,10,13,12,8,17,10,9,16,15,12,11,11,12,16,14,14,12,12,10,11,18,12,13,14,13,7,15,13,13,11,15,15,13,9,16,1,4,2,1,1,1,1,2,3,3,3,17,12,13,10,12,14,7,9,1,1,1,1,1,1,1,14,16,12,18,20,16,12,174,15,20,"£68,554,640",7900,7900,7150,MediterraneanHispanic,152,6,37092,10,2,"£103,486",67287665,9,12.75,13,16.3333333333333,12.3333333333333,15.6666666666667,8.5,12.6666666666667,1.5,12.75,13,12.6666666666667,3,1,1,2,"经常尝试传身后球
激怒对手",#NAME?
Alphonso Davies,D/WB L,24,158,170,"Canada,Liberia,Ghana",FC Bayern München,20041862,11,11,16,8,12,11,9,10,14,10,12,12,13,13,14,12,15,12,12,12,17,16,12,13,10,13,12,15,19,14,13,13,12,19,15,13,13,10,13,10,15,3,1,4,2,3,1,2,1,3,3,1,18,19,8,16,12,12,12,11,1,20,5,1,20,8,1,15,1,10,15,1,10,5,185,20,9,"£86,305,088",7900,7500,7500,AfricanCaribbean,143,16,36832,58,15,"£248,607",20041862,11,13.75,19,13.3333333333333,11,13.6666666666667,11,13.5,1.5,13.75,19,13.5,2.5,2,3,1,"有机会就前插
尝试花式动作
喜欢连续过多人
经常带球",#NAME?
Romelu Lukaku,ST ,32,158,170,"Belgium,Democratic Republic of Congo",Parthenope,18007344,4,10,13,16,14,11,15,14,6,5,13,20,9,13,16,15,15,13,13,12,16,13,16,15,7,17,12,12,15,9,20,16,15,15,15,20,13,10,9,11,6,1,1,3,2,2,2,2,3,2,2,2,19,18,8,11,12,14,15,12,1,1,1,1,1,1,1,1,1,1,1,1,1,20,191,20,12,"£300,000,000",7900,9000,7000,AfricanCaribbean,157,17,34102,124,89,"£127,803",18007344,7,16,15,12.6666666666667,14.6666666666667,13.3333333333333,15.5,14.6666666666667,2.5,16,15,14.6666666666667,2,2,1.5,2,"大力射门
趟球变向加速过人
鼓动观众情绪",#NAME?
Mike Maignan,GK ,30,158,167,"France,French Guiana,Haiti",Casciavit Milano,85094520,1,1,6,1,12,1,6,10,5,1,14,8,13,12,12,15,15,16,13,13,18,6,14,1,14,14,13,11,9,15,14,15,16,10,16,15,13,5,14,13,1,12,14,16,12,15,16,17,17,11,9,14,15,19,8,15,16,14,11,12,20,1,1,1,1,1,1,1,1,1,1,1,1,1,191,10,20,"£33,271,960",7900,7750,7450,AfricanCaribbean,158,14,34883,32,0,"£59,663",85094520,9.33333333333333,15,9.5,11,6,10,10.5,14.6666666666667,17,15,9.5,14.6666666666667,15,12,13.5,15,喜欢通过长距离手抛球发起防守反击,#NAME?
Nico Schlotterbeck,D LC,25,158,165,Germany,Borussia Dortmund,92088306,14,12,12,7,13,13,14,13,14,14,16,13,17,13,16,15,17,16,13,13,18,12,16,10,15,16,16,18,13,12,16,16,15,14,13,16,16,12,15,8,14,2,1,2,3,3,2,2,1,2,2,1,8,17,8,16,14,14,8,8,1,15,20,8,12,1,12,1,10,1,1,1,1,1,191,20,8,"£80,136,872",7900,7900,6900,NorthernEuropean,160,1,36495,20,0,"£74,581",92088306,15.3333333333333,14.25,13.5,14.6666666666667,11,12.6666666666667,15,15.3333333333333,1.5,14.25,13.5,15.3333333333333,1.5,3,2.5,1.5,"激怒对手
鼓动观众情绪
长距离传球
喜欢将球转移到边路
把球带出防守区域",#NAME?
David Raya,GK ,29,158,160,Spain,Arsenal,29111433,5,2,1,3,12,8,8,2,2,1,12,2,2,12,12,14,14,14,13,12,14,13,11,6,13,12,15,13,12,18,10,12,16,10,12,11,15,5,13,5,16,13,13,14,13,16,16,15,18,16,12,16,14,15,6,14,13,13,8,12,20,1,1,1,1,1,1,1,1,1,1,1,1,1,183,10,20,"£51,150,000",7900,7900,7000,MediterraneanHispanic,154,6,34957,11,0,"£160,000",29111433,5.33333333333333,12.75,11,13.3333333333333,7.66666666666667,8.33333333333333,10,13.1666666666667,16.5,12.75,11,13.1666666666667,13.5,13,14.5,16,"利用脚下技术将球带出危险区
喜欢通过长距离手抛球发起防守反击",#NAME?
Denzel Dumfries,D/WB/M R,29,158,159,"Netherlands,Aruba",Blu-neri Milano,37052843,10,13,12,15,13,4,17,13,15,10,12,11,14,12,18,14,14,14,11,11,16,11,11,18,11,13,11,14,17,13,18,17,17,18,15,17,14,16,14,5,13,3,1,2,1,3,2,3,3,3,2,4,12,15,7,11,14,17,7,5,1,10,11,20,10,20,8,1,1,17,1,1,9,1,188,9,20,"£57,774,384",7900,7450,6900,AfricanCaribbean,150,12,35173,65,10,"£85,257",37052843,11.6666666666667,15.75,17.5,11.3333333333333,15.6666666666667,12.3333333333333,17,13.1666666666667,3,15.75,17.5,13.1666666666667,1.5,1,3,3,"有机会就前插
趟球变向加速过人",#NAME?
Antoine Griezmann,AM RLC,34,157,180,"France,Portugal,Pays Basque",A. Madrid,67086656,14,15,14,14,17,14,15,14,4,7,17,13,10,17,13,15,13,15,14,17,17,17,15,16,9,15,17,14,11,13,14,9,12,11,11,10,15,9,13,8,14,2,2,1,2,3,1,3,1,2,1,2,16,18,13,13,14,16,12,10,1,1,1,1,1,1,1,10,8,6,15,20,15,15,175,20,14,"£300,000,000",7850,7850,7350,MediterraneanHispanic,153,6,33318,135,44,"£232,033",67086656,8.66666666666667,12,11,17,15,16,12,15.1666666666667,2,12,11,15.1666666666667,1.5,2,2.5,1.5,"中路带球突进
跑肋部空间接球
经常尝试传身后球
回撤拿球
喜欢过顶球吊射",#NAME?
Kai Havertz,M/AM/ST C,26,157,180,Germany,Arsenal,91151081,10,10,15,13,16,11,15,11,8,8,16,13,10,17,11,16,12,13,11,14,14,14,7,17,11,15,15,14,13,13,15,14,17,14,15,14,14,8,13,7,16,2,2,3,3,2,2,4,3,1,1,2,12,14,7,12,13,15,15,17,1,1,1,1,1,1,10,12,17,14,12,19,14,20,191,20,10,"£60,500,000",7850,7850,7000,NorthernEuropean,153,3,36322,55,20,"£220,000",91151081,9.66666666666667,14.25,13.5,15,14.3333333333333,16,14.5,13.6666666666667,3.5,14.25,13.5,13.6666666666667,2.5,3,2,2,"角度刁钻的射门
撞墙式配合
喜欢接脚下球",#NAME?
João Neves,DM/M C,20,157,173,Portugal,Paris Saint-Germain,2000030130,11,12,15,11,15,10,14,11,12,13,15,10,15,14,17,13,16,15,16,14,16,15,12,12,12,14,14,16,14,15,15,12,17,13,17,13,15,10,13,8,14,2,2,3,2,2,2,1,1,3,3,3,12,14,6,18,14,16,17,11,1,10,1,13,8,13,18,1,20,1,1,12,1,1,174,12,20,"£140,396,944",7850,8000,6750,MediterraneanHispanic,156,4,38257,16,0,"£151,070",2000030130,13.3333333333333,15,13.5,14.6666666666667,12.6666666666667,14.6666666666667,13,14.8333333333333,1,15,13.5,14.8333333333333,2.5,2,2,2.5,,#NAME?
Éderson,DM/M C,26,157,166,Brazil,Bergamo,19326796,7,11,13,12,14,7,15,12,6,12,15,10,15,15,14,17,13,13,15,14,14,15,8,16,15,16,13,16,13,13,15,14,15,14,17,15,14,11,13,8,13,1,1,2,2,2,2,1,1,2,2,1,16,15,10,12,14,15,12,11,1,1,1,1,1,1,17,1,20,1,1,15,1,1,183,12,20,"£45,041,912",7850,7000,6400,MixedRace,156,15,36348,2,0,"£42,545",19326796,14,15,13.5,14.3333333333333,13.6666666666667,14,14.5,14.8333333333333,1,15,13.5,14.8333333333333,1.5,2,1.5,1.5,"有机会就前插
远射
撞墙式配合
不喜欢倒地铲球",#NAME?
"Emiliano Martínez(Aston Villa,Argentina)",GK ,32,157,165,Argentina,Aston Villa,14020367,4,2,3,1,11,9,5,3,3,1,12,4,3,11,7,15,16,13,12,14,16,8,13,11,12,14,7,13,10,16,13,15,13,10,12,12,15,10,15,5,14,16,13,13,12,15,14,18,19,15,7,11,14,18,15,15,18,15,3,12,20,1,1,1,1,1,1,1,1,1,1,1,1,1,193,10,20,"£300,000,000",7850,8000,7000,MediterraneanHispanic,155,8,33849,53,0,"£160,000",14020367,5.33333333333333,13.25,10,9,8.33333333333333,8.33333333333333,10,14.5,18.5,13.25,10,14.5,13,12,15.5,12.5,,#NAME?
Cody Gakpo,AM/ST RLC,26,157,164,"Netherlands,Togo",Liverpool,37062185,14,13,15,13,15,11,13,14,6,9,14,12,8,15,11,14,12,15,14,13,14,14,11,14,10,15,13,13,15,16,15,13,12,14,14,13,14,4,14,7,13,3,3,2,2,1,1,3,2,2,1,2,15,14,6,15,15,15,14,15,1,1,1,1,1,1,1,13,13,12,20,16,16,17,189,10,20,"£54,450,000",7850,7650,7000,AfricanCaribbean,151,12,36287,40,15,"£165,000",37062185,9,14.5,14.5,13.6666666666667,14,15,13,13.6666666666667,2.5,14.5,14.5,13.6666666666667,2.5,2,2,1.5,"远射
从左路内切",#NAME?
Nathan Aké,D LC,30,157,164,"Netherlands,Ivory Coast",Manchester City,37025551,2,10,13,8,14,6,15,10,10,16,14,3,15,14,12,16,16,16,15,14,15,6,14,5,15,14,13,16,15,14,13,12,14,15,15,15,17,10,15,12,15,3,2,2,2,2,1,1,1,3,2,1,16,14,10,12,12,15,11,15,1,17,20,1,10,1,15,1,10,1,1,1,1,1,180,20,10,"£49,005,000",7850,7500,7500,AfricanCaribbean,157,13,34748,54,5,"£165,000",37025551,15.3333333333333,14.25,15,11,9.66666666666667,13.6666666666667,13.5,15,1,14.25,15,15,2,2,2.5,1,把球带出防守区域,#NAME?
Dani Carvajal,D/WB R,33,157,162,Spain,R. Madrid,67139735,11,14,13,11,13,8,12,11,13,13,13,9,15,12,17,16,18,13,13,15,17,12,14,17,15,16,13,18,15,13,17,7,14,14,16,13,14,12,17,16,13,3,3,3,3,1,3,1,2,2,1,3,15,15,5,19,14,19,8,9,1,14,1,20,10,18,1,1,1,8,1,1,1,1,173,10,20,"£11,300,080",7850,7850,7350,MediterraneanHispanic,155,6,33614,51,1,"£172,367",67139735,14.3333333333333,14.75,14.5,12.6666666666667,13.6666666666667,12.6666666666667,9.5,15.8333333333333,1.5,14.75,14.5,15.8333333333333,3,3,2,3,"插入对方禁区
有机会就前插
激怒对手
撞墙式配合",#NAME?
Iñaki Williams,AM/ST RLC,31,157,161,"Ghana,Spain,Pays Basque",A. Bilbao,67184349,7,11,14,15,14,9,13,10,7,7,10,9,7,14,10,12,15,13,13,13,12,11,7,14,13,12,12,13,17,14,11,12,18,17,14,13,11,11,14,1,13,1,3,1,1,2,2,2,1,4,4,2,8,14,11,14,10,13,10,8,1,1,1,1,1,1,1,15,1,15,18,17,19,20,186,10,20,"£300,000,000",7850,7450,7100,AfricanCaribbean,143,17,34500,23,2,"£149,164",67184349,9,13,17,11,14,14,12.5,12.8333333333333,1.5,13,17,12.8333333333333,2,1,1.5,2,"跑肋部空间接球
趟球变向加速过人",#NAME?
Yann Sommer,GK ,36,157,161,Switzerland,Blu-neri Milano,69000199,1,4,7,4,12,3,6,7,12,6,13,6,6,12,13,12,15,15,15,13,18,10,15,8,16,15,12,13,11,15,12,13,18,11,12,11,18,8,18,6,1,11,15,15,10,15,15,16,18,18,8,13,19,19,6,13,17,20,12,14,20,1,1,1,1,1,1,1,1,1,1,1,1,1,183,8,20,"£4,109,089",7850,8000,7150,NorthernEuropean,156,7,32494,94,0,"£53,348",69000199,9.33333333333333,12.5,11,11.6666666666667,9,10.3333333333333,9.5,14.6666666666667,17,12.5,11,14.6666666666667,15,10,13,14,,#NAME?
Adrien Rabiot,DM/M LC,30,157,160,France,Casciavit Milano,85086031,11,14,14,13,15,9,14,14,8,11,16,12,16,15,13,15,14,14,12,11,10,10,14,14,16,17,13,16,13,12,15,14,19,16,18,18,15,13,15,10,12,3,1,1,1,4,1,3,1,3,2,3,10,15,14,12,14,15,12,10,1,9,7,1,11,1,16,15,20,14,12,14,1,1,188,20,9,"£42,468,092",7850,7850,7250,NorthernEuropean,158,5,34792,53,6,"£153,895",85086031,14.3333333333333,15.75,14.5,13,13.6666666666667,14.6666666666667,14,13.1666666666667,2,15.75,14.5,13.1666666666667,1,1,3.5,2,"控制节奏
利用脚下技术将球带出危险区
避免使用弱势脚
不喜欢倒地铲球",#NAME?
Ayoze Pérez,AM/ST RLC,32,157,160,Spain,Villarreal,67172040,11,10,16,17,16,9,11,11,7,7,13,11,10,17,10,15,11,14,13,15,12,15,10,16,8,13,13,15,14,15,13,8,13,13,15,13,12,7,13,10,16,1,3,3,2,2,2,3,3,2,1,3,13,15,5,10,13,13,12,14,1,1,1,1,1,1,1,14,1,11,17,18,15,20,178,12,20,"£300,000,000",7850,7500,6900,MediterraneanHispanic,151,10,34179,2,1,"£96,176",67172040,8.33333333333333,14,13.5,13.6666666666667,15.6666666666667,16.3333333333333,9.5,13.1666666666667,3,14,13.5,13.1666666666667,3,2,1.5,2.5,"中路带球突进
经常尝试传身后球
喜欢接脚下球
从左路内切",#NAME?
Stanislav Lobotka,DM/M C,30,157,158,Slovakia,Parthenope,63012964,6,11,13,7,16,6,5,9,6,12,17,8,17,16,13,15,15,17,16,16,15,13,11,10,15,18,14,14,13,15,16,7,17,13,16,10,15,5,12,12,11,4,3,2,1,3,2,3,3,2,3,2,13,14,3,15,15,16,16,16,1,1,1,1,1,1,20,1,16,1,1,10,1,1,170,14,20,"£21,605,170",7850,7750,6500,NorthernEuropean,157,4,34663,67,4,"£59,663",63012964,14.6666666666667,14.25,13,14.6666666666667,11.3333333333333,15,6,15.8333333333333,3,14.25,13,15.8333333333333,2.5,1,3.5,2,"回撤拿球
控制节奏
乐意把球传给位置更好的队友
而不是选择射门",#NAME?
Désiré Doué,AM RLC,20,156,-95,"France,Ivory Coast",Paris Saint-Germain,2000115202,14,14,17,12,17,11,9,13,4,11,15,10,10,16,10,12,13,13,12,12,15,16,7,12,10,14,15,14,16,16,13,9,14,14,13,11,13,5,12,4,14,2,1,2,3,2,1,1,1,4,3,3,13,15,10,16,12,15,14,11,1,1,1,1,1,1,1,1,14,14,17,18,20,14,181,14,20,"£226,872,944",7800,7800,7000,AfricanCaribbean,154,12,38506,3,0,"£45,370",2000115202,10.3333333333333,13.25,15,15.3333333333333,12.3333333333333,16.6666666666667,9,13,1,13.25,15,13,1.5,3,2,2,用外脚背,#NAME?
Kenan Yıldız,AM RLC,20,156,-95,"Türkiye,Germany",Juventus,2000138835,14,12,17,14,16,13,7,15,3,5,15,13,7,17,12,12,13,12,13,14,16,17,8,12,9,13,14,14,15,16,13,11,13,14,13,12,13,5,10,8,15,1,1,3,1,1,2,3,2,3,1,2,16,17,14,12,10,15,15,15,1,1,1,1,1,1,1,12,10,9,20,18,15,15,185,14,20,"£183,518,624",7800,7250,6750,NorthAfricanMiddleEastern,151,3,38476,21,2,"£49,193",2000138835,7,13.5,14.5,15.3333333333333,12.6666666666667,16.6666666666667,9,13.5,2.5,13.5,14.5,13.5,2,1,1,2,"经常尝试传身后球
远射
角度刁钻的射门
趟球变向加速过人",#NAME?
Marcus Rashford,AM/ST RL,27,156,173,England,Manchester United,28100266,8,13,15,15,14,13,12,13,5,2,14,16,4,15,10,13,8,13,12,12,13,17,11,16,4,11,13,10,16,15,15,13,14,17,14,15,12,6,18,7,12,1,2,2,1,3,3,3,1,3,1,2,9,16,10,16,13,12,12,16,1,1,1,1,1,1,1,14,1,12,20,14,16,16,183,11,20,"£64,900,000",7800,7500,7100,AfricanCaribbean,148,13,35734,62,17,"£235,000",28100266,3.33333333333333,14.75,16.5,14.6666666666667,14.6666666666667,14.6666666666667,12.5,11.5,2,14.75,16.5,11.5,2,1,2,2.5,"插入对方禁区
乐于反越位
趟球变向加速过人
尝试花式动作
从左路内切",#NAME?
Christopher Nkunku,AM/ST RLC,27,156,172,"France,Democratic Republic of Congo",Casciavit Milano,85140301,14,13,16,14,15,16,10,14,4,5,14,15,8,16,11,16,12,15,12,13,15,17,8,17,7,12,15,12,15,16,12,10,13,15,14,11,16,11,16,9,18,1,3,2,2,2,2,3,4,3,3,3,13,17,8,12,15,13,12,12,1,1,1,8,8,10,1,10,12,10,15,20,15,16,178,12,20,"£42,778,236",7800,6500,7100,AfricanCaribbean,153,13,35748,14,1,"£153,895",85140301,6.66666666666667,13.25,15,15.3333333333333,15.3333333333333,15.6666666666667,10,13.3333333333333,3.5,13.25,15,13.3333333333333,2.5,2,1.5,2.5,"弧线球射门
撞墙式配合
喜欢过顶球吊射",#NAME?
Cristian Romero,D C,27,156,168,Argentina,Tottenham Hotspur,14130029,5,6,9,8,13,4,15,5,4,14,14,8,18,14,20,18,15,16,15,13,16,8,16,6,16,14,11,17,14,14,14,14,15,14,14,15,13,18,16,8,8,1,3,1,2,1,2,2,1,2,4,1,16,15,4,11,12,14,7,5,1,1,20,7,1,1,1,1,1,1,1,1,1,1,185,9,20,"£58,410,000",7800,7550,6750,MediterraneanHispanic,155,9,35912,44,3,"£200,000",14130029,16,14.25,14,11,10,12,14.5,15.1666666666667,1.5,14.25,14,15.1666666666667,2,2,1,1.5,倒地铲球,#NAME?
Marc Guéhi,D C,25,156,168,"England,Ivory Coast",Crystal Palace,28108033,5,9,13,8,14,7,14,8,9,15,13,8,15,15,11,14,13,14,14,13,16,11,16,10,15,15,12,14,15,15,15,14,16,14,15,14,16,10,14,7,14,2,3,2,3,3,3,2,3,1,1,3,13,15,4,14,15,18,14,17,1,14,20,12,1,1,14,1,10,1,1,1,1,1,182,15,20,"£59,472,004",7800,7800,7200,AfricanCaribbean,156,15,36720,23,0,"£45,000",28108033,15,14.75,14.5,12,10.6666666666667,14,14,14.1666666666667,2.5,14.75,14.5,14.1666666666667,2.5,3,2.5,3,把球带出防守区域,#NAME?
Mason Greenwood,AM RLC,23,156,167,"England,Jamaica",Olympique de Marseille,28121564,7,14,16,16,15,14,10,15,3,6,16,18,5,15,10,12,10,14,11,11,15,17,10,13,6,11,13,12,16,15,13,11,16,16,12,9,14,6,12,4,10,3,3,1,1,3,3,1,1,2,3,3,11,15,18,14,15,11,12,12,1,1,1,1,1,1,1,10,1,12,17,17,20,14,183,20,19,"£70,327,424",7800,5500,5500,AfricanCaribbean,152,12,37165,1,0,"£75,618",28121564,5.66666666666667,12.25,16,15.3333333333333,14.3333333333333,15.3333333333333,10.5,11.6666666666667,1,12.25,16,11.6666666666667,2,1,3,3,"跑肋部空间接球
远射
尝试花式动作
喜欢从双侧内切",#NAME?
Sven Botman,D LC,25,156,167,Netherlands,Newcastle United,37063649,8,8,10,6,13,10,15,6,9,16,14,7,16,13,10,15,17,15,15,15,15,8,14,9,16,16,11,15,12,9,14,15,12,12,15,17,16,11,11,6,12,3,3,3,1,3,1,1,3,1,3,2,13,13,8,12,11,15,13,7,1,16,20,1,13,1,13,1,1,1,1,1,1,10,193,20,9,"£58,410,000",7800,7000,6400,NorthernEuropean,154,2,36537,0,0,"£100,000",37063649,16,13.75,12,11,10,12,15,15.5,2,13.75,12,15.5,3,1,3,1.5,喜欢将球转移到边路,#NAME?
Federico Chiesa,AM/ST RLC,27,156,165,Italy,Liverpool,43161651,8,14,16,14,15,5,9,14,4,5,14,10,5,14,16,13,13,15,10,12,17,16,12,15,6,14,13,15,16,14,13,8,11,16,12,13,16,14,16,11,15,1,1,2,2,2,4,2,2,4,4,2,13,15,11,11,16,17,8,11,1,1,1,1,6,6,1,13,1,13,20,15,19,16,180,14,20,"£63,524,996",7850,7600,7050,MediterraneanHispanic,148,2,35728,51,7,"£120,000",43161651,5.33333333333333,13,16,14.3333333333333,14.6666666666667,15,8.5,13.1666666666667,2,13,16,13.1666666666667,1.5,2,1.5,3,"有机会就前插
大力射门
趟球变向加速过人
拉边
经常带球",#NAME?
Manu Koné,DM/M C,24,156,164,"France,Ivory Coast",Associazione Sportiva Roma,49047182,4,6,16,11,14,5,10,13,7,12,15,7,15,16,17,16,16,13,13,14,16,15,11,14,13,15,13,17,15,15,16,12,14,15,17,15,15,14,14,10,13,2,3,1,2,1,1,2,1,3,2,1,17,16,8,10,15,14,8,8,1,1,8,1,1,1,20,10,20,10,1,14,1,1,185,10,20,"£52,831,120",7800,7000,6450,AfricanCaribbean,156,18,37028,8,0,"£86,254",49047182,13.3333333333333,15.75,15,14.3333333333333,12.6666666666667,15.3333333333333,11,15,1.5,15.75,15,15,2,2,1.5,1,"利用脚下技术将球带出危险区
经常带球",#NAME?
Oihan Sancet,M/AM C,25,156,162,"Spain,Pays Basque",A. Bilbao,67260204,7,9,13,13,16,8,11,14,7,10,16,13,7,16,17,14,12,13,14,16,17,16,12,15,15,15,16,15,14,14,8,14,15,14,15,14,12,8,18,12,8,3,3,3,2,4,3,3,4,2,2,2,14,13,7,18,9,16,11,16,1,1,1,1,1,1,9,1,20,1,1,19,1,1,188,12,20,"£69,136,544",7800,7800,6300,MediterraneanHispanic,155,4,36641,4,1,"£90,425",67260204,10.6666666666667,12.75,14,16,13.6666666666667,15,12.5,14.6666666666667,3.5,12.75,14,14.6666666666667,3,2,3.5,2.5,,#NAME?
Exequiel Palacios,DM/M C,26,156,160,Argentina,Bayer 04 Leverkusen,14110846,11,10,13,10,16,10,8,12,6,12,17,15,16,16,16,16,17,16,14,15,17,12,12,12,14,14,16,16,12,13,14,8,8,13,16,13,16,15,16,16,10,2,2,3,2,2,1,3,3,3,4,1,10,13,8,14,14,12,8,8,1,1,8,1,1,1,20,10,20,10,8,14,8,1,176,10,20,"£70,224,752",7800,7000,6800,NativeAmerican,156,11,36073,36,0,"£124,304",14110846,14,14,12.5,15,12.6666666666667,15,8,15.5,3,14,12.5,15.5,2.5,2,2,1,倒地铲球,#NAME?
Kaoru Mitoma,M/AM L,28,156,160,Japan,Brighton & Hove Albion,45111891,9,11,18,13,19,8,10,14,7,8,13,11,8,14,6,12,13,14,15,14,13,16,6,15,7,15,14,13,17,15,14,10,15,16,15,7,14,1,15,11,7,2,1,2,1,3,1,2,1,2,3,1,18,14,6,10,15,15,12,15,1,1,1,1,14,1,1,17,1,1,20,14,14,1,178,8,20,"£64,900,000",7800,7800,6500,EastAsian,153,8,35570,27,8,"£87,000",45111891,7.66666666666667,12.75,16.5,14.3333333333333,14,17,10,13.6666666666667,1.5,12.75,16.5,13.6666666666667,1.5,1,2.5,1,"用外脚背
经常带球",#NAME?
Mile Svilar,GK ,25,156,160,"Serbia,Belgium",Associazione Sportiva Roma,18087914,3,3,1,2,12,1,9,2,2,2,11,3,2,11,13,13,16,13,14,13,15,8,10,5,16,10,9,8,14,16,11,15,12,13,13,12,15,5,11,5,1,14,15,11,10,16,15,16,17,15,11,13,13,18,12,7,7,14,8,14,20,1,1,1,1,1,1,1,1,1,1,1,1,1,189,6,20,"£41,708,776",7800,5750,6000,NorthernEuropean,155,3,36399,1,0,"£72,460",18087914,6.66666666666667,13,13.5,9.33333333333333,6.66666666666667,8,12,13.5,16.5,13,13.5,13.5,13,10,15,14,,#NAME?
Rodrigo De Paul,M/AM RC,31,156,160,"Argentina,Italy",A. Madrid,14048343,15,15,16,14,16,14,8,15,3,10,16,15,12,15,13,15,14,14,12,14,15,15,15,13,10,15,16,14,15,14,14,9,15,14,14,13,12,15,15,8,15,3,2,1,2,1,3,2,3,1,2,2,13,16,14,13,14,13,12,12,1,1,1,1,1,1,8,10,20,16,10,16,14,1,180,11,20,"£28,929,970",7750,7650,6900,MediterraneanHispanic,156,6,34478,78,2,"£96,363",14048343,10.6666666666667,13.75,14.5,15.6666666666667,13.6666666666667,15.6666666666667,8.5,14.1666666666667,2.5,13.75,14.5,14.1666666666667,1.5,2,2,2.5,"经常尝试传身后球
大力射门
后排插上进攻
避免使用弱势脚
经常带球",#NAME?
Joelinton,M/AM LC,28,156,158,Brazil,Newcastle United,19184436,7,11,16,11,15,8,16,10,6,7,13,11,15,14,17,15,20,14,13,15,15,14,13,14,14,19,13,20,13,10,15,15,13,14,18,19,16,13,14,9,13,3,1,2,1,2,1,1,1,1,2,1,11,16,12,10,13,11,7,10,1,1,1,1,1,1,1,12,20,10,18,16,10,13,186,10,20,"£61,655,000",7800,6750,6500,MixedRace,154,13,35291,5,1,"£115,000",19184436,12,15.5,13.5,13.3333333333333,13,15,15.5,16.1666666666667,1,15.5,13.5,16.1666666666667,1.5,1,2.5,1,,#NAME?
Jonathan Tah,D C,29,156,158,"Germany,Ivory Coast",FC Bayern München,91119700,3,7,10,6,12,4,16,8,10,15,14,6,13,12,15,16,15,16,14,14,15,8,16,9,16,16,13,14,12,10,18,17,14,16,12,18,17,8,12,9,8,2,3,3,1,2,3,3,1,2,2,1,10,14,8,16,12,15,13,15,1,10,20,12,1,8,12,1,10,1,1,1,1,1,195,10,20,"£52,920,564",7800,7800,6800,MixedRace,156,13,35106,37,0,"£248,607",91119700,14.6666666666667,14.5,14,11.6666666666667,10.3333333333333,11.3333333333333,16.5,15,2,14.5,14,15,3,1,2,2,不喜欢倒地铲球,#NAME?
Morten Hjulmand,DM/M C,26,156,158,Denmark,Sporting Clube de Portugal,27132703,8,9,10,9,13,7,9,14,9,14,15,7,16,14,18,13,18,13,16,15,18,9,18,12,16,19,12,18,12,12,16,13,16,12,18,14,20,17,15,7,10,2,4,2,1,3,2,3,1,2,2,3,11,14,8,11,18,19,13,13,1,1,1,1,1,1,20,13,19,5,1,11,1,1,185,12,20,"£93,495,072",7800,7500,6500,NorthernEuropean,155,5,36336,19,1,"£33,147",27132703,15.3333333333333,15,12,12,11.3333333333333,12.3333333333333,11,16.5,2,15,12,16.5,3,1,2.5,2.5,"倒地铲球
长距离传球",#NAME?
"Cristiano Ronaldo(Al-Nassr Football Club,Portugal)",ST ,40,155,195,Portugal,Al-Nassr Football Club,735216,10,11,13,18,15,12,19,15,7,3,13,20,5,17,6,18,11,15,13,13,20,17,19,20,4,6,11,5,11,10,13,15,20,10,11,15,13,12,18,6,6,3,2,2,1,1,3,3,1,3,3,3,17,20,16,10,19,20,5,7,1,1,1,1,1,1,1,1,1,1,12,1,10,20,187,15,20,"£300,000,000",7750,10000,7750,MediterraneanHispanic,153,6,31083,221,138,"£3,413,698",735216,4,12.25,10.5,13.6666666666667,17.6666666666667,15,17,13.5,2,12.25,10.5,13.5,2,1,2,3,"与裁判争论
尝试倒勾球
任意球大力攻门
倾向于尽可能长地延续自己的职业生涯（隐藏习惯）
用脚触球",#NAME?
Karim Benzema,ST ,37,155,185,"France,Algeria",Al-Ittihad Club,8435089,10,12,16,16,19,12,14,12,7,6,17,16,9,20,7,15,10,17,12,15,16,17,15,16,8,15,17,12,11,10,15,12,17,10,11,14,13,4,14,12,8,1,3,3,1,2,2,2,3,3,2,2,11,17,19,12,14,19,17,16,1,1,1,1,1,1,1,1,1,1,1,12,1,20,185,14,20,"£7,279,999",7750,8750,7250,NorthAfricanMiddleEastern,154,9,32130,97,37,"£3,314,765",8435089,7.66666666666667,12.5,10.5,17,16.3333333333333,18.3333333333333,13,13.8333333333333,2.5,12.5,10.5,13.8333333333333,3,1,1.5,2,"跑肋部空间接球
经常尝试传身后球
角度刁钻的射门
回撤拿球
撞墙式配合",#NAME?
Joan García,GK ,24,155,175,Spain,Barcelona,67277675,7,2,2,2,13,9,9,1,2,1,12,9,2,12,11,14,14,14,16,14,15,9,11,9,15,12,9,12,13,15,12,14,13,12,13,13,16,8,14,6,1,14,14,12,7,14,13,15,18,10,12,12,12,15,7,12,13,15,12,12,20,1,1,1,1,1,1,1,1,1,1,1,1,1,191,8,20,"£28,562,354",7750,7750,6250,MediterraneanHispanic,154,3,37015,0,0,"£99,470",67277675,6,13.25,12.5,10,8.33333333333333,9,11.5,14.1666666666667,16.5,13.25,12.5,14.1666666666667,13,7,14,12.5,,#NAME?
Micky van de Ven,D/WB LC,24,155,175,Netherlands,Tottenham Hotspur,37084591,3,11,13,7,12,3,13,7,14,14,13,6,16,13,14,15,16,13,13,15,17,13,14,10,14,13,12,15,16,12,14,15,16,20,13,15,14,7,14,6,12,1,2,1,1,4,1,2,2,2,3,1,11,17,12,9,13,13,12,12,1,16,20,1,16,1,10,1,1,1,1,1,1,1,193,20,8,"£67,283,333",7750,7300,6650,NorthernEuropean,154,2,37000,12,1,"£85,000",37084591,14.6666666666667,13.5,18,12.6666666666667,10,12.6666666666667,14,14.8333333333333,2,13.5,18,14.8333333333333,1.5,1,2.5,1,"长距离传球
把球带出防守区域",#NAME?
Matthijs de Ligt,D C,25,155,173,Netherlands,Manchester United,37055843,4,5,9,8,12,8,16,10,8,16,13,8,16,12,16,14,18,11,14,13,16,5,15,7,16,15,10,15,12,11,16,16,11,14,13,18,14,9,14,13,12,3,2,1,2,2,4,1,1,2,1,1,17,17,6,12,14,19,15,12,1,7,20,9,1,1,12,1,10,1,1,1,1,5,189,10,20,"£62,617,500",7750,7750,7500,NorthernEuropean,153,1,36384,50,2,"£220,000",37055843,16,14.5,13,9.33333333333333,8.66666666666667,11,16,15,1,14.5,13,15,1.5,2,2.5,2.5,"习惯简单短传配合
倒地铲球",#NAME?
Leroy Sané,AM RLC,29,155,172,"Germany,France,Senegal",Galatasaray A.Ş.,91138280,14,12,17,12,14,16,8,16,7,7,15,13,8,16,13,15,10,13,11,13,12,16,11,14,8,12,15,10,16,16,12,12,12,17,12,11,12,14,10,12,13,1,2,3,2,3,1,2,1,2,2,1,11,13,13,12,8,12,7,7,1,1,1,1,12,12,1,15,12,15,20,15,18,10,183,20,9,"£42,436,008",7800,7750,7200,MixedRace,150,12,35075,70,14,"£249,290",91138280,7.66666666666667,12.75,16.5,15.3333333333333,13,15.6666666666667,10,12.1666666666667,1.5,12.75,16.5,12.1666666666667,2.5,2,2,1,"远射
避免使用弱势脚
主罚远距离任意球
喜欢连续过多人
经常带球",#NAME?
Gabriel Martinelli,AM RL,24,155,170,"Brazil,Italy",Arsenal,19351309,13,11,16,14,14,10,11,9,3,5,12,11,5,15,14,13,14,13,12,13,17,15,7,15,7,16,13,17,17,16,14,11,13,16,15,11,14,10,13,10,12,2,3,1,3,1,1,3,1,2,3,3,16,17,5,14,15,17,14,14,1,1,1,1,1,1,1,12,1,10,20,10,16,15,180,10,20,"£78,537,334",7750,7750,7000,MediterraneanHispanic,150,8,37060,18,2,"£242,000",19351309,5.66666666666667,14,16.5,13.3333333333333,14,15,11,14.1666666666667,2,14,16.5,14.1666666666667,2,3,1.5,2,"角度刁钻的射门
趟球变向加速过人
从左路内切",#NAME?
Gavi,DM/M/AM C,20,155,170,Spain,Barcelona,2000049413,12,13,14,11,14,11,6,11,8,12,15,9,14,15,19,15,19,12,15,14,19,14,15,16,12,16,15,18,13,15,15,7,15,12,14,14,13,15,14,10,16,2,1,1,3,3,3,2,4,1,1,3,15,17,7,14,14,16,8,7,1,1,1,1,1,1,18,12,20,10,12,18,10,1,173,12,20,"£86,606,480",7750,7750,7000,MediterraneanHispanic,152,6,38204,27,5,"£155,557",2000049413,12.6666666666667,14.5,12.5,14.6666666666667,13,14.3333333333333,6.5,16.3333333333333,3,14.5,12.5,16.3333333333333,1,3,2.5,3,"经常尝试传身后球
激怒对手
回撤拿球
倒地铲球",#NAME?
Hugo Ekitiké,ST ,23,155,170,"France,Cameroon",Liverpool,49062667,7,10,15,14,16,12,14,13,6,6,15,13,7,16,12,15,12,13,12,13,13,16,10,15,7,14,15,13,15,16,16,14,12,16,13,13,14,8,14,8,12,3,2,1,3,2,1,2,3,1,2,2,11,16,8,8,11,13,14,16,1,1,1,1,1,1,1,10,1,10,14,14,14,20,190,12,20,"£75,739,000",7750,6500,7000,AfricanCaribbean,155,9,37427,0,0,"£250,000",49062667,6.66666666666667,14.5,15.5,15.3333333333333,14,15.6666666666667,14,13.1666666666667,2.5,14.5,15.5,13.1666666666667,1.5,3,2.5,1.5,"用外脚背
尝试花式动作
经常带球",#NAME?
João Cancelo,D/WB RL,31,155,170,Portugal,Al-Hilal Saudi Football Club,55041623,13,16,16,12,16,12,10,13,14,9,16,11,13,17,15,15,12,14,11,13,13,17,7,14,11,12,16,13,14,15,14,11,14,13,13,12,12,13,13,9,17,2,2,3,1,2,1,1,2,1,1,1,14,19,15,6,10,10,9,7,1,20,1,20,18,18,12,12,12,12,12,10,12,1,182,11,20,"£300,000,000",7750,7900,7250,MediterraneanHispanic,140,6,34481,60,10,"£248,607",55041623,11,13.5,13.5,16.3333333333333,13.3333333333333,16.3333333333333,10.5,12.6666666666667,1.5,13.5,13.5,12.6666666666667,2.5,1,2,1,"有机会就前插
用外脚背
利用脚下技术将球带出危险区
尝试花式动作
从左路内切",#NAME?
Jurriën Timber,D RLC,24,155,170,"Netherlands,Curaçao",Arsenal,37063644,4,12,13,7,14,8,13,7,10,14,15,8,15,15,13,16,16,15,15,15,16,12,10,14,15,16,12,15,14,15,13,13,13,15,14,13,15,9,14,11,14,3,4,1,3,1,1,1,2,1,2,2,16,13,5,13,15,15,15,12,1,18,17,20,10,14,14,1,10,10,1,1,1,1,179,12,20,"£60,379,165",7750,7750,6750,AfricanCaribbean,155,13,37059,18,0,"£110,000",37063644,14.6666666666667,13.75,14.5,13,12,14,13,15.6666666666667,1.5,13.75,14.5,15.6666666666667,2.5,3,2,1.5,把球带出防守区域,#NAME?
Kingsley Coman,AM RL,29,155,170,"France,Guinea,Guadeloupe",Al-Nassr Football Club,85104424,11,12,17,11,15,10,8,13,6,8,14,11,9,17,13,13,12,12,12,12,13,17,11,13,8,14,14,13,17,17,15,10,10,15,13,9,12,9,16,15,16,3,2,2,2,2,2,3,3,3,1,2,16,16,12,16,12,13,9,10,1,1,1,1,12,12,1,15,10,15,20,12,18,12,179,12,20,"£78,000,000",7750,7750,7250,AfricanCaribbean,151,16,35229,58,8,"£414,345",85104424,8.33333333333333,13.5,16,15,12,16.3333333333333,9,12.6666666666667,3,13.5,16,12.6666666666667,2,2,2.5,2,"尝试花式动作
喜欢连续过多人
经常带球",#NAME?
Levi Colwill,D LC,22,155,170,England,Chelsea,28124573,3,7,11,5,14,3,15,2,10,14,16,11,15,15,12,13,12,16,16,15,12,6,13,11,15,12,12,15,15,12,15,15,14,15,14,16,11,11,9,7,15,1,3,2,1,2,2,1,2,2,2,1,13,12,7,11,9,10,12,12,1,15,20,1,12,1,1,1,1,1,1,1,1,1,187,20,10,"£94,218,336",7750,7750,6250,AfricanCaribbean,154,12,37678,5,0,"£75,000",28124573,14.6666666666667,14.25,15,11.3333333333333,10.6666666666667,13.3333333333333,15,13.3333333333333,1.5,14.25,15,13.3333333333333,2.5,1,1.5,1.5,,#NAME?
Lucas Chevalier,GK ,23,155,170,France,Paris Saint-Germain,49048357,1,2,3,2,16,1,3,2,1,2,16,2,2,13,12,15,14,14,12,13,16,15,14,11,13,13,15,14,11,15,13,15,13,12,14,12,14,7,18,5,2,16,14,14,14,15,11,17,15,15,5,14,13,15,7,16,16,15,13,17,20,1,1,1,1,1,1,1,1,1,1,1,1,1,189,11,20,"£98,546,648",7750,7750,5250,NorthernEuropean,153,4,37201,0,0,"£85,334",49048357,5.66666666666667,13.5,11.5,15.3333333333333,9,10.6666666666667,9,13.8333333333333,16,13.5,11.5,13.8333333333333,14,14,15.5,12.5,,#NAME?
N'Golo Kanté,DM/M C,34,155,170,"France,Mali",Al-Ittihad Club,85081880,6,10,12,9,13,6,9,10,6,13,15,7,19,14,16,17,15,14,15,16,19,11,8,13,15,20,13,19,15,15,15,6,18,8,15,11,16,5,18,9,9,2,4,3,2,1,3,3,3,3,2,1,18,14,1,14,15,20,18,20,1,1,1,1,1,1,18,1,20,1,10,14,1,1,168,8,20,"£9,815,036",7750,7250,7750,AfricanCaribbean,144,17,33326,64,2,"£390,617",85081880,15.6666666666667,14,11.5,13,12,13,7.5,17,3,14,11.5,17,3.5,2,1.5,2,"喜欢将球转移到边路
经常带球",#NAME?
Mikel Oyarzábal,AM/ST RLC,28,155,167,"Spain,Pays Basque",Real San Sebastián,67220143,14,12,15,15,15,14,12,12,12,11,15,18,11,16,13,14,13,14,14,15,16,14,18,16,13,14,16,16,12,14,14,13,14,12,13,13,14,7,14,5,17,1,1,1,3,3,1,2,1,3,3,2,12,14,8,20,13,18,16,13,1,1,1,1,1,1,1,12,8,12,20,17,17,19,180,20,10,"£64,815,508",7750,7750,7100,MediterraneanHispanic,149,1,35541,45,16,"£37,266",67220143,11.6666666666667,13.5,12,15,15,15.3333333333333,12.5,14.3333333333333,1.5,13.5,12,14.3333333333333,1,3,2,1.5,从左路内切,#NAME?
Andrew Robertson,D/WB L,31,155,165,Scotland,Liverpool,61043456,14,16,12,2,15,9,10,5,13,14,14,7,15,14,17,14,15,14,15,14,16,11,16,14,13,17,12,17,16,15,14,9,17,15,18,12,13,14,15,8,6,3,2,1,1,4,4,3,2,1,3,1,17,15,12,18,15,15,7,13,1,20,13,1,18,1,1,13,1,1,1,1,1,1,178,20,4,"£34,290,692",7800,8050,7000,NorthernEuropean,153,1,34404,84,4,"£175,000",61043456,14,14.75,15.5,12.3333333333333,10,13.6666666666667,9.5,15.1666666666667,2.5,14.75,15.5,15.1666666666667,1.5,1,3.5,2.5,"有机会就前插
避免使用弱势脚
经常带球",#NAME?
Boubacar Kamara,DM/M C,25,155,165,France,Aston Villa,48043084,6,8,12,6,14,6,14,8,5,15,15,7,16,14,12,18,14,16,14,15,13,10,9,13,16,16,13,16,14,14,15,14,16,15,16,13,15,11,13,10,12,1,3,2,4,1,1,2,1,2,2,1,13,14,8,13,12,15,15,16,1,1,14,1,1,1,20,1,18,1,1,1,1,1,184,10,20,"£60,087,500",7750,7250,6250,AfricanCaribbean,155,13,36487,5,0,"£150,000",48043084,15.6666666666667,14.5,14.5,12.6666666666667,11.6666666666667,13.3333333333333,14,15,1.5,14.5,14.5,15,2.5,4,1,1,,#NAME?
Darwin Núñez,AM/ST L,26,155,165,Uruguay,Al-Hilal Saudi Football Club,78090138,4,13,13,14,13,9,12,13,4,6,11,14,9,15,16,13,12,13,11,13,15,16,4,16,7,15,14,15,17,14,13,14,14,17,14,14,12,7,13,7,10,3,3,3,3,1,2,3,2,2,1,2,14,14,9,11,12,14,10,11,1,1,1,1,1,1,1,11,1,1,17,1,12,20,187,13,20,"£77,000,008",7750,7800,6500,MediterraneanHispanic,150,7,36335,35,13,"£357,349",78090138,7.33333333333333,13.75,17,13.6666666666667,14.3333333333333,13.6666666666667,13,13.1666666666667,2.5,13.75,17,13.1666666666667,3,3,2,2,"跑肋部空间接球
趟球变向加速过人",#NAME?
Ferran Torres,AM/ST RL,25,155,165,Spain,Barcelona,89056845,9,13,14,14,13,10,14,13,7,6,13,12,8,15,11,14,13,12,13,13,16,14,10,18,7,14,13,14,15,14,14,12,15,16,14,12,12,6,14,12,14,3,3,1,3,2,3,3,1,3,1,2,12,16,7,12,13,16,14,14,1,1,1,1,1,1,1,10,1,12,19,12,19,20,184,12,20,"£42,156,008",7700,7700,7200,MediterraneanHispanic,148,6,36585,46,20,"£165,754",89056845,7,13.5,15.5,13.3333333333333,14.6666666666667,14,13,13.8333333333333,2,13.5,15.5,13.8333333333333,2,3,2.5,2.5,"跑肋部空间接球
角度刁钻的射门
乐于反越位
撞墙式配合",#NAME?
Henrikh Mkhitaryan,M C,36,155,165,Armenia,Blu-neri Milano,59006269,11,12,12,13,16,11,10,13,5,10,16,13,13,16,14,16,13,14,14,16,17,14,12,15,12,15,14,13,13,14,13,8,18,13,15,10,15,6,13,10,16,2,1,3,3,4,3,4,3,2,1,3,17,18,10,6,14,19,13,14,1,1,1,1,1,1,15,10,20,9,10,13,9,10,177,15,20,"£4,656,967",7750,8000,7000,NorthAfricanMiddleEastern,155,6,32529,94,32,"£80,936",59006269,11.6666666666667,13,13,14.6666666666667,14,14.6666666666667,9,15.1666666666667,3.5,13,13,15.1666666666667,2,3,3,3,"跑肋部空间接球
有机会就前插
撞墙式配合",#NAME?
Íñigo Martínez,D C,34,155,165,"Spain,Pays Basque",Al-Nassr Football Club,67104772,7,11,11,8,13,13,15,13,9,15,15,9,16,14,17,15,16,15,15,15,16,9,16,8,16,15,12,16,12,12,13,12,13,12,14,15,15,14,15,12,5,2,3,2,2,2,2,1,1,3,2,1,14,14,10,10,14,16,12,8,1,14,20,1,10,1,1,1,1,1,1,1,1,1,182,20,10,"£8,688,131",7750,7700,6000,MediterraneanHispanic,154,5,33375,21,1,"£232,033",67104772,15.6666666666667,13.5,12,12,10.3333333333333,12.6666666666667,13.5,15.3333333333333,1,13.5,12,15.3333333333333,2.5,2,2,1.5,"远射
利用脚下技术将球带出危险区
尽早传中",#NAME?
Jeremie Frimpong,D/WB/M/AM R,24,155,164,"Netherlands,Ghana,England",Liverpool,28113828,10,13,16,12,12,7,6,9,8,9,12,10,11,14,14,12,13,10,10,11,14,16,6,15,9,13,12,15,18,17,12,6,16,17,15,9,12,12,13,5,14,1,2,3,1,1,3,3,2,1,3,3,15,16,8,12,12,12,10,9,1,12,1,20,12,20,1,10,1,18,10,12,17,1,172,9,20,"£57,879,166",7750,7250,6750,AfricanCaribbean,125,16,36870,13,1,"£200,000",28113828,9.66666666666667,13.25,17.5,13.3333333333333,12.3333333333333,14,6,12.1666666666667,2.5,13.25,17.5,12.1666666666667,2.5,1,1,3,"跑肋部空间接球
有机会就前插
撞墙式配合
经常带球",#NAME?
Marco Asensio,AM RLC,29,155,163,"Spain,Netherlands",Fenerbahçe A.Ş.,67197125,15,15,16,15,17,15,8,16,7,5,16,14,8,16,9,15,13,15,13,14,15,17,11,14,11,14,16,14,14,15,13,10,16,13,14,12,12,10,12,8,14,1,2,2,3,4,3,1,4,3,3,1,12,8,7,10,14,12,10,12,1,1,1,1,1,1,1,10,12,14,19,18,20,6,182,20,10,"£56,000,604",7750,8050,6700,MediterraneanHispanic,155,6,35085,38,2,"£166,193",67197125,8,13.5,13.5,16.3333333333333,14.6666666666667,16.3333333333333,9,14,2.5,13.5,13.5,14,2,3,2.5,2,"远射
弧线球射门
喜欢从双侧内切
经常带球",#NAME?
Marcos Llorente,D/WB/M/AM RC,30,155,163,Spain,A. Madrid,67196198,9,11,12,12,12,8,11,11,7,11,13,11,14,13,13,15,14,14,14,13,16,12,12,13,12,16,13,16,14,14,11,11,18,15,17,14,13,14,13,7,19,3,2,3,2,2,3,2,3,3,2,3,12,15,5,16,16,18,13,12,1,1,8,18,1,18,15,1,15,20,1,12,17,8,184,10,20,"£44,345,628",7600,7600,6850,MediterraneanHispanic,142,6,34729,19,0,"£132,954",67196198,12.3333333333333,14,14.5,12.6666666666667,13,12.3333333333333,11,14.6666666666667,2.5,14,14.5,14.6666666666667,2.5,2,2.5,3,"回撤拿球
长距离传球
喜欢将球转移到边路",#NAME?
Alessandro Buongiorno,D C,26,155,162,Italy,Parthenope,43270682,4,8,9,10,12,7,16,10,9,16,13,8,17,11,15,16,14,15,16,14,15,8,13,10,16,15,12,15,12,14,14,15,15,12,15,14,16,10,13,11,11,3,1,4,1,1,2,1,3,3,4,2,14,16,7,14,14,16,12,13,1,12,20,1,1,1,1,1,1,1,1,1,1,1,194,20,8,"£51,996,944",7750,7700,6250,MediterraneanHispanic,155,1,36317,10,0,"£76,947",43270682,16.3333333333333,14.25,12,11,11.6666666666667,10.6666666666667,15.5,15,2,14.25,12,15,2.5,1,2,2,,#NAME?
Benjamin White,D RC,27,155,162,England,Arsenal,29141472,3,13,12,8,14,3,14,9,7,15,14,5,15,14,13,17,15,16,14,15,14,13,11,12,16,16,13,14,14,14,13,14,13,14,15,14,14,7,12,8,14,3,1,1,3,3,2,1,3,1,3,1,14,14,8,8,14,15,12,15,1,1,17,20,1,12,13,1,10,1,1,1,1,1,185,11,20,"£48,875,000",7750,6500,6750,NorthernEuropean,153,6,35711,4,0,"£110,000",29141472,15.3333333333333,14,14,13.3333333333333,12,13.3333333333333,14,15.1666666666667,2,14,14,15.1666666666667,1,3,3,1.5,"利用脚下技术将球带出危险区
把球带出防守区域",#NAME?
Andriy Lunin,GK ,26,155,160,Ukraine,R. Madrid,71099053,8,1,2,2,12,10,9,1,1,3,10,3,3,10,5,13,13,13,13,14,15,2,8,3,14,13,11,14,14,16,12,15,14,12,14,14,14,5,12,3,14,15,16,16,12,14,12,15,16,13,14,13,14,12,5,14,15,17,14,14,20,1,1,1,1,1,1,1,1,1,1,1,1,1,191,10,20,"£32,958,684",7750,7500,6750,NorthernEuropean,155,1,36202,16,0,"£46,407",71099053,6.66666666666667,14,13,7.66666666666667,6,8,12,13.5,15.5,14,13,13.5,16,12,14.5,12.5,,#NAME?
Bryan Mbeumo,AM/ST RLC,25,155,160,"Cameroon,France",Manchester United,48042658,12,13,15,14,17,12,9,13,6,6,13,17,6,15,12,13,13,15,13,14,17,15,8,14,7,14,13,17,15,13,13,8,17,15,15,13,16,7,15,4,13,3,1,1,2,3,3,3,3,1,2,2,14,15,7,15,13,15,13,14,1,1,1,1,1,1,1,13,1,14,17,18,20,17,171,20,9,"£69,575,000",7750,7500,6750,AfricanCaribbean,149,13,36379,22,6,"£150,000",48042658,6.33333333333333,13.5,15,13.6666666666667,14.3333333333333,15.6666666666667,8.5,14,3,13.5,15,14,1,2,3,2.5,"插入对方禁区
角度刁钻的射门
弧线球射门
喜欢从双侧内切
经常带球",#NAME?
Mateo Retegui,ST ,26,155,160,"Italy,Argentina",Al-Qadsiah Football Club,14180903,4,9,12,17,14,6,16,11,7,5,12,17,8,14,14,16,15,15,15,14,15,13,10,16,8,15,12,16,14,12,13,14,15,14,14,16,15,12,12,6,8,2,1,3,3,2,2,3,3,2,3,1,15,17,5,10,11,15,13,7,1,1,1,1,1,1,1,1,1,1,1,1,1,20,186,12,20,"£78,000,008",7750,7750,6250,MediterraneanHispanic,154,7,36279,20,6,"£331,476",14180903,7,13.75,14,12.3333333333333,16,13.3333333333333,15,15,3,13.75,14,15,2,3,2,1.5,"背身拿球
第一时间射门",#NAME?
Théo Hernández,D/WB L,27,155,160,"France,Spain",Al-Hilal Saudi Football Club,67211695,11,15,14,12,13,11,13,15,7,13,13,13,14,13,18,14,14,14,10,12,14,11,14,16,13,11,12,13,16,14,15,12,16,17,16,14,13,17,14,7,12,3,2,3,1,2,2,1,1,2,2,1,17,14,16,10,13,10,6,5,1,20,14,1,20,1,1,15,1,1,10,1,1,1,184,20,8,"£71,400,008",7750,7900,7250,MediterraneanHispanic,147,2,35709,38,2,"£331,476",67211695,13.3333333333333,14.75,16.5,12,14,13.3333333333333,12.5,12.5,1,14.75,16.5,12.5,2.5,1,2.5,1.5,"有机会就前插
与裁判争论
经常带球
从左路内切",#NAME?
Youri Tielemans,DM/M/AM C,28,155,160,"Belgium,Democratic Republic of Congo",Aston Villa,18077264,11,13,13,12,16,12,10,14,3,11,18,14,12,17,13,15,11,15,12,14,13,15,13,14,13,14,18,13,12,12,12,8,13,12,12,10,15,8,12,5,15,3,3,3,2,2,3,2,3,2,2,2,13,17,11,13,13,14,15,15,1,1,1,1,1,1,18,1,20,1,1,18,1,1,176,14,20,"£60,087,500",7750,7450,6900,MixedRace,150,12,35557,77,10,"£155,000",18077264,12,11.5,12,17,13.6666666666667,15.3333333333333,9,13.1666666666667,2.5,11.5,12,13.1666666666667,3,2,2.5,2.5,"经常尝试传身后球
远射
利用脚下技术将球带出危险区",#NAME?
Leandro Trossard,AM RLC,30,155,159,Belgium,Arsenal,18054004,14,12,15,14,15,12,6,13,4,6,14,13,4,16,13,14,13,14,14,14,14,15,8,15,9,14,15,14,16,15,13,6,12,14,13,9,13,8,15,8,15,3,3,2,2,1,1,3,2,1,1,1,12,15,9,8,13,12,13,13,1,1,1,1,12,1,1,14,1,12,20,16,16,15,172,15,20,"£45,511,644",7750,7750,6550,NorthernEuropean,149,2,34672,44,10,"£160,000",18054004,6.33333333333333,12.5,15,14.6666666666667,14.3333333333333,15.3333333333333,6,13.8333333333333,2.5,12.5,15,13.8333333333333,2.5,2,2,1,喜欢从双侧内切,#NAME?
Giovanni Di Lorenzo,D/WB RC,32,155,158,Italy,Parthenope,43075156,5,13,10,12,12,7,17,12,14,14,13,10,17,11,15,15,16,11,10,11,17,6,16,15,12,17,11,16,15,12,16,14,20,16,20,15,15,12,11,6,14,3,3,2,1,2,1,3,3,1,1,2,14,15,7,15,11,16,13,11,1,10,17,20,10,16,1,8,1,12,1,1,1,1,183,9,20,"£300,000,000",7750,7750,6400,MediterraneanHispanic,152,8,34185,48,5,"£92,403",43075156,14.3333333333333,15.75,15.5,10,12.6666666666667,11,15.5,14.3333333333333,3,15.75,15.5,14.3333333333333,2.5,1,2.5,1.5,"撞墙式配合
倒地铲球
把球带出防守区域",#NAME?
Ebere Eze,M/AM RLC,27,155,157,"England,Nigeria",Arsenal,29156522,14,13,17,13,15,14,6,15,5,6,15,11,7,16,8,14,8,15,12,14,14,17,12,15,10,15,16,12,14,16,16,9,13,13,13,12,14,3,16,13,14,3,1,1,2,4,1,3,1,3,3,2,14,16,3,12,15,15,12,16,1,1,1,1,1,1,10,14,18,14,18,20,16,10,178,13,20,"£57,500,000",7750,7750,7000,AfricanCaribbean,152,15,35975,12,1,"£190,000",29156522,7.66666666666667,14.25,13.5,16,14.3333333333333,16,7.5,12.8333333333333,2,14.25,13.5,12.8333333333333,1,2,3.5,1.5,"控制节奏
尝试花式动作
喜欢接脚下球
经常带球",#NAME?
Pau Cubarsí,D C,18,154,-95,Spain,Barcelona,2000296497,6,9,11,8,15,7,13,9,10,14,16,10,14,15,13,16,14,16,16,15,16,12,12,10,15,14,15,14,13,14,14,13,14,14,13,14,13,10,14,6,9,1,1,2,3,3,2,3,1,1,2,2,12,16,6,15,15,16,15,18,1,5,20,5,1,1,10,1,1,1,1,1,1,1,184,12,20,"£86,606,480",7700,7700,6700,MediterraneanHispanic,153,5,39104,6,0,"£86,420",2000296497,14.3333333333333,13.75,13.5,14.3333333333333,11.3333333333333,13.6666666666667,13,15.1666666666667,2,13.75,13.5,15.1666666666667,1.5,3,2,2,"经常尝试传身后球
利用脚下技术将球带出危险区
长距离传球",#NAME?
Gabriel Jesus,AM/ST RL,28,154,175,Brazil,Arsenal,19220266,8,12,16,13,15,11,14,11,4,7,13,13,8,16,14,16,14,13,14,15,15,15,12,16,10,18,14,18,14,15,15,10,10,13,13,13,12,12,14,15,12,2,1,3,3,1,3,3,3,1,3,1,15,13,8,12,14,14,14,15,1,1,1,1,1,1,1,1,1,1,15,11,16,20,175,14,20,"£30,799,998",7700,7700,7350,AfricanCaribbean,153,15,35523,64,19,"£120,000",19220266,8.33333333333333,14,13.5,14,14,15.6666666666667,12,15.3333333333333,3,14,13.5,15.3333333333333,2,3,1.5,2,"喜欢过顶球吊射
喜欢从双侧内切
喜欢接脚下球",#NAME?
Fermín,M/AM RLC,22,154,165,Spain,Barcelona,2000141742,10,12,14,13,14,9,11,17,6,7,14,9,10,15,14,13,15,12,13,14,16,15,8,16,8,15,14,16,14,16,14,9,14,13,14,11,12,9,15,8,15,3,2,1,1,1,2,2,3,4,3,2,12,15,5,13,15,15,13,12,1,1,1,1,1,1,8,16,19,16,18,20,18,8,175,15,20,"£85,945,360",7700,7700,6700,MediterraneanHispanic,150,5,37752,2,0,"£76,266",2000141742,8.33333333333333,13.75,13.5,14.3333333333333,13.6666666666667,14.3333333333333,10,14.3333333333333,2.5,13.75,13.5,14.3333333333333,1.5,1,2,2,"跑肋部空间接球
经常尝试传身后球
远射
撞墙式配合
后排插上进攻",#NAME?
Francisco Trincão,M/AM RC,25,154,165,Portugal,Sporting Clube de Portugal,83137935,15,15,16,15,16,14,9,15,4,6,16,13,8,17,10,13,11,16,13,14,13,15,12,14,8,12,17,13,14,15,16,12,15,13,14,11,13,5,12,5,8,2,3,1,2,3,2,2,2,3,1,3,8,12,6,12,14,15,12,18,1,1,1,1,1,1,1,10,10,16,14,19,20,13,184,20,10,"£51,852,408",7450,7250,6000,MediterraneanHispanic,153,4,36523,11,2,"£64,638",83137935,7.33333333333333,14,13.5,16,15,16.3333333333333,10.5,12.6666666666667,2,14,13.5,12.6666666666667,2,2,2.5,2.5,"远射
角度刁钻的射门
从右路内切",#NAME?
Serge Gnabry,AM RLC,30,154,165,"Germany,Ivory Coast",FC Bayern München,28066083,12,11,15,14,14,12,11,15,6,8,13,12,9,15,11,15,12,13,10,12,12,15,12,16,8,12,13,12,15,14,12,8,10,14,13,11,12,6,13,14,15,2,1,1,2,2,2,1,2,2,2,4,12,13,11,14,10,11,14,13,1,1,1,5,10,12,1,15,11,15,20,18,19,15,176,16,20,"£31,215,150",7700,7700,7200,MixedRace,144,13,34894,51,22,"£281,754",28066083,8.33333333333333,12.5,14.5,13.6666666666667,14.3333333333333,14.6666666666667,9.5,12.1666666666667,1.5,12.5,14.5,12.1666666666667,1,2,2,3,"跑肋部空间接球
大力射门
喜欢从双侧内切",#NAME?
Khéphren Thuram,DM/M C,24,154,163,"France,Guadeloupe",Juventus,49038952,6,10,15,11,15,7,12,14,8,12,15,9,14,15,14,14,14,14,14,14,17,14,12,15,13,15,14,15,14,14,16,15,16,15,15,16,15,6,15,6,16,1,2,3,1,1,1,2,2,3,2,1,13,15,8,15,15,16,13,15,1,1,1,1,1,1,19,1,20,1,1,13,1,1,192,10,20,"£51,657,096",7700,7250,6950,AfricanCaribbean,155,15,36976,1,0,"£61,491",49038952,13,15.25,14.5,14.3333333333333,13.3333333333333,15,13.5,14.6666666666667,2,15.25,14.5,14.6666666666667,2.5,1,1,1,"插入对方禁区
角度刁钻的射门
撞墙式配合
经常带球",#NAME?
Ferland Mendy,D/WB L,30,154,160,"France,Senegal,Guinea-Bissau",R. Madrid,85133751,5,13,13,7,13,5,10,11,13,14,12,7,14,13,14,15,17,13,12,12,15,13,6,13,15,15,12,17,16,15,16,11,15,16,16,15,13,8,13,14,15,3,2,2,2,2,4,1,3,2,1,4,12,16,9,12,12,14,10,12,1,20,12,12,16,9,1,1,1,1,1,1,1,1,180,20,14,"£32,249,346",7700,7750,7200,AfricanCaribbean,153,16,34858,10,0,"£172,367",85133751,14.3333333333333,15.5,16,12.3333333333333,11,13,10.5,14.3333333333333,2,15.5,16,14.3333333333333,2,2,2.5,4,"有机会就前插
从左路内切",#NAME?
Robin Le Normand,D C,28,154,160,"Spain,France,Pays Basque",A. Madrid,48037162,7,7,9,7,12,9,15,10,8,14,14,9,16,14,14,15,14,13,14,15,14,8,14,7,14,15,8,14,13,13,13,16,16,14,15,16,13,9,12,11,18,2,1,3,2,3,4,3,1,2,3,1,7,11,5,12,9,16,14,12,1,1,20,1,1,1,1,1,1,1,1,1,1,1,187,10,20,"£51,008,768",7700,7700,7000,NorthernEuropean,152,4,35380,23,1,"£84,507",48037162,14.6666666666667,14.25,13.5,10,9,11.6666666666667,15.5,14.5,2,14.25,13.5,14.5,2,2,2.5,2.5,倒地铲球,#NAME?
Evan N'Dicka,D C,25,154,158,"Ivory Coast,France,Cameroon",Associazione Sportiva Roma,48032198,5,10,12,7,12,5,15,5,13,15,12,7,16,13,15,16,16,14,14,13,16,8,11,8,15,13,11,13,14,13,15,16,18,15,16,16,15,10,15,7,9,3,1,2,1,3,2,1,3,1,2,1,11,17,7,12,13,12,13,13,1,12,20,1,10,1,10,1,1,1,1,1,1,1,190,20,10,"£44,489,364",7700,7250,5750,AfricanCaribbean,154,17,36392,20,0,"£85,257",48032198,15.3333333333333,15,14.5,10.3333333333333,9.66666666666667,12.3333333333333,15.5,14.6666666666667,2,15,14.5,14.6666666666667,1.5,1,3,1.5,,#NAME?
Manuel Akanji,D RC,30,154,157,"Switzerland,Nigeria",Manchester City,98031331,4,8,11,7,13,9,14,11,12,14,14,8,15,12,13,14,16,16,14,14,14,9,10,9,14,14,12,13,14,13,13,15,13,15,15,17,13,8,15,12,13,3,2,2,2,3,2,2,1,2,3,3,12,16,6,11,13,17,14,12,1,14,20,15,1,8,13,1,12,1,1,1,1,1,187,13,20,"£45,360,000",7700,7750,7250,MixedRace,153,12,34899,71,3,"£130,000",98031331,14.3333333333333,14.5,14.5,11.6666666666667,10.6666666666667,12,14.5,14.3333333333333,1.5,14.5,14.5,14.3333333333333,2,2,3,2.5,"大力射门
把球带出防守区域",#NAME?
Alex Meret,GK ,28,154,155,Italy,Parthenope,43140326,6,1,3,2,8,8,7,1,2,2,9,2,3,9,8,15,14,14,14,14,12,3,9,3,15,15,5,12,11,18,14,16,13,12,13,13,14,3,12,11,16,14,14,15,5,16,10,15,17,12,11,11,7,13,3,15,13,16,16,12,20,1,1,1,1,1,1,1,1,1,1,1,1,1,192,20,6,"£17,284,136",7700,7650,6100,MediterraneanHispanic,152,2,35511,3,0,"£76,947",43140326,6.66666666666667,14.5,11.5,5.66666666666667,6.33333333333333,6.66666666666667,11.5,14,16,14.5,11.5,14,14.5,5,15,10.5,,#NAME?
Amir Rrahmani,D C,31,154,155,"Kosovo,Albania",Parthenope,11023165,5,8,8,9,11,6,16,8,11,15,12,7,16,10,15,15,16,15,15,14,15,4,11,10,15,15,11,16,12,11,15,16,14,13,17,16,14,12,13,8,12,1,2,1,3,1,2,2,3,2,1,1,12,14,6,13,14,15,10,12,1,11,20,11,1,1,1,1,1,1,1,1,1,1,192,12,20,"£300,000,000",7700,6500,6150,NorthernEuropean,154,5,34389,64,7,"£53,348",11023165,15.3333333333333,14.75,12.5,9,11.3333333333333,9.66666666666667,16,15,2.5,14.75,12.5,15,1.5,3,1,1.5,,#NAME?
Savinho,AM RL,21,153,-9,Brazil,Manchester City,2000011972,13,14,17,12,18,12,3,10,12,5,14,10,4,17,8,13,9,13,12,14,15,18,10,15,5,12,15,14,17,17,14,8,13,16,13,7,13,8,12,8,12,3,3,3,1,3,1,2,1,1,1,2,12,13,8,11,14,12,13,13,1,1,1,1,1,1,1,14,1,14,20,12,19,12,173,20,7,"£77,014,666",7800,7800,7000,MixedRace,150,13,38087,7,1,"£120,000",2000011972,4.66666666666667,12.75,16.5,15.6666666666667,13.3333333333333,17.3333333333333,5.5,12.5,1.5,12.75,16.5,12.5,3,1,3,1.5,"趟球变向加速过人
避免使用弱势脚
经常带球
从右路内切",#NAME?
Ronald Araujo,D C,26,153,175,"Uruguay,Spain",Barcelona,78085068,5,7,10,11,10,7,16,10,10,16,11,13,17,12,16,13,18,11,12,11,16,9,15,10,13,16,11,17,14,13,12,16,13,16,15,18,11,11,10,15,13,1,3,3,2,1,2,2,1,2,2,2,16,15,8,14,10,16,12,12,1,1,20,14,1,5,7,1,1,1,1,1,1,1,188,10,20,"£33,075,348",7500,8250,7000,MixedRace,152,10,36226,23,1,"£207,193",78085068,15.3333333333333,14.5,15,10.3333333333333,10.6666666666667,10.6666666666667,16,14.3333333333333,1.5,14.5,15,14.3333333333333,3,2,1,2,不喜欢传身后球,#NAME?
David Alaba,D/WB LC,33,153,174,"Austria,Philippines,Nigeria",R. Madrid,16010162,12,12,12,10,15,15,13,14,13,14,16,14,13,15,13,14,12,14,14,14,16,12,15,14,15,15,13,14,14,12,14,11,15,14,14,13,14,8,15,15,19,1,1,3,1,1,1,3,3,3,3,1,12,17,10,14,15,15,12,10,1,20,19,1,17,1,13,12,14,1,8,8,1,1,180,20,10,"£12,493,967",7650,8050,7150,SouthEastAsian,149,15,33779,107,15,"£372,911",16010162,14,13.25,14,13.6666666666667,12.6666666666667,14,12,14.1666666666667,3,13.25,14,14.1666666666667,2,1,1,1,"弧线球射门
利用脚下技术将球带出危险区
不喜欢倒地铲球
长距离传球",#NAME?
Alejandro Balde,D/WB L,21,153,170,"Spain,Guinea-Bissau,Dominican Republic",Barcelona,67296654,8,13,15,10,14,9,7,11,10,11,14,8,11,14,13,14,13,12,13,12,14,13,7,15,12,14,14,14,17,17,12,8,15,17,15,11,13,8,13,10,15,3,1,2,2,3,1,3,3,3,2,2,12,14,5,14,10,14,14,15,1,20,1,10,19,10,1,14,1,8,14,1,8,1,175,20,10,"£86,606,480",7650,7650,6650,AfricanCaribbean,140,13,37912,7,0,"£73,025",67296654,11.3333333333333,13.75,17,13.6666666666667,12.3333333333333,14.3333333333333,7.5,13.3333333333333,3,13.75,17,13.3333333333333,1.5,2,3,1.5,"沿左路带球突进
有机会就前插
趟球变向加速过人
拉边",#NAME?
Leon Goretzka,DM/M C,30,153,170,Germany,FC Bayern München,91104807,10,11,12,12,14,12,16,15,8,12,15,12,14,14,15,16,16,13,14,13,16,12,14,16,12,16,14,17,12,11,16,16,12,14,16,17,14,10,14,13,18,2,2,1,2,3,3,2,2,1,2,1,8,15,12,18,12,16,14,8,1,8,13,10,8,10,18,10,20,12,10,15,12,8,189,9,20,"£25,137,270",7650,7650,7150,NorthernEuropean,152,4,34736,61,15,"£281,754",91104807,12.6666666666667,15,13,13.6666666666667,13.6666666666667,13.3333333333333,16,15.1666666666667,2,15,13,15.1666666666667,1.5,2,2.5,2,"插入对方禁区
大力射门",#NAME?
Wojciech Szczęsny,GK ,35,153,170,Poland,Barcelona,28009478,4,3,2,3,10,6,6,3,3,3,11,7,3,8,12,13,15,16,11,12,14,7,16,4,14,10,10,11,10,14,11,17,12,12,12,15,14,5,14,8,12,15,15,14,13,17,16,16,17,17,8,13,17,14,10,14,15,15,12,14,20,1,1,1,1,1,1,1,1,1,1,1,1,1,195,8,20,"£9,263,113",7500,8250,7000,NorthernEuropean,152,2,32981,84,0,"£51,852",28009478,6.66666666666667,13,11,9.33333333333333,7.66666666666667,6.66666666666667,11.5,12.5,16.5,13,11,12.5,14.5,13,16,14.5,,#NAME?
Xavi Simons,M/AM RLC,22,153,170,"Netherlands,Spain,Suriname",Tottenham Hotspur,67288555,13,11,17,12,16,13,9,14,5,8,16,13,9,16,15,13,12,14,12,13,17,16,10,13,9,13,16,13,15,16,12,10,15,14,15,10,14,13,16,6,17,4,1,2,1,3,3,3,1,1,1,3,16,18,16,6,12,8,6,7,1,1,1,1,1,1,10,14,19,14,17,20,17,14,179,10,20,"£78,240,000",7650,7500,6750,AfricanCaribbean,149,12,37732,28,5,"£200,000",67288555,8.66666666666667,13.25,14.5,16,13,16.3333333333333,9.5,13.3333333333333,2,13.25,14.5,13.3333333333333,1.5,1,3.5,3,"与裁判争论
鼓动观众情绪
喜欢连续过多人
经常带球",#NAME?
Riccardo Calafiori,D LC,23,153,169,Italy,Arsenal,43424738,4,12,13,8,14,6,14,12,13,14,15,7,15,14,15,18,13,15,14,15,15,13,9,12,15,16,13,14,14,13,14,14,15,14,14,13,15,11,14,13,10,1,1,4,3,1,1,2,1,1,3,3,14,14,8,12,16,17,15,12,1,19,20,9,14,7,10,12,9,5,1,1,1,1,183,20,10,"£68,983,334",7650,7650,6750,MediterraneanHispanic,153,2,37395,9,0,"£65,000",43424738,14.6666666666667,13.5,14,13.6666666666667,11.6666666666667,13.6666666666667,14,15.1666666666667,1.5,13.5,14,15.1666666666667,2.5,3,1,2,"经常带球
把球带出防守区域",#NAME?
Pablo Barrios,DM/M C,22,153,166,Spain,A. Madrid,2000125958,10,11,13,12,13,11,7,15,10,12,15,12,13,15,14,13,15,13,14,15,16,14,14,15,13,15,15,15,14,14,12,10,13,14,15,12,14,12,12,11,15,1,1,2,2,1,1,2,1,2,1,3,12,16,6,15,14,15,10,10,1,1,1,1,1,1,18,1,20,11,1,14,8,1,181,12,20,"£103,140,480",7500,7500,6500,MediterraneanHispanic,152,4,37787,1,0,"£65,578",2000125958,12.6666666666667,13.25,14,14.6666666666667,13.3333333333333,13.6666666666667,8.5,14.6666666666667,1.5,13.25,14,14.6666666666667,1.5,2,1,2,"经常尝试传身后球
远射
控制节奏
后排插上进攻
经常带球",#NAME?
Takefusa Kubo,M/AM RC,24,153,166,Japan,Real San Sebastián,45104608,14,13,17,14,16,12,7,11,8,6,15,10,6,16,8,15,12,14,14,16,15,15,7,14,7,15,16,14,14,15,15,7,10,13,14,11,15,6,15,10,11,2,2,3,3,1,3,2,1,1,1,1,14,13,7,11,13,15,15,14,1,1,1,1,1,1,1,10,12,16,10,20,18,15,173,20,11,"£64,225,668",7600,7000,6600,EastAsian,150,7,37046,44,7,"£36,256",45104608,6.33333333333333,13.75,13.5,15.3333333333333,14,16.3333333333333,7,14.5,1.5,13.75,13.5,14.5,2.5,3,1.5,2,"喜欢连续过多人
经常带球
从右路内切",#NAME?
Kim Min-Jae,D C,28,153,165,South Korea,FC Bayern München,89063073,3,7,10,6,12,3,15,7,8,16,14,7,16,12,16,16,17,13,12,12,18,8,13,8,16,12,13,16,14,12,16,16,15,14,13,16,13,12,12,10,8,2,4,4,3,3,1,2,1,3,1,2,17,18,8,10,12,17,12,10,1,5,20,8,1,1,1,1,1,1,1,1,1,1,190,12,20,"£42,525,456",7650,8500,7500,EastAsian,152,7,35384,63,4,"£198,885",89063073,16,14.25,14,11.6666666666667,9,11.3333333333333,15.5,14.5,1.5,14.25,14,14.5,4,3,2.5,1.5,,#NAME?
"Lucas Hernández(Paris Saint-Germain,France,Spain)",D LC,29,153,165,"France,Spain",Paris Saint-Germain,67197145,6,13,12,6,14,8,14,7,12,16,14,7,16,13,18,15,17,14,13,14,17,11,13,13,16,15,12,15,13,12,15,14,13,13,14,15,14,12,15,12,14,2,2,3,2,2,1,1,1,3,1,1,12,16,16,11,13,12,12,7,1,19,20,10,14,1,1,1,1,1,1,1,1,1,184,20,8,"£35,389,268",7500,7650,7000,MediterraneanHispanic,152,5,35109,39,0,"£315,768",67197145,16,14,13,12.3333333333333,11,13,14,15.1666666666667,1,14,13,15.1666666666667,2.5,2,2,1,"激怒对手
与裁判争论
倒地铲球",#NAME?
Curtis Jones,DM/M/AM LC,24,153,162,"England,Nigeria",Liverpool,28115788,11,13,15,11,16,11,8,11,6,10,15,13,10,15,13,15,11,14,13,14,15,14,10,15,11,15,15,13,14,16,16,9,14,13,13,11,13,8,14,7,12,1,4,3,1,1,2,2,1,2,1,1,15,14,7,18,15,14,14,15,1,1,1,1,1,10,19,12,20,12,16,15,14,7,185,12,20,"£68,358,334",7650,7500,6500,NorthernEuropean,146,7,36921,6,1,"£110,000",28115788,10.3333333333333,14,13.5,14.6666666666667,13.3333333333333,15.3333333333333,8.5,13.8333333333333,1.5,14,13.5,13.8333333333333,3.5,1,1,1.5,"控制节奏
长时间控球
喜欢接脚下球",#NAME?
Benjamin Pavard,D RC,29,153,160,France,Blu-neri Milano,85120944,4,12,10,9,14,4,16,13,13,15,14,6,15,14,13,16,14,16,16,14,15,11,12,12,15,17,12,16,12,13,15,15,14,14,14,13,14,8,13,7,14,2,1,2,1,1,3,3,1,4,2,2,16,17,13,12,15,13,14,14,1,11,20,16,10,13,12,1,10,1,1,1,1,1,186,9,20,"£37,917,072",7650,7550,6900,NorthernEuropean,154,4,35152,55,5,"£126,174",85120944,15,13.75,13,12.3333333333333,12.3333333333333,12.6666666666667,15.5,15.3333333333333,2,13.75,13,15.3333333333333,1.5,1,1.5,2.5,"利用脚下技术将球带出危险区
第一时间射门
把球带出防守区域",#NAME?
Jarrod Bowen,AM/ST RL,28,153,160,England,West Ham United,29125842,13,14,14,15,14,12,10,14,4,5,13,13,8,14,10,14,8,15,10,14,17,14,12,15,8,15,13,17,15,15,11,8,14,14,15,8,15,5,15,4,12,2,4,2,3,1,1,3,2,3,3,1,15,16,7,13,15,17,12,15,1,1,1,1,1,1,1,15,1,15,19,13,20,20,174,20,11,"£65,400,004",7650,7650,6400,NorthernEuropean,145,4,35419,16,1,"£125,000",29125842,7,12.25,14.5,13.3333333333333,15,14,9,13,2.5,12.25,14.5,13,3,3,1.5,1,"角度刁钻的射门
经常带球
从右路内切",#NAME?
Patrik Schick,ST ,29,153,160,Czechia,Bayer 04 Leverkusen,25042141,4,8,13,17,15,12,17,12,6,6,12,13,6,15,13,17,15,16,13,13,12,13,13,16,7,12,11,13,12,13,16,17,10,14,13,15,15,8,15,14,8,1,3,3,3,3,3,3,2,1,1,2,12,13,12,13,12,14,12,17,1,1,1,1,1,1,1,10,1,10,12,12,14,20,191,20,10,"£54,574,340",7650,7500,6750,NorthernEuropean,153,3,35088,46,24,"£165,738",25042141,6.33333333333333,14.25,13,12,16.3333333333333,14.3333333333333,17,13.6666666666667,2.5,14.25,13,13.6666666666667,3,3,2,2.5,"撞墙式配合
喜欢过顶球吊射",#NAME?
Mikel Merino,DM/M C,29,153,159,"Spain,Pays Basque",Arsenal,67211760,8,11,14,13,14,10,14,12,8,14,15,10,13,15,15,15,15,13,15,14,16,13,12,14,14,16,15,15,12,13,13,14,16,13,17,16,14,9,15,9,17,4,1,2,4,1,1,1,3,2,3,2,15,17,9,12,16,15,12,10,1,1,12,1,1,1,16,8,20,1,8,14,1,14,187,20,10,"£46,597,500",7650,7650,6800,MediterraneanHispanic,153,6,35238,35,4,"£140,000",67211760,13.6666666666667,14.75,12.5,14.3333333333333,13.3333333333333,14.3333333333333,14,15.1666666666667,2,14.75,12.5,15.1666666666667,1.5,4,2.5,1.5,控制节奏,#NAME?
Moise Kean,ST ,25,153,159,"Italy,Ivory Coast",ACF Fiorentina,43274977,9,10,14,15,13,11,13,13,9,5,12,12,6,15,16,15,15,15,13,13,12,14,11,15,6,12,10,13,16,15,16,12,18,15,15,15,13,15,13,13,11,2,2,1,1,2,1,3,3,2,1,1,14,14,7,11,12,13,12,15,1,1,1,1,1,1,1,1,1,1,13,10,12,20,183,12,20,"£37,430,956",7650,7650,5800,AfricanCaribbean,152,18,36584,21,7,"£95,894",43274977,5.66666666666667,15.25,15.5,12,15,14,12.5,13.3333333333333,3,15.25,15.5,13.3333333333333,1.5,1,2,1,"跑肋部空间接球
大力射门
喜欢从双侧内切
喜欢接脚下球
经常带球",#NAME?
Antoine Semenyo,AM/ST RL,25,153,158,"Ghana,England,Togo",AFC Bournemouth,29194724,6,11,16,15,15,7,9,13,14,5,12,10,7,14,14,11,12,15,10,12,13,17,8,15,7,12,13,12,16,15,14,9,14,15,14,14,11,13,11,9,14,2,3,2,3,2,1,3,3,2,4,3,11,14,11,14,9,12,11,10,1,1,1,1,1,1,1,12,1,12,17,1,20,19,178,15,20,"£59,950,000",7650,7000,6150,AfricanCaribbean,147,14,36532,27,3,"£100,000",29194724,6.33333333333333,14.25,15.5,14,15,15,9,11.6666666666667,3,14.25,15.5,11.6666666666667,2.5,3,2,2,"喜欢从双侧内切
经常带球",#NAME?
Pascal Groß,DM/M RC,34,153,155,Germany,Borussia Dortmund,92017376,17,17,12,11,15,16,10,14,6,11,16,14,11,15,13,14,13,16,16,16,15,13,16,13,12,18,16,16,9,12,12,10,18,10,17,11,17,8,15,5,18,3,1,3,2,2,3,3,3,1,1,2,17,15,2,15,16,18,18,16,1,12,10,15,10,12,18,10,20,12,10,15,12,8,181,10,20,"£6,164,632",7250,7250,6500,NorthernEuropean,148,4,33404,15,1,"£120,988",92017376,11.3333333333333,13,9.5,15,13.3333333333333,14,10,15.3333333333333,3,13,9.5,15.3333333333333,2,2,2.5,2.5,,#NAME?
Mauro Arambarri,DM/M C,29,153,153,"Uruguay,Spain",Getafe,78064881,8,10,12,13,14,11,10,14,4,13,15,11,15,14,16,14,16,13,16,14,16,11,11,15,14,16,12,16,14,13,14,7,14,14,16,14,12,13,13,14,12,2,3,3,4,1,1,2,3,1,1,3,8,15,8,15,9,16,8,12,1,1,1,1,1,1,19,1,20,10,1,13,1,1,174,12,20,"£10,370,481",7500,6950,6500,MediterraneanHispanic,151,7,34972,12,0,"£47,945",78064881,14,14.25,14,12.6666666666667,13.6666666666667,13.3333333333333,8.5,15.3333333333333,2.5,14.25,14,15.3333333333333,3,4,1.5,2,"长时间控球
后排插上进攻",#NAME?
Paulo Dybala,AM/ST RC,31,152,177,"Argentina,Poland,Italy",Associazione Sportiva Roma,14044150,15,14,18,16,17,17,10,16,3,4,17,17,3,19,9,16,8,13,11,14,14,18,12,15,3,14,16,12,13,18,17,6,11,13,10,7,15,5,11,15,13,1,1,4,4,2,2,2,1,1,1,2,14,13,12,14,12,17,13,14,1,1,1,1,1,1,1,1,1,6,12,20,16,19,177,20,11,"£27,009,176",7600,8650,7250,MediterraneanHispanic,150,4,34288,40,4,"£215,387",14044150,3.33333333333333,13,13,17,14.6666666666667,18,8,12.8333333333333,1.5,13,13,12.8333333333333,2.5,4,1.5,2,"经常尝试传身后球
角度刁钻的射门
回撤拿球
撞墙式配合
第一时间射门",#NAME?
Piero Hincapié,D/WB LC,23,152,168,Ecuador,Bayer 04 Leverkusen,86066853,5,11,12,7,12,5,13,7,14,15,14,10,17,13,17,14,18,14,14,13,18,11,11,11,14,15,13,18,14,13,15,15,14,16,15,15,15,15,14,8,15,3,2,1,3,2,2,3,2,1,1,1,16,16,8,10,13,13,6,7,1,18,20,1,16,1,10,10,1,1,1,1,1,1,184,20,8,"£51,852,408",7600,7200,6600,MixedRace,152,12,37265,48,2,"£82,868",86066853,15.3333333333333,14.5,15,12.6666666666667,10.6666666666667,12.3333333333333,14,15.3333333333333,2.5,14.5,15,15.3333333333333,1.5,3,2.5,1.5,把球带出防守区域,#NAME?
Andreas Christensen,D C,29,152,165,Denmark,Barcelona,27066387,5,9,11,9,13,5,14,8,12,15,13,9,14,13,11,16,11,17,16,16,11,8,9,9,16,15,13,13,12,12,12,13,14,15,13,13,15,6,14,14,15,3,1,2,1,1,1,1,1,3,1,1,16,15,5,16,14,14,16,18,1,1,20,10,1,5,15,1,10,1,1,1,1,1,188,12,20,"£32,405,676",7600,8000,7100,NorthernEuropean,150,4,35165,73,3,"£149,205",27066387,15,12.5,13.5,11.3333333333333,11.6666666666667,12.3333333333333,13.5,14.1666666666667,1,12.5,13.5,14.1666666666667,1.5,1,2,1,"利用脚下技术将球带出危险区
不喜欢倒地铲球",#NAME?
Noni Madueke,M/AM RLC,23,152,165,"England,Nigeria",Arsenal,37076092,10,13,17,13,15,8,11,11,4,3,13,11,5,15,9,11,13,15,11,14,12,16,5,15,5,12,14,13,15,16,16,13,15,16,13,14,12,7,12,14,7,1,1,2,2,1,1,1,2,3,3,4,12,14,12,10,10,10,9,11,1,1,1,1,1,1,1,16,12,16,18,15,20,10,176,20,11,"£74,635,000",7750,7750,6750,AfricanCaribbean,147,15,37325,7,0,"£100,000",37076092,4.33333333333333,14.75,15.5,14.3333333333333,14.3333333333333,15.6666666666667,12,12.1666666666667,1.5,14.75,15.5,12.1666666666667,1.5,2,1,2.5,"趟球变向加速过人
从右路内切",#NAME?
Luke Shaw,D LC,30,152,162,England,Manchester United,29076105,15,14,14,8,15,14,13,6,10,14,15,10,13,14,13,15,13,15,13,14,10,10,13,14,15,15,13,13,14,15,15,14,10,14,14,16,14,15,13,15,14,1,2,4,1,1,2,1,2,3,2,2,13,15,6,12,13,11,13,16,1,20,17,1,14,1,1,1,1,1,1,1,1,1,180,20,9,"£44,599,500",7600,7600,6750,NorthernEuropean,153,0,34892,34,3,"£200,000",29076105,14,15,14,12.6666666666667,12.3333333333333,14.3333333333333,13.5,13.3333333333333,1.5,15,14,13.3333333333333,3,1,1,2,"沿左路带球突进
避免使用弱势脚",#NAME?
Malik Tillman,M/AM/ST RLC,23,152,162,"United States,Germany",Bayer 04 Leverkusen,91187679,12,11,15,12,15,15,13,15,17,8,14,12,9,15,12,14,13,14,12,13,12,16,6,14,7,13,14,13,13,14,13,13,12,15,15,12,14,4,11,9,16,4,1,1,2,2,1,2,1,1,2,1,12,16,2,14,11,14,12,18,1,1,1,1,1,1,14,12,18,12,15,20,15,16,187,10,20,"£66,326,488",7550,6900,6100,AfricanCaribbean,144,13,37404,25,3,"£99,442",91187679,8,13.5,14,14.6666666666667,13.3333333333333,15,13,12.8333333333333,1.5,13.5,14,12.8333333333333,1,2,3,1,喜欢掷长距离界外球,#NAME?
"Matheus Cunha(Manchester United,Brazil)",AM/ST RLC,26,152,162,Brazil,Manchester United,19334410,13,13,17,15,15,13,11,15,5,4,14,13,6,16,16,11,15,14,6,11,16,17,11,13,5,10,12,15,15,16,15,12,12,15,13,12,13,14,14,6,14,3,2,1,2,2,2,1,3,1,2,3,14,17,15,10,12,11,7,5,1,1,1,1,1,1,1,10,1,12,17,20,15,18,183,14,20,"£117,929,800",7600,7150,6500,MixedRace,144,12,36307,15,1,"£200,000",19334410,5,14,15,14.3333333333333,14,16,11.5,11.5,2,14,15,11.5,1.5,2,2.5,2.5,"远射
与裁判争论
撞墙式配合
尝试花式动作
鼓动观众情绪
喜欢连续过多人
经常带球",#NAME?
Matheus Nunes,D/M/AM RC,26,152,161,"Portugal,Brazil",Manchester City,83188780,13,15,14,12,14,11,10,13,12,9,13,11,11,15,15,13,16,13,16,13,15,15,8,14,12,16,14,16,14,13,13,12,17,14,15,14,15,13,17,3,16,3,2,1,2,1,3,3,3,1,1,1,14,16,5,13,17,18,13,15,1,1,1,16,1,15,14,5,20,13,10,16,15,1,184,12,20,"£45,315,000",7600,7000,6500,MediterraneanHispanic,146,8,36034,16,2,"£130,000",83188780,10.6666666666667,13.75,14,14,13,14.3333333333333,11,14.8333333333333,3,13.75,14,14.8333333333333,1.5,2,2,2,"中路带球突进
远射
长距离传球
喜欢连续过多人
经常带球",#NAME?
Lisandro Martínez,D LC,27,152,160,Argentina,Manchester United,14167329,6,9,9,7,15,8,13,6,12,16,15,10,16,15,18,16,17,16,14,13,17,10,13,8,16,14,14,15,12,13,14,12,15,12,15,15,13,16,11,7,13,3,3,1,1,1,1,1,2,1,1,3,14,13,6,12,14,14,8,12,1,15,20,1,1,1,14,1,12,1,1,1,1,1,175,20,11,"£57,717,000",7600,7000,6500,MediterraneanHispanic,151,11,35813,26,1,"£120,000",14167329,16,14.25,12,13,10.3333333333333,13,12.5,15.1666666666667,1.5,14.25,12,15.1666666666667,2,1,2,2,"倒地铲球
长距离传球
把球带出防守区域",#NAME?
Loïc Badé,D C,25,152,160,"France,Ivory Coast",Bayer 04 Leverkusen,49039789,3,7,12,7,13,3,14,9,10,15,14,8,16,13,16,16,16,15,15,13,16,10,14,9,15,14,13,16,14,12,16,16,16,15,13,16,15,14,14,5,7,1,3,1,1,2,3,3,1,3,2,3,15,15,9,15,15,16,6,8,1,1,20,10,1,1,10,1,1,1,1,1,1,1,191,8,20,"£52,668,568",7600,7000,6600,AfricanCaribbean,153,12,36627,1,0,"£99,442",49039789,15.3333333333333,14.25,14.5,12.3333333333333,10.3333333333333,12.6666666666667,15,15,2,14.25,14.5,15,2,1,1.5,3,"激怒对手
把球带出防守区域",#NAME?
Dušan Vlahović,ST ,25,152,159,Serbia,Juventus,62182055,5,10,13,16,11,16,16,14,7,5,12,17,9,15,15,17,15,15,14,13,17,15,10,15,5,10,12,14,14,12,16,15,12,15,16,16,12,12,12,10,8,2,1,3,2,1,1,4,2,3,3,1,14,18,14,7,7,15,6,10,1,1,1,1,1,1,1,1,1,1,1,1,1,20,191,20,10,"£31,719,270",7600,7650,6950,NorthernEuropean,153,4,36553,34,13,"£369,282",62182055,6.33333333333333,15,14.5,13,15.3333333333333,13,15.5,14.3333333333333,3,15,14.5,14.3333333333333,2,2,1.5,1,"跑肋部空间接球
远射
与裁判争论
背身拿球",#NAME?
Francesco Acerbi,D C,37,152,159,Italy,Blu-neri Milano,43017499,4,9,7,9,11,6,16,5,6,16,12,7,17,12,17,17,20,14,17,13,20,11,14,9,14,18,12,19,10,10,17,16,16,10,15,18,17,6,18,9,7,1,4,3,2,3,2,2,3,3,2,2,10,20,13,12,17,19,6,7,1,8,20,1,1,1,1,1,1,1,1,1,1,1,192,20,9,"£2,854,736",7600,6750,6500,MediterraneanHispanic,152,4,32183,34,1,"£46,202",43017499,15.6666666666667,15,10,11.6666666666667,10.6666666666667,10,16,17.5,2.5,15,10,17.5,3.5,2,2,2,"长时间控球
不喜欢倒地铲球",#NAME?
Nicolás Otamendi,D C,37,152,159,Argentina,Sport Lisboa e Benfica,14004589,5,9,11,10,12,6,17,6,11,18,13,10,16,12,17,18,20,14,14,12,18,6,20,13,13,18,13,18,8,12,16,14,18,8,16,15,14,16,14,3,9,1,1,2,3,2,1,1,2,1,2,1,16,18,12,7,19,19,9,11,1,1,20,11,1,1,7,1,1,1,1,1,1,1,183,12,20,"£5,313,836",7600,7550,7100,MediterraneanHispanic,152,6,32185,126,7,"£69,610",14004589,15.6666666666667,14.75,8,10.6666666666667,12.3333333333333,11.6666666666667,15.5,16.6666666666667,1.5,14.75,8,16.6666666666667,1.5,3,1.5,1,"与裁判争论
后排插上进攻
倒地铲球
长距离传球
把球带出防守区域",#NAME?
Mattéo Guendouzi,DM/M C,26,152,158,"France,Morocco",Capitolini Celesti,48037391,4,14,14,11,15,11,12,12,4,12,14,7,15,13,15,15,16,13,13,15,17,14,13,15,15,16,14,17,14,14,14,11,16,14,17,12,15,15,13,5,8,1,1,1,2,3,1,2,1,3,3,2,15,17,15,13,10,15,6,9,1,1,1,11,1,10,17,1,20,10,1,14,1,1,185,10,20,"£300,000,000",7600,7150,6750,NorthAfricanMiddleEastern,152,8,36264,14,2,"£27,754",48037391,14,14.25,14,14,13,14,11.5,15.3333333333333,1.5,14.25,14,15.3333333333333,1,2,2,1.5,"回撤拿球
控制节奏
利用脚下技术将球带出危险区",#NAME?
Randal Kolo Muani,AM/ST RL,26,152,157,"France,Democratic Republic of Congo",Paris Saint-Germain,48043873,7,9,14,15,15,8,13,10,6,5,12,15,6,15,14,14,12,13,12,13,15,16,10,16,6,13,12,13,17,15,14,14,16,16,14,13,14,9,14,4,12,3,2,1,1,1,3,1,2,1,3,2,16,16,10,12,15,14,13,12,1,1,1,1,1,1,1,10,1,10,15,13,16,20,187,10,20,"£29,866,986",7600,7600,7000,NorthAfricanMiddleEastern,149,16,36134,31,9,"£149,164",48043873,5.66666666666667,14,16.5,13.3333333333333,14.6666666666667,14.6666666666667,13.5,13.1666666666667,1.5,14,16.5,13.1666666666667,1.5,1,2,2.5,"撞墙式配合
经常带球",#NAME?
Gonçalo Ramos,ST ,24,152,156,Portugal,Paris Saint-Germain,83209468,10,10,13,15,14,8,15,12,4,7,13,11,8,14,14,14,15,13,15,15,16,13,10,15,8,16,13,15,13,14,15,13,15,14,16,14,13,7,13,5,13,2,2,2,1,3,4,1,1,2,1,3,17,13,5,16,14,16,15,16,1,1,1,1,1,1,1,1,1,1,1,14,1,20,185,14,20,"£46,471,278",7600,7500,6250,MediterraneanHispanic,151,7,37062,16,9,"£91,406",83209468,7.66666666666667,14.75,13.5,13,14.3333333333333,13.6666666666667,14,15.1666666666667,1,14.75,13.5,15.1666666666667,2,1,2.5,3.5,"跑肋部空间接球
角度刁钻的射门",#NAME?
Justin Kluivert,AM RLC,26,152,155,"Netherlands,Suriname",AFC Bournemouth,37055841,9,10,16,14,15,8,7,13,2,3,14,13,6,17,16,12,13,13,12,13,15,16,7,14,6,13,14,13,17,17,12,7,12,16,12,8,12,14,14,11,14,1,2,2,2,2,4,1,1,2,1,1,13,16,13,9,13,14,12,12,1,1,1,1,1,1,1,15,1,14,20,19,16,12,172,14,20,"£58,300,000",7600,7000,6250,AfricanCaribbean,146,12,36285,7,0,"£90,000",37055841,5,12.25,16.5,14.6666666666667,13.6666666666667,16,7,13,1,12.25,16.5,13,2,2,1.5,2.5,"跑肋部空间接球
不喜欢倒地铲球
喜欢从双侧内切
喜欢连续过多人",#NAME?
Konrad Laimer,D/WB/DM/M RC,28,152,155,Austria,FC Bayern München,16147659,7,11,12,8,12,7,8,12,8,12,13,8,17,12,17,13,18,12,13,13,18,10,13,12,12,19,12,20,14,13,12,10,16,15,17,13,14,14,16,10,18,3,3,2,3,3,3,2,3,1,1,3,12,16,8,16,12,18,12,12,1,12,10,18,11,16,18,12,20,12,12,12,12,1,180,9,20,"£44,222,968",7600,7500,6750,NorthernEuropean,137,2,35577,49,5,"£140,877",16147659,13.6666666666667,13.75,14.5,11.6666666666667,10.6666666666667,12,9,15.6666666666667,2.5,13.75,14.5,15.6666666666667,2.5,3,3,3,撞墙式配合,#NAME?
Lucas Ocampos,M/AM RL,31,152,155,"Argentina,Spain",CF Monterrey,14031132,13,14,14,11,14,9,13,13,12,4,13,15,9,14,13,13,15,12,12,13,17,14,14,15,11,16,14,17,14,13,13,13,15,15,14,14,12,8,13,14,14,3,2,3,3,2,1,3,4,2,2,2,13,15,7,13,15,13,7,11,1,7,1,7,12,13,1,16,1,17,19,10,20,15,182,9,20,"£300,000,000",7750,7600,7000,MediterraneanHispanic,146,3,34526,12,2,"£35,100",14031132,8,13.5,14.5,13.6666666666667,12.6666666666667,14,13,14.3333333333333,3.5,13.5,14.5,14.3333333333333,2.5,3,2.5,1.5,"趟球变向加速过人
尝试花式动作
喜欢从双侧内切
经常带球",#NAME?
Mattia Zaccagni,AM LC,30,152,155,Italy,Capitolini Celesti,43125343,13,14,17,15,15,12,9,12,3,4,15,15,8,15,13,16,13,15,13,13,17,16,16,16,6,12,13,13,15,15,13,10,14,15,11,11,15,12,14,6,10,3,1,3,1,2,4,2,1,2,1,2,14,14,7,17,13,16,10,11,1,1,1,1,12,1,8,15,8,8,20,15,10,11,177,14,20,"£300,000,000",7600,7600,6250,MediterraneanHispanic,152,2,34866,10,1,"£92,403",43125343,6,12.5,15,14.6666666666667,15.3333333333333,15.6666666666667,9.5,14,1.5,12.5,15,14,2,1,2.5,3,"尝试倒勾球
乐意把球传给位置更好的队友
而不是选择射门
长时间控球
喜欢连续过多人",#NAME?
Riccardo Orsolini,AM R,28,152,155,Italy,Bologna FC 1909,43162321,16,15,16,16,16,15,14,15,5,4,13,15,6,17,15,16,14,13,11,10,17,16,10,13,6,9,12,14,15,15,14,14,14,15,15,15,11,10,8,4,14,1,1,2,1,3,3,2,3,1,1,1,12,15,7,17,12,13,11,12,1,1,1,3,1,5,1,3,5,15,8,8,20,10,183,20,10,"£38,111,516",7600,7500,6050,MediterraneanHispanic,154,3,35454,9,2,"£61,491",43162321,5.33333333333333,14.75,15,13.6666666666667,14,16.3333333333333,14,12.8333333333333,2.5,14.75,15,12.8333333333333,1.5,1,2,2,"远射
角度刁钻的射门
趟球变向加速过人
喜欢连续过多人
从右路内切",#NAME?
Manuel Locatelli,DM/M C,27,152,153,Italy,Juventus,43167354,9,13,11,10,14,10,13,14,7,15,15,11,16,14,14,13,14,14,14,14,17,13,14,12,16,17,14,16,12,12,14,13,14,12,16,15,14,14,14,11,13,3,3,2,1,1,3,1,2,3,3,1,13,17,4,13,12,16,20,17,1,1,13,1,1,1,20,1,19,1,1,5,1,1,184,10,20,"£45,199,960",7600,7600,6400,MediterraneanHispanic,152,4,35803,30,3,"£101,544",43167354,15.6666666666667,14.25,12,14,12,13,13,14.8333333333333,1.5,14.25,12,14.8333333333333,2.5,1,2,2,"远射
回撤拿球
控制节奏
倒地铲球
长距离传球",#NAME?
Matteo Politano,M/AM RLC,32,152,153,Italy,Parthenope,43093382,16,15,13,13,15,14,9,16,11,7,14,15,9,14,7,15,13,15,14,14,13,14,10,16,8,15,13,15,15,15,12,8,14,15,14,9,13,4,12,10,14,2,4,3,3,3,3,1,2,3,4,2,13,14,2,11,12,15,14,10,1,1,1,1,6,13,1,10,1,16,15,15,20,14,171,20,10,"£300,000,000",7600,7550,6100,MediterraneanHispanic,152,3,34184,14,3,"£107,693",43093382,8,12.5,15,13.6666666666667,14.6666666666667,14,8.5,14,1.5,12.5,15,14,3.5,3,2.5,2.5,趟球变向加速过人,#NAME?
Jordan Pickford,GK ,31,152,152,England,Everton,28054565,7,1,1,2,11,10,8,3,1,1,13,3,2,14,16,15,16,10,15,13,14,2,14,1,14,10,15,11,8,16,12,14,15,8,13,14,16,10,13,5,16,14,16,15,12,14,15,17,16,15,11,12,9,12,6,15,15,14,10,7,20,1,1,1,1,1,1,1,1,1,1,1,1,1,187,20,9,"£300,000,000",7600,7800,7000,NorthernEuropean,154,1,34400,76,0,"£164,200",28054565,5.66666666666667,13.75,8,10,4.33333333333333,8.66666666666667,11,13.8333333333333,16.5,13.75,8,13.8333333333333,15.5,12,14,13.5,,#NAME?
David De Gea,GK ,34,151,178,Spain,ACF Fiorentina,67030171,5,3,3,2,11,7,2,2,3,1,7,2,3,8,5,16,11,13,14,13,16,5,14,10,17,12,5,13,13,17,12,15,17,13,13,13,15,5,15,3,14,16,9,10,6,16,14,15,19,3,10,8,17,18,5,14,13,17,18,19,20,1,1,1,1,1,1,1,1,1,1,1,1,1,192,8,20,"£300,000,000",7550,6750,7000,MediterraneanHispanic,147,2,33184,45,0,"£92,403",67030171,7,13.75,13,5.66666666666667,8.33333333333333,7.33333333333333,8.5,13.6666666666667,17,13.75,13,13.6666666666667,9.5,6,16,11,,#NAME?
Heung-Min Son,AM/ST L,33,151,173,South Korea,Los Angeles Football Club,92020288,12,12,11,16,11,15,5,16,6,5,12,9,6,17,8,15,6,17,11,13,14,13,17,17,7,14,12,14,15,14,12,10,16,15,12,10,14,5,14,5,14,3,2,1,2,4,3,3,2,2,1,1,14,17,8,7,14,18,11,15,1,1,1,1,1,1,1,15,1,13,18,11,14,20,183,19,20,"£300,000,000",7750,9250,7500,EastAsian,144,9,33793,127,48,"£147,612",92020288,6,12,15,12.3333333333333,16.6666666666667,13,7.5,12.1666666666667,2.5,12,15,12.1666666666667,1.5,2,3.5,2,"跑肋部空间接球
大力射门
喜欢从双侧内切
喜欢接脚下球",#NAME?
Mateo Kovačić,DM/M C,31,151,172,"Croatia,Austria",Manchester City,24016925,10,10,16,8,16,12,10,9,7,12,14,12,15,16,14,15,14,17,11,14,17,14,11,13,13,15,15,17,15,12,16,9,12,14,14,13,13,12,13,12,15,3,1,2,1,1,4,2,2,1,3,3,14,14,9,12,14,16,14,17,1,1,1,1,1,1,18,10,20,10,5,13,5,1,176,11,20,"£38,504,044",7800,8050,7250,NorthernEuropean,151,5,34460,110,5,"£165,000",24016925,13.3333333333333,13.75,14.5,14.3333333333333,12.6666666666667,16,9.5,14.3333333333333,2,13.75,14.5,14.3333333333333,1.5,1,2,3.5,"回撤拿球
撞墙式配合
经常带球",#NAME?
Tino Livramento,D/WB RL,22,151,170,"England,Portugal,Scotland",Newcastle United,28124569,7,13,15,9,13,7,12,5,9,11,13,7,14,14,12,14,15,13,13,14,15,12,10,12,14,15,12,15,16,12,13,11,14,16,14,13,16,6,12,7,13,4,2,4,2,3,2,1,3,3,1,1,12,14,2,14,15,15,15,16,1,15,14,20,13,17,1,1,1,14,1,1,14,1,185,12,20,"£68,935,000",7550,7550,6200,NorthernEuropean,142,1,37572,1,0,"£75,000",28124569,13,13,16,12.3333333333333,11.3333333333333,14,11.5,14.3333333333333,2,13,16,14.3333333333333,3,2,3.5,1.5,,#NAME?
James Maddison,M/AM RLC,28,151,163,"England,Republic of Ireland",Tottenham Hotspur,28093567,12,14,16,14,15,16,5,14,4,7,16,14,11,17,8,13,12,15,12,11,15,16,10,13,11,13,15,14,13,16,17,8,15,13,13,10,8,9,12,12,8,1,3,3,1,3,1,4,2,2,2,1,12,17,12,12,14,15,8,13,1,1,1,1,1,1,1,16,18,12,16,20,16,8,175,13,20,"£38,625,000",7550,7500,6500,NorthernEuropean,148,5,35392,7,0,"£147,000",28093567,9.66666666666667,14,13,15.6666666666667,14,16,6.5,12.6666666666667,3,14,13,12.6666666666667,3,1,2,1,"远射
回撤拿球
任意球大力攻门",#NAME?
Jan Paul van Hecke,D C,25,151,163,Netherlands,Brighton & Hove Albion,37076335,4,10,13,6,14,5,15,5,7,15,14,7,17,14,17,15,16,16,16,14,16,8,14,6,16,14,13,14,12,13,14,15,14,13,14,14,14,13,14,4,7,3,1,3,2,1,1,1,2,3,3,1,11,13,5,11,15,16,15,13,1,1,20,11,1,6,10,1,1,1,1,1,1,1,189,8,20,"£50,985,000",7550,7150,6250,NorthernEuropean,151,1,36685,5,0,"£55,000",37076335,16,13.75,12.5,11.6666666666667,9.33333333333333,13.6666666666667,15,15.1666666666667,1.5,13.75,12.5,15.1666666666667,2,2,2,1,,#NAME?
Francisco Conceição,AM RC,22,151,162,Portugal,Juventus,83261140,14,13,17,13,16,13,6,14,6,4,13,12,8,16,14,13,16,12,14,10,14,19,8,14,9,12,13,13,17,18,16,7,15,15,13,10,13,18,13,4,10,2,1,1,3,2,2,1,2,2,4,2,5,10,16,3,15,18,5,7,1,1,1,1,1,7,1,5,1,14,12,16,20,12,170,20,8,"£70,216,800",7550,7500,6400,MediterraneanHispanic,148,4,37604,11,2,"£117,000",83261140,7,14.25,16,15,13,16.3333333333333,6.5,13.1666666666667,1.5,14.25,16,13.1666666666667,1,3,2,2,"趟球变向加速过人
喜欢连续过多人
从右路内切",#NAME?
Thomas Partey,DM/M C,32,151,162,Ghana,Villarreal,67175052,8,11,14,10,15,9,13,14,10,12,15,8,14,16,13,16,14,16,14,15,14,13,12,15,15,16,14,15,11,13,14,14,11,12,14,14,15,10,13,12,16,3,3,1,2,3,2,3,3,2,2,2,14,14,9,13,14,14,12,12,1,1,8,12,1,10,20,1,18,8,1,10,8,1,185,11,20,"£23,786,702",7550,7550,6850,AfricanCaribbean,152,16,34133,51,14,"£68,448",67175052,13.6666666666667,13.75,11.5,14,13.6666666666667,15,13.5,14.8333333333333,3,13.75,11.5,14.8333333333333,2,2,3,2,"远射
回撤拿球
利用脚下技术将球带出危险区",#NAME?
Gerard Moreno,AM/ST R,33,151,161,Spain,Villarreal,67115823,8,11,13,17,15,9,14,13,8,5,14,15,6,14,13,15,13,15,14,14,16,13,12,16,8,15,13,16,12,12,13,13,11,13,14,14,16,4,17,17,8,1,4,2,2,2,1,2,3,2,2,1,20,13,5,14,12,15,15,16,1,1,1,1,1,1,1,1,1,13,8,9,16,20,180,20,13,"£300,000,000",7550,7550,6800,MediterraneanHispanic,150,6,33701,18,5,"£68,448",67115823,6.33333333333333,13.25,12.5,13.3333333333333,16,14,13.5,14.5,2.5,13.25,12.5,14.5,3,2,1.5,1,,#NAME?
Johnny Cardoso,DM/M/AM C,23,151,161,"United States,Brazil,Italy",A. Madrid,89066513,7,9,12,11,15,10,15,10,7,14,15,13,15,14,12,15,15,14,13,15,15,11,13,14,16,15,13,15,12,13,13,13,15,13,16,14,14,8,14,7,15,3,1,2,1,3,3,2,3,3,2,2,14,15,6,12,12,13,10,12,1,1,1,1,1,1,18,1,20,1,1,17,1,10,185,10,20,"£50,824,288",7500,7250,6500,MediterraneanHispanic,149,6,37154,22,0,"£65,578",89066513,15,14,12.5,13,13,13.6666666666667,14,14.6666666666667,2.5,14,12.5,14.6666666666667,1.5,1,3,2.5,"控制节奏
后排插上进攻
利用脚下技术将球带出危险区",#NAME?
Joe Gomez,D RLC,28,151,160,"England,The Gambia",Liverpool,29115800,3,13,11,1,15,4,15,1,16,15,13,1,15,14,14,14,15,14,14,14,12,5,10,11,15,16,7,14,16,15,14,14,15,16,15,15,14,8,14,12,14,3,1,2,2,1,1,1,2,1,3,3,17,13,3,18,14,15,11,16,1,17,20,18,13,13,13,1,1,1,1,1,1,1,188,8,20,"£41,715,000",7550,7250,6250,MixedRace,152,13,35573,15,0,"£120,000",29115800,15,14.75,16,8.33333333333333,8.66666666666667,13.3333333333333,14.5,14.1666666666667,1.5,14.75,16,14.1666666666667,1.5,2,2,2,,#NAME?
Loïs Openda,AM/ST LC,25,151,160,"Belgium,Morocco,Democratic Republic of Congo",RB Leipzig,18101745,6,9,13,14,14,12,13,12,6,5,11,16,6,14,14,14,11,12,12,13,15,14,8,15,5,11,11,12,17,15,14,12,16,18,13,13,13,15,13,4,10,2,2,1,2,1,2,3,3,4,2,3,16,18,13,4,8,8,7,7,1,1,1,1,10,1,1,12,1,1,15,17,12,20,177,13,20,"£45,558,824",7550,6900,6500,AfricanCaribbean,145,13,36572,27,3,"£99,442",18101745,5.33333333333333,13.75,17.5,12,13.6666666666667,13.6666666666667,12.5,12.6666666666667,3,13.75,17.5,12.6666666666667,1.5,2,1.5,2.5,"跑肋部空间接球
乐于反越位
尝试倒勾球",#NAME?
Kieran Trippier,D/WB R,34,151,159,England,Newcastle United,28018613,15,15,11,9,15,16,11,12,11,14,16,5,14,16,12,15,13,15,12,14,15,8,18,15,14,17,16,17,12,12,14,9,16,12,16,13,16,8,15,7,13,1,3,2,3,2,2,1,1,1,2,3,13,12,4,12,13,17,14,14,1,14,1,20,13,19,1,10,1,13,1,1,1,1,173,9,20,"£3,531,183",7550,7000,6800,NorthernEuropean,147,7,33135,54,1,"£115,000",28018613,14,13.75,12,13.3333333333333,13,14,10,14.3333333333333,1,13.75,12,14.3333333333333,2.5,3,1.5,2.5,有机会就前插,#NAME?
Youssouf Fofana,DM/M C,26,151,156,"France,Mali",Casciavit Milano,49045776,6,9,13,9,14,6,12,11,9,13,14,9,14,13,14,14,13,14,13,14,15,8,12,11,16,17,14,16,13,13,16,13,16,14,18,15,16,11,12,7,10,1,1,2,3,3,1,2,3,1,3,2,14,14,8,14,12,14,14,16,1,1,1,1,1,1,19,1,20,5,1,1,1,1,185,12,20,"£29,350,624",7550,7250,6250,AfricanCaribbean,150,17,36170,25,3,"£92,403",49045776,14.3333333333333,15.5,13.5,12,11.3333333333333,13.3333333333333,12.5,14.3333333333333,2.5,15.5,13.5,14.3333333333333,1.5,3,2,1.5,"不喜欢倒地铲球
经常带球",#NAME?
Alexis Saelemaekers,WB/M/AM RL,26,151,153,Belgium,Casciavit Milano,18097159,14,14,14,11,14,11,9,13,9,9,15,7,13,15,14,13,13,11,13,13,16,15,12,13,11,16,14,16,14,15,13,10,12,14,14,8,15,12,12,8,18,3,2,2,1,1,3,2,3,2,2,1,15,14,11,11,13,15,9,9,1,9,1,13,12,19,9,12,10,19,16,12,20,10,180,12,20,"£22,656,622",7550,6750,6400,NorthernEuropean,145,1,36338,16,1,"£21,272",18097159,11,12.5,14,14.6666666666667,11.6666666666667,14.3333333333333,9.5,14,2.5,12.5,14,14,2,1,2,2,"有机会就前插
激怒对手
与裁判争论",#NAME?
Pote,M/AM RLC,27,151,153,Portugal,Sporting Clube de Portugal,29192705,14,15,15,16,15,14,8,15,10,6,14,8,8,16,11,16,8,14,12,14,14,14,13,17,8,12,16,11,14,15,14,8,14,13,13,9,14,12,14,11,10,1,1,2,1,2,2,2,2,2,2,1,17,12,6,13,16,15,14,13,1,1,1,1,1,1,1,12,16,10,20,20,15,14,173,13,20,"£52,522,168",7250,7100,6000,MediterraneanHispanic,149,5,35974,3,0,"£99,442",29192705,7.33333333333333,12.75,13.5,14.6666666666667,15.6666666666667,15.3333333333333,8,12.6666666666667,2,12.75,13.5,12.6666666666667,1.5,1,1.5,1.5,"中路带球突进
经常尝试传身后球
远射
激怒对手
从左路内切",#NAME?
Jack Grealish,M/AM RLC,29,150,175,"England,Republic of Ireland",Manchester City,28067800,13,14,17,9,15,10,11,10,3,6,14,12,9,14,9,13,15,14,12,13,14,16,12,13,10,13,14,15,14,15,14,7,15,12,14,13,12,13,14,8,9,2,1,3,1,4,1,1,3,1,3,1,12,16,12,15,16,10,8,4,1,1,1,1,1,1,1,18,14,16,20,20,16,12,175,15,20,"£57,150,000",7950,7500,7250,NorthernEuropean,143,4,34952,39,4,"£270,000",28067800,8.33333333333333,14,13,14.6666666666667,12,15.3333333333333,9,13.3333333333333,2,14,13,13.3333333333333,2,1,3,1,"激怒对手
停球观察
喜欢从双侧内切
经常带球",#NAME?
Rayan Cherki,AM/ST RLC,21,150,174,"France,Algeria,Italy",Manchester City,49056279,14,14,18,12,17,14,4,10,3,3,14,11,3,17,8,9,12,15,10,13,13,18,11,11,7,12,16,10,14,15,13,6,13,14,10,13,10,6,14,7,14,2,3,2,2,1,1,1,2,2,1,4,16,14,11,15,15,13,14,13,1,1,1,1,1,1,1,13,11,12,19,20,18,16,177,18,20,"£68,364,000",7500,7500,6000,NorthAfricanMiddleEastern,141,6,37850,2,1,"£110,000",49056279,4.33333333333333,12.75,14,16,12.6666666666667,17.3333333333333,5,11.5,1.5,12.75,14,11.5,2.5,2,1.5,2.5,"回撤拿球
尝试花式动作
经常带球",#NAME?
Miloš Kerkez,D/WB L,21,150,173,"Hungary,Serbia",Liverpool,2000011147,8,14,13,7,13,8,6,10,10,13,13,7,15,14,16,14,16,12,13,14,17,12,7,16,14,16,11,17,16,15,14,10,15,15,16,13,12,14,13,6,12,3,4,3,3,3,3,2,3,2,4,2,15,15,7,8,13,14,9,9,1,20,1,13,20,10,1,15,1,1,12,1,1,1,176,20,7,"£65,209,000",7400,7400,6150,NorthernEuropean,145,1,37932,23,0,"£140,000",2000011147,14,14.5,15.5,12,11.6666666666667,13.3333333333333,8,15,2.5,14.5,15.5,15,3.5,3,3,2.5,"沿左路带球突进
有机会就前插
激怒对手
倒地铲球",#NAME?
Aleksandar Pavlović,DM/M C,21,150,172,"Germany,Serbia",FC Bayern München,2000171034,13,13,12,8,15,13,11,12,6,11,17,12,12,15,12,16,13,17,16,16,15,12,10,9,13,16,15,13,11,12,13,13,8,12,17,11,17,6,16,13,8,3,1,3,2,4,1,2,3,1,1,3,5,16,5,20,16,15,12,12,1,1,10,1,1,1,20,1,18,1,1,12,1,1,188,12,20,"£63,605,619",7500,7500,6750,NorthernEuropean,146,2,38110,5,1,"£116,017",2000171034,12,13.25,11.5,14.6666666666667,11.3333333333333,14,12,15.3333333333333,2.5,13.25,11.5,15.3333333333333,2,2,3.5,2,,#NAME?
Sergej Milinković-Savić,DM/M/AM C,30,150,170,"Serbia,Spain",Al-Hilal Saudi Football Club,62127037,9,11,13,14,16,15,17,14,8,9,15,12,11,16,14,15,17,15,12,15,16,15,12,17,10,14,14,13,10,10,11,16,18,14,14,17,14,15,14,5,8,1,3,3,1,3,3,2,3,2,2,2,13,15,4,13,13,16,12,10,1,1,1,1,1,1,17,1,20,1,1,17,1,10,192,15,20,"£7,742,200",7500,7100,6750,NorthernEuropean,151,2,34757,53,9,"£238,502",62127037,10,13,12,14.6666666666667,15.3333333333333,15,16.5,14.8333333333333,2.5,13,12,14.8333333333333,3,1,2,2.5,"插入对方禁区
跑肋部空间接球
有机会就前插
大力射门",#NAME?
Álvaro Carreras,D/WB L,22,150,168,Spain,R. Madrid,2000032706,8,10,14,11,14,7,11,12,11,11,15,10,16,15,14,14,13,16,14,15,16,11,12,14,13,15,14,14,14,14,15,13,16,14,15,13,16,11,14,3,13,3,1,2,1,3,2,2,3,2,1,3,8,16,8,8,13,15,14,12,1,20,13,1,19,1,12,11,1,1,1,1,1,1,186,20,10,"£96,229,420",7500,6250,6250,MediterraneanHispanic,149,2,37703,0,0,"£149,164",2000032706,13.3333333333333,14.25,14,13.3333333333333,13.6666666666667,14.3333333333333,12,14.5,2.5,14.25,14,14.5,1.5,1,3,2.5,"有机会就前插
撞墙式配合",#NAME?
Amad,WB/M/AM RC,23,150,168,"Ivory Coast,Italy",Manchester United,43425040,15,11,15,13,16,12,3,14,2,6,15,8,6,16,14,12,12,14,11,13,17,16,5,14,9,13,13,16,16,17,14,6,15,15,14,9,12,8,14,5,13,2,1,3,2,4,3,2,1,1,3,2,15,18,5,13,14,16,16,15,1,1,1,1,1,18,1,10,13,18,12,18,20,10,173,20,8,"£63,560,000",7500,6750,6500,AfricanCaribbean,143,18,37448,6,1,"£100,000",43425040,7,13.5,15.5,14.6666666666667,13.6666666666667,15.6666666666667,4.5,13,1.5,13.5,15.5,13,2,2,3,2.5,"在盘带前先将球停至左脚
从右路内切",#NAME?
İlkay Gündoğan,DM/M/AM C,34,150,167,"Germany,Türkiye",Galatasaray A.Ş.,91003875,13,12,13,13,17,15,7,12,6,10,16,14,12,16,13,17,12,17,14,17,15,13,17,15,12,16,16,13,11,12,14,10,13,9,9,13,15,8,16,9,14,1,1,1,2,2,3,2,3,4,1,2,13,17,6,7,16,18,16,14,1,1,1,1,1,1,16,11,20,10,11,18,10,1,180,13,20,"£300,000,000",7700,8350,6900,NorthAfricanMiddleEastern,148,9,33170,81,18,"£93,483",91003875,11.3333333333333,12,10,15,15,15.3333333333333,8.5,15.1666666666667,2.5,12,10,15.1666666666667,1,2,1.5,2.5,"经常尝试传身后球
撞墙式配合
控制节奏",#NAME?
José Giménez,D C,30,150,166,"Uruguay,Spain",A. Madrid,78060464,7,10,11,7,12,6,16,8,13,16,11,12,16,12,16,15,16,13,15,15,15,9,16,10,15,16,11,16,12,11,13,13,12,12,11,15,14,14,13,17,12,3,2,3,2,1,4,3,1,2,1,1,15,15,6,16,12,15,7,9,1,1,20,10,1,1,10,1,1,1,1,1,1,1,185,10,20,"£36,382,888",7500,7500,7000,MediterraneanHispanic,150,8,34719,96,8,"£83,096",78060464,15.6666666666667,12.5,12,10.3333333333333,10,11.6666666666667,14.5,15.3333333333333,2,12.5,12,15.3333333333333,2.5,2,2,2.5,"激怒对手
倒地铲球",#NAME?
Mason Mount,M/AM RLC,26,150,165,England,Manchester United,28103590,15,12,11,13,15,14,6,12,4,7,14,15,10,14,15,13,15,13,14,14,17,13,10,16,14,18,12,19,14,13,11,8,13,15,18,10,12,6,14,10,12,3,1,1,1,2,1,3,3,2,2,1,16,18,6,10,14,16,16,17,1,1,1,1,1,1,14,1,18,1,16,20,15,1,181,11,20,"£60,500,000",7500,7000,6750,NorthernEuropean,148,3,36170,36,5,"£200,000",28103590,10.3333333333333,13,14.5,13,14,13.3333333333333,7,15.1666666666667,3,13,14.5,15.1666666666667,1,1,2.5,1,"跑肋部空间接球
弧线球射门
后排插上进攻",#NAME?
Morgan Rogers,AM/ST RLC,23,150,165,England,Aston Villa,28115996,10,12,17,14,13,7,8,13,4,9,13,5,9,15,10,13,10,13,11,10,15,18,8,11,9,12,13,13,15,15,17,11,14,16,13,14,11,4,11,4,10,3,1,3,1,3,3,3,2,2,2,2,14,15,5,11,14,12,14,14,1,1,1,1,1,1,1,14,12,12,20,18,17,16,187,13,20,"£60,833,334",7500,7500,6100,MixedRace,142,12,37463,4,0,"£115,000",28115996,9,14.75,15.5,14.6666666666667,12.6666666666667,15,9.5,11.8333333333333,2.5,14.75,15.5,11.8333333333333,2,1,3,2.5,"中路带球突进
经常尝试传身后球
弧线球射门
经常带球",#NAME?
Nick Woltemade,AM/ST C,23,150,165,Germany,Newcastle United,91187791,6,8,16,14,16,12,13,12,6,8,14,16,9,16,13,14,13,13,12,13,16,16,13,13,8,15,14,14,12,15,18,17,12,14,13,15,14,6,16,8,10,3,2,3,3,3,1,2,1,3,2,1,8,16,5,12,14,16,18,18,1,1,1,1,1,1,1,1,12,1,12,18,12,20,198,12,20,"£71,146,666",7500,7500,6000,NorthernEuropean,150,3,37301,2,0,"£135,000",91187791,8.33333333333333,15.25,13,14.6666666666667,13.3333333333333,16,15,13.8333333333333,1.5,15.25,13,13.8333333333333,2.5,3,3,1,"喜欢盘过门将后射门
撞墙式配合
鼓动观众情绪
经常带球",#NAME?
Harvey Elliott,M/AM RC,22,150,164,England,Liverpool,29233143,13,15,14,9,16,12,7,11,7,9,16,12,10,16,14,14,13,16,15,15,16,14,10,16,10,17,16,16,13,16,16,6,13,12,14,10,13,5,13,8,12,2,2,3,3,2,2,2,1,2,3,2,16,15,7,17,14,14,13,14,1,1,1,1,1,1,11,14,16,14,14,20,19,4,170,20,10,"£54,666,667",7500,7250,6250,NorthernEuropean,149,3,37715,0,0,"£85,000",29233143,9.66666666666667,14,12.5,15.3333333333333,13.6666666666667,15.3333333333333,6.5,15,1.5,14,12.5,15,2.5,3,2,2,"经常尝试传身后球
回撤拿球
喜欢接脚下球
从右路内切",#NAME?
João Palhinha,DM/M C,30,150,164,Portugal,FC Bayern München,55070285,6,8,11,8,12,8,15,13,8,14,12,12,19,12,18,16,19,12,16,13,19,8,14,9,16,16,11,19,11,11,16,16,15,13,16,16,16,15,12,10,13,1,2,2,3,4,3,1,1,1,3,1,12,15,5,14,12,19,10,10,1,1,14,1,1,1,20,1,17,1,1,1,1,1,190,8,20,"£19,285,206",7400,7500,6750,NorthernEuropean,148,5,34889,34,2,"£198,885",55070285,16.3333333333333,14.75,12,10.3333333333333,9.66666666666667,11.6666666666667,15.5,16.5,1,14.75,12,16.5,2,3,2.5,2,"习惯简单短传配合
倒地铲球
鼓动观众情绪",#NAME?
Rodrigo Bentancur,DM/M C,28,150,164,Uruguay,Tottenham Hotspur,14094572,10,10,14,10,15,12,12,11,7,14,15,8,15,14,16,14,13,14,13,14,12,11,10,10,15,15,14,15,12,14,15,13,14,13,15,14,14,15,11,7,16,3,3,3,3,2,1,2,2,2,3,1,16,12,5,15,17,18,15,11,1,1,1,1,1,1,18,7,20,7,1,8,1,1,187,12,20,"£47,500,000",7500,7850,6250,MediterraneanHispanic,148,4,35606,70,3,"£110,000",14094572,14.6666666666667,14.5,12.5,13.3333333333333,11.3333333333333,14.3333333333333,12.5,13.5,2,14.5,12.5,13.5,3,3,2.5,1,"回撤拿球
控制节奏
利用脚下技术将球带出危险区",#NAME?
Guglielmo Vicario,GK ,28,150,163,Italy,Tottenham Hotspur,43155241,6,3,2,2,8,8,8,1,2,3,14,1,2,8,10,14,15,15,15,14,16,9,12,8,14,12,11,11,12,14,13,16,13,13,15,15,13,9,12,7,12,14,10,14,4,13,13,13,18,12,11,12,13,15,6,12,13,15,13,12,20,1,1,1,1,1,1,1,1,1,1,1,1,1,194,7,20,"£41,250,000",7500,7500,6250,NorthernEuropean,148,2,35345,4,0,"£68,000",43155241,6.33333333333333,14.25,12.5,11.3333333333333,8.33333333333333,6,12,14.3333333333333,15.5,14.25,12.5,14.3333333333333,12,4,13.5,12.5,,#NAME?
Angelo Stiller,DM/M C,24,150,162,Germany,VfB Stuttgart,91184426,14,13,12,8,15,15,11,12,6,12,17,12,12,15,13,14,12,18,15,16,16,12,14,12,14,16,17,15,12,12,14,11,16,11,16,12,16,8,16,8,10,1,1,3,2,2,1,3,1,3,2,1,15,15,8,14,16,17,14,16,1,1,12,1,1,1,20,1,18,1,1,12,1,1,183,20,8,"£31,427,744",7400,7500,6000,NorthernEuropean,147,4,36985,4,0,"£82,868",91184426,12.6666666666667,13.5,11.5,15.3333333333333,12.6666666666667,14,11,14.8333333333333,2,13.5,11.5,14.8333333333333,2,2,1.5,1,"控制节奏
长距离传球
喜欢接脚下球",#NAME?
Brahim Díaz,AM RLC,26,150,162,"Morocco,Spain",R. Madrid,28106999,12,13,16,13,16,9,6,12,7,7,15,12,8,16,9,14,15,13,13,12,17,15,8,15,9,14,14,13,16,16,14,6,13,14,12,7,12,11,13,5,15,1,3,1,1,3,1,2,2,1,1,1,16,15,6,13,13,16,14,11,1,1,1,1,1,1,1,11,12,12,15,20,17,8,170,16,20,"£35,000,372",7500,7800,6500,MediterraneanHispanic,149,4,36375,10,8,"£120,988",28106999,8,12.25,15,14.6666666666667,13.6666666666667,16,6,14.1666666666667,2,12.25,15,14.1666666666667,2,1,2,1,"跑肋部空间接球
经常尝试传身后球
喜欢连续过多人",#NAME?
Charles De Ketelaere,AM/ST C,24,150,160,Belgium,Bergamo,18110528,8,13,15,14,15,13,14,13,5,5,15,14,10,16,8,14,9,13,12,14,12,14,8,14,10,16,15,12,13,16,15,15,13,14,13,14,12,8,10,6,16,3,1,3,3,1,1,2,2,2,2,1,11,14,10,13,10,15,15,7,1,1,1,1,1,1,1,8,12,11,10,20,14,18,192,20,11,"£29,944,766",7500,7000,6400,NorthernEuropean,148,2,36960,21,2,"£53,348",18110528,8.33333333333333,14.5,13.5,14.6666666666667,13.6666666666667,15.3333333333333,14.5,12.8333333333333,2,14.5,13.5,12.8333333333333,2,3,2,1,,#NAME?
Marco Carnesecchi,GK ,25,150,160,Italy,Bergamo,43298002,1,1,3,2,8,1,5,3,1,1,7,3,3,8,9,13,13,11,15,13,15,7,12,7,16,13,8,14,14,15,13,15,15,13,15,13,14,6,15,6,3,16,15,15,12,16,9,16,17,13,13,11,12,16,6,15,12,18,14,14,20,1,1,1,1,1,1,1,1,1,1,1,1,1,191,5,20,"£16,469,621",7500,7500,6000,MediterraneanHispanic,150,2,36708,0,0,"£24,597",43298002,6.66666666666667,14,13.5,7.33333333333333,6.66666666666667,6.33333333333333,10,13.6666666666667,16.5,14,13.5,13.6666666666667,15,12,16,10,喜欢通过长距离手抛球发起防守反击,#NAME?
Miguel Gutiérrez,D/WB L,24,150,160,Spain,Parthenope,67276071,12,16,14,10,14,8,8,9,14,11,15,10,12,15,12,14,13,14,14,15,16,14,12,15,12,15,15,13,15,14,13,12,15,14,14,12,14,12,13,10,12,2,2,3,1,3,3,1,3,1,2,1,13,14,6,15,15,16,14,14,1,20,1,1,20,1,8,14,8,1,14,8,1,1,180,20,10,"£33,088,964",7500,7500,6000,MediterraneanHispanic,144,5,37099,0,0,"£70,798",67276071,11.6666666666667,13.25,14.5,14.6666666666667,13,14.3333333333333,10,14.5,2,13.25,14.5,14.5,2.5,1,2.5,2,"跑肋部空间接球
控制节奏
从左路内切",#NAME?
Moussa Diaby,AM RL,26,150,160,"France,Mali",Al-Ittihad Club,48044574,13,13,16,12,15,13,5,13,4,5,14,10,6,16,14,14,9,11,10,11,12,15,5,14,7,12,14,11,18,17,15,5,16,14,13,7,12,10,12,5,12,2,3,1,1,1,3,3,1,2,3,3,13,15,4,13,11,11,8,9,1,1,1,1,1,1,1,13,1,14,18,14,20,15,170,20,10,"£62,399,996",7500,7250,6750,AfricanCaribbean,139,15,36348,11,0,"£254,076",48044574,6,13,16,14.3333333333333,12.3333333333333,15.6666666666667,5,11.3333333333333,2,13,16,11.3333333333333,2,1,1.5,3,"撞墙式配合
经常带球",#NAME?
Sergio Canales,M/AM C,34,150,160,Spain,CF Monterrey,67053076,13,12,16,16,17,13,7,16,9,7,17,13,8,17,7,13,11,13,13,15,12,16,13,15,10,14,17,14,13,13,15,8,12,13,13,12,12,6,15,14,13,1,1,2,2,2,3,1,1,4,3,1,11,14,7,16,11,18,16,11,1,1,1,1,1,1,12,1,19,1,14,20,14,5,178,20,8,"£1,517,443",7500,7500,6750,MediterraneanHispanic,150,5,33285,11,1,"£82,868",67053076,8.33333333333333,13.25,13,16.6666666666667,14.6666666666667,16.6666666666667,7.5,13,1,13.25,13,13,1.5,2,1.5,2,"经常尝试传身后球
喜欢过顶球吊射
喜欢接脚下球",#NAME?
Raphaël Guerreiro,D/WB/M LC,31,150,159,"Portugal,France",FC Bayern München,85045409,14,16,15,11,17,16,6,15,12,9,16,12,10,17,8,14,10,16,11,12,11,16,10,16,9,15,16,12,13,15,12,6,10,12,16,9,13,6,14,16,18,2,2,3,1,3,3,2,2,4,2,3,8,12,8,12,10,10,16,16,1,20,10,12,18,12,15,12,18,10,12,13,10,6,170,20,8,"£7,753,295",7400,6900,6900,MediterraneanHispanic,128,6,34325,65,4,"£107,730",85045409,9.33333333333333,13,12.5,16,14.3333333333333,16.3333333333333,6,12.1666666666667,2,13,12.5,12.1666666666667,2.5,1,2.5,3,"有机会就前插
用外脚背
撞墙式配合
利用脚下技术将球带出危险区
避免使用弱势脚",#NAME?
Andrea Cambiaso,D/WB/M RL,25,150,158,Italy,Juventus,43339195,8,14,13,10,14,4,8,10,11,12,15,5,13,14,13,15,13,14,13,12,16,10,7,14,12,15,12,13,14,14,12,10,11,14,14,12,13,10,11,8,19,1,1,4,2,1,3,1,3,2,1,4,18,14,8,15,12,19,15,13,1,20,8,17,20,17,12,18,12,16,7,3,7,1,181,20,15,"£34,664,632",7500,7650,6500,MediterraneanHispanic,135,1,36576,0,0,"£73,790",43339195,12.3333333333333,13,14,12.3333333333333,12.6666666666667,13.6666666666667,9,14,2,13,14,14,2.5,2,1,3.5,"跑肋部空间接球
喜欢从双侧内切
尽早传中",#NAME?
Angeliño,D/WB/M LC,28,150,158,Spain,Associazione Sportiva Roma,28095342,14,17,12,10,15,15,8,12,15,12,14,10,13,15,15,14,12,13,11,13,13,13,6,14,12,15,14,17,15,15,13,7,18,14,16,10,15,8,15,3,13,3,3,2,3,3,3,2,3,1,2,3,16,16,14,11,10,8,8,7,1,20,15,1,20,1,8,16,8,1,12,1,1,1,171,20,8,"£31,513,302",7500,6850,5850,MediterraneanHispanic,141,5,35434,0,0,"£61,491",28095342,12.3333333333333,13.5,14.5,13.6666666666667,12.3333333333333,14,7.5,13,2.5,13.5,14.5,13,2.5,3,3,3,"有机会就前插
弧线球射门
尽早传中",#NAME?
"Antony(Real Hispalis,Brazil,Portugal)",M/AM R,25,150,158,"Brazil,Portugal",Real Hispalis,19338230,10,14,16,13,16,13,7,14,7,6,14,14,9,17,14,12,14,13,12,10,14,17,9,13,9,13,13,16,16,17,15,7,15,15,16,9,10,14,12,8,10,1,3,1,4,1,2,3,3,3,3,3,13,14,15,12,13,12,5,6,1,1,1,1,1,1,1,10,10,18,14,14,20,9,172,20,7,"£51,852,408",7500,7250,6250,MediterraneanHispanic,150,9,36580,16,2,"£63,086",19338230,8,14.25,15.5,14.6666666666667,13,16.3333333333333,7,12.5,3,14.25,15.5,12.5,2,4,1,2.5,"远射
用外脚背
在盘带前先将球停至左脚
避免使用弱势脚
尝试花式动作
从右路内切",#NAME?
Dani Vivian,D/DM C,26,150,158,"Spain,Pays Basque",A. Bilbao,67256618,8,10,11,9,13,8,15,7,14,15,14,7,15,14,13,14,15,15,14,14,15,8,14,8,14,15,12,14,14,14,9,13,13,14,15,14,14,10,13,7,15,3,3,2,3,2,2,3,2,3,1,1,13,14,5,15,13,15,12,8,1,1,20,1,1,1,17,1,1,1,1,1,1,1,183,11,20,"£78,750,832",7500,7500,6750,MediterraneanHispanic,150,4,36346,9,0,"£63,086",67256618,14.6666666666667,13,14,11.3333333333333,10.6666666666667,12.6666666666667,14,14.5,2.5,13,14,14.5,2.5,3,2.5,1.5,,#NAME?
Rafa,AM/ST RLC,32,150,158,Portugal,Beşiktaş A.Ş.,55063493,12,13,18,12,16,10,5,10,4,5,13,12,8,17,9,14,10,12,10,10,12,19,10,17,5,11,14,12,18,18,16,5,16,14,12,6,10,6,14,7,10,1,4,4,3,3,2,3,1,3,4,3,8,14,6,12,10,14,9,14,1,1,1,1,1,1,1,12,12,12,15,20,15,19,172,11,20,"£300,000,000",7500,7250,7000,MediterraneanHispanic,140,4,34106,25,0,"£125,309",55063493,6,13,16,15.3333333333333,13.6666666666667,17,5,11.1666666666667,2,13,16,11.1666666666667,4,3,2,2.5,"角度刁钻的射门
乐于反越位
用外脚背
喜欢过顶球吊射
尝试花式动作
经常带球",#NAME?
David Neres,M/AM RL,28,150,156,Brazil,Parthenope,19260918,14,14,18,13,17,10,8,12,7,5,16,10,5,17,12,14,11,13,9,13,13,20,5,16,6,11,15,8,16,16,15,9,13,14,12,11,13,8,12,10,14,1,3,3,1,3,1,1,2,2,2,3,14,14,5,14,14,13,6,12,1,1,1,1,1,1,1,16,7,16,19,14,20,14,176,20,11,"£33,704,064",7500,7100,6250,MixedRace,146,15,35492,8,1,"£92,403",19260918,5.33333333333333,13.5,15,17,14,17.3333333333333,8.5,11.8333333333333,1.5,13.5,15,11.8333333333333,3,1,2,2,"撞墙式配合
从右路内切",#NAME?
Gianluca Mancini,D C,29,150,156,Italy,Associazione Sportiva Roma,43093502,4,9,10,9,11,5,17,5,8,15,11,6,15,12,19,15,15,14,15,14,18,8,16,10,15,17,11,16,13,11,12,16,16,13,15,16,15,18,10,8,12,3,3,2,2,1,3,1,3,1,2,1,6,13,17,12,12,16,4,7,1,1,20,8,1,1,10,1,1,1,1,1,1,1,190,9,20,"£33,367,020",7500,7500,6000,MediterraneanHispanic,150,1,35172,14,0,"£107,693",43093502,15,13.5,13,10,11,11,16.5,15.6666666666667,2,13.5,13,15.6666666666667,2.5,2,2,2,"激怒对手
与裁判争论
鼓动观众情绪",#NAME?
Kang-In Lee,M/AM RLC,24,150,156,South Korea,Paris Saint-Germain,67260506,13,13,16,13,16,13,8,15,7,6,15,13,6,16,13,14,12,12,13,12,16,17,10,14,8,13,15,13,14,15,13,8,12,13,13,10,12,8,13,8,15,4,1,2,2,3,3,1,1,3,1,3,13,14,3,15,15,15,12,10,1,1,1,1,1,1,1,17,16,17,20,18,19,14,173,20,14,"£31,169,058",7500,8250,6000,Asian,144,3,36941,29,10,"£120,823",67260506,6.66666666666667,12.75,13.5,15.6666666666667,13,16,8,13.3333333333333,1,12.75,13.5,13.3333333333333,1.5,2,3.5,3,"经常尝试传身后球
角度刁钻的射门
喜欢连续过多人
经常带球",#NAME?
"Nicolás González(Juventus,Argentina,Italy)",AM RL,27,150,156,"Argentina,Italy",Juventus,14181375,9,14,15,15,15,9,16,14,4,5,14,14,7,15,16,13,15,15,10,13,17,15,7,15,6,13,14,14,15,14,13,14,14,16,13,11,13,9,12,13,12,3,2,2,1,3,2,2,3,3,3,3,16,15,12,12,14,14,10,7,1,1,1,1,1,1,1,11,1,14,17,14,20,15,180,20,8,"£37,074,472",7500,7350,6300,NativeAmerican,145,8,35891,43,6,"£78,443",14181375,6,12.75,15.5,14.3333333333333,15,15,15,13.5,2.5,12.75,15.5,13.5,2,1,3,2.5,"插入对方禁区
避免使用弱势脚
经常带球",#NAME?
Aleksandar Mitrović,ST ,30,150,155,Serbia,Al-Rayyan Sports Club,62096282,3,9,13,16,14,6,19,8,5,9,12,14,9,14,16,16,17,14,13,14,15,13,13,18,6,15,11,14,11,11,10,15,11,15,14,17,14,15,14,11,7,2,1,3,3,3,1,3,1,4,3,3,13,14,14,12,13,14,5,7,1,1,1,1,1,1,1,1,1,1,1,1,1,20,189,10,20,"£11,018,643",7500,7600,6750,MediterraneanHispanic,148,6,34593,100,62,"£141,973",62096282,8,13,13,12,16,13.6666666666667,17,15,2,13,13,15,2,3,2.5,2,"与裁判争论
背身拿球
鼓动观众情绪",#NAME?
Arthur Theate,D LC,25,150,155,Belgium,Eintracht Frankfurt,18105815,5,11,12,7,13,11,15,13,14,14,15,10,14,13,16,16,17,15,13,13,18,12,14,11,14,16,14,18,13,13,15,15,16,13,13,15,16,15,15,5,12,1,1,2,1,2,3,3,1,3,2,2,15,16,12,8,14,16,8,8,1,18,20,1,14,1,10,1,1,1,1,1,1,1,185,20,9,"£36,540,392",7400,6500,6000,MixedRace,151,3,36671,25,0,"£41,434",18105815,14,14,13,13.6666666666667,11,12.6666666666667,15,15.5,2,14,13,15.5,1.5,1,1.5,2.5,"大力射门
激怒对手
鼓动观众情绪
任意球大力攻门
把球带出防守区域",#NAME?
Dodi Lukébakio,M/AM RL,27,150,155,"Belgium,Democratic Republic of Congo",Sport Lisboa e Benfica,18083611,14,14,18,14,14,12,10,14,6,2,12,17,3,15,12,13,7,13,13,13,14,16,7,14,6,11,12,8,16,14,12,13,16,16,13,15,15,8,10,7,13,2,2,2,3,3,1,3,1,2,2,4,14,13,12,7,14,14,13,12,1,1,1,1,1,7,1,12,1,17,15,7,20,15,187,20,10,"£43,210,340",7500,6400,6750,AfricanCaribbean,144,16,35697,26,2,"£35,864",18083611,3.66666666666667,13.5,16,13.3333333333333,13.6666666666667,15.6666666666667,11.5,11.8333333333333,2,13.5,16,11.8333333333333,2,3,2.5,2.5,"尝试倒勾球
经常带球
从右路内切",#NAME?
Ivan Toney,ST ,29,150,155,"England,Jamaica",Al-Ahli Saudi Sport Club,29116247,4,11,14,17,15,12,17,13,5,5,12,20,7,15,15,14,14,15,13,14,16,13,13,14,8,13,12,13,13,11,14,13,14,14,13,15,16,15,15,5,11,1,3,2,2,3,3,3,2,2,2,3,14,16,11,11,14,13,6,7,1,1,1,1,1,1,1,1,1,1,1,1,1,20,185,11,20,"£62,399,996",7500,7250,6750,AfricanCaribbean,149,15,35140,7,1,"£331,476",29116247,6.66666666666667,13.25,13.5,12.3333333333333,15.3333333333333,14.6666666666667,15,14,2.5,13.25,13.5,14,2.5,2,2,3,"跑肋部空间接球
大力射门
激怒对手
回撤拿球
喜欢接脚下球",#NAME?
Lucas Torreira,DM/M C,29,150,155,"Uruguay,Spain",Galatasaray A.Ş.,43201830,6,8,10,7,14,7,10,11,5,16,15,11,16,15,18,17,18,15,15,15,16,10,13,8,15,19,12,16,16,18,15,5,16,9,15,9,18,10,18,7,11,3,1,1,3,1,1,1,4,3,2,2,14,13,4,12,12,18,8,13,1,1,10,1,1,1,20,1,18,1,1,10,1,1,168,8,20,"£33,811,920",7550,7500,6250,NativeAmerican,151,4,35106,40,0,"£93,483",43201830,15.6666666666667,14.25,12.5,12.3333333333333,10,13,7.5,16.6666666666667,2.5,14.25,12.5,16.6666666666667,1,3,2,1.5,,#NAME?
Michele Di Gregorio,GK ,28,150,155,Italy,Juventus,43161669,1,1,4,2,13,4,2,7,5,4,13,1,7,14,11,13,13,14,15,14,17,11,12,10,14,12,13,13,12,16,10,10,12,12,15,13,14,8,12,7,11,13,13,14,10,15,15,13,16,13,12,13,12,14,8,14,12,16,14,14,20,1,1,1,1,1,1,1,1,1,1,1,1,1,187,8,20,"£30,586,438",7500,7400,5900,NorthernEuropean,150,2,35638,0,0,"£61,491",43161669,8.33333333333333,13.5,12,12.3333333333333,8.66666666666667,10.3333333333333,6,14,14.5,13.5,12,14,13.5,10,14,14,,#NAME?
Morgan Gibbs-White,M/AM RC,25,150,155,"England,Jamaica",Nottingham Forest,29175220,14,12,14,11,15,11,11,12,5,6,15,13,9,15,12,13,10,15,12,14,14,16,12,14,11,14,15,15,14,16,15,10,13,14,13,13,14,11,12,6,12,2,2,3,1,2,3,1,2,3,2,1,12,13,13,13,12,12,12,14,1,1,1,1,1,1,1,1,20,1,12,20,15,10,178,13,20,"£41,800,000",7500,7500,6200,MixedRace,146,12,36552,4,0,"£150,000",29175220,8.66666666666667,14.25,14,15.3333333333333,13.3333333333333,14.6666666666667,10.5,12.8333333333333,1.5,14.25,14,12.8333333333333,2.5,1,2,2,"用外脚背
撞墙式配合
喜欢接脚下球
喜欢连续过多人
经常带球",#NAME?
Pierre Kalulu,D RC,25,150,155,"France,Democratic Republic of Congo",Juventus,49045184,7,13,11,8,13,6,13,8,13,15,13,8,15,13,14,16,15,13,13,13,15,6,11,13,14,14,12,14,16,14,15,13,14,15,15,14,13,10,13,12,14,3,2,1,3,1,1,2,1,1,1,1,16,16,6,12,14,16,17,17,1,11,20,18,7,15,1,1,1,1,1,1,1,1,182,10,20,"£36,703,724",7500,6850,6000,AfricanCaribbean,150,16,36682,1,0,"£51,187",49045184,14.6666666666667,14.5,15.5,10.3333333333333,11.3333333333333,12.3333333333333,13,14.3333333333333,1.5,14.5,15.5,14.3333333333333,1.5,3,2,1,,#NAME?
Yassine Bounou,GK ,34,150,155,"Morocco,Canada",Al-Hilal Saudi Football Club,12029963,6,2,3,3,7,10,8,1,3,3,10,2,1,9,7,15,15,15,15,14,14,4,13,4,15,16,8,12,9,13,9,16,13,10,10,13,15,2,17,13,15,14,16,15,4,16,14,16,15,9,11,15,13,12,4,12,14,16,10,14,20,1,1,1,1,1,1,1,1,1,1,1,1,1,195,20,8,"£3,706,431",7500,8000,6750,NorthAfricanMiddleEastern,151,3,33333,74,0,"£165,738",12029963,6.33333333333333,11.25,9.5,7.33333333333333,7.33333333333333,6.33333333333333,12,14.8333333333333,15.5,11.25,9.5,14.8333333333333,15.5,4,15,14.5,,#NAME?
Jonathan David,AM/ST RLC,25,150,154,"Canada,United States",Juventus,18108540,5,10,14,14,15,10,13,11,5,6,13,15,6,14,12,13,12,12,12,12,14,14,12,15,8,15,12,14,16,13,12,12,14,15,15,13,13,8,14,3,14,2,2,1,3,1,3,4,1,2,4,2,12,14,4,13,12,13,13,10,1,1,1,1,1,1,1,7,1,12,17,18,17,20,177,13,20,"£35,389,264",7500,6900,6250,AfricanCaribbean,143,16,36539,67,36,"£184,641",18108540,6.66666666666667,13.25,15.5,13,13.6666666666667,14.3333333333333,12.5,13,2.5,13.25,15.5,13,1.5,3,1.5,2.5,角度刁钻的射门,#NAME?
Álex Remiro,GK ,30,150,153,"Spain,Pays Basque",Real San Sebastián,67183918,2,2,3,2,11,7,2,3,1,2,17,3,3,16,7,12,12,12,12,13,12,5,12,1,13,13,9,13,13,14,12,15,13,13,11,12,14,6,12,4,13,14,15,13,8,15,15,13,16,14,11,13,11,11,5,14,10,16,14,14,20,1,1,1,1,1,1,1,1,1,1,1,1,1,192,10,20,"£60,494,476",7500,7500,6000,MediterraneanHispanic,146,6,34782,2,0,"£63,875",67183918,6,12.25,13,10.3333333333333,5,10,8.5,12.3333333333333,14.5,12.25,13,12.3333333333333,14,8,14.5,14,,#NAME?
Federico Gatti,D C,27,150,153,Italy,Juventus,43491384,5,8,9,12,12,7,16,9,10,16,12,7,16,12,18,15,18,14,14,11,17,8,14,13,14,16,12,16,13,12,15,15,15,13,15,17,13,12,15,7,10,2,3,3,3,3,3,1,3,1,1,2,14,15,5,14,12,17,9,15,1,1,20,9,1,1,4,1,3,1,1,1,1,1,192,9,20,"£36,703,724",7500,7500,5950,MediterraneanHispanic,150,2,35970,6,0,"£95,395",43491384,15.3333333333333,14.75,13,10.6666666666667,13,11,15.5,15.1666666666667,2,14.75,13,15.1666666666667,3,3,2.5,2.5,"长距离传球
把球带出防守区域",#NAME?
Alexander Sørloth,ST ,29,150,152,Norway,A. Madrid,53063430,7,7,13,16,12,10,15,12,6,6,12,14,6,13,13,13,14,15,14,14,13,10,9,15,7,15,13,14,13,13,16,16,15,15,15,16,13,11,14,4,10,2,2,3,1,2,3,1,3,1,1,1,12,13,5,14,12,14,10,7,1,1,1,1,1,1,1,1,1,1,8,10,8,20,194,20,12,"£40,833,768",7500,7500,6750,NorthernEuropean,149,4,35038,63,24,"£65,578",53063430,6.33333333333333,15,14,11.6666666666667,15.3333333333333,12.6666666666667,15.5,13.8333333333333,2,15,14,13.8333333333333,2.5,1,2,2,背身拿球,#NAME?
Evanilson,ST ,25,150,152,Brazil,AFC Bournemouth,19342183,6,8,12,16,15,8,12,10,7,8,14,13,9,16,13,14,12,16,12,14,13,14,10,16,5,12,14,15,13,13,17,13,11,14,14,16,13,12,15,11,12,2,1,2,1,1,3,4,2,4,1,3,6,13,6,12,14,13,10,13,1,1,1,1,1,1,1,1,1,1,10,1,1,20,183,13,20,"£55,000,000",7500,6900,6150,MediterraneanHispanic,150,11,36439,2,0,"£75,000",19342183,7.33333333333333,15,13.5,14,16,14.3333333333333,12.5,12.8333333333333,3,15,13.5,12.8333333333333,1.5,1,1.5,3,"乐于反越位
趟球变向加速过人
第一时间射门",#NAME?
Ritsu Doan,M/AM RLC,27,150,152,Japan,Eintracht Frankfurt,45095577,13,13,15,13,15,13,11,16,8,9,13,12,11,16,13,13,13,13,13,13,13,15,12,13,10,16,14,16,15,16,12,8,16,14,14,11,14,8,14,6,16,1,2,3,2,2,3,2,1,2,1,1,17,14,8,10,14,18,16,12,1,8,1,8,10,14,1,12,12,16,15,16,20,10,172,20,9,"£37,217,064",7400,7000,5900,EastAsian,150,6,35962,57,10,"£74,581",45095577,10,13.25,14.5,14,13,15.3333333333333,9.5,13.5,1.5,13.25,14.5,13.5,2.5,2,1.5,2,撞墙式配合,#NAME?
Vangelis Pavlidis,ST ,26,150,152,Greece,Sport Lisboa e Benfica,91151156,7,10,14,15,16,8,11,11,7,6,15,12,8,16,11,12,14,13,11,15,15,13,12,14,11,18,16,17,13,14,16,14,15,13,15,14,13,7,13,6,11,1,3,1,1,3,2,1,2,3,1,1,8,12,10,11,12,14,11,14,1,1,1,1,1,1,1,1,1,1,14,14,12,20,186,13,20,"£40,401,668",7250,6750,6250,MediterraneanHispanic,149,7,36120,48,9,"£47,732",91151156,8.33333333333333,14.75,13,14.6666666666667,14,15.3333333333333,12.5,14.1666666666667,1.5,14.75,13,14.1666666666667,2,1,2,1.5,"回撤拿球
撞墙式配合
喜欢过顶球吊射",#NAME?
Willi Orbán,D C,32,150,152,"Hungary,Germany,Poland",RB Leipzig,91011532,3,8,8,8,11,3,17,8,8,16,13,12,16,11,16,14,17,12,15,14,17,8,16,9,15,16,12,16,11,10,16,16,17,12,14,16,18,12,15,8,8,4,1,2,1,3,3,3,1,3,1,3,7,14,5,18,16,19,12,13,1,1,20,8,1,1,12,1,10,1,1,1,1,1,186,10,20,"£300,000,000",7400,6650,6250,NorthernEuropean,150,3,33911,58,6,"£107,730",91011532,15.6666666666667,14,11.5,11,9.66666666666667,10,16.5,15.5,2,14,11.5,15.5,1.5,1,3.5,3,,#NAME?
Xaver Schlager,DM/M C,27,150,152,Austria,RB Leipzig,16147660,10,8,12,8,14,12,8,12,6,13,15,8,16,13,16,15,16,15,16,14,17,10,16,10,14,18,14,17,12,12,15,9,12,13,16,15,17,12,14,15,15,1,2,3,2,1,1,1,3,1,2,1,8,15,12,16,14,15,12,12,1,10,10,1,10,1,20,12,20,12,10,14,10,1,174,20,10,"£29,504,150",7500,6950,6500,NorthernEuropean,150,1,35701,45,4,"£82,868",16147660,14.3333333333333,14.5,12.5,13,11,13,8.5,16,2,14.5,12.5,16,2.5,2,1,1,喜欢接脚下球,#NAME?
Antonee Robinson,D/WB L,27,150,150,"United States,England,Jamaica",Fulham,29125265,3,14,14,7,13,7,11,7,6,12,13,8,15,13,13,15,14,11,11,12,12,11,14,13,14,14,12,17,17,13,13,13,14,17,16,14,14,4,13,11,12,2,2,2,1,2,2,3,3,2,3,1,14,12,4,12,12,12,15,15,1,20,1,1,19,1,1,1,1,1,1,1,1,1,183,20,8,"£46,750,000",7500,7500,6500,AfricanCaribbean,143,12,35650,50,4,"£65,000",29125265,13.6666666666667,14,17,12,10.3333333333333,13.3333333333333,12,13,3,14,17,13,2,1,2,1.5,"沿左路带球突进
激怒对手
趟球变向加速过人
在盘带前先将球停至左脚
拉边",#NAME?
Davinson Sánchez,D C,29,150,150,Colombia,Galatasaray A.Ş.,76023027,5,7,11,6,13,7,16,8,9,14,13,7,17,13,15,13,15,15,12,14,14,10,14,8,14,14,12,14,13,12,13,16,15,15,15,16,8,11,16,8,10,4,3,3,2,3,3,4,1,2,1,1,16,16,12,8,10,14,12,12,1,1,20,12,1,1,5,1,5,1,1,1,1,1,187,10,20,"£28,336,304",7400,7750,6200,AfricanCaribbean,149,16,35228,73,3,"£103,877",76023027,15,14,14,11.6666666666667,9.66666666666667,12.3333333333333,16,13.6666666666667,2.5,14,14,13.6666666666667,3,2,3.5,2,,#NAME?
Denis Zakaria,DM/M C,28,150,150,"Switzerland,Democratic Republic of Congo,South Sudan",AS Monaco,98034601,5,8,14,10,14,6,12,11,12,13,14,8,16,14,17,15,16,12,13,13,15,12,15,14,14,16,12,17,15,13,16,15,15,13,17,16,14,14,14,9,9,3,1,3,4,3,3,2,1,2,2,3,13,15,6,11,14,16,12,15,1,1,13,1,1,1,20,1,18,1,1,1,1,1,191,8,20,"£46,550,500",7500,7000,6400,AfricanCaribbean,150,13,35389,59,3,"£64,815",98034601,14.3333333333333,15.5,14,12.6666666666667,12,14,13.5,14.6666666666667,1.5,15.5,14,14.6666666666667,2,4,3,3,避免使用弱势脚,#NAME?
Omar Alderete,D C,28,150,150,Paraguay,Sunderland,79027217,3,8,11,6,11,6,16,4,12,15,12,11,16,10,17,15,18,13,15,15,14,6,13,10,15,13,7,14,11,11,15,16,15,13,14,16,15,14,12,10,11,1,3,1,1,2,1,2,3,3,3,3,12,11,5,11,10,14,14,13,1,10,20,1,1,1,1,1,1,1,1,1,1,1,188,20,10,"£54,000,004",7500,7500,6500,NativeAmerican,150,9,35425,29,3,"£75,000",79027217,15.3333333333333,14,12,8.33333333333333,9.66666666666667,10.6666666666667,16,15,2.5,14,12,15,2,1,1.5,2,"利用脚下技术将球带出危险区
倒地铲球",#NAME?
Nico Paz,AM RC,20,149,181,"Argentina,Spain",Como 1907,2000163799,12,12,17,13,18,15,7,14,3,5,16,13,9,17,7,14,11,14,13,14,16,16,9,13,6,13,17,11,14,15,12,8,14,13,12,9,14,6,13,6,12,1,2,1,2,1,1,3,2,3,3,2,16,16,5,11,14,17,13,13,1,1,1,1,1,1,1,5,15,8,10,20,15,15,186,20,11,"£83,784,848",7450,7300,5750,MediterraneanHispanic,145,3,38238,3,0,"£15,456",2000163799,6.66666666666667,12,13.5,16.3333333333333,13.3333333333333,17.3333333333333,7.5,13.5,2.5,12,13.5,13.5,1.5,2,1,1.5,"经常尝试传身后球
角度刁钻的射门
回撤拿球
撞墙式配合
经常带球",#NAME?
Warren Zaïre-Emery,DM/M C,19,149,-9,France,Paris Saint-Germain,2000179712,11,11,13,8,15,8,9,11,4,13,15,10,14,14,14,14,15,13,13,13,16,13,8,14,15,15,14,16,14,15,15,9,14,13,16,13,14,8,13,4,13,3,1,1,2,1,1,3,3,1,3,4,13,13,4,16,14,16,15,15,1,1,1,10,1,11,18,1,20,8,1,1,1,1,178,12,20,"£140,396,944",7450,7450,5750,AfricanCaribbean,148,12,38784,7,1,"£139,602",2000179712,14,14.75,13.5,14,11.6666666666667,14,9,14.3333333333333,3,14.75,13.5,14.3333333333333,1,2,2,2.5,有机会就前插,#NAME?
Illia Zabarnyi,D C,22,149,170,Ukraine,Paris Saint-Germain,71113679,3,3,9,5,11,4,14,5,5,15,13,6,16,12,12,15,14,17,15,15,14,6,9,8,15,16,10,14,14,12,15,15,15,16,15,16,14,2,18,3,15,3,1,2,2,3,3,2,3,1,3,3,16,15,3,15,16,14,14,16,1,1,20,5,1,1,1,1,1,1,1,1,1,1,186,8,20,"£114,072,520",7450,7250,6150,NorthernEuropean,149,2,37500,49,3,"£103,704",71113679,15.3333333333333,14.5,15,9.66666666666667,10,10.6666666666667,14.5,14.8333333333333,2.5,14.5,15,14.8333333333333,1.5,2,3,3,"倒地铲球
长距离传球",#NAME?
Oleksandr Zinchenko,D/WB LC,28,149,165,Ukraine,Arsenal,71081391,12,13,14,10,15,13,12,13,9,11,15,9,13,15,13,14,12,15,12,14,15,13,13,16,11,16,15,16,13,13,14,10,13,13,14,10,13,12,13,12,18,3,3,1,3,1,3,1,3,3,2,3,18,15,6,13,13,15,14,15,1,20,1,8,18,8,15,14,15,14,14,14,14,7,175,20,10,"£33,254,836",7450,7750,6700,NorthernEuropean,137,4,35414,73,12,"£120,000",71081391,11.6666666666667,12.75,13,14.3333333333333,13.6666666666667,14.6666666666667,11,13.8333333333333,2,12.75,13,13.8333333333333,2,3,2,3,长距离传球,#NAME?
Matías Soulé,AM RC,22,149,163,"Argentina,Italy",Associazione Sportiva Roma,14222108,14,15,17,15,16,15,6,15,5,5,16,12,12,17,13,12,11,12,12,12,16,17,10,13,8,13,15,13,15,17,15,7,14,13,14,8,13,10,9,3,10,1,1,2,3,2,3,1,2,2,3,1,15,15,5,13,13,16,14,12,1,1,1,1,1,5,1,9,8,15,12,20,20,14,182,20,9,"£79,271,960",7450,6000,5950,MediterraneanHispanic,146,2,37726,0,0,"£61,491",14222108,8.33333333333333,13.5,14,16,13.3333333333333,16.6666666666667,6.5,12.6666666666667,1.5,13.5,14,12.6666666666667,1.5,3,1.5,2,"经常尝试传身后球
远射
用外脚背
趟球变向加速过人
从右路内切",#NAME?
Murillo,D LC,23,149,162,Brazil,Nottingham Forest,2000123482,6,9,15,7,14,10,14,9,8,14,15,12,14,15,13,13,17,12,13,14,13,14,12,9,14,14,15,15,15,14,14,14,15,14,15,15,13,11,12,5,14,1,1,2,2,1,2,2,2,2,1,1,14,13,10,13,14,12,13,15,1,15,20,1,10,1,15,1,5,1,1,1,1,1,188,20,9,"£43,741,336",7450,6500,6000,MixedRace,149,12,37441,1,0,"£90,000",2000123482,14,14.5,14.5,14.6666666666667,9.33333333333333,14.6666666666667,14,14,2,14.5,14.5,14,1.5,2,1,1.5,"长距离传球
把球带出防守区域",#NAME?
Samu Aghehowa,ST ,21,149,162,"Spain,Nigeria",Futebol Clube do Porto,2000211219,7,8,12,16,13,7,14,12,6,6,11,15,8,11,12,16,15,15,14,12,15,14,10,15,6,12,11,15,14,12,15,16,16,16,14,17,12,9,13,10,7,3,1,3,2,3,3,1,3,3,3,1,14,14,4,10,11,15,14,13,1,1,1,1,1,1,1,1,1,1,1,1,9,20,193,12,20,"£83,845,344",7750,7000,6000,AfricanCaribbean,149,17,38112,2,0,"£29,901",2000211219,6.66666666666667,14.5,15,12,15.3333333333333,12,15,14,2,14.5,15,14,2,2,3,2,"背身拿球
第一时间射门",#NAME?
Jarrad Branthwaite,D RLC,23,149,160,England,Everton,29226000,3,6,12,7,12,7,16,5,9,12,12,6,14,14,14,14,17,15,14,12,13,13,11,11,14,13,14,14,14,12,13,18,13,14,13,15,16,11,14,5,12,1,1,2,2,3,3,1,3,1,1,1,11,15,4,10,13,11,9,12,1,16,20,16,1,1,10,1,7,1,1,1,1,1,196,20,17,"£54,176,667",7450,7450,6400,NorthernEuropean,147,1,37434,1,0,"£135,000",29226000,13.3333333333333,13.25,14,13,11,12.6666666666667,17,13.8333333333333,2,13.25,14,13.8333333333333,1.5,2,2,2,"利用脚下技术将球带出危险区
把球带出防守区域",#NAME?
Karim Adeyemi,AM RLC,23,149,160,"Germany,Nigeria,Romania",Borussia Dortmund,16279486,11,9,13,12,11,10,10,13,8,8,10,13,8,12,16,13,12,10,9,10,13,14,5,13,8,12,10,15,19,16,10,12,12,18,12,9,12,13,12,12,12,3,2,1,1,1,1,3,1,1,3,3,8,16,13,12,8,10,12,7,1,8,1,1,10,10,1,12,1,12,20,16,18,15,180,20,12,"£60,433,984",7450,7450,6450,AfricanCaribbean,134,13,37274,8,1,"£91,155",16279486,8,11.75,18.5,11.3333333333333,11.6666666666667,12,11,11.5,2,11.75,18.5,11.5,1.5,1,2,2,"趟球变向加速过人
经常带球",#NAME?
Kostas Tsimikas,D/WB L,29,149,159,Greece,Liverpool,36096824,13,16,15,5,15,13,8,8,12,13,15,11,15,15,14,14,14,15,13,13,14,13,9,14,14,15,14,15,15,15,14,10,14,16,15,12,13,10,13,7,8,1,3,3,3,3,1,3,2,2,1,1,16,13,8,14,13,15,8,12,1,18,1,1,20,1,1,14,1,1,7,1,1,1,175,20,5,"£37,102,500",7450,7250,6250,MediterraneanHispanic,152,2,35197,41,0,"£110,000",36096824,14,14,15.5,14,11.3333333333333,15,9,13.8333333333333,2.5,14,15.5,13.8333333333333,3,3,2,1,"沿左路带球突进
有机会就前插
避免使用弱势脚
鼓动观众情绪",#NAME?
Davide Frattesi,M C,25,149,158,Italy,Blu-neri Milano,43272557,4,9,12,16,14,6,13,14,5,10,14,12,10,14,13,17,14,18,16,17,15,13,11,19,11,14,12,14,14,15,13,12,16,14,14,11,14,12,15,3,12,3,3,1,3,3,3,3,3,1,2,2,13,14,5,13,16,16,11,12,1,1,1,1,1,1,14,1,20,1,1,12,1,1,178,10,20,"£21,058,558",7450,7500,6350,MediterraneanHispanic,148,1,36425,29,8,"£86,254",43272557,10.3333333333333,13.25,14,13,17.6666666666667,13.3333333333333,12.5,15.5,3,13.25,14,15.5,2,3,3,2.5,"跑肋部空间接球
有机会就前插",#NAME?
Marten de Roon,DM/M C,34,149,156,Netherlands,Bergamo,37001813,5,10,10,10,13,5,14,11,8,14,15,6,17,12,16,15,16,13,15,15,17,8,16,12,16,18,13,18,11,10,16,14,17,12,16,14,17,14,14,4,12,2,1,3,3,2,2,1,2,2,2,2,15,16,9,16,13,18,12,10,1,1,15,1,1,1,20,1,20,1,1,1,1,1,185,9,20,"£2,812,590",7450,6750,6500,NorthernEuropean,147,2,33326,42,1,"£30,745",37001813,15.6666666666667,14,11.5,12,11.6666666666667,11.6666666666667,14,16,1.5,14,11.5,16,2,3,2,2,"后排插上进攻
倒地铲球",#NAME?
Dávid Hancko,D LC,27,149,155,Slovakia,A. Madrid,63029353,9,13,14,11,11,10,14,13,10,13,13,14,16,11,7,15,14,14,13,15,14,12,15,13,13,16,12,17,15,12,14,16,10,12,15,13,13,8,13,10,13,2,2,2,1,3,1,1,1,3,2,2,10,13,5,13,11,12,15,13,1,18,20,1,13,1,13,10,8,1,1,1,1,1,188,20,8,"£33,444,802",7400,7400,5900,NorthernEuropean,150,1,35777,52,6,"£60,963",63029353,14,13.5,13.5,12.3333333333333,12.6666666666667,12,15,14.5,1,13.5,13.5,14.5,2,1,2.5,1.5,有机会就前插,#NAME?
Noussair Mazraoui,D RLC,27,149,155,"Morocco,Netherlands",Manchester United,37052470,8,12,14,9,15,7,11,12,12,11,14,10,14,16,13,13,14,14,12,14,12,15,11,14,12,16,14,16,14,15,12,11,13,14,15,10,13,7,12,15,19,3,1,3,3,3,1,4,2,4,2,2,10,15,4,12,12,12,13,10,1,16,16,20,14,15,14,12,13,12,10,10,10,1,183,11,20,"£49,882,252",7450,8000,6500,NorthAfricanMiddleEastern,142,7,35748,32,2,"£120,000",37052470,12.3333333333333,13,14,14.3333333333333,12.3333333333333,15,11,13.5,3,13,14,13.5,2,3,3,1.5,"撞墙式配合
利用脚下技术将球带出危险区",#NAME?
Sergi Darder,DM/M C,31,149,155,Spain,Mallorca,67118372,14,13,11,7,16,12,9,12,5,13,16,13,14,16,13,14,13,13,14,14,15,14,10,15,14,13,17,13,13,13,13,10,12,12,13,12,13,10,12,7,11,2,3,2,2,2,1,1,3,1,2,3,12,15,7,12,16,15,11,12,1,1,1,1,1,1,18,1,20,1,1,1,1,1,180,12,20,"£19,173,548",7250,7250,5750,MediterraneanHispanic,148,6,34325,0,0,"£43,233",67118372,13.6666666666667,12.75,12.5,15.6666666666667,11.6666666666667,14.3333333333333,9.5,13.8333333333333,2,12.75,12.5,13.8333333333333,2.5,2,2,2,,#NAME?
Dodo,D/WB R,26,149,154,Brazil,ACF Fiorentina,19273277,9,14,16,8,14,8,7,8,14,13,14,8,13,15,14,13,12,12,12,13,13,14,8,13,13,15,13,15,16,16,14,7,15,16,15,11,14,13,16,9,15,3,4,2,2,1,3,1,3,2,1,2,15,15,6,11,12,13,7,14,1,1,1,20,1,19,1,1,1,15,1,1,9,1,166,10,20,"£24,180,396",7450,5800,5500,MediterraneanHispanic,141,12,36116,0,0,"£31,909",19273277,13,14,16,13.6666666666667,11,15,7,13,2,14,16,13,3,2,2,2.5,"沿右路带球突进
有机会就前插",#NAME?
David Raum,D/WB L,27,149,152,Germany,RB Leipzig,91175517,15,17,12,8,12,16,8,11,15,11,12,12,12,12,16,13,16,12,12,12,17,12,15,16,11,16,13,17,15,13,12,11,17,16,17,13,14,15,14,4,12,3,2,2,1,3,1,2,1,1,3,1,13,15,8,8,12,16,8,8,1,20,10,10,20,10,1,15,1,10,12,1,10,8,181,20,8,"£31,634,508",7400,7400,5900,NorthernEuropean,141,3,35907,28,0,"£91,155",91175517,11.3333333333333,13.75,15.5,12.3333333333333,12,12,9.5,14.3333333333333,1.5,13.75,15.5,14.3333333333333,2,1,3,1,"有机会就前插
弧线球射门",#NAME?
Sam Beukema,D C,26,149,152,Netherlands,Parthenope,37063774,4,10,9,8,11,7,15,10,8,16,14,11,14,12,15,14,16,14,15,13,16,9,12,11,15,16,12,15,13,12,15,15,14,14,15,16,15,5,13,5,10,3,3,2,1,1,3,1,3,1,3,3,16,15,3,15,11,15,11,12,1,1,20,1,1,1,1,1,1,1,1,1,1,1,188,8,20,"£28,816,972",7450,6300,5750,NorthernEuropean,149,2,36116,0,0,"£53,348",37063774,15,14.5,13.5,11.6666666666667,11,10.6666666666667,15,15,2,14.5,13.5,15,2.5,1,2,3,"经常尝试传身后球
大力射门
鼓动观众情绪
长距离传球",#NAME?
Weston McKennie,DM/M RC,26,149,152,United States,Juventus,72048035,5,12,12,12,12,6,16,10,19,13,14,8,14,12,15,14,16,14,10,11,17,12,13,14,14,16,13,16,13,13,16,14,18,12,17,15,16,12,16,10,19,4,2,1,2,1,2,3,1,1,3,3,17,14,13,10,13,10,15,12,1,12,8,10,14,15,17,14,20,14,9,15,12,1,180,11,20,"£24,537,122",7450,7500,6050,MixedRace,140,12,36035,60,11,"£53,348",72048035,13.6666666666667,15.25,12.5,13,13.3333333333333,12,15,14,2,15.25,12.5,14,1.5,2,2.5,2.5,"插入对方禁区
跑肋部空间接球
习惯简单短传配合
倒地铲球",#NAME?
Giovani Lo Celso,M/AM LC,29,149,151,"Argentina,Italy",Real Hispalis,14108651,14,12,15,12,17,15,10,13,7,9,17,15,11,17,10,13,11,15,12,13,12,16,10,14,12,15,16,10,13,15,15,8,12,12,13,11,12,11,12,14,12,1,1,1,1,1,1,1,3,1,1,3,12,12,6,14,13,12,12,14,1,1,1,1,1,1,14,18,18,7,14,20,7,1,177,20,11,"£43,918,988",7450,7250,6700,MediterraneanHispanic,147,5,35164,61,3,"£100,000",14108651,10.6666666666667,13.5,12.5,16.3333333333333,13.6666666666667,16.3333333333333,9,12.6666666666667,2,13.5,12.5,12.6666666666667,1,1,1,2,角度刁钻的射门,#NAME?
Wataru Endo,D/DM/M C,32,149,151,Japan,Liverpool,45030953,4,7,11,7,13,5,15,7,8,14,14,11,16,13,15,17,16,15,16,14,17,6,15,13,15,19,13,17,13,14,15,14,17,12,16,12,17,8,16,7,13,1,1,3,2,1,1,2,2,2,1,2,18,15,2,17,19,20,17,18,1,1,16,13,1,1,20,1,16,1,1,1,1,1,178,8,20,"£22,066,026",7500,8000,6250,EastAsian,147,7,34009,70,4,"£95,000",45030953,15,14.25,12.5,11,11.6666666666667,12.3333333333333,14.5,16.5,2,14.25,12.5,16.5,2,2,1,1.5,"习惯简单短传配合
避免使用弱势脚",#NAME?
Fabian Schär,D C,33,149,149,Switzerland,Newcastle United,98007212,6,9,12,11,15,12,15,12,8,16,16,14,16,13,17,15,15,16,14,13,12,9,11,9,15,16,15,12,11,10,12,14,12,13,13,15,15,15,14,10,4,2,4,2,2,2,1,2,2,3,1,3,10,13,6,12,14,15,14,16,1,1,20,10,1,1,13,1,1,1,1,1,1,1,188,12,20,"£10,129,192",7450,7100,6100,NorthernEuropean,149,5,33592,86,8,"£90,000",98007212,15.6666666666667,12.5,12,13.3333333333333,12,13.3333333333333,14.5,14.1666666666667,2,12.5,12,14.1666666666667,3,2,2,2,"中路带球突进
有机会就前插
长距离传球
喜欢将球转移到边路
把球带出防守区域",#NAME?
Solly March,WB/M/AM RL,31,149,149,England,Brighton & Hove Albion,29090530,13,15,15,12,14,13,8,14,4,8,13,10,12,14,9,12,11,13,14,15,14,13,8,13,13,16,12,16,14,13,13,10,12,14,15,10,15,6,15,12,17,1,1,1,1,3,2,3,1,3,2,2,15,13,5,12,14,18,8,13,1,12,1,11,17,17,1,17,11,17,15,14,20,1,180,20,8,"£21,456,932",7450,7000,5750,NorthernEuropean,142,5,34535,0,0,"£57,000",29090530,11,12.75,14,12.6666666666667,12.6666666666667,14.3333333333333,9,13.6666666666667,2,12.75,14,13.6666666666667,1,1,2,2,从右路内切,#NAME?
Manuel Neuer,GK ,39,148,193,Germany,FC Bayern München,8718372,2,6,12,7,14,8,10,7,12,9,15,13,11,14,13,14,14,16,12,13,18,12,17,12,14,15,15,15,8,14,14,16,20,8,11,15,13,8,16,14,5,15,12,14,18,14,17,15,13,20,10,17,8,16,13,18,18,15,12,18,20,1,1,1,1,1,1,1,1,1,1,1,1,1,193,12,20,"£3,715,873",7750,8250,7750,NorthernEuropean,150,2,31498,123,0,"£298,328",8718372,11.3333333333333,13.5,8,14,11.6666666666667,13.3333333333333,13,14.3333333333333,14,13.5,8,14.3333333333333,13,18,14.5,17,"利用脚下技术将球带出危险区
倾向于尽可能长地延续自己的职业生涯（隐藏习惯）
喜欢通过长距离手抛球发起防守反击",#NAME?
Benjamin Šeško,ST ,22,148,170,"Slovenia,Bosnia and Herzegovina",Manchester United,62246208,3,7,14,14,13,10,15,14,8,7,12,17,8,14,13,14,14,12,12,13,15,14,10,14,7,12,11,14,14,14,15,17,16,16,15,15,13,10,12,5,8,2,2,1,3,2,3,3,2,3,1,1,13,19,8,8,12,13,10,10,1,1,1,1,1,1,1,1,1,1,12,14,12,20,195,12,20,"£78,182,664",7500,7200,7000,NorthernEuropean,148,2,37772,41,16,"£230,000",62246208,7.33333333333333,14.75,15,12.3333333333333,13.3333333333333,13.6666666666667,16,13.3333333333333,2.5,14.75,15,13.3333333333333,1.5,3,2,2,"大力射门
喜欢盘过门将后射门
用外脚背",#NAME?
Keylor Navas,GK ,38,148,167,"Costa Rica,Spain",Pumas de la UNAM,8826969,5,3,1,1,10,8,9,2,3,3,10,4,1,8,11,14,15,13,17,15,16,8,12,2,14,14,8,15,11,15,14,12,14,13,14,13,15,4,17,9,13,10,15,14,4,11,14,15,16,12,16,14,14,15,3,16,15,18,16,19,20,1,1,1,1,1,1,1,1,1,1,1,1,1,185,8,20,"£2,913,208",7550,7550,6750,MediterraneanHispanic,148,10,31761,114,0,"£30,858",8826969,6,14,12,8.66666666666667,5.33333333333333,6.33333333333333,10.5,15.1666666666667,15.5,14,12,15.1666666666667,14.5,4,10.5,14,,#NAME?
Pau Torres,D C,28,148,167,Spain,Aston Villa,67217522,7,8,12,6,14,5,16,7,7,14,16,8,16,15,12,14,14,15,14,13,13,5,12,6,15,14,13,15,12,11,10,17,14,14,16,16,15,6,12,12,8,2,1,3,2,1,2,3,2,3,2,4,13,16,4,17,10,14,14,13,1,1,20,1,1,1,12,1,1,1,1,1,1,1,191,20,9,"£46,530,000",7400,7750,6500,MediterraneanHispanic,148,2,35446,24,1,"£130,000",67217522,15,13.25,13,11.3333333333333,9,13.6666666666667,16.5,13.6666666666667,2.5,13.25,13,13.6666666666667,2,2,1.5,3,,#NAME?
Nico González,DM/M C,23,148,166,Spain,Manchester City,67276127,6,8,14,11,16,8,12,10,5,11,16,8,13,16,15,14,9,17,12,14,14,14,11,12,14,14,15,13,12,13,16,13,15,12,14,14,15,11,15,8,15,1,1,3,2,2,2,2,3,1,2,3,11,16,4,16,14,16,12,14,1,1,1,1,1,1,18,1,20,1,1,15,1,1,188,14,20,"£66,925,000",7400,6950,6000,MediterraneanHispanic,147,5,37259,0,0,"£150,000",67276127,12.6666666666667,14.25,12,15,13.3333333333333,15.3333333333333,12.5,12.8333333333333,2.5,14.25,12,12.8333333333333,2,2,1.5,2.5,"回撤拿球
撞墙式配合
控制节奏
倒地铲球
喜欢将球转移到边路",#NAME?
"João Pedro(Chelsea,Brazil)",AM/ST RLC,23,148,165,Brazil,Chelsea,19371552,11,12,15,14,15,11,11,12,6,6,14,18,7,14,15,14,12,15,13,13,15,15,11,15,7,14,14,16,15,14,14,11,14,14,14,13,14,6,15,5,11,3,3,3,2,2,1,4,1,1,1,1,13,14,12,10,15,14,10,8,1,1,1,1,1,1,1,12,8,12,18,20,18,19,182,8,20,"£94,488,997",7400,7400,6250,MixedRace,142,15,37160,1,0,"£80,000",19371552,6.66666666666667,13.75,14.5,14.3333333333333,14.6666666666667,14.6666666666667,11,13.5,2.5,13.75,14.5,13.5,3,2,2.5,1,"撞墙式配合
利用脚下技术将球带出危险区
尝试花式动作
不喜欢倒地铲球
经常带球",#NAME?
Conor Gallagher,M/AM LC,25,148,164,"England,Scotland,Republic of Ireland",A. Madrid,28108036,12,12,13,14,13,12,8,12,6,9,13,7,13,13,17,11,15,13,14,14,17,12,11,14,12,16,13,19,15,14,11,10,16,13,17,11,13,8,11,4,8,1,3,2,3,1,2,2,1,4,3,2,8,13,5,13,14,15,9,14,1,1,1,1,1,1,15,18,20,12,10,16,8,1,182,12,20,"£35,302,848",7400,7450,6500,NorthernEuropean,142,7,36562,22,1,"£77,778",28108036,11.3333333333333,13.25,14,12.6666666666667,13.6666666666667,13,9,14.5,1.5,13.25,14,14.5,2.5,3,1,2,"中路带球突进
插入对方禁区
经常带球",#NAME?
Ousmane Diomande,D C,21,148,164,Ivory Coast,Sporting Clube de Portugal,2000160511,4,8,11,8,12,4,16,10,9,17,14,5,12,13,15,15,9,14,13,13,14,11,12,7,13,13,11,12,13,10,16,17,18,15,14,17,14,13,16,5,12,2,3,3,2,1,1,1,1,2,3,1,20,15,5,12,14,15,16,12,1,1,20,12,1,1,14,1,1,1,1,1,1,1,190,11,20,"£69,136,544",7400,7000,6000,AfricanCaribbean,145,19,37959,9,0,"£25,523",2000160511,14,14.25,14,12,9.66666666666667,12,16.5,12.8333333333333,1,14.25,14,12.8333333333333,3,2,1.5,1,,#NAME?
Pedro Porro,D/WB/M R,25,148,164,Spain,Tottenham Hotspur,67268221,13,15,15,11,15,13,8,14,11,12,16,12,13,15,15,11,17,12,11,12,16,17,8,15,11,12,15,13,16,15,13,8,17,15,15,12,14,16,14,6,15,1,1,1,2,1,1,2,2,3,2,2,16,15,13,9,14,13,7,11,1,9,1,19,9,20,1,1,1,17,1,1,14,1,176,8,20,"£43,945,000",7400,7400,6250,MediterraneanHispanic,146,9,36416,10,0,"£112,000",67268221,12,13.75,15.5,16,12.6666666666667,15,8,13.1666666666667,2,13.75,15.5,13.1666666666667,1,2,1,1.5,"有机会就前插
远射",#NAME?
Nicolas Jackson,ST RLC,24,148,162,"Senegal,The Gambia",Chelsea,12087972,8,9,15,13,13,8,13,12,6,8,12,13,9,14,16,15,16,13,12,12,14,14,8,15,8,12,12,16,16,14,14,14,12,16,15,14,12,14,12,12,5,2,2,3,1,1,1,3,2,2,2,3,13,14,10,10,8,10,6,6,1,1,1,1,1,1,1,12,1,12,15,15,15,20,187,9,20,"£53,500,000",7400,7300,6400,AfricanCaribbean,145,17,37062,19,1,"£120,000",12087972,8.33333333333333,14.25,16,12.6666666666667,13.6666666666667,14,13.5,13.5,2.5,14.25,16,13.5,2.5,1,1.5,2,"跑肋部空间接球
喜欢盘过门将后射门
乐于反越位",#NAME?
Marc Casadó,DM/M C,21,148,160,Spain,Barcelona,2000058198,8,9,12,8,14,8,7,10,8,12,15,8,15,14,16,16,16,14,16,16,18,9,13,11,15,18,14,18,12,15,12,6,14,12,14,9,14,8,13,5,15,2,2,1,3,4,1,3,1,2,3,3,12,15,5,18,16,17,14,15,1,8,1,14,8,12,20,6,16,10,1,1,1,1,173,12,20,"£60,667,314",7400,7400,6400,MediterraneanHispanic,147,5,37878,2,0,"£18,813",2000058198,14,12.5,12,12.6666666666667,11,13.3333333333333,6.5,16.6666666666667,2,12.5,12,16.6666666666667,1.5,3,3,2,"回撤拿球
利用脚下技术将球带出危险区
倒地铲球
喜欢将球转移到边路",#NAME?
Harry Maguire,D C,32,148,158,England,Manchester United,28049740,5,7,10,8,14,8,17,7,10,15,13,14,15,13,14,14,17,13,14,12,11,9,15,7,16,14,12,12,10,8,13,17,17,12,17,17,12,12,13,6,8,1,2,2,2,4,2,1,2,1,2,2,16,15,5,13,11,16,14,17,1,1,20,10,1,1,1,1,1,1,1,1,1,1,194,13,20,"£18,061,288",7400,7500,6600,NorthernEuropean,148,0,34033,64,7,"£200,000",28049740,15.3333333333333,13.75,11,11.3333333333333,9.33333333333333,12.3333333333333,17,13.6666666666667,1.5,13.75,11,13.6666666666667,2,2,2.5,2,"与裁判争论
长时间控球
避免使用弱势脚
长距离传球
把球带出防守区域",#NAME?
Julian Brandt,M/AM RLC,29,148,158,Germany,Borussia Dortmund,91119265,14,14,15,12,17,15,7,14,6,8,16,12,8,17,8,14,10,16,12,13,10,16,12,12,8,12,17,9,12,14,12,10,12,14,15,10,12,3,12,10,15,1,2,3,1,3,2,1,2,3,3,2,6,12,4,16,8,12,17,20,1,1,1,1,1,1,14,12,18,12,15,20,15,10,185,12,20,"£15,999,061",7100,7250,6250,NorthernEuropean,145,1,35187,48,3,"£124,304",91119265,8,12.75,13,16.3333333333333,13.3333333333333,16.3333333333333,8.5,11.8333333333333,1.5,12.75,13,11.8333333333333,2.5,1,2,2,"经常尝试传身后球
用外脚背
撞墙式配合",#NAME?
Giuliano Simeone,M/AM RL,22,148,157,"Argentina,Italy",A. Madrid,14250859,8,12,12,14,12,9,10,10,6,9,12,11,12,12,16,13,17,12,13,12,17,11,13,15,7,16,10,17,15,14,13,10,15,16,15,13,14,13,17,6,14,2,3,2,3,2,3,2,2,3,3,1,17,16,7,15,14,16,10,9,1,1,1,10,8,15,1,12,1,19,18,12,20,14,180,10,20,"£58,766,060",7400,7100,6400,MediterraneanHispanic,139,3,37608,5,1,"£60,963",14250859,9.33333333333333,13.75,15.5,11,13.6666666666667,12,10,14.6666666666667,2,13.75,15.5,14.6666666666667,2.5,3,2,2,"乐于反越位
趟球变向加速过人",#NAME?
Brais Méndez,AM RC,28,148,156,Spain,Real San Sebastián,67199158,15,15,13,15,16,16,10,13,10,6,15,11,10,15,9,15,10,16,15,15,15,14,11,15,11,16,15,15,13,15,10,12,13,13,14,11,13,3,12,7,14,2,1,3,2,3,2,1,1,2,3,1,10,10,10,10,10,10,10,10,1,1,1,1,1,1,1,1,15,12,1,18,20,1,187,20,9,"£44,964,684",7400,7400,6550,MediterraneanHispanic,149,4,35437,4,1,"£59,379",67199158,9,12.5,13,14.6666666666667,15.3333333333333,14.6666666666667,11,14.3333333333333,1,12.5,13,14.3333333333333,2,2,2.5,1.5,,#NAME?
Alessio Romagnoli,D C,30,148,155,Italy,Capitolini Celesti,43093395,4,4,8,9,12,4,17,6,13,15,14,12,15,13,14,13,15,13,12,13,16,5,14,8,15,15,12,15,12,12,15,16,14,13,15,16,14,13,14,11,9,2,2,4,1,2,3,2,1,2,3,3,11,12,4,16,14,17,15,13,1,10,20,1,1,1,1,1,1,1,1,1,1,1,188,20,10,"£300,000,000",7400,6950,6250,MediterraneanHispanic,147,3,34711,13,2,"£92,403",43093395,15,14.5,12.5,10.3333333333333,10,11,16.5,14,1.5,14.5,12.5,14,3,1,2,3,"与裁判争论
把球带出防守区域",#NAME?
Ezri Konsa,D C,27,148,155,"England,Democratic Republic of Congo,Angola",Aston Villa,29141827,4,7,13,5,14,3,15,3,7,14,14,4,16,15,13,15,14,16,13,14,13,10,11,10,14,15,14,16,15,14,14,14,15,14,15,14,14,11,13,9,14,2,3,3,1,3,3,2,3,3,3,3,13,13,3,15,13,15,13,13,1,1,20,14,1,1,1,1,1,1,1,1,1,1,183,10,20,"£46,530,000",7400,7400,6150,AfricanCaribbean,148,14,35726,12,0,"£105,000",29141827,14.6666666666667,14.25,14.5,12.6666666666667,10.3333333333333,14,14.5,14,2.5,14.25,14.5,14,3,1,2.5,3,不喜欢倒地铲球,#NAME?
Josip Stanišić,D RLC,25,148,155,"Croatia,Germany",FC Bayern München,91190673,6,12,12,8,12,6,14,7,12,14,13,8,15,12,13,13,16,13,15,13,15,11,12,12,14,16,13,15,12,11,14,15,12,15,15,14,16,10,15,13,18,2,2,1,1,3,1,3,2,3,3,1,8,14,6,18,14,16,10,12,1,16,20,18,12,15,12,8,10,10,1,1,1,1,187,12,20,"£23,100,246",7500,7250,6500,NorthernEuropean,144,4,36618,24,0,"£99,442",91190673,14.3333333333333,13.5,13.5,12.3333333333333,11,12,14.5,14.6666666666667,2.5,13.5,13.5,14.6666666666667,1.5,1,2.5,1,,#NAME?
Ollie Watkins,ST RL,29,148,155,England,Aston Villa,29110623,8,12,13,15,13,7,14,11,5,6,13,14,7,13,10,15,15,11,12,12,16,13,9,16,9,17,12,19,15,15,12,13,18,14,17,15,13,4,14,5,12,1,4,2,2,4,1,1,1,2,3,3,13,15,6,13,14,18,15,13,1,1,1,1,1,1,1,1,1,1,15,1,15,20,180,10,20,"£51,700,000",7400,7400,6750,AfricanCaribbean,147,14,35063,18,5,"£130,000",29110623,7.33333333333333,14.75,14.5,12.6666666666667,14,13,13.5,14.5,1,14.75,14.5,14.5,3,2,2.5,2,"跑肋部空间接球
有机会就前插
弧线球射门
乐于反越位
喜欢从双侧内切
第一时间射门",#NAME?
Dan Ndoye,AM RL,24,148,154,"Switzerland,Senegal",Nottingham Forest,84153276,6,11,15,11,14,4,6,10,5,3,13,10,10,14,13,14,12,11,12,12,14,14,8,13,10,13,11,14,17,17,13,11,16,17,16,11,14,6,13,8,14,1,2,3,3,2,2,3,2,4,2,1,15,15,6,14,11,15,14,12,1,7,1,10,7,14,1,14,1,15,17,10,20,14,184,8,20,"£44,962,668",7400,7500,5750,AfricanCaribbean,142,13,36824,22,3,"£90,000",84153276,7.66666666666667,14.25,17,12.6666666666667,11.6666666666667,14.3333333333333,8.5,12.8333333333333,2.5,14.25,17,12.8333333333333,2.5,3,1.5,1.5,"趟球变向加速过人
在盘带前先将球停至右脚
喜欢从双侧内切
喜欢连续过多人
经常带球",#NAME?
Mohamed Amoura,AM/ST L,25,148,153,Algeria,VfL Wolfsburg,2000069643,11,10,14,14,13,10,15,12,5,6,12,13,7,14,15,13,12,12,11,12,15,15,7,13,6,11,13,15,18,16,12,12,12,17,15,9,13,12,13,12,13,3,1,4,1,3,1,1,3,3,2,3,16,16,13,7,12,8,7,6,1,1,1,1,1,1,1,12,1,10,18,12,12,20,170,8,20,"£28,946,604",7400,7000,5900,NorthAfricanMiddleEastern,139,7,36655,33,13,"£33,147",2000069643,6.33333333333333,13,17.5,13.3333333333333,13,13.6666666666667,13.5,12.3333333333333,2,13,17.5,12.3333333333333,2.5,1,3,2,"乐于反越位
用外脚背
尝试倒勾球
经常带球",#NAME?
"Fran García(R. Madrid,Spain)",D/WB L,25,148,152,Spain,R. Madrid,67245235,11,13,13,8,10,12,5,11,15,12,12,7,13,13,14,13,16,12,13,12,14,11,12,14,12,16,12,17,16,15,17,5,14,17,16,12,13,9,11,9,11,2,1,1,2,3,3,1,1,3,3,2,13,14,6,13,14,16,14,14,1,20,1,1,19,1,1,15,1,1,12,1,1,1,170,20,8,"£27,290,964",7400,7400,6900,MediterraneanHispanic,139,6,36386,2,0,"£86,183",67245235,12.3333333333333,15,16.5,11.6666666666667,11.3333333333333,12,5,14,1,15,16.5,14,1,2,2.5,2.5,"有机会就前插
拉边",#NAME?
Robert Andrich,D/DM/M C,30,148,152,Germany,Bayer 04 Leverkusen,91108805,10,8,10,8,13,14,13,16,7,13,15,12,15,13,17,15,16,15,15,13,17,10,13,11,15,17,13,16,11,11,15,13,14,12,16,15,16,17,17,8,13,2,4,2,2,3,3,3,4,2,1,3,10,14,12,12,16,14,7,8,1,1,16,1,1,1,20,1,18,1,1,10,1,8,186,12,20,"£29,679,848",7400,7500,6250,NorthernEuropean,148,4,34599,18,0,"£91,155",91108805,14.3333333333333,14.25,11.5,12.6666666666667,11.3333333333333,12,13,15.5,3.5,14.25,11.5,15.5,3,2,2.5,3,"激怒对手
与裁判争论",#NAME?
Jean-Philippe Mateta,ST ,28,148,150,"France,Democratic Republic of Congo",Crystal Palace,49034219,6,8,14,15,13,8,14,9,4,8,11,15,7,13,15,13,14,14,12,11,13,14,11,14,11,14,10,14,15,13,14,16,14,15,14,16,14,9,14,7,5,2,3,2,1,3,1,3,3,2,3,2,14,13,11,7,10,14,12,13,1,1,1,1,1,1,1,1,1,1,1,10,1,20,192,14,20,"£48,400,000",7300,7600,6800,AfricanCaribbean,147,16,35609,0,0,"£55,000",49034219,8.66666666666667,14.25,15,11.6666666666667,14.3333333333333,13.3333333333333,15,12.8333333333333,3,14.25,15,12.8333333333333,2.5,1,2.5,1.5,"鼓动观众情绪
第一时间射门",#NAME?
Maximilian Mittelstädt,D/WB L,28,148,150,Germany,VfB Stuttgart,91143714,12,16,13,7,13,11,11,8,15,12,13,11,16,13,12,15,16,13,13,14,16,12,13,13,13,16,13,17,14,13,12,12,14,14,16,12,18,12,13,10,16,2,1,2,2,3,1,4,3,2,2,2,12,16,4,18,16,16,14,14,1,20,12,10,18,10,8,12,8,8,12,1,8,1,180,20,9,"£28,119,562",7400,7400,5900,NorthernEuropean,147,2,35507,14,1,"£49,721",91143714,13.6666666666667,13.25,14,12.6666666666667,11,13,11.5,15,3.5,13.25,14,15,1.5,2,2.5,1.5,撞墙式配合,#NAME?
Nadiem Amiri,DM/M C,28,148,150,"Germany,Afghanistan",1. FSV Mainz 05,91143491,16,13,15,12,15,17,7,16,6,10,15,15,12,16,16,14,16,15,12,13,17,15,15,13,11,17,16,17,12,13,13,8,16,12,15,13,17,13,15,10,18,1,1,3,2,2,2,2,3,2,2,2,8,12,10,14,15,15,7,8,1,1,1,1,1,8,18,10,20,10,12,15,12,8,180,9,20,"£23,792,476",7250,7400,5750,NorthAfricanMiddleEastern,148,7,35365,7,0,"£49,721",91143491,11,13.5,12,15.3333333333333,13.3333333333333,15.3333333333333,7.5,14.8333333333333,2.5,13.5,12,14.8333333333333,2,2,1.5,2,"远射
用外脚背
撞墙式配合
鼓动观众情绪
长距离传球",#NAME?
Óscar Mingueza,D/WB RLC,26,148,150,Spain,Vigo,67245413,5,13,12,11,13,12,14,12,11,13,15,5,13,13,13,15,15,14,12,14,15,13,13,15,13,15,15,16,13,12,14,13,15,14,14,13,13,8,12,7,18,3,3,3,1,3,1,2,1,1,1,3,10,14,5,15,13,15,13,15,1,14,15,19,16,20,14,1,1,11,1,1,1,1,184,10,20,"£25,926,204",7400,7400,6650,MediterraneanHispanic,142,5,36293,4,0,"£18,811",67245413,13,13.25,13.5,14.3333333333333,13.3333333333333,12.6666666666667,13.5,14.3333333333333,1.5,13.25,13.5,14.3333333333333,3,1,3,2,"经常尝试传身后球
后排插上进攻
利用脚下技术将球带出危险区
倒地铲球
尽早传中
把球带出防守区域",#NAME?
Florian Lejeune,D C,34,148,148,France,Vallecano,85063747,4,10,10,7,14,13,15,14,5,16,14,7,14,14,14,14,15,15,15,14,16,7,13,7,16,15,12,14,10,10,13,14,18,12,15,16,15,14,14,7,10,2,2,3,1,1,3,1,1,1,2,3,12,16,7,12,11,18,10,14,1,1,20,1,1,1,8,1,1,1,1,1,1,1,190,12,20,"£300,000,000",7400,7400,5900,NorthernEuropean,148,6,33378,0,0,"£24,860",85063747,15.3333333333333,13.5,11,11,9.66666666666667,12.6666666666667,14.5,14.8333333333333,1,13.5,11,14.8333333333333,2.5,1,1.5,3,"远射
主罚远距离任意球
长距离传球
任意球大力攻门
喜欢将球转移到边路",#NAME?
Luis Milla,M C,30,148,148,Spain,Getafe,67191561,14,12,12,11,15,14,7,12,9,9,16,14,12,16,14,14,15,15,15,15,16,13,15,13,13,15,16,15,12,14,13,8,13,13,15,10,14,10,13,11,13,1,2,3,1,3,1,1,3,1,1,1,14,15,8,8,12,15,10,11,1,1,1,1,1,1,15,8,20,12,1,14,1,1,175,10,20,"£34,563,616",7400,7400,5900,MediterraneanHispanic,148,4,34614,0,0,"£50,949",67191561,11.3333333333333,13,12.5,15,13,14.3333333333333,7.5,15,2,13,12.5,15,2.5,1,2,1,"习惯简单短传配合
回撤拿球
后排插上进攻",#NAME?
Kobbie Mainoo,DM/M C,20,147,-9,"England,Ghana",Manchester United,2000123586,9,9,14,13,15,8,10,9,4,9,14,13,12,16,13,14,13,16,12,14,13,12,7,14,12,15,13,14,13,17,16,12,15,13,14,12,13,8,14,3,14,3,1,1,2,3,3,3,1,1,1,1,18,8,3,11,15,16,14,17,1,1,1,10,1,10,18,1,20,10,1,15,1,1,183,14,20,"£76,606,000",7600,7250,6250,AfricanCaribbean,146,16,38461,10,0,"£10,000",2000123586,11,14.75,13,13,14.3333333333333,15,11,13.5,2,14.75,13,13.5,1,2,3,2,"中路带球突进
回撤拿球
撞墙式配合",#NAME?
Victor Froholdt,DM/M C,19,147,-85,Denmark,Futebol Clube do Porto,2000202295,6,6,14,11,13,7,11,13,6,10,13,7,10,13,16,15,16,12,17,13,18,12,10,13,13,16,14,18,14,14,12,13,18,14,18,11,15,6,13,6,17,4,1,2,2,3,3,1,3,3,3,3,20,16,5,15,15,16,14,12,1,1,1,12,1,1,18,12,20,12,12,15,12,1,187,11,20,"£73,457,576",7600,7350,5000,NorthernEuropean,141,4,38773,2,0,"£22,901",2000202295,11,13.75,14,13,12,13.3333333333333,12,15.8333333333333,2,13.75,14,15.8333333333333,1.5,2,3.5,3,"中路带球突进
鼓动观众情绪",#NAME?
Kyle Walker,D/WB RC,35,147,164,England,Burnley,28009441,4,11,12,7,13,11,13,8,12,14,13,6,14,13,13,14,13,13,12,13,16,10,15,13,14,15,12,14,14,13,13,11,20,16,17,15,15,5,13,7,14,3,1,1,3,3,1,3,4,2,1,2,13,15,7,14,11,13,14,15,5,10,18,20,1,16,1,1,1,5,1,1,5,1,183,11,20,"£300,000,000",7350,7350,7000,MixedRace,144,11,33021,96,1,"£100,000",28009441,14,14.5,15,11.6666666666667,11,12.6666666666667,12,13.8333333333333,3.5,14.5,15,13.8333333333333,1,3,3,1.5,趟球变向加速过人,#NAME?
Benoît Badiashile,D C,24,147,163,"France,Democratic Republic of Congo",Chelsea,49038942,3,5,9,6,13,4,17,7,8,15,13,7,15,12,10,14,15,16,12,14,15,9,11,6,14,14,11,13,14,11,15,17,15,15,15,16,13,6,13,5,5,3,3,3,3,1,2,3,3,1,1,1,9,15,6,16,14,15,14,14,1,1,20,1,1,1,10,1,1,1,1,1,1,1,194,20,8,"£48,566,667",7300,6950,5750,AfricanCaribbean,147,17,36976,2,0,"£105,000",49038942,14.6666666666667,14.25,14.5,11,9.33333333333333,11.3333333333333,17,14,3,14.25,14.5,14,3,3,2,1.5,不喜欢倒地铲球,#NAME?
Anatolii Trubin,GK ,24,147,162,Ukraine,Sport Lisboa e Benfica,71101334,1,3,2,2,10,1,8,2,2,1,10,3,2,10,9,15,12,13,15,13,12,5,7,1,15,14,8,14,9,15,11,18,14,10,11,14,13,2,14,5,1,17,12,15,3,16,11,14,17,6,6,10,8,13,9,17,8,15,15,8,20,1,1,1,1,1,1,1,1,1,1,1,1,1,199,10,20,"£46,808,320",7250,7100,6000,NorthernEuropean,145,0,37104,20,0,"£63,809",71101334,6,12.75,9.5,7.66666666666667,5.33333333333333,7.33333333333333,13,13.5,15.5,12.75,9.5,13.5,13.5,3,16.5,10.5,,#NAME?
Mohammed Kudus,AM RLC,25,147,162,Ghana,Tottenham Hotspur,13200568,10,10,17,14,14,14,9,10,11,7,13,13,6,16,15,13,14,13,12,10,13,16,6,13,7,14,12,13,15,16,15,8,14,14,14,17,12,9,8,9,16,1,1,1,2,2,1,2,2,2,1,1,8,11,12,12,10,13,13,14,1,1,1,1,1,1,1,12,10,12,16,18,20,15,177,20,10,"£105,450,000",7100,7500,6300,AfricanCaribbean,141,16,36740,42,12,"£100,000",13200568,6.66666666666667,15.5,14.5,13.6666666666667,13.3333333333333,15.6666666666667,8.5,12.6666666666667,2,15.5,14.5,12.6666666666667,1,2,1.5,1,"插入对方禁区
尝试花式动作
经常带球",#NAME?
Georginio Rutter,AM/ST RC,23,147,161,"France,Martinique",Brighton & Hove Albion,49048380,6,10,15,11,14,8,12,12,5,6,14,12,8,15,8,14,12,14,9,14,13,16,10,13,8,15,14,15,13,14,14,12,13,14,14,14,13,9,9,7,8,2,3,1,1,2,2,1,2,2,3,2,14,13,8,14,11,13,8,8,1,1,1,1,1,1,1,1,1,1,12,20,17,19,182,20,16,"£66,780,000",7350,7150,6250,AfricanCaribbean,144,14,37366,0,0,"£60,000",49048380,7.33333333333333,14,13.5,14.6666666666667,12.6666666666667,14.6666666666667,12,12.8333333333333,1.5,14,13.5,12.8333333333333,2,1,2,2,"经常尝试传身后球
尝试花式动作
喜欢连续过多人
经常带球",#NAME?
Robert Sánchez,GK ,27,147,160,Spain,Chelsea,29156212,8,2,3,1,11,9,1,3,1,2,11,2,1,13,8,11,15,14,10,11,10,9,7,2,12,12,11,9,13,14,12,18,14,12,12,16,10,3,9,7,11,17,17,11,15,14,15,15,16,14,10,14,20,11,3,11,11,10,8,14,20,1,1,1,1,1,1,1,1,1,1,1,1,1,197,12,20,"£37,537,500",7350,7100,6000,MixedRace,145,14,35752,1,0,"£70,000",29156212,5,13.5,12.5,10.3333333333333,5.66666666666667,9,9.5,11.5,15.5,13.5,12.5,11.5,14,15,15.5,14.5,,#NAME?
Ivan Perišić,M/AM RL,36,147,159,Croatia,PSV,34012563,15,15,13,13,15,12,15,12,10,9,14,14,9,14,11,15,12,15,14,13,14,14,18,15,9,14,14,16,12,11,14,14,17,11,11,12,14,8,19,6,19,3,3,1,1,2,1,3,1,3,3,1,15,17,13,9,18,12,8,10,1,12,1,1,12,13,1,17,1,17,20,10,18,14,186,18,20,"£300,000,000",7350,7100,6350,NorthernEuropean,142,2,32541,144,36,"£28,086",34012563,9,12,11.5,14,14.3333333333333,14,14.5,13.6666666666667,2,12,11.5,13.6666666666667,2,1,2.5,1,"插入对方禁区
跑肋部空间接球
有机会就前插",#NAME?
Edmond Tapsoba,D C,26,147,156,Burkina Faso,Bayer 04 Leverkusen,13196616,3,7,12,6,13,8,13,9,13,15,15,15,15,13,13,15,14,15,13,14,15,11,11,8,15,14,15,12,13,12,15,15,14,14,14,14,15,6,13,6,11,3,3,1,2,3,3,2,2,3,1,1,16,13,6,12,12,15,14,15,5,1,20,10,1,1,14,1,12,1,1,1,1,1,192,10,20,"£34,303,872",7350,7250,6250,AfricanCaribbean,147,16,36193,52,1,"£82,868",13196616,15,13.75,13.5,13.6666666666667,9.66666666666667,12.6666666666667,14,14.1666666666667,2,13.75,13.5,14.1666666666667,2,2,3,2,"利用脚下技术将球带出危险区
不喜欢倒地铲球
把球带出防守区域",#NAME?
Mario Gila,D C,24,147,156,Spain,Capitolini Celesti,67277455,4,4,12,4,13,6,15,5,4,15,13,8,15,14,16,16,17,13,12,13,18,13,14,7,13,14,12,14,15,13,12,15,15,15,15,16,14,12,12,5,8,3,3,3,3,3,1,2,2,3,2,4,14,15,5,15,12,15,14,14,1,1,20,11,1,1,11,1,7,1,1,1,1,1,183,10,20,"£300,000,000",7350,7250,5250,MediterraneanHispanic,147,3,36767,0,0,"£21,272",67277455,14.3333333333333,14,15,12.6666666666667,8,13,15,15,2,14,15,15,3,3,3,2.5,,#NAME?
Nicolò Rovella,DM C,23,147,156,Italy,Capitolini Celesti,43372892,14,13,10,6,14,12,7,11,4,13,14,11,17,14,16,17,15,13,13,13,16,13,13,12,16,16,14,15,13,14,12,8,15,13,14,12,15,13,13,7,13,3,1,3,1,2,1,3,1,2,2,3,10,14,4,14,13,16,18,14,1,1,1,1,1,1,20,1,15,1,1,12,1,1,179,10,20,"£300,000,000",7350,7400,5500,MediterraneanHispanic,146,2,37229,0,0,"£61,491",43372892,15.3333333333333,13,13,13.6666666666667,10.3333333333333,12.6666666666667,7.5,15,2,13,13,15,2,1,2.5,2,"控制节奏
长时间控球
主罚远距离任意球
长距离传球",#NAME?
Teun Koopmeiners,DM/M/AM C,27,147,156,Netherlands,Juventus,37057982,13,14,12,13,14,16,10,16,11,11,15,16,14,14,13,14,11,13,13,12,13,10,11,14,14,15,14,13,12,12,15,12,14,12,15,14,12,10,12,6,13,3,3,2,2,3,1,1,3,3,2,2,14,16,8,12,10,18,16,10,1,1,1,1,1,1,17,10,20,10,1,18,1,12,183,20,12,"£27,216,030",7350,7300,6150,NorthernEuropean,145,0,35854,25,3,"£95,894",37057982,13,14,12,13,13.3333333333333,13.3333333333333,11,13,2,14,12,13,2.5,2,3,1.5,"远射
回撤拿球
长距离传球
喜欢将球转移到边路",#NAME?
Bryan Cristante,DM/M C,30,147,155,"Italy,Canada",Associazione Sportiva Roma,43091113,8,11,11,13,13,8,17,14,8,12,15,12,16,14,6,14,16,14,12,13,14,8,14,13,16,17,14,16,10,10,16,16,17,11,16,15,14,12,11,4,11,3,3,1,2,1,2,2,1,2,3,2,7,15,3,15,14,19,18,18,1,1,12,1,1,1,20,1,20,1,1,10,1,1,186,12,20,"£26,943,872",7350,7050,6300,MediterraneanHispanic,148,2,34761,43,2,"£86,254",43091113,14.6666666666667,14.25,10.5,12.3333333333333,13.3333333333333,12.6666666666667,16.5,14.3333333333333,1.5,14.25,10.5,14.3333333333333,2,2,2,2,"远射
大力射门
停球观察
长距离传球",#NAME?
Edon Zhegrova,M/AM RLC,26,147,155,"Kosovo,Albania",Juventus,18104985,12,14,16,13,17,10,4,13,5,4,14,12,6,16,7,14,14,14,12,12,11,17,9,14,5,12,11,12,15,17,15,7,12,16,12,8,12,8,14,11,8,3,2,1,1,2,3,1,3,2,4,1,8,18,14,8,17,13,8,7,1,1,1,1,1,12,1,14,1,18,15,17,20,14,181,20,8,"£28,648,452",7350,6500,5950,NorthAfricanMiddleEastern,141,3,36250,42,5,"£76,947",18104985,5,13,15.5,14,13.6666666666667,16.3333333333333,5.5,12.5,2,13,15.5,12.5,1.5,1,2.5,2,"弧线球射门
激怒对手
长时间控球
尝试花式动作
从右路内切",#NAME?
Jakub Kiwior,D LC,25,147,155,Poland,Arsenal,96102946,7,11,12,7,12,12,15,8,7,15,13,8,14,13,13,15,13,14,13,13,15,9,10,7,14,15,12,14,15,14,12,16,15,14,14,14,14,11,12,5,12,1,2,2,2,1,2,2,3,2,2,1,15,14,4,12,13,15,12,13,1,18,20,1,12,1,15,1,10,1,1,1,1,1,188,20,9,"£28,845,273",7350,7350,6250,NorthernEuropean,146,5,36571,35,2,"£58,000",96102946,14.3333333333333,13.5,14.5,11.3333333333333,9.33333333333333,12.3333333333333,15.5,14,2.5,13.5,14.5,14,2,2,1,1.5,"长距离传球
喜欢将球转移到边路",#NAME?
Orkun Kökçü,DM/M/AM C,24,147,155,"Türkiye,Netherlands",Sport Lisboa e Benfica,37061602,14,14,13,14,15,15,7,16,7,6,17,15,8,16,12,9,11,16,12,15,12,13,13,13,11,13,17,8,12,13,16,9,15,13,12,12,13,14,12,7,12,2,2,2,1,2,3,1,2,3,1,1,11,16,20,6,13,9,11,8,1,1,1,1,1,1,16,1,20,1,1,17,1,1,175,14,20,"£42,989,961",7300,7300,6700,NorthAfricanMiddleEastern,143,5,36889,41,3,"£31,543",37061602,8.33333333333333,13.25,12.5,15.6666666666667,14.3333333333333,14.6666666666667,8,12,1.5,13.25,12.5,12,2,1,2,2,远射,#NAME?
Raoul Bellanova,D/WB/M R,25,147,155,Italy,Bergamo,43295110,8,14,14,8,13,5,11,6,10,13,14,5,11,14,12,14,14,12,13,13,13,10,7,14,12,10,13,13,16,14,13,12,15,17,15,14,13,7,12,6,13,3,2,2,2,2,3,1,2,1,3,2,10,15,4,12,11,15,15,14,1,12,11,19,12,20,1,10,1,19,1,1,1,1,188,9,20,"£21,635,092",7350,7350,5750,MediterraneanHispanic,141,4,36663,0,0,"£55,342",43295110,12,14,16.5,12.3333333333333,11.3333333333333,13.6666666666667,11.5,12.8333333333333,1.5,14,16.5,12.8333333333333,2,2,2.5,2.5,沿右路带球突进,#NAME?
Trevoh Chalobah,D RC,26,147,155,"England,Sierra Leone",Chelsea,28103591,6,11,10,8,14,10,13,9,6,14,12,6,16,13,12,14,13,14,14,14,15,12,8,8,14,15,12,15,16,12,14,15,15,15,14,13,14,3,15,5,16,1,2,3,4,2,1,3,3,3,2,3,11,12,4,12,14,18,15,19,1,10,20,15,1,10,14,1,12,1,1,1,1,1,192,12,20,"£40,950,000",7350,7350,6250,AfricanCaribbean,146,15,36346,1,0,"£100,000",28103591,14.6666666666667,13.25,15.5,12,10,12.3333333333333,14,14.1666666666667,3,13.25,15.5,14.1666666666667,2.5,4,1.5,2,把球带出防守区域,#NAME?
Lewis Dunk,D C,33,147,154,England,Brighton & Hove Albion,29036189,5,7,9,6,13,9,13,5,6,14,14,10,16,13,13,15,17,15,16,16,14,8,16,7,16,15,13,14,10,10,10,15,13,12,15,14,15,13,15,6,14,3,2,1,2,1,1,1,1,1,3,1,14,14,5,16,9,15,13,11,1,1,20,1,1,1,1,1,1,1,1,1,1,1,192,11,20,"£9,569,676",7450,7300,6250,NorthernEuropean,146,6,33563,6,0,"£87,000",29036189,15.3333333333333,12.25,11,11.6666666666667,9.33333333333333,11.6666666666667,14,15.5,1,12.25,11,15.5,1.5,2,2,1,把球带出防守区域,#NAME?
Robin Gosens,D/WB/M L,31,147,154,"Germany,Netherlands",ACF Fiorentina,37041773,11,14,11,13,11,8,16,12,14,12,13,11,14,11,16,16,16,12,13,14,17,10,14,17,13,16,13,18,13,13,14,15,15,14,15,13,15,12,16,10,15,2,2,3,2,3,4,1,4,4,3,3,15,16,5,10,15,17,14,12,1,19,1,10,20,10,8,19,10,10,11,10,8,1,183,20,8,"£300,000,000",7350,6900,5900,NorthernEuropean,145,2,34520,24,2,"£61,491",37041773,13,13.75,13.5,12,14,11,15.5,15.3333333333333,2.5,13.75,13.5,15.3333333333333,2.5,2,2.5,3.5,"插入对方禁区
有机会就前插
大力射门
倒地铲球",#NAME?
Álex Berenguer,WB/M/AM RL,30,147,153,"Spain,Pays Basque",A. Bilbao,67157520,14,13,15,13,14,12,7,10,7,8,13,8,9,14,10,12,12,13,12,12,14,14,8,14,9,12,14,13,15,15,14,7,13,14,13,11,12,10,12,7,18,3,1,2,3,1,3,4,3,2,1,1,13,13,2,11,12,12,13,12,1,12,1,8,17,12,1,19,1,15,20,14,15,10,175,12,20,"£51,852,408",7350,7350,6350,MediterraneanHispanic,138,6,34884,0,0,"£21,522",67157520,8.66666666666667,13.25,14.5,13.6666666666667,13.3333333333333,14.3333333333333,7,12.3333333333333,3.5,13.25,14.5,12.3333333333333,1.5,3,2,2,"有机会就前插
经常带球",#NAME?
Carlos Augusto,D/WB/M LC,26,147,153,"Brazil,Italy",Blu-neri Milano,19350649,10,14,12,12,13,10,14,13,18,13,14,9,14,14,14,14,14,14,12,12,15,13,9,15,13,14,12,15,15,14,13,13,12,15,14,12,13,7,12,9,14,2,1,2,3,2,3,3,2,2,2,3,14,14,6,13,14,16,12,13,1,20,16,1,20,1,1,17,1,1,1,1,1,1,184,20,8,"£24,351,186",7350,6500,6200,NorthernEuropean,142,2,36167,2,0,"£46,866",19350649,13.3333333333333,13.25,15,13,13.6666666666667,13,13.5,13.5,2.5,13.25,15,13.5,1.5,3,2,3,喜欢掷长距离界外球,#NAME?
Isak Hien,D C,26,147,153,"Sweden,Ghana,Burkina Faso",Bergamo,93083839,7,8,10,7,10,7,15,7,9,17,11,5,16,10,17,14,16,10,12,13,15,8,8,8,13,13,9,14,14,13,14,17,12,15,16,17,14,14,12,6,14,2,1,2,1,3,2,3,1,2,1,1,14,13,8,11,15,14,14,15,1,10,20,12,8,10,1,6,1,6,6,1,6,8,191,7,20,"£22,907,742",7350,7250,5850,AfricanCaribbean,145,12,36173,21,0,"£27,754",93083839,15.3333333333333,15,14.5,9.33333333333333,8.33333333333333,10,16,13.8333333333333,2,15,14.5,13.8333333333333,1.5,1,2.5,1.5,把球带出防守区域,#NAME?
Clément Lenglet,D C,30,147,152,France,A. Madrid,85078880,9,11,12,8,14,10,15,10,10,15,15,8,15,14,12,15,13,15,13,14,14,10,12,11,14,15,14,14,12,13,13,15,14,14,15,14,14,9,13,10,9,1,1,1,2,1,2,1,2,3,2,4,13,14,8,12,12,16,15,9,1,12,20,1,1,1,1,1,1,1,1,1,1,1,186,20,8,"£29,400,312",7350,7350,6650,NorthernEuropean,149,5,34867,16,1,"£58,656",85078880,14.6666666666667,13.75,13,13,11.3333333333333,13.3333333333333,15,14,1.5,13.75,13,14,1,2,1,3,不喜欢传身后球,#NAME?
Fikayo Tomori,D C,27,147,152,"England,Canada,Nigeria",Casciavit Milano,28097980,4,7,9,7,11,8,14,7,13,15,12,7,16,11,17,16,14,11,13,12,14,7,12,10,14,13,11,14,16,13,13,13,15,16,16,15,14,13,14,7,8,1,2,3,1,3,1,3,2,1,2,1,15,16,10,13,13,13,15,11,1,10,20,12,1,10,1,1,1,1,1,1,1,1,185,11,20,"£20,825,220",7350,6900,6500,AfricanCaribbean,146,17,35783,5,0,"£74,620",28097980,15,14.25,16,10,9.33333333333333,10.3333333333333,13.5,13.6666666666667,2.5,14.25,16,13.6666666666667,2.5,1,2,1,长距离传球,#NAME?
Mario Pašalić,M/AM C,30,147,152,"Croatia,Germany",Bergamo,24021244,8,11,13,13,15,7,12,14,6,8,15,13,12,14,13,16,12,12,12,15,13,11,11,16,9,14,14,13,13,13,14,14,13,13,13,12,14,12,12,8,14,4,1,2,3,1,2,2,4,2,3,1,15,16,6,17,13,17,14,15,1,1,1,1,1,1,14,1,20,1,10,20,12,12,188,16,20,"£19,783,960",7350,7150,5900,NorthernEuropean,145,3,34739,76,11,"£61,491",24021244,9.66666666666667,13,13,13.3333333333333,13.6666666666667,14,13,13.6666666666667,3,13,13,13.6666666666667,1.5,3,2.5,1.5,"插入对方禁区
跑肋部空间接球
有机会就前插",#NAME?
Taty Castellanos,ST ,26,147,152,"Argentina,United States",Capitolini Celesti,75042244,4,10,12,14,15,12,18,12,4,4,13,14,7,14,17,16,15,12,12,13,18,14,10,15,8,17,13,15,14,16,16,13,15,14,13,14,13,8,12,4,8,4,3,2,3,1,4,3,2,2,3,3,13,15,7,12,10,14,10,11,1,1,1,1,1,1,1,1,1,1,8,8,8,20,179,10,20,"£300,000,000",7350,6100,5750,NativeAmerican,147,10,36071,2,0,"£38,390",75042244,6.33333333333333,14.75,14,13.3333333333333,13.6666666666667,13.6666666666667,15.5,15.1666666666667,2.5,14.75,14,15.1666666666667,2.5,3,2.5,3.5,尝试倒勾球,#NAME?
Georges Mikautadze,ST L,24,147,151,"Georgia,France",Villarreal,49043189,11,11,13,17,14,12,12,12,6,6,13,16,6,15,11,13,14,16,12,14,14,15,9,15,7,14,15,14,15,15,14,9,13,15,12,11,13,10,12,8,12,4,3,3,1,1,1,3,1,3,3,2,9,16,8,12,12,14,12,11,1,1,1,1,1,1,1,1,1,1,15,13,13,20,176,12,20,"£51,904,256",7350,6750,5850,MediterraneanHispanic,146,2,36830,37,20,"£57,132",49043189,6.33333333333333,13,15,14.3333333333333,16,14,10.5,13.5,2,13,15,13.5,3,1,2.5,1.5,"跑肋部空间接球
角度刁钻的射门
喜欢过顶球吊射
喜欢从双侧内切",#NAME?
Mathías Olivera,D/WB/M LC,27,147,151,"Uruguay,Spain",Parthenope,78076343,11,13,12,9,13,9,15,10,13,13,13,8,16,12,11,15,15,13,13,13,14,11,10,12,14,14,12,15,14,13,14,13,13,14,14,15,14,11,12,8,13,1,2,1,1,2,2,2,2,1,3,2,13,12,7,11,13,13,10,9,1,20,17,1,18,1,1,16,1,1,1,1,1,1,184,20,9,"£24,351,186",7350,6900,6000,MediterraneanHispanic,144,6,35734,30,2,"£42,545",78076343,14.3333333333333,14,14,12,11.3333333333333,12.3333333333333,14,14,2,14,14,14,1.5,1,1.5,2,,#NAME?
Tyler Adams,DM/M C,26,147,151,United States,AFC Bournemouth,72044918,5,10,11,6,13,5,8,8,11,14,14,5,16,12,16,15,15,12,13,14,15,9,13,12,16,15,12,18,14,14,14,10,17,13,17,14,15,12,15,7,16,2,1,3,1,3,1,1,3,2,2,3,15,16,4,11,13,15,16,12,1,12,1,13,12,14,20,1,20,10,1,1,10,1,175,12,20,"£47,547,500",7350,7100,6500,MixedRace,146,13,36205,50,2,"£60,000",72044918,15.3333333333333,14.75,13.5,11.6666666666667,10,12,9,14.5,2,14.75,13.5,14.5,2,1,2.5,2,,#NAME?
Andrei Raţiu,D/WB R,27,147,150,Romania,Vallecano,67217491,5,12,14,7,10,7,8,11,14,12,11,6,12,14,13,13,15,9,12,13,14,16,8,11,12,13,11,15,16,13,13,11,13,18,17,14,13,13,13,4,15,1,3,2,2,3,1,3,2,1,3,2,14,15,11,11,14,14,11,13,1,10,1,20,10,19,1,1,1,14,1,1,13,1,183,10,20,"£21,605,170",7350,7350,6500,MediterraneanHispanic,135,5,35966,31,1,"£8,286",67217491,12,14.25,17,12.6666666666667,9,12.6666666666667,9.5,13.3333333333333,2.5,14.25,17,13.3333333333333,2.5,2,2,1.5,"有机会就前插
激怒对手
趟球变向加速过人
尝试花式动作",#NAME?
Jhon Lucumí,D C,27,147,150,Colombia,Bologna FC 1909,76042952,5,12,12,7,12,5,12,8,11,15,15,8,16,13,15,16,14,13,13,11,13,13,13,13,16,14,13,14,14,12,17,13,16,14,15,15,14,14,13,8,12,2,1,3,1,1,3,3,3,2,1,1,16,17,10,10,12,17,13,14,1,11,20,1,7,1,9,1,1,1,1,1,1,1,185,20,12,"£16,799,012",7350,7000,5100,AfricanCaribbean,147,15,35972,29,0,"£15,954",76042952,15.6666666666667,14.75,14,13.6666666666667,11,12.3333333333333,12.5,13.5,3,14.75,14,13.5,2,1,1.5,2,"经常带球
把球带出防守区域",#NAME?
Santi Comesaña,DM/M C,28,147,150,Spain,Villarreal,67224142,9,10,11,11,14,7,14,10,7,12,16,7,13,15,12,15,13,12,14,15,14,11,14,13,15,15,15,15,13,13,12,13,15,13,14,14,13,12,12,8,13,2,1,1,2,4,1,2,2,2,2,2,14,15,7,12,12,14,10,8,1,1,9,1,1,1,18,1,20,1,1,12,1,1,184,12,20,"£51,774,488",7350,7350,5850,MediterraneanHispanic,146,5,35343,0,0,"£57,132",67224142,13.3333333333333,13.25,13,14,12,13.3333333333333,13.5,14.3333333333333,2,13.25,13,14.3333333333333,1,2,3,1.5,"习惯简单短传配合
控制节奏
后排插上进攻",#NAME?
Tim Kleindienst,ST ,29,147,150,Germany,Borussia Mönchengladbach,92065436,2,7,11,15,12,6,17,12,13,8,11,14,9,12,16,14,18,12,15,13,18,12,16,12,8,16,12,19,11,10,16,17,16,14,16,16,16,16,16,10,8,3,3,1,1,3,3,1,1,1,1,3,8,13,6,12,16,16,8,8,1,1,1,1,1,1,1,1,1,1,14,14,14,20,194,20,17,"£29,400,316",7350,7350,5750,NorthernEuropean,146,4,34942,6,4,"£41,434",92065436,8.33333333333333,14.5,12.5,11.6666666666667,13,11.6666666666667,17,15.6666666666667,1,14.5,12.5,15.6666666666667,2,1,3,3,角度刁钻的射门,#NAME?
Ante Budimir,ST ,34,147,147,Croatia,Atlético Pamplona,24003746,6,8,10,15,13,4,17,12,3,7,11,16,12,12,13,16,15,16,16,14,16,13,5,16,12,15,11,16,11,11,15,15,15,13,15,17,15,8,14,7,8,2,3,1,2,3,2,1,2,3,2,3,13,13,7,10,13,14,13,13,1,1,1,1,1,1,1,1,1,1,7,1,7,20,190,20,12,"£300,000,000",7350,6950,6350,NorthernEuropean,146,3,33441,32,6,"£50,432",24003746,10.3333333333333,14.5,12,11.6666666666667,15.6666666666667,11.6666666666667,16,15.3333333333333,1.5,14.5,12,15.3333333333333,2,2,2.5,2.5,"背身拿球
第一时间射门",#NAME?
Luuk de Jong,ST ,34,147,147,"Netherlands,Switzerland",Futebol Clube do Porto,37008621,4,8,10,16,14,12,18,12,4,5,11,14,4,13,14,16,16,16,13,14,14,12,17,15,5,13,14,17,11,13,15,17,18,11,15,14,15,8,15,6,8,3,3,3,3,3,3,2,2,1,1,3,12,16,6,12,11,16,13,17,1,1,1,1,1,1,1,1,1,1,7,14,7,20,189,12,20,"£3,311,355",7350,7350,6500,NorthernEuropean,147,5,33112,39,8,"£38,975",37008621,4.66666666666667,14.25,11,12.3333333333333,15.6666666666667,12.3333333333333,17.5,14.3333333333333,2,14.25,11,14.3333333333333,3,3,3,3,"角度刁钻的射门
与裁判争论
背身拿球",#NAME?
Pape Matar Sarr,DM/M/AM C,22,146,178,Senegal,Tottenham Hotspur,12080051,7,7,13,9,15,8,10,10,8,12,14,9,13,14,11,16,16,15,15,12,16,13,10,13,14,14,14,14,14,14,15,12,14,13,17,15,13,8,13,5,11,3,3,3,1,3,3,2,2,1,1,2,16,14,3,10,16,14,13,15,1,1,1,1,1,1,18,10,20,10,1,16,1,1,184,11,20,"£59,200,000",7300,7100,6100,AfricanCaribbean,146,17,37513,31,2,"£66,000",12080051,13,15.25,13.5,13.6666666666667,12.3333333333333,14,11,14.8333333333333,2,15.25,13.5,14.8333333333333,3,1,3,2.5,,#NAME?
Jadon Sancho,AM RLC,25,146,177,"England,Trinidad and Tobago,Jamaica",Manchester United,28108490,13,13,16,9,16,12,6,10,6,6,16,10,7,17,7,14,7,16,12,15,6,17,8,14,6,12,16,13,15,17,14,8,12,14,12,8,12,5,12,8,14,4,4,3,3,2,3,1,1,1,2,1,10,14,14,12,10,8,13,10,1,1,1,1,1,1,1,15,8,15,20,15,19,12,180,10,20,"£34,283,336",7250,7250,6500,MixedRace,144,12,36610,23,3,"£275,000",28108490,6.33333333333333,12.75,14.5,16.3333333333333,13,16.3333333333333,7,11,1,12.75,14.5,11,3.5,3,3,2,"撞墙式配合
在盘带前先将球停至右脚
尝试花式动作
喜欢接脚下球
喜欢连续过多人
经常带球",#NAME?
Yeremy Pino,M/AM/ST RLC,22,146,175,Spain,Crystal Palace,67295650,12,13,17,12,15,10,9,11,9,8,15,12,9,16,12,13,10,13,13,13,14,16,7,9,8,10,14,10,14,15,14,7,13,14,13,9,10,6,14,10,14,3,3,1,1,1,2,1,3,2,3,1,11,14,6,14,16,17,12,11,1,1,1,1,1,10,1,14,1,16,18,18,20,16,172,12,20,"£64,413,333",7300,7300,6600,MediterraneanHispanic,137,6,37549,14,3,"£90,000",67295650,8.33333333333333,12.75,14,15,11.3333333333333,16,8,12.1666666666667,2,12.75,14,12.1666666666667,2,1,2,1.5,,#NAME?
Sergio Ramos,D C,39,146,174,Spain,CF Monterrey,7458272,8,11,8,11,13,13,18,11,12,14,14,17,15,14,15,13,15,14,14,13,20,12,19,10,14,14,12,13,12,12,14,15,18,11,11,13,13,16,20,15,12,1,1,1,1,1,3,3,4,1,4,3,12,18,9,14,19,19,8,8,1,1,20,10,1,8,8,1,1,1,1,1,1,1,184,10,20,"£447,388",7300,7300,6900,MediterraneanHispanic,145,4,31501,180,23,"£25,740",7458272,14.3333333333333,12.5,11.5,12.6666666666667,11.6666666666667,11.6666666666667,16.5,14.8333333333333,3.5,12.5,11.5,14.8333333333333,1,1,1,3,"激怒对手
与裁判争论
利用脚下技术将球带出危险区
长距离传球
倾向于尽可能长地延续自己的职业生涯（隐藏习惯）",#NAME?
Adam Wharton,DM/M C,21,146,173,England,Crystal Palace,2000053516,13,13,13,7,14,13,9,9,2,12,16,10,12,15,14,14,12,15,13,15,14,14,7,13,12,15,16,15,13,13,13,11,14,12,13,12,15,7,12,9,11,3,2,2,1,1,3,3,2,2,4,1,11,16,3,15,12,15,10,16,1,1,1,1,1,1,20,12,20,10,1,12,1,1,182,20,16,"£62,306,667",7300,7500,6500,NorthernEuropean,141,0,38023,1,0,"£45,000",2000053516,12,12.75,12.5,15.3333333333333,11.6666666666667,14,10,13.8333333333333,2.5,12.75,12.5,13.8333333333333,2,1,2,2,"经常尝试传身后球
撞墙式配合
乐意把球传给位置更好的队友
而不是选择射门
利用脚下技术将球带出危险区",#NAME?
Destiny Udogie,D/WB L,22,146,173,"Italy,Nigeria",Tottenham Hotspur,43426047,7,13,13,11,12,7,12,10,12,11,14,10,13,13,10,13,12,14,14,12,14,12,8,13,13,14,12,15,16,14,14,13,14,16,16,14,12,8,13,7,14,1,4,2,3,2,1,3,2,3,2,1,15,14,7,12,13,15,12,8,1,20,1,1,20,1,10,14,10,1,1,1,1,1,187,20,7,"£56,760,000",7300,7300,6150,AfricanCaribbean,141,16,37588,12,0,"£66,000",43426047,12.3333333333333,14.5,16,12.6666666666667,12.6666666666667,12.6666666666667,12.5,13.1666666666667,2.5,14.5,16,13.1666666666667,3,3,1.5,1,倒地铲球,#NAME?
Carlos Baleba,DM/M C,21,146,170,Cameroon,Brighton & Hove Albion,2000166563,6,12,14,9,14,8,10,13,5,13,14,7,15,14,14,14,13,16,12,13,12,14,7,11,14,15,14,14,14,13,14,13,14,15,16,16,11,7,9,6,14,3,1,1,3,2,1,3,2,1,1,2,18,14,4,7,12,14,12,10,1,1,14,1,1,1,20,1,20,1,1,14,1,1,183,20,10,"£63,240,000",7300,7000,5750,AfricanCaribbean,146,18,37989,7,0,"£26,000",2000166563,14,14.75,14.5,14,12,14,11.5,13.1666666666667,2.5,14.75,14.5,13.1666666666667,1,3,2.5,1.5,中路带球突进,#NAME?
Casemiro,DM/M C,33,146,170,"Brazil,Spain",Manchester United,19061518,9,11,10,11,15,10,17,14,10,14,14,14,17,14,18,17,17,11,14,12,17,12,17,13,14,17,14,14,9,9,15,15,12,10,13,17,13,17,15,6,12,1,2,2,3,2,1,3,2,1,1,2,16,15,14,10,15,16,10,11,1,1,10,1,1,1,20,1,18,1,1,1,1,1,185,13,20,"£9,909,845",7300,8500,6900,MixedRace,147,13,33657,77,7,"£300,000",19061518,15,13.5,9.5,13.3333333333333,11.6666666666667,13,16,15.6666666666667,2.5,13.5,9.5,15.6666666666667,2,3,1.5,1.5,"大力射门
倒地铲球
长距离传球",#NAME?
Christian Eriksen,DM/M/AM C,33,146,170,Denmark,VfL Wolfsburg,27010680,16,16,12,12,18,16,4,15,4,7,17,16,7,17,7,16,8,17,12,15,12,13,12,12,8,16,17,12,10,12,12,8,17,11,12,7,12,2,14,4,12,3,2,1,2,2,1,2,1,2,1,3,12,14,2,17,16,18,18,19,1,1,1,1,1,1,16,12,19,12,12,20,12,10,178,15,20,"£300,000,000",7000,7500,6500,NorthernEuropean,141,1,33648,144,46,"£58,008",27010680,7.33333333333333,10.75,10.5,15.6666666666667,13.6666666666667,15.6666666666667,6,13.1666666666667,1.5,10.75,10.5,13.1666666666667,1.5,2,2.5,2,"经常尝试传身后球
角度刁钻的射门
回撤拿球
撞墙式配合
喜欢接脚下球",#NAME?
Mikel Jauregizar,M/AM C,21,146,168,"Spain,Pays Basque",A. Bilbao,2000134186,8,10,12,12,15,9,10,13,8,13,15,10,13,15,12,14,13,13,13,13,15,11,13,10,15,16,14,16,14,14,14,9,6,14,13,13,13,9,7,14,18,1,2,3,4,1,2,2,1,2,3,2,20,11,8,15,14,15,10,12,1,1,1,1,1,1,10,1,20,10,1,17,10,1,177,12,20,"£130,338,576",7300,7300,5800,MediterraneanHispanic,146,3,37938,0,0,"£54,207",2000134186,13.6666666666667,13.5,14,13.3333333333333,11.6666666666667,14,9.5,14,1.5,13.5,14,14,2.5,4,1,2,"中路带球突进
远射
大力射门",#NAME?
Conor Bradley,D/WB R,22,146,165,Northern Ireland,Liverpool,28127166,10,15,13,9,15,7,8,8,7,11,14,8,15,14,15,14,14,14,13,13,15,11,12,15,12,16,12,16,16,15,14,9,15,16,15,9,13,8,12,9,10,3,3,2,2,3,1,3,1,2,4,3,16,15,5,15,14,14,12,15,1,1,1,18,1,20,1,1,1,12,1,1,12,1,181,8,20,"£44,811,667",7150,7150,6000,NorthernEuropean,146,3,37811,25,4,"£120,000",28127166,12.6666666666667,13.25,16,12.3333333333333,12.6666666666667,14,8.5,14.1666666666667,2,13.25,16,14.1666666666667,2.5,2,3,2,"沿右路带球突进
有机会就前插
倒地铲球",#NAME?
Giorgio Scalvini,D C,21,146,165,Italy,Bergamo,43500755,6,9,12,8,13,6,15,9,8,14,13,7,16,14,13,17,13,13,13,14,15,7,10,7,15,16,13,16,12,13,13,15,11,13,13,14,12,9,15,16,7,2,4,1,4,1,2,4,2,3,1,1,16,15,6,15,15,16,12,13,1,1,20,1,1,1,12,1,10,1,1,1,1,1,194,10,20,"£60,796,948",7300,7150,6250,MediterraneanHispanic,146,3,37966,8,0,"£46,202",43500755,15,13.25,12.5,11,9.33333333333333,13,15,14.6666666666667,3,13.25,12.5,14.6666666666667,2.5,4,1.5,1.5,"控制节奏
不喜欢倒地铲球
把球带出防守区域",#NAME?
Brennan Johnson,AM/ST RLC,24,146,164,"Wales,England",Tottenham Hotspur,29189400,8,14,12,15,13,11,8,10,5,7,12,14,6,15,6,15,12,14,10,12,12,13,10,16,8,12,12,13,16,13,13,8,14,15,14,11,13,5,13,3,9,1,1,2,1,3,3,2,3,1,1,2,11,12,3,13,14,12,10,12,1,1,1,1,1,1,1,10,9,12,18,15,20,17,180,12,20,"£57,146,667",7300,7300,6000,AfricanCaribbean,138,13,37034,37,6,"£79,000",29189400,7,12.75,15.5,12.3333333333333,15,13.3333333333333,8,12.1666666666667,2.5,12.75,15.5,12.1666666666667,1.5,1,2,2.5,"插入对方禁区
经常带球",#NAME?
Bernd Leno,GK ,33,146,163,Germany,Fulham,92012109,3,3,1,1,12,6,6,3,3,2,13,6,2,9,8,14,14,15,14,10,12,4,13,6,13,16,7,12,13,15,14,14,14,10,12,12,16,4,15,8,1,13,14,13,11,15,15,17,17,16,14,12,12,12,8,14,14,16,14,15,20,1,1,1,1,1,1,1,1,1,1,1,1,1,190,8,20,"£300,000,000",7300,6900,6400,NorthernEuropean,147,4,33667,9,0,"£90,000",92012109,5.66666666666667,13.25,11.5,8,7.33333333333333,7.33333333333333,10,13.3333333333333,17,13.25,11.5,13.3333333333333,13.5,11,14,13.5,,#NAME?
Yann Aurel Bisseck,D C,24,146,161,"Germany,Cameroon",Blu-neri Milano,91175868,4,9,11,10,13,4,16,13,11,14,13,5,15,12,10,14,15,13,10,13,14,11,9,11,14,13,11,15,13,14,17,17,16,14,13,17,13,8,16,6,11,3,2,1,3,1,3,2,3,2,2,3,14,13,5,13,15,15,14,16,1,10,20,5,5,1,12,1,10,1,1,1,1,1,196,8,20,"£24,547,796",7300,6650,6400,AfricanCaribbean,146,17,36859,1,0,"£31,909",91175868,14.3333333333333,15.25,13.5,11.6666666666667,11.3333333333333,12,16.5,13.1666666666667,2.5,15.25,13.5,13.1666666666667,1.5,3,2,3,"有机会就前插
把球带出防守区域",#NAME?
Callum Hudson-Odoi,AM RLC,24,146,160,"England,Ghana",Nottingham Forest,28112986,12,14,15,11,16,12,7,8,5,7,15,11,7,15,8,11,8,13,11,15,12,15,5,14,7,10,14,12,16,15,12,11,12,15,12,8,11,3,12,12,10,1,4,2,2,2,2,3,2,2,1,2,7,15,12,17,10,11,12,14,1,1,1,1,12,14,1,15,1,15,20,15,18,10,182,14,20,"£38,720,000",7300,7050,6000,AfricanCaribbean,141,17,36837,3,0,"£130,000",28112986,7,11.75,15.5,14.6666666666667,12.6666666666667,15.3333333333333,9,11.1666666666667,2.5,11.75,15.5,11.1666666666667,3,2,1.5,2,"弧线球射门
尝试花式动作
喜欢接脚下球
从左路内切",#NAME?
Rico Lewis,D RC,20,146,160,England,Manchester City,2000098727,4,10,13,8,13,6,12,5,10,12,13,12,13,13,15,12,17,15,13,14,17,12,13,13,16,13,12,16,15,17,13,8,13,14,15,13,15,10,14,3,17,2,3,3,2,2,3,1,3,2,1,1,10,13,4,10,14,16,14,16,1,13,1,20,1,15,15,1,15,1,1,12,1,1,169,8,20,"£57,033,334",7300,7500,6250,AfricanCaribbean,142,14,38312,5,0,"£90,000",2000098727,13.6666666666667,14.5,14.5,12.3333333333333,12,13,10,14.3333333333333,2,14.5,14.5,14.3333333333333,3,2,2,2,"插入对方禁区
有机会就前插
习惯简单短传配合
利用脚下技术将球带出危险区",#NAME?
Stefan de Vrij,D C,33,146,160,Netherlands,Blu-neri Milano,37001814,3,8,9,8,13,5,16,7,11,16,14,8,15,14,13,16,14,14,13,13,14,12,13,8,14,16,12,14,12,12,14,15,16,12,13,15,13,10,13,9,9,2,2,3,3,1,1,1,2,1,1,1,16,16,2,13,14,16,14,16,1,1,20,8,1,1,1,1,1,1,1,1,1,1,189,11,20,"£3,861,433",7300,7500,6450,NorthernEuropean,145,2,33639,75,4,"£117,000",37001814,15,13.5,12,12.6666666666667,10,12,15.5,14.3333333333333,1.5,13.5,12,14.3333333333333,2.5,3,1.5,1,"不喜欢倒地铲球
把球带出防守区域",#NAME?
Felix Nmecha,DM/M C,24,146,158,"Germany,England,Nigeria",Borussia Dortmund,28113827,12,11,15,10,16,12,13,12,7,10,15,12,12,16,13,13,12,15,12,13,13,15,8,11,12,13,15,13,13,14,16,15,11,16,15,14,13,8,12,13,14,3,1,2,3,4,1,3,1,2,1,3,12,16,16,8,10,8,11,9,1,1,10,1,1,1,18,10,20,10,12,15,12,8,188,9,20,"£32,939,244",7300,7300,6300,MixedRace,146,13,36809,4,1,"£74,581",28113827,11.3333333333333,14.75,14.5,15,12,15.6666666666667,14,12.6666666666667,2,14.75,14.5,12.6666666666667,1.5,3,3.5,2,用外脚背,#NAME?
Gonçalo Inácio,D C,23,146,158,Portugal,Sporting Clube de Portugal,83228731,7,11,12,11,14,7,16,9,9,16,15,9,13,14,14,12,13,14,16,13,15,4,14,14,15,14,15,13,12,12,14,15,15,13,14,14,13,7,11,9,10,1,3,1,2,1,2,3,2,1,3,2,11,14,6,16,16,17,14,13,1,10,20,1,1,1,1,1,1,1,1,1,1,1,186,20,7,"£51,852,408",7300,7300,6300,MediterraneanHispanic,145,4,37128,16,2,"£28,672",83228731,14.6666666666667,13.5,12.5,11.3333333333333,13,13.3333333333333,15.5,13.8333333333333,2.5,13.5,12.5,13.8333333333333,2,2,1,2,把球带出防守区域,#NAME?
Axel Disasi,D RC,27,146,157,France,Chelsea,48037291,5,6,8,6,12,5,16,8,9,14,12,8,15,11,13,14,15,13,13,13,14,6,13,11,13,13,11,14,13,11,17,15,14,14,16,18,12,12,13,5,8,3,1,1,1,2,3,1,1,2,1,1,13,15,7,12,12,15,13,15,1,1,20,15,1,1,1,1,1,1,1,1,1,1,190,9,20,"£25,740,000",7300,7400,6000,AfricanCaribbean,143,16,35865,5,0,"£75,000",48037291,14,15.5,13.5,9.66666666666667,10,10.3333333333333,15.5,13.6666666666667,1,15.5,13.5,13.6666666666667,1,1,2.5,2,,#NAME?
Ismaël Bennacer,DM/M C,27,146,157,"Algeria,France,Morocco",Casciavit Milano,48032338,13,11,14,9,16,12,7,14,5,13,16,14,15,15,12,15,13,15,14,13,16,13,13,11,14,16,14,16,14,13,15,7,10,13,13,11,14,13,14,15,11,3,4,2,2,3,3,3,1,1,2,3,17,14,6,14,14,16,15,13,1,1,1,1,1,1,20,8,20,10,1,13,1,1,175,20,9,"£19,703,916",7300,7200,6500,NorthAfricanMiddleEastern,147,5,35765,51,3,"£117,004",48032338,14,13,13.5,14.3333333333333,11.6666666666667,15,7,14.5,2,13,13.5,14.5,3,2,3,3,"回撤拿球
控制节奏
长时间控球
长距离传球
喜欢接脚下球",#NAME?
Marcel Sabitzer,DM/M C,31,146,156,Austria,Borussia Dortmund,16045721,13,12,12,11,13,15,10,16,8,12,14,16,12,13,16,13,15,13,12,13,17,12,15,16,12,16,13,17,12,12,12,10,16,13,16,12,14,12,16,10,18,2,1,2,2,2,4,2,3,3,3,2,12,15,13,7,10,12,8,8,1,10,1,10,10,10,18,12,20,12,12,15,12,12,178,12,20,"£300,000,000",7300,7400,6300,NorthernEuropean,142,4,34410,89,21,"£132,590",16045721,12,13,12.5,13,13.3333333333333,12.6666666666667,10,14.3333333333333,2.5,13,12.5,14.3333333333333,1.5,2,2,3,"远射
喜欢将球转移到边路",#NAME?
Quinten Timber,D/DM/M/AM C,24,146,156,"Netherlands,Curaçao",Feyenoord Rotterdam,37060952,8,10,13,8,14,12,8,10,6,11,13,13,12,14,8,14,13,14,13,15,16,12,15,12,12,15,14,15,14,14,14,11,14,14,15,14,16,6,13,10,15,1,3,3,2,1,1,1,4,1,1,1,16,16,3,12,15,16,13,10,1,1,16,12,1,12,19,1,20,10,1,17,1,1,177,10,20,"£27,268,990",7300,7300,5500,AfricanCaribbean,141,13,37059,5,0,"£8,642",37060952,11.6666666666667,14.25,14,13,11.3333333333333,13.6666666666667,9.5,14.3333333333333,2.5,14.25,14,14.3333333333333,3,2,1,1,,#NAME?
Diogo Dalot,D/WB RL,26,146,155,Portugal,Manchester United,83105845,8,13,13,8,14,6,12,8,13,12,13,10,13,14,13,13,12,13,11,12,13,11,8,14,14,14,10,15,14,14,13,13,15,15,15,14,12,9,13,8,15,4,2,3,2,1,1,3,1,3,3,1,14,15,5,12,12,14,14,12,1,17,1,20,13,18,10,13,1,14,7,1,10,1,184,13,20,"£41,140,000",7300,7750,6250,MediterraneanHispanic,139,5,36237,29,3,"£85,000",83105845,13,14,14.5,11.3333333333333,11.6666666666667,13.6666666666667,12.5,12.5,2,14,14.5,12.5,2.5,2,2.5,1,有机会就前插,#NAME?
Emre Can,D/DM/M C,31,146,155,"Germany,Türkiye",Borussia Dortmund,92021718,8,8,12,10,13,10,14,14,8,13,13,17,16,13,17,13,16,12,12,12,17,12,14,11,13,13,13,16,12,10,16,15,13,16,14,16,12,16,10,13,17,2,2,2,2,1,1,1,3,4,2,1,12,13,13,12,10,12,8,8,1,12,18,12,10,10,20,8,18,8,1,10,1,1,186,12,20,"£14,240,466",7300,7000,5800,NorthAfricanMiddleEastern,142,9,34346,48,2,"£132,590",92021718,14,14,14,12.6666666666667,11,12.6666666666667,14.5,13.8333333333333,2,14,14,13.8333333333333,2,2,1.5,1,"大力射门
与裁判争论
回撤拿球
利用脚下技术将球带出危险区
尝试花式动作
任意球大力攻门",#NAME?
Eric García,D/DM RC,24,146,155,Spain,Barcelona,28116427,6,10,12,8,14,8,13,8,8,14,15,9,14,14,13,14,13,15,14,13,14,10,13,11,15,16,14,15,13,12,12,13,12,14,15,14,15,8,13,8,17,4,2,3,1,3,4,1,3,2,1,1,12,14,3,12,11,16,15,15,1,10,20,18,1,12,18,1,1,1,1,1,1,1,182,12,20,"£21,046,892",7300,7300,6500,MediterraneanHispanic,144,7,36900,19,0,"£74,753",28116427,14.3333333333333,13.25,13.5,13,11.3333333333333,13.3333333333333,13,14,2,13.25,13.5,14,2.5,1,3.5,2.5,"利用脚下技术将球带出危险区
把球带出防守区域",#NAME?
Ander Barrenetxea,M/AM RL,23,146,154,"Spain,Pays Basque",Real San Sebastián,67276482,12,14,16,14,12,10,8,11,7,8,13,14,8,15,12,12,13,13,14,13,13,15,12,15,12,14,15,14,14,14,15,8,13,15,13,12,13,7,12,13,15,2,4,2,3,3,1,1,2,1,1,1,15,14,3,16,13,14,13,9,1,10,1,8,12,10,1,16,1,15,20,8,15,8,175,12,20,"£64,815,508",7250,7250,5750,MediterraneanHispanic,145,5,37252,0,0,"£52,637",67276482,9.33333333333333,13.5,14.5,14.3333333333333,14,14.3333333333333,8,13.1666666666667,1.5,13.5,14.5,13.1666666666667,3,3,2.5,1,"经常带球
从左路内切",#NAME?
Emile Smith Rowe,M/AM RLC,25,146,154,England,Fulham,28109599,11,12,15,14,14,12,5,13,2,6,15,11,8,15,13,15,11,14,12,14,15,15,8,16,8,15,15,12,16,15,15,8,10,14,11,9,12,7,13,14,15,4,3,4,3,1,4,1,3,4,1,2,14,15,6,15,15,15,15,15,1,1,1,1,1,1,1,14,18,14,18,20,16,8,182,11,20,"£48,400,000",7300,7300,6250,NorthernEuropean,142,6,36735,3,1,"£110,000",28109599,7.33333333333333,12.5,15,15,14.6666666666667,14.6666666666667,6.5,13.6666666666667,2,12.5,15,13.6666666666667,3.5,3,2.5,3,"撞墙式配合
鼓动观众情绪",#NAME?
Leonardo Spinazzola,D/WB/M L,32,146,153,Italy,Parthenope,43036586,6,14,14,8,15,5,11,9,8,11,14,7,11,15,8,12,10,13,13,13,13,15,10,15,12,14,12,13,15,15,13,11,14,15,13,11,13,8,13,12,16,3,2,2,3,2,2,2,3,1,1,3,12,12,8,11,15,13,16,17,1,20,10,11,20,12,1,19,1,11,14,1,10,1,186,14,20,"£6,286,455",7300,6850,5900,MediterraneanHispanic,134,4,34053,24,0,"£55,342",43036586,11.3333333333333,13,15,13.6666666666667,12,14.6666666666667,11,12.5,2.5,13,15,12.5,2,3,2.5,2.5,"趟球变向加速过人
在盘带前先将球停至右脚
尝试花式动作
从左路内切",#NAME?
Andrej Kramarić,AM/ST RLC,34,146,152,Croatia,TSG 1899 Hoffenheim,24004434,13,12,12,14,16,16,13,13,6,7,14,17,7,16,13,13,11,16,12,13,15,16,14,12,8,12,14,12,12,13,13,10,16,12,16,11,14,10,16,10,14,3,2,3,2,3,3,2,1,3,1,3,8,15,13,18,12,17,8,15,1,1,1,1,1,1,1,12,15,12,16,20,16,18,177,12,20,"£1,939,654",7000,7600,5750,NorthernEuropean,138,5,33408,106,34,"£82,868",24004434,7.33333333333333,13.25,12,14.6666666666667,14,14.6666666666667,11.5,12.6666666666667,1.5,13.25,12,12.6666666666667,2.5,2,3,3,"角度刁钻的射门
喜欢过顶球吊射
尝试花式动作",#NAME?
Remo Freuler,DM/M C,33,146,152,Switzerland,Bologna FC 1909,98006034,7,13,13,10,14,8,8,10,7,11,15,11,14,13,14,16,13,16,16,15,15,12,15,15,15,17,13,17,12,12,14,9,15,12,16,12,16,9,13,6,14,1,3,3,2,2,2,4,1,3,3,2,12,14,7,15,14,17,13,15,1,1,1,1,1,1,20,9,20,9,1,12,1,1,180,10,20,"£5,870,946",7300,7250,6250,NorthernEuropean,145,1,33709,80,11,"£30,745",98006034,13.3333333333333,13.5,12,13.3333333333333,13.6666666666667,13.3333333333333,8.5,15.3333333333333,2.5,13.5,12,15.3333333333333,3,2,1.5,2,"跑肋部空间接球
控制节奏
倒地铲球
尽量不带球",#NAME?
Berat Djimsiti,D C,32,146,151,"Albania,Switzerland",Bergamo,98015432,5,7,8,7,10,4,16,5,5,16,12,4,16,11,14,16,16,14,12,13,15,6,14,6,15,14,10,14,11,12,13,16,16,12,14,17,16,12,12,6,12,3,3,3,3,3,2,2,1,1,3,2,13,14,5,14,7,17,12,15,1,12,20,12,1,1,1,1,1,1,1,1,1,1,190,10,20,"£8,247,625",7300,7400,5750,MediterraneanHispanic,144,2,34019,64,1,"£24,597",98015432,15.6666666666667,14,11.5,9.33333333333333,9,9.66666666666667,16,14.3333333333333,1.5,14,11.5,14.3333333333333,3,3,3,2,激怒对手,#NAME?
Hiroki Ito,D/WB LC,26,146,150,Japan,FC Bayern München,45109024,12,12,11,7,13,12,13,8,14,15,15,7,13,13,13,14,13,16,15,13,16,11,12,11,15,16,14,14,13,12,14,14,10,15,14,13,16,6,13,12,15,3,3,3,4,1,3,1,1,3,2,2,18,17,8,12,16,18,16,16,1,18,20,1,16,1,12,10,10,1,1,1,1,1,188,20,9,"£17,500,186",7300,6750,5800,EastAsian,145,7,36292,21,1,"£107,730",45109024,14.3333333333333,13.25,14,13.3333333333333,11.3333333333333,12.3333333333333,13.5,14.5,1,13.25,14,14.5,3,4,2,2.5,"长距离传球
把球带出防守区域",#NAME?
Péter Gulácsi,GK ,35,146,150,Hungary,RB Leipzig,28018193,4,1,2,3,9,8,7,1,1,3,12,6,3,9,10,16,14,13,16,14,13,4,15,2,14,13,11,13,8,15,13,16,16,10,10,14,16,4,13,10,14,13,12,13,8,15,12,16,17,15,11,13,12,13,5,18,14,18,14,18,20,1,1,1,1,1,1,1,1,1,1,1,1,1,191,7,20,"£6,400,916",7300,7200,6300,NorthernEuropean,147,4,32999,57,0,"£74,581",28018193,6.66666666666667,13,9,9,6,6.66666666666667,11.5,14.3333333333333,16.5,13,9,14.3333333333333,12.5,8,14,12.5,,#NAME?
Waldemar Anton,D RC,29,146,150,"Germany,Russia,Uzbekistan",Borussia Dortmund,91137493,3,8,12,6,12,4,14,8,12,14,14,7,15,12,16,15,17,14,13,13,17,8,16,10,15,16,13,17,12,11,15,16,15,14,15,15,16,12,13,6,12,2,2,3,3,1,3,1,1,4,1,1,7,16,4,12,14,18,14,13,1,10,20,15,8,12,15,1,12,1,1,1,1,5,189,9,20,"£31,762,842",7300,7300,6000,NorthernEuropean,146,3,35266,8,0,"£116,017",91137493,14.6666666666667,14,13,11.6666666666667,10,12,15,15.1666666666667,1,14,13,15.1666666666667,2.5,3,1.5,2,把球带出防守区域,#NAME?
Sead Kolašinac,D LC,32,146,149,"Bosnia and Herzegovina,Germany",Bergamo,92029805,4,11,11,7,12,6,16,8,8,14,12,8,16,11,17,16,17,10,13,13,17,9,13,13,14,15,10,17,12,12,16,13,16,14,14,18,14,14,14,9,14,1,2,3,1,3,1,3,1,3,3,1,12,16,13,10,15,12,10,10,1,16,20,1,15,1,10,10,1,1,1,1,1,1,183,20,8,"£9,295,907",7300,7000,6250,MediterraneanHispanic,145,7,34140,62,0,"£42,545",92029805,14.6666666666667,15,13,10.3333333333333,10,11.3333333333333,14.5,15.1666666666667,2,15,13,15.1666666666667,2.5,1,2,1,有机会就前插,#NAME?
Daniel Muñoz,D/WB/M R,29,146,148,Colombia,Crystal Palace,76050675,10,13,14,10,14,9,13,12,9,13,11,8,13,12,16,14,15,12,12,12,15,13,12,13,13,15,11,18,15,12,13,13,18,14,17,13,14,12,13,6,13,4,3,1,1,3,3,3,1,2,2,4,14,13,8,15,10,13,10,10,1,12,14,20,14,20,10,1,1,18,10,10,14,1,181,7,20,"£36,932,500",7150,7150,6300,MediterraneanHispanic,138,6,35211,41,3,"£70,000",76050675,13,13.75,14.5,11.6666666666667,11.6666666666667,13.3333333333333,13,13.8333333333333,2,13.75,14.5,13.8333333333333,2,1,3.5,3.5,"有机会就前插
避免使用弱势脚
鼓动观众情绪",#NAME?
Nikola Milenković,D C,27,146,148,Serbia,Nottingham Forest,62191195,5,8,8,10,11,6,16,5,9,15,13,6,15,14,17,15,15,12,13,14,15,7,11,8,14,15,11,15,13,12,14,17,16,14,13,16,13,14,12,6,11,1,2,2,1,1,3,2,1,1,1,2,14,14,12,13,13,15,14,11,1,1,20,14,1,1,1,1,1,1,1,1,1,1,195,8,20,"£34,848,000",7300,7150,6000,MediterraneanHispanic,146,3,35715,63,3,"£70,000",62191195,14.6666666666667,13.75,13.5,10.3333333333333,10,11,16.5,14.5,1.5,13.75,13.5,14.5,2,1,1,2.5,不喜欢倒地铲球,#NAME?
Oliver Baumann,GK ,35,146,148,Germany,TSG 1899 Hoffenheim,35017377,4,1,2,1,11,5,7,3,2,1,12,1,3,11,11,16,14,13,16,12,15,6,16,1,16,16,12,12,8,14,12,15,18,10,11,13,18,5,15,8,14,12,12,15,8,14,13,18,17,16,8,13,8,12,6,18,15,18,16,10,20,1,1,1,1,1,1,1,1,1,1,1,1,1,187,7,20,"£300,000,000",7100,7300,5600,NorthernEuropean,146,3,33026,4,0,"£74,581",35017377,6.66666666666667,12.5,9,10,5,8,11,14.8333333333333,17.5,12.5,9,14.8333333333333,13.5,8,13,13,,#NAME?
Robin Koch,D C,29,146,148,Germany,Eintracht Frankfurt,91147345,3,7,10,6,12,8,16,8,8,15,13,12,14,12,16,15,16,13,13,13,15,8,16,9,15,16,12,16,12,11,16,16,12,14,13,15,14,8,12,10,17,1,1,2,1,3,1,1,3,3,1,1,8,15,5,13,13,17,12,12,1,12,20,12,10,10,15,1,12,1,1,1,1,1,192,9,20,"£31,500,338",7300,7300,5800,NorthernEuropean,146,4,35263,14,0,"£82,868",91147345,14.6666666666667,13.75,13,11,9.33333333333333,11.3333333333333,16,14.6666666666667,2,13.75,13,14.6666666666667,1.5,1,2,1,,#NAME?
Fredrik Aursnes,M/AM RC,29,146,146,Norway,Sport Lisboa e Benfica,53086846,13,13,13,9,13,8,8,9,6,11,14,10,10,14,15,12,13,15,16,14,16,11,15,14,16,18,13,17,13,12,17,11,20,14,17,12,18,14,15,2,20,3,2,1,1,3,2,3,3,2,1,3,12,14,6,15,18,18,19,14,1,10,1,14,10,14,14,12,20,20,12,12,18,1,181,9,20,"£27,092,884",7000,7000,6300,NorthernEuropean,141,2,35043,20,1,"£47,732",53086846,12.3333333333333,14.5,13.5,12.6666666666667,12.6666666666667,13.3333333333333,9.5,14.8333333333333,3,14.5,13.5,14.8333333333333,1.5,1,3,2.5,"撞墙式配合
倾向于尽可能长地延续自己的职业生涯（隐藏习惯）",#NAME?
Jorge De Frutos,M/AM/ST R,28,146,146,Spain,Vallecano,67231100,9,12,13,14,13,8,8,11,6,7,10,9,8,14,13,14,13,12,12,12,11,13,6,16,8,14,12,15,16,14,13,8,15,16,14,13,12,8,13,7,14,2,1,2,3,2,2,1,2,1,3,3,14,13,7,13,14,14,14,9,1,1,1,1,1,1,1,10,1,18,12,1,20,17,173,12,20,"£40,924,512",7300,7300,5800,MediterraneanHispanic,140,2,35481,0,0,"£14,916",67231100,7.66666666666667,13.5,16,11.6666666666667,14,13.3333333333333,8,12.6666666666667,1.5,13.5,16,12.6666666666667,1.5,3,2,2.5,"沿右路带球突进
乐于反越位",#NAME?
Sadio Mané,AM RL,33,145,185,Senegal,Al-Nassr Football Club,85100467,9,11,17,13,16,8,12,12,9,7,13,12,8,17,13,15,12,14,10,13,15,15,10,14,7,10,13,12,15,15,15,8,15,12,12,10,11,13,13,8,11,2,1,2,3,2,1,2,2,1,1,1,13,15,14,11,11,16,8,8,1,1,1,1,1,1,1,15,1,12,20,12,17,15,175,11,20,"£17,469,506",7250,8750,7000,AfricanCaribbean,137,17,33704,111,45,"£624,649",85100467,7.33333333333333,13,13.5,13.6666666666667,13.6666666666667,16.6666666666667,10,12.5,2,13,13.5,12.5,1.5,3,2,1,"插入对方禁区
乐于反越位
撞墙式配合
喜欢从双侧内切
经常带球",#NAME?
Myles Lewis-Skelly,D/DM/M LC,18,145,178,"England,Barbados",Arsenal,2000283274,10,12,15,9,15,10,8,10,7,10,14,10,12,15,14,12,13,14,11,12,14,13,9,12,10,15,13,14,16,17,17,10,17,14,14,15,14,13,16,7,14,3,1,1,3,3,3,2,3,1,3,3,13,15,10,10,18,14,11,11,1,20,1,1,14,1,17,1,17,1,1,1,1,1,178,20,11,"£62,474,168",7250,7250,6000,AfricanCaribbean,139,17,38986,3,1,"£70,000",2000283274,10.6666666666667,15.75,15,13.3333333333333,11.6666666666667,15,9,12.8333333333333,2.5,15.75,15,12.8333333333333,1,3,3,3,"中路带球突进
利用脚下技术将球带出危险区
把球带出防守区域",#NAME?
Dean Huijsen,D C,20,145,177,"Spain,Netherlands",R. Madrid,2000109240,7,7,11,8,13,6,15,8,7,14,15,14,14,14,11,14,13,17,14,14,15,7,8,10,14,12,14,14,12,13,12,17,11,13,13,12,13,9,7,7,9,2,1,3,2,3,3,1,3,3,3,2,19,19,7,9,15,14,11,16,1,1,20,1,1,1,10,1,1,1,1,1,1,1,195,14,20,"£96,229,420",7250,7750,7250,NorthernEuropean,145,2,38456,4,0,"£149,164",2000109240,14,12.5,12.5,12,11.6666666666667,12.6666666666667,16,13.6666666666667,2,12.5,12.5,13.6666666666667,2,2,2.5,2.5,把球带出防守区域,#NAME?
Mauro Icardi,AM/ST C,32,145,174,"Argentina,Italy",Galatasaray A.Ş.,67046662,4,10,12,18,15,8,19,12,2,5,14,17,5,14,10,18,12,18,10,15,14,16,17,17,7,13,14,8,10,10,13,12,14,9,12,12,16,8,20,13,7,2,3,1,2,2,2,3,1,2,2,2,14,12,18,12,20,10,14,18,1,1,1,1,1,1,1,1,1,1,1,16,1,20,181,13,20,"£14,138,787",7600,6000,6550,MediterraneanHispanic,142,3,34019,8,1,"£124,644",67046662,5.66666666666667,11.75,9.5,14.6666666666667,17.6666666666667,13.6666666666667,15.5,13.6666666666667,2,11.75,9.5,13.6666666666667,2,2,2,2,"跑肋部空间接球
乐于反越位",#NAME?
Thiago Silva,D C,40,145,174,"Brazil,France",FLU,8833628,3,5,7,7,14,8,16,7,5,15,13,13,15,13,13,16,17,17,17,16,16,8,20,8,18,15,13,14,8,9,16,13,14,8,12,13,14,7,13,11,8,3,3,3,3,3,2,3,2,3,1,1,13,17,6,15,11,20,18,15,1,1,20,1,1,1,1,1,1,1,1,1,1,1,181,8,20,"£904,582",7250,7250,6250,MixedRace,144,12,30947,113,7,"£40,679",8833628,16,12.5,8,11.3333333333333,10.6666666666667,11.3333333333333,14.5,16.1666666666667,2.5,12.5,8,16.1666666666667,3,3,3,1.5,利用脚下技术将球带出危险区,#NAME?
Thomas Müller,AM RC,35,145,174,Germany,Vancouver Whitecaps FC,35011448,11,15,11,12,13,8,13,11,7,9,15,13,11,12,13,16,14,16,15,14,18,12,17,16,11,18,16,16,11,12,15,13,18,12,15,11,12,11,14,8,16,3,1,3,2,2,2,1,1,2,3,3,5,17,10,20,19,18,10,10,1,1,1,1,1,1,10,10,15,15,10,20,18,15,185,12,20,"£300,000,000",7250,8000,7000,NorthernEuropean,142,3,32764,130,43,"£18,285",35011448,10.3333333333333,13.25,11.5,14.3333333333333,14.6666666666667,12,13,15.8333333333333,1,13.25,11.5,15.8333333333333,2,2,2.5,2.5,"经常尝试传身后球
角度刁钻的射门
与裁判争论
撞墙式配合
鼓动观众情绪
倾向于尽可能长地延续自己的职业生涯（隐藏习惯）",#NAME?
Alejandro Garnacho,AM RL,21,145,170,"Argentina,Spain",Chelsea,2000035036,8,12,16,13,14,10,5,12,3,4,12,14,5,14,15,11,14,13,10,8,14,16,4,14,6,10,9,14,17,15,14,8,14,17,15,10,11,7,13,4,10,2,1,3,4,1,2,3,3,3,3,1,15,12,13,10,14,10,5,14,1,1,1,1,1,1,1,14,1,13,20,14,17,14,180,15,20,"£68,537,334",7250,6250,6150,MediterraneanHispanic,140,2,38169,8,0,"£90,000",2000035036,5,13.5,17,12.3333333333333,13.3333333333333,14.6666666666667,6.5,11.1666666666667,3,13.5,17,11.1666666666667,2,4,1.5,1.5,"插入对方禁区
从左路内切",#NAME?
Aymeric Laporte,D C,31,145,170,"Spain,France,Pays Basque",A. Bilbao,85085378,6,9,11,8,12,9,17,9,8,14,15,11,14,15,15,14,15,16,12,16,14,10,13,10,16,17,12,13,10,9,10,15,10,13,13,16,13,8,15,10,8,2,1,2,3,3,2,3,3,2,1,1,14,15,11,11,11,15,10,8,1,13,20,1,1,1,1,1,1,1,1,1,1,1,189,20,8,"£300,000,000",7250,7500,6500,MediterraneanHispanic,144,3,34481,35,1,"£51,987",85085378,14.6666666666667,12,11.5,12.3333333333333,11.3333333333333,12.6666666666667,16,14.6666666666667,3,12,11.5,14.6666666666667,1.5,3,2.5,1.5,"利用脚下技术将球带出危险区
长距离传球
把球带出防守区域",#NAME?
"Fabinho(Al-Ittihad Club,Brazil)",DM/M C,31,145,170,Brazil,Al-Ittihad Club,19183676,7,11,11,9,14,10,15,12,9,13,16,15,15,15,17,16,17,16,14,16,13,10,14,10,16,18,14,14,9,9,11,15,14,12,14,16,15,16,15,7,12,3,2,2,1,3,3,2,2,1,3,3,14,16,6,12,15,14,10,8,1,1,15,10,1,6,20,1,18,1,1,1,1,1,188,9,20,"£5,056,320",7250,7900,5750,MixedRace,147,12,34265,29,0,"£414,345",19183676,14.6666666666667,12.5,10.5,13.3333333333333,11.6666666666667,13.3333333333333,15,15.6666666666667,2,12.5,10.5,15.6666666666667,2,1,3,3,"回撤拿球
避免使用弱势脚
喜欢将球转移到边路
把球带出防守区域",#NAME?
Kalidou Koulibaly,D C,34,145,170,"Senegal,France",Al-Hilal Saudi Football Club,85051083,4,6,10,9,12,4,18,6,6,16,13,6,17,11,17,14,18,11,12,14,13,8,14,9,16,17,9,13,9,8,10,17,15,13,12,18,13,14,10,8,8,2,1,2,3,3,2,3,3,2,1,2,12,15,7,13,10,15,10,12,1,1,20,10,1,1,1,1,1,1,1,1,1,1,195,8,20,"£1,336,326",7250,7500,6750,AfricanCaribbean,143,18,33409,90,1,"£497,214",85051083,16.3333333333333,12,11,10,9.66666666666667,11,17.5,14.6666666666667,3,12,11,14.6666666666667,1.5,3,2.5,2,有机会就前插,#NAME?
Yankuba Minteh,M/AM RL,21,145,170,The Gambia,Brighton & Hove Albion,2000195626,13,11,14,14,13,9,7,9,7,6,12,11,11,13,13,14,12,13,11,10,14,13,5,14,8,13,12,17,17,15,13,8,13,17,15,13,13,6,12,6,10,2,2,2,1,2,2,2,1,1,1,2,13,14,12,11,6,9,12,16,1,1,1,1,1,1,1,17,1,17,17,11,20,1,180,20,8,"£64,580,000",7250,6750,5750,AfricanCaribbean,142,19,38190,15,5,"£40,800",2000195626,8.33333333333333,14,17,12.3333333333333,13.6666666666667,13.3333333333333,7.5,12.3333333333333,1.5,14,17,12.3333333333333,2,1,2,2,,#NAME?
Milan Škriniar,D C,30,145,168,Slovakia,Fenerbahçe A.Ş.,63013145,3,6,10,10,11,6,15,6,9,17,13,10,15,11,15,16,16,15,14,15,18,7,14,9,15,14,12,16,10,8,7,15,15,13,14,17,17,12,14,10,4,2,3,3,3,3,3,3,4,2,3,2,14,15,5,11,14,18,12,11,1,5,20,10,1,1,1,1,1,1,1,1,1,1,188,9,20,"£34,650,368",7500,7500,6400,NorthernEuropean,145,2,34741,81,3,"£166,193",63013145,15.6666666666667,11.5,11.5,10.6666666666667,11.3333333333333,10.6666666666667,15,15.5,3.5,11.5,11.5,15.5,3,3,2.5,2.5,,#NAME?
Richarlison,AM/ST RL,28,145,166,Brazil,Tottenham Hotspur,19265858,10,11,13,13,12,9,14,11,8,6,12,12,12,15,15,12,13,11,12,10,14,14,9,12,10,13,10,16,15,14,12,11,11,15,17,13,11,6,11,17,12,1,2,2,3,3,1,3,2,2,2,2,15,13,8,14,13,12,5,11,1,1,1,1,1,1,1,13,1,10,19,1,16,20,181,12,20,"£42,500,000",7250,8400,6750,MediterraneanHispanic,135,14,35560,50,20,"£140,000",19265858,9.33333333333333,14,15,12,12,13.3333333333333,12.5,12.3333333333333,2.5,14,15,12.3333333333333,2,3,2,1.5,"趟球变向加速过人
倒地铲球
喜欢从双侧内切
经常带球",#NAME?
Édouard Mendy,GK ,33,145,165,"Senegal,Guinea-Bissau,France",Al-Ahli Saudi Sport Club,85121966,5,2,7,1,9,7,2,3,3,1,9,4,2,9,10,14,15,12,12,14,13,7,13,2,15,15,9,10,9,13,9,16,15,11,11,15,13,6,15,7,15,15,14,15,14,14,14,15,16,12,8,13,10,14,7,11,12,14,10,14,20,1,1,1,1,1,1,1,1,1,1,1,1,1,194,9,20,"£4,421,678",7250,8000,5750,AfricanCaribbean,143,17,33664,44,0,"£170,367",85121966,6,12,10,8.33333333333333,5,8.33333333333333,9,13.8333333333333,15.5,12,10,13.8333333333333,14.5,14,14.5,13.5,,#NAME?
Elliot Anderson,DM/M/AM LC,22,145,165,"England,Scotland",Nottingham Forest,28127254,12,11,13,12,13,12,9,12,3,10,13,11,13,14,14,12,15,13,14,13,18,13,12,13,13,14,13,17,14,14,14,8,12,12,14,14,12,11,10,8,11,1,1,4,3,4,2,3,1,1,1,2,13,15,4,9,13,15,16,16,1,1,1,1,1,1,20,12,20,8,15,16,14,1,179,13,20,"£48,689,336",7250,7250,6000,NorthernEuropean,139,0,37566,0,0,"£70,000",28127254,12,14,13,13,12.6666666666667,13.3333333333333,8.5,14.3333333333333,2,14,13,14.3333333333333,2.5,3,2.5,2,"中路带球突进
插入对方禁区
撞墙式配合",#NAME?
Franck Kessié,DM/M C,28,145,165,"Ivory Coast,Italy",Al-Ahli Saudi Sport Club,13136664,5,7,12,13,12,6,13,12,8,13,14,18,15,13,17,14,16,14,14,15,17,8,14,14,14,19,12,17,12,12,13,12,17,12,16,15,15,13,15,7,11,2,3,1,2,1,2,3,2,1,2,3,16,17,6,11,14,13,11,8,1,1,8,1,1,1,18,1,20,1,1,10,1,1,183,9,20,"£7,702,684",7250,7250,6500,AfricanCaribbean,142,18,35418,88,12,"£364,624",13136664,14,14,12,11.3333333333333,13.6666666666667,12.3333333333333,12.5,15.8333333333333,2.5,14,12,15.8333333333333,2,2,1.5,2.5,"大力射门
不喜欢倒地铲球",#NAME?
Jacob Ramsey,M/AM LC,24,145,165,England,Newcastle United,29193659,8,11,16,14,14,7,9,12,7,10,13,9,10,14,9,14,16,15,12,13,15,13,8,14,11,14,13,14,15,14,13,11,15,14,14,13,13,9,14,12,12,3,2,1,3,1,3,2,2,3,1,2,10,13,5,14,10,15,11,13,1,1,1,1,1,1,1,12,20,1,18,20,1,1,180,12,20,"£51,203,333",7250,7250,6000,MixedRace,139,12,37039,0,0,"£100,000",29193659,10.3333333333333,13.5,14.5,13,14.3333333333333,14.6666666666667,10,14,2,13.5,14.5,14,1.5,3,2,2.5,,#NAME?
João Félix,AM/ST LC,25,145,165,Portugal,Al-Nassr Football Club,83169822,12,14,16,13,18,14,10,13,7,4,16,14,7,18,8,14,11,14,10,11,7,18,7,15,6,9,15,6,13,16,14,10,13,13,12,9,10,12,14,9,11,3,3,1,2,2,3,4,4,3,1,2,11,12,11,8,9,8,11,9,1,1,1,1,1,1,1,14,10,10,19,20,14,16,181,13,20,"£50,050,000",7250,7500,6750,MediterraneanHispanic,139,4,36474,45,9,"£580,084",83169822,5.66666666666667,12.75,13,16.3333333333333,14,17.3333333333333,10,10.3333333333333,4,12.75,13,10.3333333333333,2,2,2.5,2.5,"喜欢盘过门将后射门
撞墙式配合
第一时间射门
从左路内切",#NAME?
Marcelo Brozović,DM/M C,32,145,165,Croatia,Al-Nassr Football Club,24016529,15,12,10,11,15,13,11,12,5,12,17,11,14,17,15,15,14,16,15,15,16,10,14,12,14,19,14,17,10,10,12,10,15,10,15,12,14,14,15,9,10,3,2,1,3,3,3,3,1,2,1,2,15,15,18,16,14,14,8,6,1,1,1,1,1,1,19,5,20,8,3,12,8,1,181,11,20,"£16,373,710",7250,7750,6500,NorthernEuropean,145,2,33924,99,7,"£546,700",24016529,13.3333333333333,12.25,10,13.6666666666667,13,14,10.5,15.6666666666667,2,12.25,10,15.6666666666667,1.5,3,3,2.5,"控制节奏
喜欢将球转移到边路",#NAME?
Riyad Mahrez,M/AM R,34,145,165,"Algeria,France,Morocco",Al-Ahli Saudi Sport Club,85078058,15,16,17,14,20,14,7,13,4,5,17,13,6,19,6,14,7,17,11,14,11,17,9,14,6,12,16,10,13,15,15,9,14,11,11,9,12,7,13,6,12,1,2,3,3,3,3,3,1,1,2,1,11,15,8,12,9,14,9,15,1,1,1,1,1,1,1,7,1,16,14,11,20,10,179,20,10,"£990,714",7250,7900,6750,AfricanCaribbean,143,12,33290,102,32,"£263,499",85078058,5.66666666666667,12.5,12,16.6666666666667,15,18.6666666666667,8,11.5,2,12.5,12,11.5,2.5,3,2,2,"角度刁钻的射门
尝试花式动作
喜欢从双侧内切
经常带球",#NAME?
Rúben Neves,DM/M C,28,145,165,Portugal,Al-Hilal Saudi Football Club,55070307,15,13,12,11,15,14,9,15,7,10,17,16,13,17,13,14,12,15,12,14,15,10,14,10,14,16,16,14,12,13,14,10,14,11,13,12,13,14,12,8,9,2,2,3,2,2,3,1,2,1,3,1,12,14,6,15,12,19,9,8,1,1,8,1,1,1,20,1,19,1,1,1,1,1,180,9,20,"£7,527,140",7250,7600,6500,MediterraneanHispanic,143,3,35502,58,0,"£378,575",55070307,12.3333333333333,13,11.5,14.3333333333333,12,14.6666666666667,9.5,13.8333333333333,1.5,13,11.5,13.8333333333333,2.5,2,2,2,"远射
控制节奏
喜欢将球转移到边路",#NAME?
Marc Cucurella,D/WB LC,27,145,164,Spain,Chelsea,67215284,10,13,11,10,14,7,6,8,12,12,12,7,13,14,18,16,16,10,14,14,18,10,13,15,8,14,14,18,16,15,14,8,13,13,16,12,14,9,14,8,15,3,2,2,3,3,3,2,2,1,2,3,11,14,5,13,14,15,13,15,1,19,15,1,20,1,1,15,1,1,10,1,1,1,173,20,8,"£31,237,498",7000,7450,5750,MediterraneanHispanic,142,6,35998,17,0,"£110,000",67215284,11,14.25,14.5,12,11.6666666666667,13,7,15.3333333333333,2,14.25,14.5,15.3333333333333,2,3,3,3,"有机会就前插
激怒对手
与裁判争论
后排插上进攻
鼓动观众情绪",#NAME?
Dani Ceballos,M C,28,145,163,Spain,R. Madrid,67202350,12,13,16,12,16,12,7,13,12,8,16,10,12,16,13,12,15,13,14,13,11,14,10,14,12,13,16,11,14,15,15,8,11,13,13,10,10,11,12,13,15,2,2,3,1,2,1,1,2,1,4,2,12,12,13,10,11,13,10,8,1,1,1,1,1,1,1,1,20,1,12,14,12,1,179,11,20,"£17,339,462",7250,7250,6250,MediterraneanHispanic,144,11,35284,11,1,"£172,367",67202350,10.6666666666667,13.25,13.5,15.3333333333333,13,16,7.5,13,1.5,13.25,13.5,13,2.5,1,2,1.5,"跑肋部空间接球
经常尝试传身后球
控制节奏",#NAME?
Bryan Zaragoza,AM RL,24,145,161,Spain,FC Bayern München,2000054263,12,13,18,12,17,11,6,12,6,5,13,13,6,17,13,12,10,12,10,12,12,18,11,12,7,11,14,13,16,16,13,4,12,15,12,7,11,10,13,8,11,2,3,1,3,2,3,2,2,3,4,1,8,14,11,13,10,11,12,10,1,1,1,1,1,1,1,14,1,9,20,14,18,12,164,11,20,"£17,975,501",7250,7250,6250,MediterraneanHispanic,141,4,37006,3,1,"£66,295",2000054263,6,12,15.5,15,12,17.3333333333333,5,11.1666666666667,2,12,15.5,11.1666666666667,2,3,2,2,"避免使用弱势脚
尝试花式动作
喜欢连续过多人
经常带球
从左路内切",#NAME?
Flavien-Enzo Boyomo,D RC,23,145,161,"Cameroon,France",Atlético Pamplona,29219115,6,11,11,6,13,6,13,9,9,14,13,8,15,13,14,15,15,13,15,13,14,6,10,8,15,14,13,15,14,13,12,13,14,15,14,14,14,7,14,4,12,2,1,3,2,1,2,1,2,3,2,2,13,14,10,10,12,13,14,15,1,1,20,15,1,1,1,1,1,1,1,1,1,1,184,12,20,"£21,605,170",7250,6500,5750,AfricanCaribbean,145,19,37171,4,1,"£46,464",29219115,14.6666666666667,13.25,14.5,10.6666666666667,9,12.3333333333333,13,14.3333333333333,1.5,13.25,14.5,14.3333333333333,2,2,1.5,2,"利用脚下技术将球带出危险区
把球带出防守区域",#NAME?
Memphis Depay,AM/ST LC,31,145,161,"Netherlands,Ghana",COR,37024470,13,13,15,14,15,14,10,14,6,3,15,14,3,17,9,13,13,12,12,11,15,18,13,13,5,11,14,12,14,14,14,9,11,15,13,15,12,7,13,15,16,2,3,3,2,2,1,2,2,2,2,1,15,17,15,12,14,13,13,10,1,1,1,1,1,1,1,12,10,10,20,17,13,19,176,12,20,"£6,917,996",7400,7400,6750,AfricanCaribbean,142,13,34378,102,50,"£90,746",37024470,3.66666666666667,14,14.5,15.6666666666667,13,15.6666666666667,9.5,12.5,2,14,14.5,12.5,3,2,2,1,"跑肋部空间接球
尝试花式动作
主罚远距离任意球
喜欢从双侧内切",#NAME?
Amadou Onana,DM/M C,23,145,160,"Belgium,Senegal",Aston Villa,91207274,7,9,14,10,14,9,16,10,8,12,14,9,15,14,15,12,14,14,12,13,14,14,12,13,14,10,14,14,13,13,15,16,14,17,15,15,12,10,15,12,11,1,3,3,2,3,3,1,2,2,1,2,13,17,15,6,13,9,12,10,1,1,1,1,1,1,20,1,20,1,1,12,1,1,195,12,20,"£61,840,000",7250,6800,6250,AfricanCaribbean,144,19,37119,22,0,"£110,000",91207274,13.6666666666667,14.5,15,14,12.3333333333333,14,16,12.5,1.5,14.5,15,12.5,3,2,2,2.5,"中路带球突进
倒地铲球
鼓动观众情绪",#NAME?
Danilo Pereira,D/DM C,33,145,160,"Portugal,Guinea-Bissau",Al-Ittihad Club,55013032,6,8,10,8,11,7,17,12,8,14,13,12,15,12,15,16,15,13,14,15,14,9,15,10,15,16,11,14,10,9,11,15,17,12,12,16,15,10,14,6,11,1,3,3,1,1,2,2,2,1,2,2,14,15,9,14,14,18,14,13,1,1,20,1,1,1,18,1,14,1,1,1,1,1,188,11,20,"£1,691,365",7250,6950,5750,AfricanCaribbean,145,18,33490,74,2,"£84,526",55013032,14.6666666666667,12,11,11,10.3333333333333,11,16,15,2,12,11,15,3,1,1,2,习惯简单短传配合,#NAME?
Danny Welbeck,AM/ST RL,34,145,160,"England,Ghana",Brighton & Hove Albion,28010491,5,8,13,14,14,4,15,9,3,7,14,14,8,14,12,14,14,14,15,16,14,14,14,16,9,16,14,16,13,12,13,14,15,14,13,14,14,5,13,16,12,1,3,1,3,1,3,2,3,2,2,1,10,15,4,16,13,15,11,15,1,1,1,1,1,1,1,1,1,1,17,14,17,20,185,10,20,"£3,116,667",7250,7250,6000,AfricanCaribbean,142,17,33203,42,16,"£62,000",28010491,8,13,13.5,14,14.6666666666667,13.6666666666667,14.5,14.8333333333333,2.5,13,13.5,14.8333333333333,2,3,1,2,"跑肋部空间接球
撞墙式配合",#NAME?
Dominic Solanke,ST ,27,145,160,"England,Nigeria",Tottenham Hotspur,29125191,5,10,10,15,15,8,13,10,7,7,11,14,8,14,13,16,13,15,12,13,12,12,5,14,9,15,11,19,14,13,13,14,17,14,16,14,12,8,12,8,7,1,1,4,2,1,1,2,2,3,1,3,12,15,6,10,11,12,12,12,1,1,1,1,1,1,1,1,1,1,8,12,1,20,187,12,20,"£42,500,000",7250,7250,6100,AfricanCaribbean,145,11,35687,3,0,"£140,000",29125191,8,14,14,11.3333333333333,14.6666666666667,13,13.5,13.5,2,14,14,13.5,2.5,2,1,2,"跑肋部空间接球
第一时间射门",#NAME?
Kepa Arrizabalaga,GK ,30,145,160,"Spain,Pays Basque",Arsenal,67157624,4,1,3,2,11,6,5,1,3,1,11,1,3,11,8,14,10,14,16,14,13,3,10,5,13,13,11,10,9,15,13,14,12,12,12,12,13,8,12,8,13,13,13,14,5,15,15,15,17,12,13,13,13,15,7,17,10,15,14,12,20,1,1,1,1,1,1,1,1,1,1,1,1,1,188,10,20,"£28,687,500",7250,7050,6550,MediterraneanHispanic,145,6,34610,14,0,"£100,000",67157624,5.66666666666667,13,10.5,8.33333333333333,7,8.33333333333333,9.5,13.3333333333333,16,13,10.5,13.3333333333333,13.5,5,14,14,,#NAME?
Samú,DM/M C,24,145,160,Portugal,Mallorca,83206392,8,8,11,10,13,9,8,12,9,13,14,9,16,13,16,15,16,14,14,12,15,8,13,11,16,17,13,17,12,13,13,12,14,12,16,14,14,11,12,5,13,3,2,3,1,3,3,3,3,1,2,3,15,14,8,15,12,15,12,8,1,1,1,1,1,1,20,1,18,1,1,12,1,1,183,20,10,"£21,605,170",7250,6800,6300,MediterraneanHispanic,144,7,36857,2,0,"£43,233",83206392,15,14,12,11.6666666666667,11.6666666666667,12.3333333333333,10,14.8333333333333,3,14,12,14.8333333333333,2.5,1,3,3,,#NAME?
Niklas Süle,D RC,29,145,159,Germany,Borussia Dortmund,91107360,3,11,12,8,13,5,14,12,12,14,14,9,14,13,11,14,15,15,13,13,11,12,13,11,15,13,13,12,11,10,17,16,10,16,12,17,13,8,16,14,12,2,2,3,2,1,1,2,1,3,3,3,6,10,13,12,8,8,10,12,1,10,20,16,8,12,12,1,10,1,1,1,1,5,195,10,20,"£17,710,190",7250,7000,6500,NorthernEuropean,145,3,34945,49,1,"£198,885",91107360,14.3333333333333,14,13.5,13,11.3333333333333,12.6666666666667,15,13.1666666666667,1.5,14,13.5,13.1666666666667,2.5,2,1.5,2,,#NAME?
Thiago Almada,AM RLC,24,145,159,Argentina,A. Madrid,14172522,13,12,16,12,16,15,4,14,4,7,15,15,7,16,13,14,11,15,14,15,15,16,6,14,8,12,15,14,14,15,15,5,14,13,13,8,15,5,14,5,14,1,2,1,2,1,3,2,3,1,2,2,13,15,10,13,15,13,14,11,1,1,1,1,1,1,1,10,14,10,18,20,16,12,171,12,20,"£22,349,074",7250,7000,6250,MediterraneanHispanic,145,9,37007,10,4,"£54,041",14172522,7.33333333333333,12.75,13.5,15.3333333333333,13.6666666666667,16,4.5,13.5,2.5,12.75,13.5,13.5,1.5,2,1,2.5,"跑肋部空间接球
弧线球射门
回撤拿球
喜欢从双侧内切
经常带球",#NAME?
Caoimhin Kelleher,GK ,26,145,158,Republic of Ireland,Brentford,28104130,5,3,2,2,14,9,9,3,1,2,13,3,1,14,5,15,13,14,12,13,15,1,8,1,14,10,8,12,13,15,14,12,13,12,10,12,14,9,14,8,13,14,13,9,7,15,14,14,17,13,17,13,17,14,4,16,16,15,13,17,20,1,1,1,1,1,1,1,1,1,1,1,1,1,188,7,20,"£35,062,500",7250,7200,6000,NorthernEuropean,142,6,36122,23,0,"£65,000",28104130,5.66666666666667,12.75,12.5,7.33333333333333,5.66666666666667,10,10.5,13,15.5,12.75,12.5,13,11,7,14.5,13.5,,#NAME?
Manuel Ugarte,DM/M C,24,145,158,Uruguay,Manchester United,78084541,7,8,11,8,13,6,10,10,10,14,13,7,18,12,18,16,18,10,17,12,15,12,12,8,15,17,8,17,13,13,16,11,17,13,16,14,12,13,14,4,13,1,4,3,4,2,2,1,2,2,3,1,16,13,8,11,14,15,15,13,1,1,1,1,1,1,20,1,17,13,1,7,1,1,182,11,20,"£51,569,165",7250,6300,6250,MediterraneanHispanic,143,6,36992,31,1,"£150,000",78084541,15.6666666666667,14.75,13,11,8.66666666666667,12,10.5,15.8333333333333,1.5,14.75,13,15.8333333333333,3.5,4,1.5,1.5,,#NAME?
Piotr Zieliński,M/AM C,31,145,158,"Poland,Italy",Blu-neri Milano,43093171,14,14,12,12,16,12,7,15,4,7,16,15,8,17,8,14,10,13,10,13,11,14,10,13,11,15,15,10,13,14,11,9,16,13,12,10,13,7,11,6,14,3,3,3,1,2,2,2,1,2,3,3,13,15,12,12,12,15,14,12,1,1,1,1,1,1,11,12,20,11,10,17,10,1,180,17,20,"£2,848,295",7250,7700,6400,NorthernEuropean,140,2,34474,99,14,"£138,439",43093171,8.66666666666667,11.75,13,15,12.6666666666667,15,8,12.1666666666667,1.5,11.75,13,12.1666666666667,3,1,2.5,2.5,经常尝试传身后球,#NAME?
Juan Foyth,D/DM RC,27,145,157,"Argentina,Spain",Villarreal,14186894,7,11,13,8,15,11,15,7,8,14,14,8,16,15,14,13,16,16,12,11,12,12,10,13,14,15,13,16,13,14,14,13,12,14,15,13,10,13,13,16,12,1,1,3,4,1,2,4,2,1,2,3,15,11,7,10,12,13,10,14,1,1,19,20,1,10,16,1,1,1,1,1,1,1,187,11,20,"£36,296,684",7250,7250,6500,NorthernEuropean,144,4,35807,20,0,"£52,637",14186894,14.6666666666667,14,13.5,13,12.3333333333333,14.3333333333333,14,13.1666666666667,3,14,13.5,13.1666666666667,2,4,1,2.5,"利用脚下技术将球带出危险区
倒地铲球",#NAME?
Lucas Vázquez,D/WB/M/AM R,34,145,156,Spain,Bayer 04 Leverkusen,67135344,12,13,13,10,13,12,10,10,12,11,14,12,12,13,15,14,16,12,13,13,15,12,13,15,12,16,12,16,14,14,12,6,16,13,15,11,13,12,16,10,16,1,1,1,2,3,1,3,3,3,3,3,9,12,4,18,13,18,14,16,1,1,1,18,1,20,1,10,1,18,10,1,18,1,173,12,20,"£300,000,000",7250,7250,6750,MediterraneanHispanic,140,6,33420,9,0,"£107,730",67135344,11.6666666666667,13,13.5,12.6666666666667,12.3333333333333,13,8,14.5,3,13,13.5,14.5,1,2,2,2,沿右路带球突进,#NAME?
Bryan Gil,M/AM RLC,24,145,155,Spain,Girona,67260440,10,13,15,12,15,11,8,12,6,7,14,10,7,15,11,14,11,13,13,13,15,16,7,14,6,12,15,13,16,15,14,7,12,14,13,9,13,7,12,10,11,1,2,1,1,2,1,1,1,2,3,1,9,14,6,14,16,16,15,10,1,10,1,6,14,10,1,18,14,16,20,16,18,10,175,20,10,"£39,926,352",7250,7250,6250,MediterraneanHispanic,139,2,36933,4,0,"£64,815",67260440,6.66666666666667,12.75,15,15,13,15,7.5,13,1,12.75,15,13,1.5,1,1.5,1,"撞墙式配合
喜欢从双侧内切
经常带球",#NAME?
Dean Henderson,GK ,28,145,155,England,Crystal Palace,29125334,3,3,3,1,10,3,7,2,3,1,11,3,1,11,15,14,14,11,14,13,15,13,12,13,15,13,8,11,12,16,12,14,14,11,12,11,12,7,18,12,1,13,14,14,13,13,11,14,16,16,17,14,10,17,9,14,12,14,14,13,20,1,1,1,1,1,1,1,1,1,1,1,1,1,188,12,20,"£35,062,500",7250,7250,6250,NorthernEuropean,144,1,35501,3,0,"£100,000",29125334,5.66666666666667,12.75,11.5,10.6666666666667,8.33333333333333,8,10.5,13.8333333333333,15,12.75,11.5,13.8333333333333,14,13,13,12.5,"激怒对手
鼓动观众情绪",#NAME?
Ilaix Moriba,M C,22,145,155,"Guinea,Spain",Vigo,67279753,12,10,14,10,14,12,12,13,6,13,14,12,16,15,16,14,16,14,14,13,13,16,7,12,14,13,14,15,12,13,14,13,12,12,15,14,12,12,10,8,13,1,1,1,3,3,3,2,1,1,3,3,8,11,16,8,7,8,7,8,1,1,1,5,1,5,15,12,20,10,12,15,10,8,185,12,20,"£25,926,204",7250,6750,5500,AfricanCaribbean,145,16,37640,25,1,"£46,788",67279753,14.3333333333333,14,12,14.6666666666667,12,14.3333333333333,12.5,13.8333333333333,1.5,14,12,13.8333333333333,1,3,2,3,尝试花式动作,#NAME?
Ivan Provedel,GK ,31,145,155,Italy,Capitolini Celesti,43094150,3,3,3,3,8,7,10,2,1,3,11,3,1,11,6,13,13,12,12,13,18,3,13,7,14,15,13,15,12,14,12,15,18,13,12,13,14,3,13,5,11,13,13,14,16,15,15,14,17,11,13,13,12,14,10,19,13,20,14,15,20,1,1,1,1,1,1,1,1,1,1,1,1,1,192,6,20,"£300,000,000",7250,7150,6000,MediterraneanHispanic,145,0,34410,0,0,"£61,491",43094150,6,12.75,12.5,9,7.33333333333333,7.33333333333333,12.5,14,15.5,12.75,12.5,14,13.5,16,14,14,,#NAME?
Jesús Areso,D/WB R,26,145,155,"Spain,Pays Basque",A. Bilbao,67256097,9,14,12,10,12,9,10,10,13,14,13,10,14,13,12,14,14,13,14,14,14,11,13,15,13,14,11,15,14,13,13,11,15,14,16,14,15,7,9,6,12,4,3,2,3,2,3,2,1,3,2,1,12,13,4,15,13,15,12,12,1,1,1,20,1,18,1,1,1,10,1,1,1,1,182,10,20,"£66,111,820",7250,7250,5750,MediterraneanHispanic,144,4,36343,0,0,"£51,987",67256097,13.6666666666667,14,14,11.6666666666667,12.6666666666667,12.3333333333333,10.5,14,1.5,14,14,14,2.5,3,3,2,,#NAME?
John McGinn,M/AM RLC,30,145,155,Scotland,Aston Villa,61043070,13,12,14,14,13,10,13,13,9,10,14,10,12,14,15,14,15,12,13,10,16,13,14,13,13,16,12,17,14,13,14,9,17,14,15,15,13,14,15,7,13,2,3,3,2,1,2,4,2,1,1,3,12,13,4,17,13,17,15,15,1,1,1,1,1,1,1,16,20,16,18,15,18,1,178,20,10,"£37,914,888",7250,7500,6100,NorthernEuropean,138,0,34625,77,20,"£115,000",61043070,11.6666666666667,14.25,14,13,13,13.6666666666667,11,14,3,14.25,14,14,3,2,1.5,2.5,"经常尝试传身后球
回撤拿球
撞墙式配合
喜欢将球转移到边路",#NAME?
José Ángel Carmona,D/WB RC,23,145,155,Spain,Sevilla,2000053930,8,13,12,9,12,8,12,10,12,13,12,7,14,12,15,14,15,14,15,14,15,11,13,12,14,14,11,15,14,13,13,13,16,15,15,14,14,11,13,5,13,3,1,3,3,1,1,1,3,3,1,1,13,14,5,14,14,15,14,14,1,13,16,20,10,17,5,1,1,10,1,1,1,1,184,10,20,"£25,926,204",7250,7250,5750,MediterraneanHispanic,144,2,37285,0,0,"£20,717",2000053930,13.6666666666667,13.75,14.5,11.3333333333333,11.6666666666667,12,12.5,14.5,2,13.75,14.5,14.5,2,3,2,1,,#NAME?
Lewis Cook,DM/M RC,28,145,155,England,AFC Bournemouth,29127852,12,11,13,10,14,5,6,9,3,8,15,7,16,14,15,14,15,15,13,14,15,13,14,12,15,16,14,16,13,14,16,8,16,12,15,14,14,8,13,2,13,3,3,1,3,1,4,3,1,3,1,1,13,13,2,13,12,16,12,13,1,1,10,15,1,1,20,1,20,1,1,10,1,1,175,10,20,"£44,412,500",7250,7250,5650,NorthernEuropean,143,6,35464,1,0,"£60,000",29127852,13,14.75,12.5,14,12.3333333333333,13.6666666666667,7,14.5,2,14.75,12.5,14.5,2,3,2,2.5,"中路带球突进
回撤拿球",#NAME?
Lucas Digne,D/WB L,32,145,155,France,Aston Villa,85033423,13,16,13,8,14,16,12,13,15,10,15,6,13,14,13,14,15,15,13,13,16,10,8,15,12,14,13,15,15,15,13,8,15,14,16,12,14,13,15,11,10,3,2,3,2,3,3,3,1,3,2,2,15,16,5,13,14,16,15,14,1,20,1,1,18,1,1,13,1,1,7,1,1,1,178,20,5,"£300,000,000",7250,7250,6200,NorthernEuropean,141,3,34170,52,0,"£135,000",85033423,11.6666666666667,14,14.5,12.6666666666667,12.6666666666667,13.6666666666667,10,14.1666666666667,2,14,14.5,14.1666666666667,2.5,2,3,2.5,"插入对方禁区
有机会就前插
倒地铲球",#NAME?
"Luis Suárez(Sporting Clube de Portugal,Colombia,Spain)",ST ,27,145,155,"Colombia,Spain",Sporting Clube de Portugal,76046285,7,10,13,16,13,8,12,10,5,5,12,15,7,14,14,14,16,11,12,12,16,15,12,16,8,10,12,17,15,13,14,12,16,16,14,14,13,11,16,5,9,2,2,1,2,2,3,3,1,2,2,2,15,14,8,9,13,13,6,10,1,1,1,1,1,1,1,1,1,1,12,9,10,20,181,13,20,"£43,253,548",7100,6750,6000,MixedRace,143,11,35766,5,4,"£28,500",76046285,6.66666666666667,13.75,15.5,13,14.3333333333333,13.3333333333333,12,13.3333333333333,2,13.75,15.5,13.3333333333333,1.5,2,2,2.5,"乐于反越位
趟球变向加速过人
鼓动观众情绪",#NAME?
Malcom,AM RLC,28,145,155,"Brazil,Russia",Al-Hilal Saudi Football Club,19229435,14,13,17,14,16,14,9,14,6,5,15,10,5,16,8,15,9,13,11,13,14,17,8,16,7,10,15,11,16,17,15,6,13,11,12,10,12,9,11,10,11,4,2,2,2,2,3,4,2,3,2,1,14,16,14,9,11,14,9,9,1,1,1,1,1,1,1,1,10,15,15,16,20,12,171,20,12,"£7,717,500",7250,7150,6500,MixedRace,142,15,35487,2,0,"£298,328",19229435,5.66666666666667,13.5,13.5,15.6666666666667,14.3333333333333,16.3333333333333,7.5,12,3,13.5,13.5,12,2,2,3,2,"角度刁钻的射门
弧线球射门
撞墙式配合
从右路内切",#NAME?
"Nacho(Al-Qadsiah Football Club,Spain)",D RLC,35,145,155,Spain,Al-Qadsiah Football Club,67030696,6,10,9,9,12,8,14,8,13,15,12,7,15,11,16,17,15,14,14,14,16,9,17,10,16,17,10,14,11,12,14,11,16,11,13,14,16,10,16,3,17,2,3,2,1,2,2,2,2,3,2,3,14,14,1,20,13,18,13,11,1,15,20,17,13,13,1,1,1,1,1,1,1,1,180,11,20,"£3,603,601",7250,7250,5750,MediterraneanHispanic,143,3,32891,29,1,"£165,738",67030696,15.3333333333333,13.25,11,10.3333333333333,11,10.6666666666667,12.5,15.5,2,13.25,11,15.5,2.5,1,2,2.5,,#NAME?
"Otávio(Al-Qadsiah Football Club,Portugal,Brazil)",DM/M/AM RC,30,145,155,"Portugal,Brazil",Al-Qadsiah Football Club,19186901,12,12,15,10,15,10,8,10,6,10,16,11,11,16,18,14,17,15,15,14,18,12,10,12,12,18,12,18,13,16,16,6,17,9,15,9,13,18,13,5,15,1,3,3,1,2,2,3,2,2,2,1,14,12,17,11,14,15,4,6,1,1,1,1,1,1,17,6,19,15,7,20,15,5,172,10,20,"£42,120,004",7000,6900,6250,MediterraneanHispanic,139,3,34739,22,3,"£472,353",19186901,11,14,11,13.3333333333333,12.3333333333333,15.3333333333333,7,16,2.5,14,11,16,3,1,1.5,1.5,"经常尝试传身后球
激怒对手
与裁判争论
撞墙式配合
乐意把球传给位置更好的队友
而不是选择射门
喜欢从双侧内切
鼓动观众情绪",#NAME?
Roger Ibañez,D C,26,145,155,"Brazil,Italy,Uruguay",Al-Ahli Saudi Sport Club,19337893,5,8,11,9,12,4,17,9,10,14,14,6,17,13,19,15,19,10,11,13,16,8,10,10,15,14,11,14,15,13,11,14,17,14,14,12,13,13,13,8,10,1,2,2,1,2,2,2,2,1,2,3,15,14,6,12,10,15,10,12,1,8,20,10,1,1,12,1,1,1,1,1,1,1,185,10,20,"£7,654,500",7250,7350,5500,MediterraneanHispanic,144,5,36122,3,0,"£165,738",19337893,15.3333333333333,12.5,14.5,11,9.66666666666667,12,15.5,14.6666666666667,2,12.5,14.5,14.6666666666667,2,1,1.5,2.5,"有机会就前插
倒地铲球
喜欢将球转移到边路
把球带出防守区域",#NAME?
Ferdi Kadıoğlu,D/WB RL,25,145,153,"Türkiye,Netherlands,Canada",Brighton & Hove Albion,37060600,10,13,14,8,14,11,5,11,8,9,13,8,12,14,12,12,10,14,12,13,13,14,12,13,9,14,14,15,15,13,11,7,14,14,16,10,16,8,13,8,20,3,1,1,2,3,1,2,3,1,3,2,10,15,10,16,16,16,12,11,1,19,1,19,20,19,10,14,11,14,14,14,14,1,174,9,20,"£42,542,500",7350,7350,6250,NorthernEuropean,130,4,36440,22,1,"£48,000",37060600,10,12.5,14.5,13.6666666666667,11.6666666666667,14,6,12.3333333333333,2.5,12.5,14.5,12.3333333333333,1,2,3,1.5,"撞墙式配合
避免使用弱势脚",#NAME?
Gianluca Scamacca,ST ,26,145,153,Italy,Bergamo,37053643,4,7,12,15,14,13,15,16,7,6,13,12,8,14,14,14,14,13,14,15,16,15,13,15,7,15,13,15,12,12,17,16,11,13,12,16,13,8,13,14,7,3,3,2,3,2,3,1,1,1,3,1,10,16,9,9,13,14,9,9,1,1,1,1,1,1,1,1,1,1,1,1,1,20,195,12,20,"£20,416,884",7250,7250,6250,MediterraneanHispanic,145,3,36161,20,1,"£98,552",37053643,7,14.25,12.5,13.6666666666667,14.3333333333333,13.3333333333333,15.5,14.6666666666667,1,14.25,12.5,14.6666666666667,2.5,3,2.5,2,"远射
经常带球",#NAME?
Ismael Saibari,M/AM RLC,24,145,153,"Morocco,Belgium,Spain",PSV,18105831,8,12,14,11,15,12,13,12,7,5,13,12,6,15,12,11,12,12,13,13,15,15,9,12,5,14,15,12,14,15,12,13,10,14,13,12,8,5,3,14,12,3,3,1,1,1,1,2,1,1,1,1,20,12,7,13,12,14,11,17,1,1,1,1,1,1,1,14,18,14,18,20,18,15,185,12,20,"£36,896,228",7250,7250,5700,NorthAfricanMiddleEastern,134,11,36919,13,3,"£5,617",18105831,5.33333333333333,13,14,14.3333333333333,11.6666666666667,14.6666666666667,13,13,1.5,13,14,13,2,1,2,1,,#NAME?
Matteo Gabbia,D C,25,145,153,Italy,Casciavit Milano,43266774,4,8,8,8,13,4,15,7,11,14,13,6,15,13,13,15,14,15,16,14,14,4,15,11,15,15,12,13,12,12,14,14,14,13,15,15,15,13,13,9,7,1,2,1,3,2,1,4,3,3,3,2,14,14,4,19,14,18,16,14,1,1,20,1,1,1,11,1,10,1,1,1,1,1,185,9,20,"£18,375,194",7250,7250,5900,MediterraneanHispanic,145,2,36454,0,0,"£55,342",43266774,14.6666666666667,14,12.5,9.66666666666667,11.3333333333333,11.3333333333333,14.5,14.6666666666667,3.5,14,12.5,14.6666666666667,1.5,3,1.5,1.5,"长距离传球
把球带出防守区域",#NAME?
Matteo Ruggeri,D/WB/M L,23,145,153,Italy,A. Madrid,43425834,13,15,12,8,12,13,8,11,8,12,13,5,12,12,15,13,13,14,15,14,15,8,8,15,15,15,13,15,14,15,12,10,16,15,16,13,14,8,13,6,9,3,2,3,2,1,2,1,2,2,3,1,12,15,8,15,13,15,14,12,1,20,13,1,20,1,1,17,1,1,10,1,1,1,179,20,8,"£37,506,576",7250,7250,5650,MediterraneanHispanic,141,2,37448,0,0,"£54,041",43425834,13,14,14.5,11.3333333333333,12.3333333333333,12,9,14.1666666666667,1.5,14,14.5,14.1666666666667,2.5,2,2,1.5,"在盘带前先将球停至左脚
避免使用弱势脚",#NAME?
Nuno Tavares,D/WB L,25,145,153,"Portugal,Cape Verde Islands",Capitolini Celesti,83169864,13,16,15,7,14,12,3,8,4,12,12,5,14,16,12,15,14,10,10,10,15,13,4,16,12,15,12,12,17,15,12,12,12,17,11,16,14,9,10,12,13,2,3,1,3,1,1,3,1,3,1,2,16,16,16,7,8,13,9,11,1,20,1,9,20,9,1,14,1,1,12,1,1,1,183,20,11,"£300,000,000",7250,7000,6000,AfricanCaribbean,134,13,36551,1,0,"£67,640",83169864,12.6666666666667,13.5,17,12.3333333333333,11,15,7.5,13.1666666666667,2,13.5,17,13.1666666666667,2,3,1.5,1.5,"有机会就前插
拉边
长距离传球",#NAME?
Deniz Undav,AM/ST C,29,145,152,"Germany,Türkiye,Syria",VfB Stuttgart,91157307,11,10,13,15,15,12,14,13,14,8,14,13,9,15,16,16,15,16,12,13,17,15,15,13,9,16,14,12,12,12,16,11,10,12,13,15,13,12,15,12,10,1,3,1,3,3,1,4,1,3,3,1,14,16,8,12,15,12,16,12,1,1,1,1,1,1,1,10,12,10,12,18,12,20,179,12,20,"£24,050,876",7250,7000,6000,NorthAfricanMiddleEastern,145,6,35265,6,3,"£74,581",91157307,8.66666666666667,14,12,14.3333333333333,14.6666666666667,14.3333333333333,12.5,14.8333333333333,2.5,14,12,14.8333333333333,2,3,2,1,,#NAME?
Jerdy Schouten,D/DM/M C,28,145,152,Netherlands,PSV,37057744,10,12,14,8,15,11,11,11,7,11,15,10,16,15,13,14,11,13,14,14,14,10,17,14,15,17,15,15,11,12,15,12,10,11,14,11,16,15,14,13,13,1,4,2,1,2,3,3,1,1,3,3,14,16,2,15,10,16,14,12,1,1,18,1,1,1,20,1,17,1,1,5,1,1,185,11,20,"£35,051,416",7250,7250,5350,NorthernEuropean,143,0,35442,13,0,"£17,284",37057744,14,13,11,13.3333333333333,11.6666666666667,14.6666666666667,11.5,14,2,13,11,14,3,1,1.5,3,"习惯简单短传配合
弧线球射门
长时间控球
尽量不带球",#NAME?
Jonathan Clauss,D/WB/M R,32,145,152,France,OGC Nice,85045209,15,16,13,12,13,9,6,11,13,13,15,7,13,13,12,14,14,12,14,14,15,12,11,13,15,15,13,16,14,13,13,12,15,14,15,11,14,12,14,7,9,1,2,2,3,3,1,2,4,3,2,4,12,13,9,11,14,12,12,12,1,12,1,20,12,20,1,12,1,16,1,1,1,1,178,8,20,"£7,841,247",7250,7250,5500,MediterraneanHispanic,141,6,33872,14,2,"£54,511",85045209,13.6666666666667,13,14,13.3333333333333,12.3333333333333,13,9,14.3333333333333,3,13,14,14.3333333333333,2,3,2,2.5,"沿右路带球突进
有机会就前插",#NAME?
Adam Marušić,D/WB RL,32,145,150,"Montenegro,Serbia",Capitolini Celesti,62095383,4,12,10,11,13,4,11,14,4,15,12,11,13,12,14,14,16,12,10,13,15,13,11,14,16,16,11,14,13,12,14,13,15,14,15,15,13,13,13,6,16,3,3,3,1,3,2,1,2,4,4,2,16,16,7,15,13,18,11,8,1,17,11,20,15,19,1,12,1,13,4,1,10,1,185,14,20,"£300,000,000",7250,7400,5500,NorthernEuropean,139,4,33894,66,5,"£55,342",62095383,14.6666666666667,14,13.5,12,12.3333333333333,11.6666666666667,12,14,1.5,14,13.5,14,3,1,3,2,"跑肋部空间接球
有机会就前插
趟球变向加速过人",#NAME?
Benjamin Henrichs,D/WB RL,28,145,150,"Germany,Ghana",RB Leipzig,91132680,8,12,13,7,13,10,11,9,13,12,15,11,15,13,15,13,16,13,12,13,15,13,13,13,12,16,13,15,13,13,12,12,12,14,15,13,13,8,14,12,18,3,4,2,2,3,2,1,1,4,4,3,12,14,8,14,12,13,11,10,1,15,12,20,15,18,12,10,12,12,8,10,10,1,185,12,20,"£25,089,438",7250,7250,5750,MixedRace,139,12,35484,19,0,"£91,155",91132680,13,13.25,13.5,13.6666666666667,11,13,11.5,14.1666666666667,1,13.25,13.5,14.1666666666667,3,2,3,2.5,"撞墙式配合
利用脚下技术将球带出危险区",#NAME?
Galeno,M/AM RL,27,145,150,"Brazil,Portugal",Al-Ahli Saudi Sport Club,83152910,11,10,15,13,14,13,6,14,13,7,12,10,8,13,13,13,12,12,9,10,15,17,8,14,8,13,12,15,17,16,14,10,18,15,15,10,12,5,14,6,14,3,4,1,1,1,2,1,4,1,1,1,16,14,6,11,10,16,9,11,1,12,1,5,14,10,1,18,1,15,20,1,15,12,179,11,20,"£50,050,000",7250,6750,6250,MixedRace,141,9,35724,1,0,"£82,868",83152910,7.66666666666667,13.75,16,13.6666666666667,13,14,8,12,2.5,13.75,16,12,2.5,1,2,1.5,"大力射门
趟球变向加速过人
喜欢连续过多人
经常带球
从左路内切",#NAME?
Javi Puado,AM/ST RLC,27,145,150,Spain,Espanyol,67222737,8,11,13,14,12,8,9,13,5,8,13,12,8,14,10,13,12,14,12,14,14,13,15,16,8,13,13,14,15,15,11,10,13,14,13,12,13,7,12,7,15,1,1,1,2,3,1,4,1,2,1,2,12,12,7,16,12,14,12,12,1,1,1,1,1,1,1,14,1,10,20,18,16,19,179,12,20,"£39,926,352",7250,7250,5750,MediterraneanHispanic,137,6,35940,1,1,"£30,247",67222737,8,12.75,14.5,13,14.6666666666667,13,9.5,13,2.5,12.75,14.5,13,1,2,2,1.5,"角度刁钻的射门
经常带球",#NAME?
Jonathan Burkardt,ST ,25,145,150,Germany,Eintracht Frankfurt,91170086,6,9,13,15,12,8,14,12,6,7,12,14,8,13,13,16,16,12,12,12,16,13,14,16,8,17,11,18,15,14,12,12,10,15,16,12,15,6,14,14,13,1,2,2,3,2,3,2,3,1,3,2,4,13,6,18,15,16,16,17,1,1,1,1,1,8,1,10,1,10,14,14,14,20,181,12,20,"£29,516,984",7250,7250,5750,NorthernEuropean,145,2,36718,3,0,"£66,295",91170086,7.66666666666667,13.5,15,12,14.3333333333333,12.6666666666667,13,14.8333333333333,2.5,13.5,15,14.8333333333333,2,3,1.5,2.5,跑肋部空间接球,#NAME?
Kevin Danso,D C,26,145,150,"Austria,Ghana,England",Tottenham Hotspur,91144914,5,7,8,10,12,5,15,7,17,14,13,10,13,10,13,14,15,11,12,13,15,7,10,13,15,12,8,15,14,12,14,17,16,16,13,15,16,12,13,4,16,2,1,4,2,2,3,2,3,3,1,2,15,17,6,11,13,14,14,10,1,1,20,1,1,1,14,1,1,1,1,1,1,1,190,10,20,"£38,250,000",7250,7000,6250,AfricanCaribbean,144,15,36057,25,0,"£75,000",91144914,14,13.5,15,9.33333333333333,11.3333333333333,10,16,13.5,2.5,13.5,15,13.5,2.5,2,2,2.5,,#NAME?
Rico Henry,D/WB L,28,145,150,"England,Jamaica",Brentford,29129073,7,13,14,10,14,7,13,10,9,12,13,8,13,13,12,14,14,14,14,14,15,13,9,12,14,14,14,15,16,14,14,9,14,16,14,12,15,4,14,8,11,3,2,3,3,3,1,2,3,3,3,3,13,14,7,13,14,15,15,15,1,20,1,1,19,1,1,14,1,1,12,1,1,1,170,20,7,"£29,140,836",7250,7250,6150,MixedRace,142,12,35619,0,0,"£46,000",29129073,13,13.5,16,13.3333333333333,12,13.6666666666667,11,14.1666666666667,2.5,13.5,16,14.1666666666667,2.5,3,3,2,"沿左路带球突进
有机会就前插
趟球变向加速过人
利用脚下技术将球带出危险区",#NAME?
Rubén Vargas,M/AM RLC,27,145,150,"Switzerland,Dominican Republic",Sevilla,98041215,13,13,14,11,14,11,8,11,16,8,13,12,9,14,15,12,12,13,13,14,14,15,6,12,8,14,12,13,15,15,12,8,14,16,12,9,14,10,13,13,14,1,4,3,3,2,3,1,3,1,3,3,12,14,9,12,8,12,10,10,1,1,1,1,10,10,1,17,10,15,20,19,17,9,179,12,20,"£41,827,612",7250,7200,6500,MediterraneanHispanic,140,4,36012,52,9,"£27,512",98041215,8.33333333333333,12,15.5,13.3333333333333,12,14,8,13.1666666666667,2,12,15.5,13.1666666666667,3.5,3,1.5,3,经常带球,#NAME?
Steven Bergwijn,M/AM/ST RLC,27,145,150,"Netherlands,Suriname",Al-Ittihad Club,37050140,13,13,15,13,15,13,7,13,5,5,13,14,7,15,10,14,13,14,11,12,13,17,13,15,5,9,13,10,15,13,14,9,10,12,12,11,12,7,12,13,13,4,3,3,1,1,2,3,2,1,1,1,13,14,4,5,14,11,12,11,1,1,1,1,1,1,1,18,12,16,20,16,18,16,178,14,20,"£8,505,000",7250,7100,6250,AfricanCaribbean,134,15,35711,35,8,"£149,164",37050140,5.66666666666667,12.5,13.5,14.3333333333333,14,15,8,12,2.5,12.5,13.5,12,3,1,2.5,1.5,"大力射门
尝试花式动作
从左路内切",#NAME?
Viktor Tsygankov,M/AM RLC,27,145,150,"Ukraine,Israel",Girona,71080414,14,13,15,11,15,14,7,12,9,6,14,15,8,16,10,12,9,13,11,12,15,14,13,14,8,11,15,11,15,14,12,9,12,14,13,12,11,7,7,14,10,1,1,1,2,2,2,2,1,1,2,4,13,15,5,17,5,14,16,8,1,8,1,8,14,14,1,16,10,19,17,16,20,10,178,20,12,"£39,926,352",7250,7250,6500,NorthernEuropean,140,4,35749,61,13,"£33,271",71080414,7.33333333333333,12.75,14.5,14.3333333333333,12.6666666666667,15.3333333333333,8,11.6666666666667,1.5,12.75,14.5,11.6666666666667,1,2,1.5,3,"角度刁钻的射门
弧线球射门
从右路内切",#NAME?
Calvin Bassey,D LC,25,145,149,"Nigeria,England,Italy",Fulham,28111079,9,12,12,7,10,7,15,7,14,15,11,9,14,12,14,12,16,13,13,13,10,11,10,12,14,12,7,15,14,10,13,16,16,15,19,18,11,11,9,5,13,2,2,1,2,1,2,3,1,1,2,1,12,16,7,14,9,15,18,17,1,19,20,1,10,1,1,1,1,1,1,1,1,1,185,20,7,"£42,075,000",7250,7250,5850,AfricanCaribbean,145,15,36525,31,0,"£60,000",28111079,14.3333333333333,15,14.5,9.66666666666667,10.6666666666667,11.3333333333333,15.5,12.6666666666667,2,15,14.5,12.6666666666667,1.5,2,1.5,1.5,"利用脚下技术将球带出危险区
经常带球",#NAME?
Facundo Medina,D/WB LC,26,145,149,Argentina,RC Lens,14185869,6,14,13,11,14,8,13,8,14,14,14,10,13,14,14,13,14,11,14,14,15,12,14,14,14,16,13,19,13,13,14,14,15,14,14,14,15,11,13,8,11,3,3,2,4,1,2,2,3,1,3,3,14,13,8,14,14,13,12,12,1,16,20,1,16,1,1,1,1,1,1,1,1,1,184,20,8,"£16,973,018",7250,7150,4250,MediterraneanHispanic,145,8,36308,4,0,"£27,255",14185869,13.6666666666667,13.75,13.5,13,12,13.6666666666667,13.5,14.3333333333333,2.5,13.75,13.5,14.3333333333333,2.5,4,2,2.5,"插入对方禁区
有机会就前插
经常带球
把球带出防守区域",#NAME?
Ibrahim Sangaré,DM/M C,27,145,149,Ivory Coast,Nottingham Forest,48042717,12,9,12,7,12,11,15,13,5,14,15,4,15,13,16,13,17,15,11,13,12,13,14,11,15,17,12,17,13,14,15,17,15,12,17,17,12,8,13,7,12,1,1,2,3,4,3,2,2,3,1,3,8,15,11,12,12,15,13,12,1,1,1,1,1,1,20,1,19,1,1,10,1,1,191,7,20,"£35,530,000",7250,7000,5750,AfricanCaribbean,145,17,35766,45,11,"£80,000",48042717,14.6666666666667,15.75,12.5,13.3333333333333,11,12.3333333333333,16,13.8333333333333,2,15.75,12.5,13.8333333333333,1.5,3,2.5,3,经常尝试传身后球,#NAME?
Pervis Estupiñán,D/WB/M L,27,145,149,"Ecuador,Spain",Casciavit Milano,86045976,9,14,13,9,12,9,10,13,14,12,14,11,15,14,15,13,13,14,12,12,13,12,10,13,11,15,13,16,14,13,12,10,16,14,18,14,13,14,12,12,13,3,2,2,3,3,3,3,1,3,2,3,15,14,5,10,14,14,13,10,1,20,11,1,19,1,1,16,1,1,11,1,1,1,175,20,8,"£17,354,352",7250,7750,6250,AfricanCaribbean,139,16,35816,49,4,"£76,947",86045976,12.6666666666667,14.25,14,13,12,13,10,13,2,14.25,14,13,2,3,3,3,有机会就前插,#NAME?
Aitor Paredes,D C,25,145,148,"Spain,Pays Basque",A. Bilbao,67276232,8,9,9,11,14,8,15,7,10,15,14,8,15,14,13,14,13,13,14,14,12,7,9,9,15,14,13,14,14,14,8,12,13,13,13,14,13,15,14,5,15,2,1,2,2,2,1,2,1,2,2,3,17,10,2,11,10,10,10,20,1,1,20,1,1,1,1,1,1,1,1,1,1,1,186,12,20,"£70,000,744",7250,7250,5750,MediterraneanHispanic,145,6,36645,1,0,"£51,987",67276232,15,12.25,13.5,11.3333333333333,11,12.3333333333333,13.5,13.5,1.5,12.25,13.5,13.5,1.5,2,2,2,,#NAME?
Barış Alper Yılmaz,AM/ST RL,25,145,148,Türkiye,Galatasaray A.Ş.,70112874,7,8,14,12,12,7,12,12,7,8,9,12,7,13,16,11,15,12,12,12,17,13,10,13,7,11,10,16,14,13,14,13,16,16,16,15,16,7,14,5,20,1,2,3,2,1,2,3,2,2,2,1,8,14,2,11,10,17,14,8,1,12,1,12,12,14,1,14,1,14,18,12,20,16,186,13,20,"£27,378,074",7250,7250,6050,MediterraneanHispanic,133,4,36669,28,2,"£41,548",70112874,7.33333333333333,14.5,15,10.6666666666667,12.3333333333333,13,12.5,13,2.5,14.5,15,13,2.5,2,1,1.5,趟球变向加速过人,#NAME?
Ramy Bensebaïni,D/WB LC,30,145,148,Algeria,Borussia Dortmund,12038706,12,12,12,10,14,11,16,10,14,13,13,17,15,14,16,13,16,14,13,13,16,12,13,13,13,13,13,14,13,11,15,15,12,14,14,14,13,16,14,12,14,3,2,2,2,1,2,1,3,3,1,4,11,14,14,12,11,10,6,6,1,20,18,1,16,1,10,10,8,1,8,1,1,1,187,20,9,"£18,653,452",7150,7150,6000,NorthAfricanMiddleEastern,143,4,34805,72,7,"£99,442",12038706,13.6666666666667,13.5,13.5,12.6666666666667,12.3333333333333,13.3333333333333,15.5,14,2,13.5,13.5,14,2,2,2,3,喜欢将球转移到边路,#NAME?
Łukasz Skorupski,GK ,34,145,146,Poland,Bologna FC 1909,54009099,5,1,2,1,10,9,4,2,1,3,10,2,1,8,13,17,14,13,13,13,13,10,12,9,15,17,9,16,12,15,15,14,14,12,15,16,13,8,14,4,11,14,12,13,3,12,10,17,16,10,16,11,12,13,3,14,11,17,17,14,20,1,1,1,1,1,1,1,1,1,1,1,1,1,187,9,20,"£6,944,314",7250,6500,5600,NorthernEuropean,145,2,33363,17,0,"£27,754",54009099,6.33333333333333,15.25,12,9.66666666666667,7.66666666666667,6.66666666666667,9,14.5,16.5,15.25,12,14.5,12.5,3,13,10.5,,#NAME?
Douglas Santos,D/WB LC,31,145,145,"Brazil,Russia",Zenit St. Petersburg,19187721,14,14,13,11,14,14,8,14,14,12,14,14,13,14,11,14,11,15,13,16,14,11,13,10,13,14,13,12,14,15,13,9,14,13,14,9,18,12,13,7,8,1,3,3,2,4,3,2,3,3,3,1,7,13,9,14,12,12,9,10,1,20,15,13,18,1,15,13,12,1,10,1,1,1,175,20,9,"£300,000,000",7250,7250,5500,MixedRace,140,12,34415,1,0,"£29,129",19187721,12.6666666666667,12.75,13.5,12.6666666666667,12,13.6666666666667,8.5,13.6666666666667,2.5,12.75,13.5,13.6666666666667,3,2,2.5,2,"弧线球射门
撞墙式配合
利用脚下技术将球带出危险区
避免使用弱势脚",#NAME?
Joël Veltman,D RC,33,145,145,Netherlands,Brighton & Hove Albion,37024733,7,11,9,7,13,4,14,5,8,14,13,7,17,13,16,16,16,14,16,16,16,9,15,9,17,15,11,14,12,12,11,11,16,11,14,12,17,12,15,12,11,3,3,2,1,2,1,1,2,2,2,4,20,9,4,18,17,18,14,16,1,1,20,19,1,14,10,1,1,10,1,1,1,1,182,8,20,"£9,315,675",7250,7250,6250,NorthernEuropean,143,4,33618,28,2,"£57,000",37024733,16,12.25,11.5,11,10,11.6666666666667,12.5,15.8333333333333,1.5,12.25,11.5,15.8333333333333,2.5,1,2.5,2.5,利用脚下技术将球带出危险区,#NAME?
Ryan Christie,DM/M/AM RC,30,145,145,Scotland,AFC Bournemouth,61042900,11,12,14,10,14,12,5,12,1,7,14,11,13,15,15,15,11,10,13,13,12,13,8,15,11,15,14,18,13,15,13,9,15,13,17,12,15,11,14,6,14,1,1,2,1,2,3,3,1,3,2,2,10,14,8,14,10,14,14,13,1,1,1,1,1,1,17,13,20,13,14,16,16,1,178,20,10,"£39,971,252",7250,7250,5650,NorthernEuropean,138,1,34752,59,7,"£60,000",61042900,10.3333333333333,14.25,13,13.6666666666667,11.6666666666667,14.3333333333333,7,13.1666666666667,2,14.25,13,13.1666666666667,1.5,1,1.5,2.5,"中路带球突进
撞墙式配合
控制节奏
喜欢从双侧内切",#NAME?
Vedat Muriqi,ST ,31,145,145,"Kosovo,Albania",Mallorca,11022221,5,9,10,14,11,6,17,12,6,8,12,15,9,12,16,16,18,14,16,14,17,12,14,15,11,19,13,19,10,10,17,17,15,12,17,18,15,7,14,10,5,2,1,2,2,1,2,2,2,3,1,2,14,15,5,17,17,16,13,15,1,1,1,1,1,1,1,1,1,1,1,5,1,20,194,20,11,"£300,000,000",7300,7300,6300,NorthernEuropean,145,1,34448,60,31,"£66,477",11022221,9.33333333333333,15.5,11,12.3333333333333,14.3333333333333,11,17,16.6666666666667,2,15.5,11,16.6666666666667,1.5,2,1.5,2,"激怒对手
背身拿球
撞墙式配合",#NAME?
Neymar,AM LC,33,144,190,Brazil,SAN,19024412,15,15,19,15,19,16,8,15,4,4,16,18,5,19,11,16,11,16,10,14,12,19,14,17,4,8,17,8,11,13,12,7,7,11,9,10,10,13,14,19,12,2,2,2,2,1,3,2,1,3,2,3,16,11,15,9,14,10,6,8,1,1,1,1,1,1,1,14,1,12,20,19,14,15,175,12,20,"£2,512,380",7750,8000,7000,MixedRace,137,11,33639,128,79,"£30,047",19024412,4.33333333333333,11,11,17.3333333333333,16,19,7.5,11.8333333333333,1.5,11,11,11.8333333333333,2,2,1.5,3,"用外脚背
与裁判争论
尝试花式动作
喜欢从双侧内切
喜欢连续过多人
经常带球",#NAME?
Ángel Di María,AM RLC,37,144,174,"Argentina,Italy",Club Atlético Rosario Central,14000219,16,18,19,13,18,15,7,17,6,4,18,14,7,20,12,16,11,17,12,13,15,17,10,16,6,10,18,6,13,16,12,10,15,10,10,7,12,14,20,12,16,2,2,3,2,1,3,1,2,1,2,1,12,18,13,13,20,18,6,12,1,1,1,1,1,1,1,14,12,14,18,15,20,14,180,20,8,"£1,064,703",7200,8500,7100,MediterraneanHispanic,142,10,32187,145,31,"£18,507",14000219,5.66666666666667,11.25,11.5,17.6666666666667,15.3333333333333,19,8.5,12.8333333333333,1.5,11.25,11.5,12.8333333333333,2.5,2,1.5,2,"激怒对手
趟球变向加速过人
避免使用弱势脚
经常带球
从右路内切",#NAME?
Arda Güler,M/AM RC,20,144,173,Türkiye,R. Madrid,2000077193,15,15,14,14,17,14,11,16,8,7,16,14,7,18,14,14,13,13,11,14,16,15,12,12,7,16,17,13,14,15,13,6,14,12,11,11,12,10,12,8,11,3,2,2,1,3,2,1,2,1,2,2,12,20,5,8,16,16,15,17,1,1,1,1,1,1,9,9,18,11,11,20,18,7,175,20,8,"£96,229,420",7200,7250,6700,MediterraneanHispanic,144,6,38408,21,5,"£89,498",2000077193,7,12.5,13,16,13,16.3333333333333,8.5,14,1.5,12.5,13,14,2,1,3,2,"与裁判争论
回撤拿球
控制节奏
后排插上进攻",#NAME?
Filip Jörgensen,GK ,23,144,169,"Denmark,Sweden",Chelsea,67283140,5,3,3,2,14,6,8,1,1,3,13,1,3,12,5,11,14,9,9,10,11,3,8,1,16,14,8,12,12,17,10,15,15,12,15,16,10,15,12,14,14,16,15,10,6,15,13,15,17,14,13,14,10,10,10,10,10,10,10,10,20,1,1,1,1,1,1,1,1,1,1,1,1,1,189,8,20,"£48,233,334",7200,6850,5450,NorthernEuropean,144,4,37362,1,0,"£70,000",67283140,7.33333333333333,14.5,12,8,4,9.66666666666667,11.5,11.5,16,14.5,12,11.5,12.5,6,15.5,13.5,,#NAME?
Cristhian Mosquera,D RC,21,144,166,"Spain,Colombia",Arsenal,2000030816,5,10,11,8,12,9,13,9,11,15,13,8,17,11,15,15,15,13,13,13,13,10,10,7,13,14,13,15,14,13,13,14,16,16,14,15,12,9,13,9,9,3,2,1,3,2,1,2,3,3,3,1,14,17,9,12,15,16,13,12,1,1,20,15,1,1,1,1,1,1,1,1,1,1,191,8,20,"£47,806,667",7200,7200,6000,AfricanCaribbean,144,16,38165,0,0,"£60,000",2000030816,15,13.75,15,12,9.33333333333333,11.3333333333333,13.5,13.8333333333333,2.5,13.75,15,13.8333333333333,1.5,3,2.5,1,,#NAME?
Jordan Henderson,DM/M C,35,144,165,England,Brentford,28005568,14,12,11,7,11,13,10,9,9,14,16,11,14,14,14,15,16,14,15,16,19,7,19,13,15,18,15,17,12,11,14,12,17,12,15,12,13,8,16,12,13,1,3,2,2,3,1,1,4,4,1,3,11,18,7,16,18,20,15,19,1,1,14,11,1,12,19,1,20,12,1,8,1,1,182,7,20,"£300,000,000",7200,7500,6500,NorthernEuropean,141,3,33041,84,3,"£65,000",28005568,14.3333333333333,13,12,12.6666666666667,11.3333333333333,12,11,16.5,2.5,13,12,16.5,2.5,2,2,2,"回撤拿球
控制节奏
倾向于尽可能长地延续自己的职业生涯（隐藏习惯）",#NAME?
Pierre-Emile Højbjerg,DM/M C,30,144,165,"Denmark,France",Olympique de Marseille,27058392,11,12,11,11,15,13,8,13,10,10,15,13,15,15,17,15,15,14,15,13,16,11,17,13,12,16,13,17,11,11,14,12,17,14,16,15,14,13,14,6,16,2,2,3,2,2,1,3,3,2,2,1,14,18,14,9,15,15,7,10,1,10,13,10,10,12,18,11,20,11,11,14,11,1,185,9,20,"£28,041,134",7200,7500,6100,NorthernEuropean,145,5,34916,88,11,"£43,683",27058392,12.3333333333333,14,12.5,13,12.6666666666667,13.6666666666667,10,15,3,14,12.5,15,2.5,2,2,1,"插入对方禁区
跑肋部空间接球
有机会就前插
经常尝试传身后球
控制节奏
喜欢将球转移到边路",#NAME?
Nélson Semedo,D/WB R,31,144,164,"Portugal,Cape Verde Islands",Fenerbahçe A.Ş.,55061470,8,12,14,9,15,8,7,10,11,11,12,8,15,15,13,14,13,9,10,11,15,14,6,15,12,14,12,15,16,16,14,8,15,16,15,13,14,11,15,7,15,1,1,1,1,1,3,2,2,3,4,3,16,13,10,14,15,15,13,10,1,13,10,20,10,20,1,1,1,10,1,1,10,1,177,10,20,"£300,000,000",7400,7300,6050,AfricanCaribbean,135,13,34289,44,0,"£83,096",55061470,12.6666666666667,14.5,16,12.6666666666667,11,14.6666666666667,7.5,12.8333333333333,2,14.5,16,12.8333333333333,1,1,1,3,"沿右路带球突进
有机会就前插",#NAME?
André Onana,GK ,29,144,160,Cameroon,Manchester United,67201634,2,1,2,3,13,3,5,1,2,3,14,5,1,12,9,13,13,17,13,13,15,14,14,2,11,14,11,14,10,12,14,16,16,11,13,14,10,8,15,7,9,15,14,14,17,16,17,11,12,15,10,15,15,17,5,11,15,11,14,10,20,1,1,1,1,1,1,1,1,1,1,1,1,1,190,12,20,"£34,125,000",7350,7250,6500,AfricanCaribbean,144,15,35157,48,0,"£110,000",67201634,5,13.25,10.5,13,7.33333333333333,9,10.5,13.5,11.5,13.25,10.5,13.5,14,17,15.5,16,利用脚下技术将球带出危险区,#NAME?
Ian Maatsen,D/WB/M LC,23,144,160,"Netherlands,Suriname",Aston Villa,28121372,12,14,13,11,14,13,8,11,12,11,14,11,13,14,14,13,12,14,10,13,14,14,7,11,12,15,13,15,15,15,12,8,14,15,14,9,14,11,13,5,18,3,2,2,1,2,3,1,3,1,2,2,16,16,5,12,12,14,11,11,1,20,12,1,19,1,15,16,15,12,13,1,12,1,178,20,9,"£56,956,666",7200,7000,6000,AfricanCaribbean,132,11,37325,1,1,"£85,000",28121372,12,12.5,15,13.6666666666667,12,13.6666666666667,8,12.8333333333333,2,12.5,15,12.8333333333333,2,1,2.5,2.5,,#NAME?
"Luiz Henrique(Zenit St. Petersburg,Brazil)",AM RL,24,144,160,Brazil,Zenit St. Petersburg,19377206,8,11,17,10,13,8,11,13,7,7,13,13,11,16,10,13,12,13,10,11,14,15,8,13,11,11,12,11,16,15,13,12,15,15,14,12,11,7,11,9,12,4,2,1,1,2,3,2,1,2,1,2,13,13,8,12,11,12,9,13,1,1,1,1,1,1,1,10,10,14,16,10,20,15,182,20,9,"£40,482,912",7050,7050,6000,AfricanCaribbean,138,17,36893,0,0,"£27,576",19377206,9.66666666666667,13.5,15.5,13.3333333333333,12,15.3333333333333,11.5,11.8333333333333,1.5,13.5,15.5,11.8333333333333,1.5,1,3,2.5,"喜欢连续过多人
从右路内切",#NAME?
Matt O'Riley,M/AM C,24,144,160,"Denmark,England,Norway",Brighton & Hove Albion,29186052,14,12,13,13,16,8,11,12,5,8,15,8,12,17,12,14,8,15,12,14,14,13,9,16,11,13,17,12,12,12,14,14,14,12,13,13,14,7,14,4,10,4,2,1,3,1,3,1,1,2,3,3,12,17,3,14,12,18,15,16,1,1,1,1,1,1,14,1,20,1,1,18,1,1,187,20,13,"£43,473,334",7200,6750,5750,NorthernEuropean,143,3,36851,4,0,"£50,000",29186052,10.3333333333333,13,12,15,14.6666666666667,15.3333333333333,12.5,12.5,1,13,12,12.5,1.5,3,2.5,3,"中路带球突进
插入对方禁区
经常尝试传身后球
撞墙式配合",#NAME?
Takehiro Tomiyasu,D/WB RLC,26,144,160,Japan,,45095490,7,11,13,8,12,6,12,9,11,13,12,7,15,13,13,14,15,14,14,13,14,13,7,12,14,16,12,16,13,13,13,14,13,13,14,13,15,10,12,15,16,3,1,1,1,2,2,3,1,1,1,4,18,14,4,15,14,17,17,14,1,18,15,20,15,16,10,1,1,1,1,1,1,1,188,14,20,£0,6900,6900,6000,Asian,139,6,36104,42,1,,45095490,14,13.25,13,12.3333333333333,11.3333333333333,12.6666666666667,13,14.3333333333333,2,13.25,13,14.3333333333333,1,1,2.5,3,"利用脚下技术将球带出危险区
把球带出防守区域",#NAME?
Dani Parejo,DM/M/AM C,36,144,159,Spain,Villarreal,67030707,12,14,12,12,16,17,8,16,8,9,18,18,13,16,11,16,11,16,12,16,15,13,15,12,14,15,17,16,8,10,12,10,15,8,10,10,14,13,14,15,10,2,4,2,3,2,2,1,3,4,1,2,10,12,14,12,16,16,13,13,1,1,1,1,1,1,18,10,20,8,1,16,1,1,182,14,20,"£3,357,711",7200,7200,6450,MediterraneanHispanic,144,6,32614,4,0,"£50,390",67030707,12,10.5,8,16,13.3333333333333,14.6666666666667,9,14.1666666666667,2,10.5,8,14.1666666666667,3,3,2,2,"弧线球射门
回撤拿球
控制节奏
停球观察
长时间控球",#NAME?
Nicolas Pépé,AM RL,30,144,159,"Ivory Coast,France",Villarreal,85136376,12,13,16,14,16,15,8,16,2,6,14,15,5,17,6,16,12,13,8,11,7,18,5,17,8,12,13,11,16,16,12,8,11,15,13,10,8,7,9,11,7,2,1,1,2,2,1,3,1,3,3,2,7,7,7,11,11,12,12,14,1,1,1,1,1,1,1,12,1,12,16,1,20,12,183,20,8,"£43,377,128",7200,7200,6800,AfricanCaribbean,143,15,34848,47,11,"£50,390",85136376,6.33333333333333,12.75,15.5,15,14.6666666666667,16.3333333333333,8,11,2,12.75,15.5,11,1,2,2,1.5,"沿右路带球突进
远射
乐于反越位
喜欢连续过多人",#NAME?
Ángel Correa,AM/ST RC,30,144,158,"Argentina,Spain",Tigres de la UANL,14043349,12,11,15,14,15,9,8,11,2,5,12,11,6,15,14,14,15,15,15,14,17,15,10,16,8,13,13,15,14,15,14,6,16,14,12,11,17,13,16,7,12,3,3,3,3,4,2,1,2,1,1,2,13,14,10,16,15,16,14,11,1,1,1,1,1,1,1,11,1,10,14,15,18,20,172,12,20,"£12,472,382",7200,7400,6700,NorthAfricanMiddleEastern,135,8,34767,28,3,"£24,157",14043349,6.33333333333333,13,14,13.3333333333333,15,15,7,14.6666666666667,1.5,13,14,14.6666666666667,3,3,3.5,2,"喜欢连续过多人
经常带球",#NAME?
Amar Dedić,D/WB R,22,144,156,"Bosnia and Herzegovina,Austria",Sport Lisboa e Benfica,16283629,7,11,16,11,13,7,10,9,10,11,13,8,13,15,15,13,11,13,14,12,17,17,14,15,10,9,13,15,15,16,12,10,14,16,14,11,13,14,12,13,15,4,3,2,3,3,3,3,2,3,2,3,15,15,7,12,10,13,14,14,1,14,13,20,14,20,1,1,1,1,1,1,1,1,180,12,20,"£43,210,340",7000,7100,5500,NorthernEuropean,134,4,37486,20,1,"£20,827",16283629,11.3333333333333,13.25,15.5,14.3333333333333,13,14.6666666666667,10,12.6666666666667,2.5,13.25,15.5,12.6666666666667,2.5,3,3.5,3,"沿右路带球突进
有机会就前插
激怒对手
与裁判争论
鼓动观众情绪",#NAME?
Ruben Loftus-Cheek,M/AM C,29,144,156,"England,Guyana",Casciavit Milano,28068727,7,11,13,12,13,8,14,13,11,12,14,12,13,13,10,14,12,14,13,13,14,10,12,14,13,14,12,13,12,13,15,14,10,13,15,17,11,9,14,16,12,3,2,1,1,2,2,1,2,2,1,1,14,15,3,13,14,14,16,15,1,1,1,1,1,1,15,11,20,13,8,17,9,14,191,12,20,"£15,516,833",7200,7000,6000,AfricanCaribbean,141,12,35087,10,0,"£85,257",28068727,12.6666666666667,15,12.5,12,13.3333333333333,13,14,13.3333333333333,1.5,15,12.5,13.3333333333333,1.5,1,2.5,1.5,中路带球突进,#NAME?
Leandro Paredes,DM/M C,31,144,155,Argentina,Club Atlético Boca Juniors,14024702,15,13,12,12,15,15,8,14,6,10,16,16,15,16,15,14,16,14,13,14,14,11,14,12,15,15,16,14,12,14,12,9,14,10,14,11,14,16,12,10,10,1,2,3,2,1,1,2,3,1,4,1,12,11,14,10,10,11,6,9,1,1,1,1,1,1,19,1,20,1,1,12,1,1,183,10,20,"£300,000,000",7200,7450,7000,MediterraneanHispanic,146,6,34514,73,5,"£44,011",14024702,13.3333333333333,12.75,11,14.3333333333333,12.6666666666667,14.3333333333333,8.5,14.3333333333333,2.5,12.75,11,14.3333333333333,2.5,2,1,1,"远射
控制节奏
停球观察
倒地铲球
喜欢接脚下球",#NAME?
Samuele Ricci,DM/M C,23,144,155,Italy,Casciavit Milano,43390774,9,11,12,9,14,10,8,12,6,10,16,8,13,15,13,15,15,15,15,15,16,13,11,13,13,16,14,14,13,14,14,11,16,13,15,12,15,5,13,4,11,3,2,1,2,3,2,4,1,1,2,2,13,14,6,13,13,15,15,12,1,1,1,1,1,1,20,10,20,10,1,10,10,1,180,10,20,"£27,278,688",7200,7200,5600,MediterraneanHispanic,143,3,37124,10,0,"£76,947",43390774,12,13.75,13,14.3333333333333,12.3333333333333,13.6666666666667,9.5,15.3333333333333,2.5,13.75,13,15.3333333333333,1.5,2,3,2,"有机会就前插
控制节奏
长距离传球
经常带球",#NAME?
Alexsandro Ribeiro,D C,25,144,154,Brazil,LOSC Lille,83282675,4,5,8,10,13,5,17,7,7,16,14,7,15,10,17,14,15,11,12,12,16,13,17,7,14,15,10,14,14,10,14,15,17,14,14,15,16,13,14,6,6,1,3,2,2,3,2,2,2,2,3,2,13,13,5,16,18,16,11,15,1,1,20,1,1,1,10,1,1,1,1,1,1,1,192,20,12,"£28,980,310",7200,7000,6250,NativeAmerican,143,9,36381,2,0,"£15,123",83282675,15,13.25,14,12.3333333333333,9.33333333333333,10.3333333333333,16,14,2,13.25,14,14,2.5,2,2,2,把球带出防守区域,#NAME?
Billy Gilmour,DM/M C,24,144,154,Scotland,Parthenope,61078265,13,12,11,6,16,13,7,11,9,10,16,12,13,16,11,15,13,16,14,13,15,8,11,13,15,15,14,14,14,14,13,7,14,14,14,8,11,3,14,6,10,2,1,4,2,2,2,4,2,2,3,3,12,15,2,11,13,16,11,15,1,1,1,1,1,1,20,10,20,11,10,12,10,1,170,12,20,"£15,516,833",7200,7150,5900,NorthernEuropean,141,4,37053,40,2,"£55,342",61078265,12.6666666666667,12.25,14,12.6666666666667,11.6666666666667,14.3333333333333,7,14.1666666666667,3,12.25,14,14.1666666666667,2.5,2,2,2.5,回撤拿球,#NAME?
Odilon Kossounou,D RC,24,144,154,Ivory Coast,Bergamo,93127195,4,11,11,6,12,4,13,6,12,14,14,6,13,13,13,14,15,14,12,13,16,12,10,10,14,15,14,14,14,13,15,16,13,16,14,16,14,10,10,11,13,3,1,4,2,1,1,3,3,3,3,2,12,14,3,10,10,12,13,13,1,8,20,16,1,12,12,1,10,1,1,1,1,1,191,10,20,"£18,865,202",7200,7000,6000,AfricanCaribbean,144,16,36895,26,0,"£30,745",93127195,13.6666666666667,14.5,15,13.3333333333333,10,12,14.5,14.1666666666667,3,14.5,15,14.1666666666667,2.5,2,2,1.5,把球带出防守区域,#NAME?
"Pepê(Futebol Clube do Porto,Brazil,Paraguay,Italy)",M/AM RLC,28,144,154,"Brazil,Paraguay,Italy",Futebol Clube do Porto,19340940,13,14,15,13,14,8,8,11,8,5,14,10,10,15,12,10,10,12,11,12,15,16,8,15,9,11,12,15,15,14,13,8,14,14,15,9,12,5,15,7,20,2,2,4,3,2,1,3,1,1,3,3,13,13,6,14,13,14,10,13,1,1,1,8,1,14,1,16,15,18,19,18,20,10,175,11,20,"£33,271,960",7100,7000,5500,MediterraneanHispanic,137,10,35485,2,0,"£34,805",19340940,8,12.75,14.5,14,13.3333333333333,14.6666666666667,8,11.5,2,12.75,14.5,11.5,3,3,2,2,"撞墙式配合
喜欢从双侧内切
喜欢连续过多人",#NAME?
Javi Galán,D/WB L,30,144,152,Spain,A. Madrid,67243881,13,15,14,11,11,11,6,7,13,12,13,10,14,13,14,15,14,14,13,13,15,12,10,14,13,15,12,15,15,15,14,7,15,14,16,11,14,6,15,3,15,1,3,2,2,1,2,2,1,3,1,3,12,13,3,15,12,18,15,11,1,20,1,1,18,1,1,12,1,1,1,1,1,1,172,20,7,"£18,303,616",7200,7200,5700,MediterraneanHispanic,138,6,34657,0,0,"£24,860",67243881,13,14,14.5,12.3333333333333,13,12.6666666666667,6.5,14.1666666666667,1.5,14,14.5,14.1666666666667,2.5,2,1,2.5,"有机会就前插
经常带球
从左路内切",#NAME?
Nicolás Domínguez,DM/M C,27,144,152,"Argentina,Italy",Nottingham Forest,14077011,5,11,11,8,15,6,13,11,5,9,16,9,17,15,17,13,16,13,13,14,16,11,12,13,14,15,16,16,12,13,11,11,15,12,17,12,15,13,14,7,12,1,1,2,3,1,3,1,3,3,3,3,16,15,7,11,15,14,10,11,1,1,1,1,1,1,20,9,19,9,1,14,1,1,179,10,20,"£34,276,000",7200,6600,6000,MediterraneanHispanic,142,6,35974,11,1,"£60,000",14077011,13.3333333333333,13.25,12,14.3333333333333,11.3333333333333,13.6666666666667,12,14.5,2,13.25,12,14.5,1.5,3,1,3,"经常尝试传身后球
激怒对手
倒地铲球
长距离传球
尽量不带球",#NAME?
Giacomo Raspadori,AM/ST RLC,25,144,151,Italy,A. Madrid,43316850,13,11,13,14,15,14,11,12,4,4,13,13,6,15,12,14,11,14,13,13,14,16,11,15,6,14,13,14,14,16,13,7,15,14,12,11,12,4,14,7,13,1,1,1,3,2,1,2,1,2,3,1,15,15,6,14,12,17,15,14,1,1,1,1,1,1,1,1,1,1,15,17,15,20,172,15,20,"£30,333,656",7200,7400,6000,MediterraneanHispanic,139,2,36574,40,9,"£51,734",43316850,5.33333333333333,13,14,14,14.3333333333333,14.3333333333333,9,13.1666666666667,1.5,13,14,13.1666666666667,1,3,1.5,1,经常带球,#NAME?
Joachim Andersen,D C,29,144,151,Denmark,Fulham,27069975,8,12,10,8,13,11,14,8,5,14,16,10,14,14,16,15,13,15,14,13,15,11,13,9,13,14,14,12,13,11,13,17,14,12,13,14,13,15,12,7,8,3,1,1,3,1,1,2,2,1,3,3,14,15,3,12,14,16,9,14,1,1,20,1,1,1,10,1,1,1,1,1,1,1,192,13,20,"£40,590,000",7200,7750,5900,NorthernEuropean,143,2,35216,43,0,"£140,000",27069975,13.6666666666667,12.75,12.5,13.6666666666667,10.6666666666667,12.3333333333333,15.5,14,2,12.75,12.5,14,1,3,2,2,"长距离传球
喜欢将球转移到边路",#NAME?
Marcos Alonso,D/WB LC,34,144,151,Spain,Vigo,67080310,14,12,13,13,13,15,15,14,12,15,15,12,14,13,12,14,11,15,12,14,13,12,9,15,14,14,15,14,12,10,14,14,14,12,13,15,14,9,13,10,16,3,1,1,1,2,1,3,3,4,3,3,13,14,10,12,13,14,13,12,1,18,20,1,16,1,1,14,1,1,1,1,1,1,188,20,8,"£2,691,607",7200,7200,6700,MediterraneanHispanic,143,5,33235,9,0,"£44,791",67080310,14.3333333333333,13,12,14,14.3333333333333,13,14.5,13,3,13,12,13,1,1,2.5,2,"有机会就前插
远射",#NAME?
Diego Llorente,D C,31,144,150,Spain,Real Hispalis,67011217,7,6,10,6,13,7,14,7,7,15,14,9,15,14,13,15,17,14,13,13,13,8,15,9,15,15,13,15,13,13,9,13,14,14,13,13,14,12,10,12,14,3,1,3,3,2,2,2,2,3,2,3,14,14,8,12,12,15,13,12,1,12,20,12,1,10,10,1,1,1,1,1,1,1,186,12,20,"£300,000,000",7200,7200,6450,MediterraneanHispanic,144,6,34197,10,0,"£49,768",67011217,15,12,13.5,11.6666666666667,9.66666666666667,12.3333333333333,13.5,14.3333333333333,2,12,13.5,14.3333333333333,2,3,2.5,2.5,"有机会就前插
长距离传球
把球带出防守区域",#NAME?
"Iván Martín(Girona,Spain,Pays Basque)",DM/M/AM C,26,144,150,"Spain,Pays Basque",Girona,67258832,12,14,15,12,14,12,10,10,8,11,14,12,12,15,12,12,13,13,13,15,16,13,11,12,13,13,15,13,13,13,11,9,13,14,13,12,13,8,12,7,15,3,3,2,1,2,3,1,1,2,2,3,10,13,6,14,12,15,12,11,1,1,1,1,1,1,20,12,19,12,12,17,12,1,178,20,12,"£17,284,136",7200,7200,5700,MediterraneanHispanic,136,5,36205,0,0,"£27,654",67258832,12,12.25,13.5,14,12.3333333333333,14.6666666666667,9.5,13.6666666666667,1,12.25,13.5,13.6666666666667,2.5,1,2.5,3,控制节奏,#NAME?
Leonardo Balerdi,D C,26,144,150,"Argentina,Italy",Olympique de Marseille,14196664,4,6,7,6,13,4,15,10,5,15,16,8,15,12,13,14,12,15,13,14,15,6,15,6,15,14,9,12,13,12,12,15,14,13,12,14,15,8,16,7,8,3,1,1,3,1,1,1,2,1,2,1,11,15,8,11,16,14,12,15,1,8,20,10,6,8,12,1,1,1,1,1,1,1,187,14,20,"£26,565,284",7200,7200,5500,MediterraneanHispanic,144,7,36186,6,0,"£66,477",14196664,15,12.5,13,10.3333333333333,9,10.6666666666667,15,13.6666666666667,1.5,12.5,13,13.6666666666667,1,3,2,1,长距离传球,#NAME?
Rolando Mandragora,DM/M C,28,144,150,Italy,ACF Fiorentina,43159580,13,12,12,11,14,13,12,13,8,12,15,11,14,14,15,14,14,13,12,13,14,14,11,14,14,15,14,14,13,13,14,12,13,13,14,14,13,10,15,7,13,1,1,2,1,3,3,2,3,1,3,3,12,14,3,13,11,14,9,12,1,1,12,1,1,1,20,1,20,1,1,10,1,1,183,20,11,"£14,603,064",7200,7050,5350,MediterraneanHispanic,144,3,35610,1,0,"£49,193",43159580,13.3333333333333,13.75,13,14.3333333333333,12.6666666666667,13.3333333333333,12,13.6666666666667,2.5,13.75,13,13.6666666666667,1.5,1,2,3,控制节奏,#NAME?
Lewis Ferguson,DM/M/AM C,25,144,149,Scotland,Bologna FC 1909,61078132,5,9,13,12,13,8,15,13,7,13,15,15,14,13,16,13,14,13,13,14,16,10,14,14,15,15,12,17,12,12,14,13,17,12,17,16,17,15,15,7,15,3,2,3,3,3,1,4,1,2,3,1,16,15,7,12,15,19,11,14,1,1,1,1,1,1,18,11,20,11,7,16,7,5,181,8,20,"£19,913,270",7200,6900,5000,NorthernEuropean,142,1,36396,16,0,"£21,272",61078132,14,14.75,12,12.3333333333333,13,13,14,14.1666666666667,2.5,14.75,12,14.1666666666667,2.5,3,3,1,"跑肋部空间接球
习惯简单短传配合
角度刁钻的射门
倒地铲球
经常带球",#NAME?
Noa Lang,AM RL,26,144,149,"Netherlands,Suriname",Parthenope,37055842,11,14,15,13,16,12,9,14,5,6,14,14,6,15,16,12,16,14,12,12,12,17,9,14,6,13,14,14,15,15,11,10,11,14,14,10,10,12,11,14,14,4,2,3,3,2,2,2,2,3,3,2,11,14,16,12,10,8,4,13,1,1,1,1,1,1,1,14,1,12,20,12,18,14,179,11,20,"£42,242,776",7200,6900,5750,NorthernEuropean,143,6,36328,14,3,"£76,947",37055842,6,12.5,14.5,15,13.6666666666667,15.3333333333333,9.5,12.8333333333333,2,12.5,14.5,12.8333333333333,2.5,3,3,2,,#NAME?
Cucho Hernández,AM/ST RLC,26,144,148,"Colombia,Spain",Real Hispalis,76043783,7,12,13,15,13,13,13,14,7,4,12,15,5,13,13,14,14,13,14,12,15,14,9,12,5,14,12,15,14,14,15,13,14,14,15,15,13,8,12,6,10,2,3,2,3,3,2,1,2,3,1,3,14,12,6,11,13,12,12,11,1,1,1,1,1,1,1,12,1,12,18,15,18,20,176,11,20,"£40,874,600",7200,6500,6450,MixedRace,140,11,36270,6,2,"£49,768",76043783,4.66666666666667,14.75,14,12.6666666666667,13.3333333333333,13,13,13.8333333333333,1.5,14.75,14,13.8333333333333,2.5,3,2.5,2.5,,#NAME?
Igoh Ogbu,D C,25,144,148,Nigeria,SK Slavia Praha,53160749,6,9,9,7,11,6,15,11,9,15,15,5,14,11,14,14,15,12,12,14,15,12,10,11,12,16,12,13,14,14,15,15,16,14,15,17,14,12,14,4,6,1,3,1,3,3,3,1,3,3,2,2,13,14,8,12,14,13,13,12,1,1,20,1,1,1,12,1,5,1,1,1,1,1,187,8,20,"£10,497,600",7200,6350,4500,AfricanCaribbean,144,14,36564,3,0,"£8,833",53160749,13.6666666666667,15.25,14,13,10,10.3333333333333,15,14.3333333333333,2,15.25,14,14.3333333333333,2,3,2,2.5,,#NAME?
Javi Rodríguez,D RC,22,144,148,Spain,Vigo,2000124157,8,11,11,8,12,8,13,8,9,13,14,8,16,12,14,14,16,13,16,13,16,8,14,11,16,14,13,15,14,14,14,12,13,14,13,13,13,9,11,3,12,3,2,2,1,1,1,1,2,2,2,1,10,10,10,10,10,10,10,10,1,1,20,19,1,14,1,1,1,1,1,1,1,1,178,8,20,"£47,151,124",7200,7200,5700,MediterraneanHispanic,144,4,37798,0,0,"£44,791",2000124157,15,13.5,14,11.6666666666667,10.6666666666667,11.6666666666667,12.5,14.8333333333333,1.5,13.5,14,14.8333333333333,2,1,2,1,,#NAME?
Sergi Cardona,D/WB/M L,26,144,148,Spain,Villarreal,67294055,10,13,13,9,14,10,9,10,9,14,15,9,14,13,11,15,13,13,12,15,14,12,10,15,13,13,14,13,14,13,12,13,14,16,14,13,13,9,13,8,14,3,1,1,4,3,3,3,2,2,3,3,13,14,9,10,11,13,11,8,1,20,1,1,19,1,1,16,1,1,12,1,1,1,185,20,8,"£45,064,020",7200,7200,5700,MediterraneanHispanic,141,4,36349,0,0,"£50,390",67294055,13.6666666666667,13,15,13.6666666666667,12.3333333333333,13.3333333333333,11,13.6666666666667,2.5,13,15,13.6666666666667,1,4,3,3,"有机会就前插
长距离传球
喜欢将球转移到边路",#NAME?
Justin Bijlow,GK ,27,144,147,Netherlands,Feyenoord Rotterdam,37050136,6,1,3,1,10,9,5,1,3,2,14,4,3,11,6,14,10,13,16,14,15,7,14,2,15,15,12,15,11,14,14,14,7,11,13,11,16,13,14,18,12,14,14,13,8,14,15,15,14,12,9,13,20,12,6,15,13,15,12,15,20,1,1,1,1,1,1,1,1,1,1,1,1,1,188,6,20,"£19,057,708",7200,7200,5700,NorthernEuropean,144,4,35817,8,0,"£12,963",37050136,6.66666666666667,13,11,11,5.33333333333333,8,9.5,14,14.5,13,11,14,13.5,8,14,14,,#NAME?
Ryan Sessegnon,D/WB/M/AM L,25,144,147,"England,Ivory Coast",Fulham,29165656,9,12,12,12,10,9,7,11,6,12,12,10,12,14,4,13,7,13,12,12,12,14,10,15,12,14,14,15,16,14,13,8,17,16,16,8,12,4,13,13,14,3,1,2,2,3,2,1,4,1,2,3,14,14,8,16,13,14,10,15,1,19,1,1,20,1,1,16,1,1,18,1,13,1,178,20,8,"£28,112,336",7200,6750,5850,AfricanCaribbean,132,17,36664,0,0,"£55,000",29165656,12,12.75,16,13.3333333333333,13.3333333333333,12,7.5,11.6666666666667,2.5,12.75,16,11.6666666666667,1.5,2,3,2.5,"沿左路带球突进
插入对方禁区
趟球变向加速过人
在盘带前先将球停至左脚",#NAME?
Christian Nørgaard,DM/M C,31,144,146,Denmark,Arsenal,27039017,9,10,12,9,14,9,13,9,9,14,14,8,14,14,14,15,14,14,15,14,15,11,15,12,16,15,15,16,12,11,13,13,14,12,16,12,15,3,15,11,16,3,1,2,3,1,3,3,3,3,3,4,14,14,4,14,14,14,16,14,1,1,10,1,1,1,20,1,18,1,1,1,1,1,187,12,20,"£15,682,444",7200,7250,6250,NorthernEuropean,144,5,34403,35,1,"£100,000",27039017,14.6666666666667,13,12,13.3333333333333,11.6666666666667,13.3333333333333,13,14.6666666666667,3,13,12,14.6666666666667,1.5,3,2,3.5,"回撤拿球
不喜欢倒地铲球",#NAME?
Joey Veerman,DM/M/AM C,26,144,146,Netherlands,PSV,37060896,17,11,12,10,14,17,11,16,7,7,17,15,7,14,14,14,15,14,12,11,16,14,14,15,13,15,17,14,12,13,14,13,15,12,15,10,13,5,13,11,13,2,2,1,2,3,3,1,3,3,1,3,5,17,14,7,15,11,12,5,1,1,1,1,1,1,17,1,20,10,1,16,1,1,185,13,20,"£32,917,852",7200,7200,5500,NorthernEuropean,143,3,36118,16,1,"£11,666",37060896,9,13,12,16,13,13.3333333333333,12,13.8333333333333,2,13,12,13.8333333333333,1.5,2,2.5,3,"角度刁钻的射门
激怒对手
与裁判争论",#NAME?
Álvaro Fidalgo,M/AM LC,28,144,145,Spain,Club América,67225486,10,13,15,12,15,8,6,12,12,7,17,10,6,15,12,15,12,12,12,14,16,16,13,14,11,14,17,13,14,15,13,6,13,14,14,7,13,5,11,6,12,3,1,2,1,1,3,2,1,2,3,2,14,15,8,12,13,15,14,10,1,1,1,1,1,1,14,1,20,1,16,20,1,1,166,10,20,"£7,375,000",7000,7200,5500,MediterraneanHispanic,138,5,35529,0,0,"£21,657",67225486,8,12.25,14,16.6666666666667,12.6666666666667,15,6,13.8333333333333,1.5,12.25,14,13.8333333333333,1.5,1,2,2.5,"插入对方禁区
经常尝试传身后球
角度刁钻的射门",#NAME?
"Álvaro García(Vallecano,Spain)",M/AM L,32,144,145,Spain,Vallecano,67184140,9,11,12,12,12,8,6,9,5,7,10,9,7,12,10,14,12,11,14,15,14,12,11,14,10,14,11,15,17,16,11,5,15,18,12,6,14,6,15,13,11,3,1,3,1,3,3,2,3,2,1,1,9,12,3,12,15,15,14,16,1,8,1,1,8,1,1,19,1,6,20,6,12,12,168,20,12,"£300,000,000",7200,7200,5750,MediterraneanHispanic,136,6,33904,0,0,"£24,860",67184140,8,11.25,17.5,11,12.3333333333333,12,5.5,13.8333333333333,2.5,11.25,17.5,13.8333333333333,2,1,3,2,"沿左路带球突进
有机会就前插
乐于反越位
趟球变向加速过人",#NAME?
Antonio Raíllo,D C,33,144,145,Spain,Mallorca,67148381,6,6,7,9,11,6,15,9,9,15,11,10,16,10,17,14,17,13,15,15,15,7,18,9,17,16,10,17,10,10,12,13,12,12,15,14,16,15,14,7,10,2,2,1,4,2,3,2,3,3,2,4,10,12,9,15,12,17,7,10,1,1,20,1,1,1,12,1,1,1,1,1,1,1,186,8,20,"£6,036,997",7100,7100,5600,MediterraneanHispanic,143,5,33519,0,0,"£37,695",67148381,16,12.75,11,9.33333333333333,10.3333333333333,9.33333333333333,14,15.3333333333333,2.5,12.75,11,15.3333333333333,1.5,4,2,3.5,"激怒对手
倒地铲球",#NAME?
Olivier Boscagli,D/DM LC,27,144,145,"France,Monaco",Brighton & Hove Albion,48031641,12,13,10,8,14,15,13,12,5,12,14,7,13,13,10,12,15,14,14,13,15,9,14,13,14,16,14,16,13,12,15,12,13,13,16,12,15,12,13,8,10,2,4,3,1,1,3,3,2,1,1,3,15,16,6,15,13,16,15,14,1,17,20,12,14,1,16,10,10,1,1,1,1,1,181,20,10,"£40,590,000",7200,6750,5750,NorthernEuropean,136,6,35752,0,0,"£30,000",48031641,13,13.75,13,12.3333333333333,11.6666666666667,12.3333333333333,12.5,14.1666666666667,2.5,13.75,13,14.1666666666667,3.5,1,1.5,3,长距离传球,#NAME?
Yoane Wissa,M/AM/ST L,28,144,145,"Democratic Republic of Congo,France",Newcastle United,85140175,10,11,13,15,14,10,13,12,8,6,13,13,8,14,13,15,14,15,14,13,14,13,10,16,8,14,12,15,16,14,12,11,14,14,14,12,15,8,15,6,14,4,1,2,1,2,1,2,4,1,1,2,14,14,14,7,13,8,15,14,1,1,1,1,1,1,1,17,1,1,18,1,12,20,176,8,20,"£49,869,000",7200,6900,6500,AfricanCaribbean,143,16,35311,32,6,"£100,000",85140175,7.33333333333333,13,15,12.6666666666667,15.3333333333333,13.6666666666667,12,14,3,13,15,14,1.5,1,3,1.5,"插入对方禁区
尝试倒勾球
在盘带前先将球停至右脚",#NAME?
Carl Starfelt,D C,30,144,144,Sweden,Vigo,93055760,7,10,12,5,12,7,15,6,8,15,14,6,13,13,12,16,17,11,15,13,12,6,16,8,16,15,13,14,12,12,12,13,13,13,13,13,14,6,11,5,6,3,1,1,2,3,1,2,2,1,2,3,17,13,4,8,13,13,14,14,1,1,20,1,1,1,1,1,1,1,1,1,1,1,185,11,20,"£33,033,354",7200,6200,5950,NorthernEuropean,142,4,34851,14,0,"£20,000",93055760,14.6666666666667,12.5,12.5,11,8,12.3333333333333,14,14.6666666666667,2,12.5,12.5,14.6666666666667,1,2,3,2,"习惯简单短传配合
把球带出防守区域",#NAME?
Dan Burn,D LC,33,144,144,England,Newcastle United,29061164,7,9,9,9,12,4,15,4,13,15,13,5,16,12,15,15,17,13,13,12,16,8,16,9,16,17,10,17,10,8,8,19,12,12,15,17,15,5,12,5,5,2,1,2,3,3,2,2,1,3,3,4,8,14,4,14,12,18,15,10,1,18,20,1,13,1,1,1,1,1,1,1,1,1,201,20,8,"£13,465,974",7200,7200,5750,NorthernEuropean,142,3,33733,2,0,"£75,000",29061164,15.6666666666667,12,11,10.3333333333333,10.3333333333333,11,17,15,1.5,12,11,15,1.5,3,2.5,3,把球带出防守区域,#NAME?
Isi Palazón,M/AM RC,30,144,144,Spain,Vallecano,67173045,14,14,15,14,16,12,7,15,6,5,15,13,9,16,10,12,12,13,12,13,13,16,16,11,9,12,14,13,15,16,16,10,13,13,14,13,11,11,14,9,8,3,2,3,1,2,1,2,1,3,2,3,15,14,5,15,9,16,10,10,1,1,1,1,1,1,1,1,6,16,12,20,19,1,169,20,7,"£34,704,752",7200,7200,5700,MediterraneanHispanic,142,5,34695,0,0,"£24,860",67173045,7.66666666666667,14.75,14,15,12.6666666666667,15.6666666666667,8.5,12.3333333333333,1.5,14.75,14,12.3333333333333,2.5,1,2.5,2,"跑肋部空间接球
远射
角度刁钻的射门
在盘带前先将球停至左脚
喜欢将球转移到边路
经常带球
从右路内切",#NAME?
Castello Lukeba,D LC,22,143,170,"France,Angola",RB Leipzig,49056273,6,7,12,6,13,6,14,7,12,15,15,7,14,13,14,16,14,16,15,13,15,11,12,9,15,14,13,14,13,12,15,13,12,15,13,14,15,7,13,9,10,3,3,2,1,1,1,1,1,3,3,4,13,15,5,14,14,15,12,11,1,15,20,1,14,1,10,1,1,1,1,1,1,1,184,20,8,"£77,778,608",7250,7000,6000,AfricanCaribbean,144,16,37607,1,0,"£99,442",49056273,14.6666666666667,13.5,14,13,10.3333333333333,12.6666666666667,13.5,14.5,1,13.5,14,14.5,2.5,1,2,2.5,把球带出防守区域,#NAME?
Pietro Comuzzo,D C,20,143,-85,Italy,ACF Fiorentina,2000096278,4,10,8,6,10,5,14,8,11,15,11,6,15,10,14,14,15,14,14,14,15,5,10,9,15,14,9,14,14,13,14,14,12,13,14,16,13,11,10,4,12,4,2,2,3,1,4,2,1,2,2,2,15,13,2,14,15,17,15,17,1,1,20,11,1,9,11,1,7,1,1,1,1,1,185,9,20,"£85,297,208",7150,7150,5150,NorthernEuropean,143,1,38403,0,0,"£30,745",2000096278,15,14.25,13.5,8.33333333333333,9.66666666666667,9.33333333333333,14,14.3333333333333,1.5,14.25,13.5,14.3333333333333,2,3,2.5,3,,#NAME?
Jamie Gittens,M/AM RL,20,143,168,"England,Barbados",Chelsea,2000015300,11,11,17,11,14,11,6,13,6,7,11,12,7,16,10,12,9,11,10,10,12,16,3,12,7,11,10,11,17,16,12,7,10,17,12,10,13,8,13,13,12,3,2,3,4,2,2,2,1,3,1,1,12,17,10,8,8,8,14,15,1,1,1,1,12,12,1,16,1,15,20,14,15,12,175,12,20,"£69,953,998",7250,6900,6500,AfricanCaribbean,135,16,38207,0,0,"£125,000",2000015300,7,12.5,17,12.3333333333333,11.3333333333333,15.6666666666667,6.5,10.6666666666667,1.5,12.5,17,10.6666666666667,2.5,4,2.5,1.5,"喜欢连续过多人
经常带球",#NAME?
Renato Veiga,D LC,22,143,168,"Portugal,Cape Verde Islands",Villarreal,83320123,8,9,12,7,13,12,13,11,16,14,13,12,15,13,16,14,14,14,13,14,13,14,10,12,13,11,12,14,12,12,14,14,14,14,13,14,13,13,10,8,16,3,3,1,3,3,1,1,2,2,3,2,14,16,14,9,11,9,8,7,1,15,20,1,12,1,15,10,13,1,1,1,1,1,190,20,12,"£108,527,072",7150,7150,5750,AfricanCaribbean,142,12,37831,5,0,"£48,142",83320123,14,13.25,13,13,11,12.6666666666667,13.5,13.1666666666667,1.5,13.25,13,13.1666666666667,2,3,3,1.5,,#NAME?
Thomas Lemar,M/AM RLC,29,143,165,"France,Guadeloupe",A. Madrid,85093001,16,15,15,12,15,15,6,13,2,7,16,14,6,16,9,12,10,13,12,12,14,16,10,14,8,14,16,15,14,15,12,6,11,14,13,10,9,5,15,15,16,2,1,1,1,3,2,1,1,3,1,3,10,14,3,14,13,15,18,16,1,10,1,1,12,1,12,14,16,12,18,20,16,1,170,20,10,"£29,555,872",7150,6850,6600,MixedRace,139,14,35015,27,4,"£51,852",85093001,7,12.5,14,16,13,15.3333333333333,6,12.3333333333333,1,12.5,14,12.3333333333333,1,1,2.5,2.5,"插入对方禁区
远射
喜欢从双侧内切
经常带球",#NAME?
Nahuel Molina,D/WB R,27,143,162,Argentina,A. Madrid,14129337,12,14,13,11,13,11,8,12,13,12,14,6,13,14,13,13,14,13,14,12,15,13,11,16,12,13,14,15,15,15,12,8,15,15,14,12,11,10,15,8,13,2,2,2,3,3,2,3,2,3,3,1,14,15,5,9,15,14,13,11,1,10,14,20,10,16,1,1,1,15,1,1,10,1,175,12,20,"£29,309,572",7150,7250,6650,NativeAmerican,140,11,35891,52,1,"£49,426",14129337,12.3333333333333,13.25,15,13.6666666666667,13.3333333333333,13.3333333333333,8,13.5,2.5,13.25,15,13.5,2,3,2.5,1.5,有机会就前插,#NAME?
Joshua Zirkzee,ST C,24,143,160,"Netherlands,Nigeria",Manchester United,37060922,4,9,17,13,15,11,12,12,3,5,16,13,6,18,8,15,9,13,13,14,13,19,9,14,6,18,16,13,12,14,13,13,15,12,15,14,12,11,14,8,8,2,2,2,2,2,4,3,1,1,2,2,15,17,12,12,11,13,12,9,1,1,1,1,1,1,1,1,1,1,9,15,9,20,193,13,20,"£49,500,000",7250,7000,6150,MixedRace,143,13,37033,6,1,"£105,000",37060922,5.66666666666667,14,12,17,13.3333333333333,16.6666666666667,12.5,13.6666666666667,2,14,12,13.6666666666667,2,2,2,3,"经常尝试传身后球
背身拿球
回撤拿球
趟球变向加速过人
喜欢接脚下球",#NAME?
Maximilian Beier,AM/ST RLC,22,143,160,Germany,Borussia Dortmund,91207281,8,9,13,14,12,8,13,12,14,7,11,13,8,13,12,14,13,12,10,11,16,13,11,14,7,13,11,16,16,16,11,13,17,17,15,10,13,6,14,4,15,2,1,2,3,1,1,1,1,2,2,2,8,17,2,12,12,18,14,15,1,1,1,1,8,8,1,12,10,12,15,16,15,20,185,10,20,"£83,347,560",7300,7150,5750,NorthernEuropean,137,1,37546,4,0,"£91,155",91207281,7.33333333333333,13,16.5,11.6666666666667,13.3333333333333,12.6666666666667,13,12.8333333333333,1,13,16.5,12.8333333333333,1.5,3,1.5,1.5,,#NAME?
Rasmus Højlund,ST ,22,143,160,Denmark,Manchester United,27160181,6,11,13,14,13,7,10,11,7,6,12,12,7,12,14,13,11,14,12,11,14,12,7,12,7,14,10,16,15,13,16,15,13,17,15,15,12,10,13,7,9,1,3,2,2,2,1,3,4,2,2,2,12,15,5,12,10,16,14,10,1,1,1,1,1,1,1,1,1,1,1,1,1,20,191,20,15,"£66,016,000",7150,7500,6000,NorthernEuropean,142,1,37656,26,8,"£80,000",27160181,6.66666666666667,14.75,16,11.3333333333333,13.3333333333333,12.6666666666667,12.5,12.5,3.5,14.75,16,12.5,2.5,2,1.5,1.5,"大力射门
经常带球",#NAME?
Tomás Araújo,D RC,23,143,160,Portugal,Sport Lisboa e Benfica,83243060,8,9,11,7,13,5,12,5,13,14,14,5,16,14,11,15,14,16,14,13,15,12,12,7,14,15,13,14,15,13,13,13,11,16,14,12,15,5,9,11,13,3,1,1,1,1,4,4,3,2,1,2,8,13,6,15,10,16,15,18,1,1,20,15,1,12,5,1,1,1,1,1,1,1,187,10,20,"£40,732,944",7000,7000,5500,MediterraneanHispanic,142,4,37392,1,0,"£27,015",83243060,14.6666666666667,13,15.5,13,10,12.6666666666667,12.5,14.3333333333333,3.5,13,15.5,14.3333333333333,1,1,2,3,,#NAME?
Gerónimo Rulli,GK ,33,143,159,"Argentina,Italy",Olympique de Marseille,14030119,3,1,3,3,7,1,5,1,1,2,13,2,2,13,8,13,15,12,13,11,11,2,11,2,13,14,10,11,11,15,9,14,17,10,12,12,14,8,14,5,2,14,14,13,10,14,15,19,17,16,14,13,14,15,5,18,10,20,13,8,20,1,1,1,1,1,1,1,1,1,1,1,1,1,189,6,20,"£300,000,000",7150,7250,6400,MediterraneanHispanic,142,4,33744,6,0,"£42,213",14030119,5.66666666666667,12,10.5,8.33333333333333,5.66666666666667,7.66666666666667,9.5,12.8333333333333,18,12,10.5,12.8333333333333,13.5,10,14,14,,#NAME?
Ross Barkley,DM/M C,31,143,159,"England,Nigeria",Aston Villa,28058224,13,11,16,12,16,14,12,15,9,6,16,12,8,16,9,14,11,12,12,12,12,15,13,12,12,13,15,14,13,11,14,12,12,13,12,15,8,6,12,13,8,1,3,1,2,3,3,3,1,3,3,3,5,14,12,15,13,14,12,13,1,1,1,1,1,1,20,1,18,1,14,15,12,1,189,14,20,"£18,712,468",7150,7000,6000,NorthernEuropean,135,2,34308,33,6,"£90,000",28058224,8.66666666666667,13,13,15.3333333333333,12,16,12,12.3333333333333,2,13,13,12.3333333333333,2,2,2,3,"中路带球突进
大力射门
利用脚下技术将球带出危险区
喜欢接脚下球",#NAME?
Mikkel Damsgaard,M/AM RLC,25,143,158,Denmark,Brentford,27128917,13,13,15,11,14,11,6,11,7,8,16,12,11,16,13,13,13,14,14,14,14,16,8,14,8,14,16,14,13,14,11,7,11,13,13,8,14,4,14,11,16,2,1,3,2,3,2,2,3,2,3,3,12,13,4,12,10,13,13,14,1,1,1,1,1,1,1,12,16,12,16,20,15,8,180,15,20,"£43,450,000",7150,7750,6500,NorthernEuropean,143,4,36710,32,4,"£70,000",27128917,9,11.5,13,16,13,15,6.5,13.6666666666667,2.5,11.5,13,13.6666666666667,2,2,2.5,2.5,"中路带球突进
经常尝试传身后球
撞墙式配合",#NAME?
Reiss Nelson,M/AM RL,25,143,158,"England,Jamaica",Arsenal,28107919,12,12,15,11,14,12,6,13,8,5,13,10,6,15,12,12,11,13,11,12,11,16,5,14,5,11,13,12,17,16,14,7,14,15,13,9,12,6,13,13,16,2,2,3,2,3,1,2,2,1,1,3,8,14,10,12,14,10,14,13,1,1,1,1,8,8,1,15,1,16,20,10,20,8,175,12,20,"£21,725,000",7150,7150,6000,MixedRace,139,13,36504,0,0,"£90,000",28107919,5.33333333333333,13,16,14,12.6666666666667,14.6666666666667,6.5,11.3333333333333,2,13,16,11.3333333333333,2.5,2,2.5,2,弧线球射门,#NAME?
"Aimar(Atlético Pamplona,Spain,Pays Basque)",M/AM LC,23,143,156,"Spain,Pays Basque",Atlético Pamplona,67276375,11,13,14,12,15,12,7,11,6,6,15,16,11,16,10,12,13,15,13,15,14,16,13,11,11,15,15,14,13,14,12,8,10,13,14,11,14,7,12,8,14,4,1,3,1,1,2,3,1,1,4,1,12,14,8,16,12,16,15,11,1,1,1,1,1,1,10,16,19,10,18,20,14,1,177,12,20,"£34,568,272",7150,7150,5650,MediterraneanHispanic,143,6,37222,0,0,"£42,496",67276375,9.33333333333333,12.75,13,15.3333333333333,12.6666666666667,15,7.5,13.6666666666667,2,12.75,13,13.6666666666667,2,1,2.5,1.5,,#NAME?
Alex Iwobi,M/AM RLC,29,143,155,"Nigeria,England",Fulham,28084930,9,14,14,13,13,9,8,13,4,8,14,11,11,14,9,13,10,14,13,15,15,15,8,14,14,15,14,15,14,13,15,12,13,13,16,12,14,8,13,7,15,2,3,3,3,4,3,1,2,4,1,1,14,13,7,12,13,15,14,15,1,1,1,1,1,10,12,14,20,13,20,18,16,8,180,8,20,"£41,277,500",7150,7150,6250,AfricanCaribbean,138,14,35188,84,10,"£95,000",28084930,11,14,13.5,14.3333333333333,13.6666666666667,13.6666666666667,10,13.5,1.5,14,13.5,13.5,3,3,3,2,"经常尝试传身后球
尝试花式动作
经常带球",#NAME?
Eddie Nketiah,AM/ST LC,26,143,155,"England,Ghana",Crystal Palace,28106687,6,12,14,14,12,5,14,9,6,7,12,14,7,14,13,13,12,14,11,11,14,15,7,14,9,15,11,13,16,16,15,9,14,15,14,11,12,8,12,8,13,1,2,3,3,2,2,3,3,2,2,2,10,14,4,13,14,14,13,14,1,1,1,1,1,1,1,14,1,12,16,16,14,20,175,12,20,"£38,500,000",7000,7000,6000,AfricanCaribbean,137,17,36310,1,0,"£90,000",28106687,7.66666666666667,14,15.5,12.6666666666667,14,13.3333333333333,11.5,12.6666666666667,3,14,15.5,12.6666666666667,2.5,3,1.5,2,"跑肋部空间接球
趟球变向加速过人",#NAME?
James Ward-Prowse,DM/M/AM C,30,143,155,England,West Ham United,29076100,20,18,10,12,13,19,7,11,6,9,13,13,13,15,15,13,13,14,13,12,17,11,18,12,12,17,13,19,10,11,12,7,19,11,20,12,17,11,13,6,15,3,3,2,3,1,2,4,1,2,1,3,11,14,4,18,12,17,14,13,1,1,1,12,1,12,17,10,20,13,10,19,13,1,173,10,20,"£35,555,196",7150,7150,6250,NorthernEuropean,135,4,34639,11,2,"£100,000",29076100,11.3333333333333,13.75,10.5,12.3333333333333,12.6666666666667,12.6666666666667,7,14.1666666666667,2.5,13.75,10.5,14.1666666666667,2.5,3,2,2.5,"激怒对手
不喜欢倒地铲球",#NAME?
"Ladislav Krejčí(Girona,Czechia)",D C,26,143,155,Czechia,Girona,25055083,7,9,12,11,12,9,15,14,8,14,14,14,14,12,15,14,16,14,15,12,16,11,16,8,12,14,10,17,13,12,15,15,12,13,16,15,14,14,14,8,14,1,4,2,1,1,1,1,4,3,2,1,11,16,9,15,12,13,9,13,1,1,20,1,1,1,14,1,12,1,1,1,1,1,191,20,9,"£34,137,032",7150,7150,5650,NorthernEuropean,144,1,36270,20,3,"£20,740",25055083,13.3333333333333,14.5,13,11.6666666666667,11,12,15,14.5,2.5,14.5,13,14.5,3,1,1,1,"远射
控制节奏
倒地铲球",#NAME?
Matteo Darmian,D/WB/M RLC,35,143,155,Italy,Blu-neri Milano,7990060,5,12,10,10,13,5,13,8,12,14,13,4,14,12,13,14,16,16,17,12,18,5,10,13,14,18,11,17,11,12,14,12,18,12,13,13,17,9,14,5,17,1,1,1,3,4,1,2,1,1,2,2,10,18,8,14,18,20,18,18,1,15,16,20,15,20,1,15,1,16,1,1,1,1,182,11,20,"£2,048,365",7150,6850,6250,NorthernEuropean,133,4,32844,46,2,"£53,348",7990060,14,13,11.5,9.66666666666667,13,11.6666666666667,12.5,15.8333333333333,1.5,13,11.5,15.8333333333333,1,3,2.5,1.5,倒地铲球,#NAME?
Oumar Solet,D C,25,143,155,"France,Central African Republic",Udinese Calcio,49037684,4,6,13,6,13,6,13,10,4,15,13,6,14,13,15,15,15,14,12,11,11,12,12,11,16,13,12,14,13,13,15,16,14,13,13,16,15,9,11,11,13,2,1,3,3,2,3,2,3,2,1,3,16,10,13,10,13,10,8,11,1,1,20,1,1,1,14,1,10,1,1,1,1,1,192,10,20,"£19,110,202",7150,6550,5400,AfricanCaribbean,141,17,36563,0,0,"£21,605",49037684,15,14.25,13,12.3333333333333,10.3333333333333,13,14.5,12.8333333333333,2.5,14.25,13,12.8333333333333,2,3,2,3,"经常带球
把球带出防守区域",#NAME?
Ricardo Horta,AM RLC,30,143,155,Portugal,Sporting Clube de Braga,55069796,12,12,13,14,14,14,7,14,6,5,13,14,9,15,8,11,8,12,11,13,13,15,14,17,8,14,13,11,15,16,13,7,14,14,13,6,14,6,14,7,12,2,3,2,1,4,2,3,3,3,1,1,10,14,11,18,15,15,11,14,1,1,1,1,1,1,1,14,12,12,18,20,18,15,173,12,20,"£25,926,204",7000,7250,6000,MediterraneanHispanic,136,5,34592,12,4,"£19,888",55069796,7.33333333333333,12,14.5,13.6666666666667,14.3333333333333,14,7,11.6666666666667,3,12,14.5,11.6666666666667,2.5,1,3,1.5,"弧线球射门
撞墙式配合
从左路内切",#NAME?
Yangel Herrera,DM/M C,27,143,155,"Venezuela,Spain",Real San Sebastián,86047272,8,10,11,10,13,9,12,14,8,11,14,11,13,14,16,14,14,12,14,15,14,9,13,13,12,15,13,15,14,14,13,12,13,13,16,13,14,13,12,13,13,3,2,2,3,2,1,1,4,3,2,1,13,15,12,10,12,11,10,8,1,1,12,1,1,1,20,1,18,1,1,1,1,1,184,12,20,"£39,636,888",7150,7150,6300,MediterraneanHispanic,143,12,35802,43,3,"£48,142",86047272,12,14,13.5,12,11.6666666666667,12.6666666666667,12,14.3333333333333,2.5,14,13.5,14.3333333333333,2,3,2.5,1,"插入对方禁区
与裁判争论
把球带出防守区域",#NAME?
Carlos Soler,M/AM RC,28,143,154,Spain,Real San Sebastián,67196204,14,13,13,13,14,14,12,15,5,11,14,16,11,15,13,13,12,13,13,13,15,14,13,13,13,14,14,14,13,13,14,11,13,13,14,12,13,11,14,8,15,1,3,1,1,3,3,1,4,3,2,2,12,14,5,15,14,16,13,12,1,1,1,13,1,13,14,13,20,18,13,17,17,1,180,10,20,"£44,802,604",7300,7400,6150,MediterraneanHispanic,140,1,35432,9,3,"£54,885",67196204,11.6666666666667,13.25,13,14,13,14,11.5,13.3333333333333,2.5,13.25,13,13.3333333333333,2,1,2,2.5,经常带球,#NAME?
Donyell Malen,AM/ST RL,26,143,154,"Netherlands,Suriname",Aston Villa,37055844,12,11,15,15,13,11,12,13,6,6,12,13,6,14,11,14,9,13,10,11,11,14,7,13,6,11,12,10,16,16,13,8,12,16,12,12,12,5,11,12,12,1,3,3,2,2,3,3,3,2,2,3,12,13,7,9,10,12,12,14,1,1,1,1,1,1,1,12,1,12,18,13,18,20,176,10,20,"£25,675,000",7150,7000,6250,AfricanCaribbean,133,12,36179,43,11,"£130,000",37055844,6,13.25,16,12.6666666666667,13.6666666666667,14,10,11,3,13.25,16,11,3,2,1.5,3,大力射门,#NAME?
Florian Thauvin,AM/ST RC,32,143,154,"France,Spain",RC Lens,85046587,14,15,16,15,16,14,11,14,4,5,16,14,6,17,10,13,12,14,13,12,13,16,8,14,6,13,15,12,14,14,13,11,8,12,12,8,12,7,10,6,14,3,3,1,1,2,3,1,3,1,1,1,9,13,8,14,11,15,14,12,1,1,1,1,1,1,1,10,9,15,12,20,20,18,181,20,10,"£300,000,000",7150,7150,6400,MediterraneanHispanic,137,6,33995,10,1,"£36,574",85046587,5.66666666666667,11.75,13,15.6666666666667,14.3333333333333,16.3333333333333,11,12.6666666666667,2,11.75,13,12.6666666666667,2,1,2.5,2,"大力射门
尝试花式动作
经常带球
从右路内切",#NAME?
Santiago Giménez,ST ,24,143,154,"Mexico,Argentina,Italy",Casciavit Milano,51067947,8,9,13,16,11,8,15,14,9,7,13,15,8,13,11,16,13,14,15,14,14,13,12,14,7,14,13,14,12,13,16,12,13,13,15,14,13,11,15,8,8,2,1,3,3,3,3,1,1,2,1,3,14,16,8,14,12,14,13,12,1,1,1,1,1,1,1,1,1,1,1,1,1,20,182,20,12,"£21,688,248",7150,7000,5450,MediterraneanHispanic,143,2,36999,42,5,"£76,947",51067947,7.33333333333333,14.5,12.5,13,14.6666666666667,12.3333333333333,13.5,14.3333333333333,1,14.5,12.5,14.3333333333333,2,3,2.5,3,跑肋部空间接球,#NAME?
Alexandr Golovin,M/AM LC,29,143,152,Russia,AS Monaco,58104594,14,13,15,12,15,13,7,16,3,10,15,13,11,15,13,13,12,12,13,13,15,15,11,13,11,14,16,13,14,14,14,10,14,12,13,10,12,8,15,11,15,3,2,2,3,1,3,1,3,3,3,2,10,15,4,17,17,17,14,12,1,1,1,1,1,1,12,18,15,12,15,20,14,1,178,12,20,"£26,950,290",7150,7250,5950,NorthernEuropean,143,3,35215,48,6,"£95,561",58104594,10.6666666666667,12.75,13,15.3333333333333,12.3333333333333,15,8.5,13.3333333333333,2,12.75,13,13.3333333333333,2,3,2,2.5,"中路带球突进
远射
控制节奏
喜欢接脚下球
经常带球",#NAME?
Đorđe Petrović,GK ,25,143,152,Serbia,AFC Bournemouth,62216198,7,1,2,2,11,9,3,1,3,3,11,3,2,10,5,14,13,14,13,13,11,2,12,2,15,13,12,12,11,13,13,16,12,15,13,14,12,5,14,6,15,15,12,13,9,13,13,13,17,10,13,11,14,11,4,10,10,14,10,10,20,1,1,1,1,1,1,1,1,1,1,1,1,1,194,7,20,"£32,587,500",7150,7250,5500,MediterraneanHispanic,140,6,36441,7,0,"£70,000",62216198,6.66666666666667,13.25,13,8.33333333333333,6,7.66666666666667,9.5,12.8333333333333,15,13.25,13,12.8333333333333,12.5,9,14,12,,#NAME?
Logan Costa,D C,24,143,152,"Cape Verde Islands,France",Villarreal,49039003,7,10,9,6,12,5,16,8,8,16,12,6,14,11,14,13,14,12,13,12,14,6,8,10,16,14,11,13,12,14,13,15,14,13,14,16,13,7,10,6,10,1,2,1,3,2,4,1,1,3,3,3,12,12,6,11,10,12,12,14,1,1,20,1,1,1,1,1,1,1,1,1,1,1,190,9,20,"£23,981,262",7150,6600,5650,AfricanCaribbean,141,15,36982,26,0,"£48,142",49039003,15.3333333333333,14.25,12.5,9.66666666666667,9.33333333333333,10.6666666666667,15.5,13.3333333333333,1,14.25,12.5,13.3333333333333,1.5,3,1.5,3.5,倒地铲球,#NAME?
Reinildo,D/WB LC,31,143,152,Mozambique,Sunderland,13160655,8,12,12,8,12,8,13,8,9,15,12,5,15,12,16,14,17,13,16,13,17,8,6,13,14,17,11,17,14,14,11,11,14,14,16,12,16,10,13,10,16,3,3,4,3,2,2,2,2,1,1,1,17,14,6,12,14,17,12,11,1,20,18,1,16,1,1,10,1,1,1,1,1,1,180,20,8,"£300,000,000",7150,7000,6500,AfricanCaribbean,141,14,34355,51,4,"£65,000",13160655,14.6666666666667,13.25,14,10.3333333333333,11.3333333333333,12,12,15.6666666666667,2,13.25,14,15.6666666666667,3.5,3,2.5,1.5,,#NAME?
Artem Dovbyk,ST ,28,143,150,Ukraine,Associazione Sportiva Roma,71099066,5,8,11,16,13,10,16,11,5,6,11,15,8,12,12,14,13,12,14,13,15,12,10,13,8,15,12,15,14,12,16,16,18,15,15,16,14,8,13,5,9,2,2,1,2,3,2,3,1,2,2,3,9,13,3,13,16,18,12,12,1,1,1,1,1,1,1,1,1,1,10,12,10,20,189,20,10,"£29,874,764",7150,7250,6750,NorthernEuropean,142,4,35602,37,11,"£92,403",71099066,7.33333333333333,14.75,14.5,11.6666666666667,13.6666666666667,12,16,14,2,14.75,14.5,14,1.5,2,2.5,2.5,"背身拿球
第一时间射门",#NAME?
Borja Mayoral,ST ,28,143,150,Spain,Getafe,67211912,6,10,13,16,16,8,15,12,4,6,14,17,7,16,16,15,11,17,14,15,16,13,9,16,7,13,12,13,12,14,14,11,7,12,8,11,14,11,12,16,8,1,3,3,3,2,2,1,2,1,2,1,10,16,7,12,13,15,12,15,1,1,1,1,1,1,1,1,1,1,1,13,1,20,182,14,20,"£17,284,136",7150,7150,5650,MediterraneanHispanic,143,6,35525,0,0,"£79,388",67211912,6.66666666666667,11.75,12,13,16.3333333333333,15,13,14,1.5,11.75,12,14,3,3,1.5,1.5,"跑肋部空间接球
喜欢盘过门将后射门
第一时间射门
喜欢接脚下球",#NAME?
Evann Guessand,ST R,24,143,150,"Ivory Coast,France",Aston Villa,49041006,7,10,13,15,14,6,14,13,4,5,14,12,7,14,12,13,14,12,13,13,15,14,7,14,10,14,13,15,15,14,14,14,15,14,15,15,13,8,13,7,14,3,1,3,2,1,2,2,1,1,4,2,13,14,8,14,12,14,12,10,1,1,1,1,1,1,1,1,1,1,8,1,15,20,185,10,20,"£40,480,000",7150,6650,5500,AfricanCaribbean,143,17,37073,10,1,"£102,719",49041006,7.33333333333333,14.5,14.5,13.6666666666667,13.6666666666667,13.6666666666667,14,13.6666666666667,1.5,14.5,14.5,13.6666666666667,2,2,2,2,"插入对方禁区
乐于反越位
喜欢从双侧内切",#NAME?
Igor,D LC,27,143,150,Brazil,Brighton & Hove Albion,16199713,6,11,11,6,13,6,14,9,12,14,14,7,15,13,15,14,15,14,12,13,14,11,8,9,14,14,12,14,14,12,13,14,15,14,15,16,13,12,10,8,12,1,1,3,2,2,2,4,1,1,2,3,12,14,6,10,10,14,12,12,1,17,20,1,15,1,1,12,1,1,1,1,1,1,185,20,10,"£39,105,000",7150,6700,6000,AfricanCaribbean,142,13,35833,0,0,"£52,000",16199713,14.3333333333333,14,14,12.3333333333333,9.66666666666667,12.3333333333333,14,13.6666666666667,2.5,14,14,13.6666666666667,2,2,1.5,2.5,把球带出防守区域,#NAME?
Mats Wieffer,D/DM/M RC,25,143,150,Netherlands,Brighton & Hove Albion,37071145,11,7,11,6,13,11,13,12,7,12,13,10,15,13,14,14,15,14,14,14,15,10,16,12,12,16,14,16,13,12,15,15,14,13,15,11,13,7,12,5,15,3,3,2,3,1,2,2,3,1,2,3,14,16,6,14,15,16,14,18,1,1,17,17,1,1,20,1,19,1,1,10,1,1,188,12,20,"£37,525,000",7150,7000,5500,NorthernEuropean,140,1,36480,14,1,"£55,000",37071145,13,13.25,13,12.3333333333333,10.6666666666667,12.3333333333333,14,14.6666666666667,2.5,13.25,13,14.6666666666667,2.5,3,2,2.5,,#NAME?
Maximiliano Araújo,D/WB/M L,25,143,150,Uruguay,Sporting Clube de Portugal,78093159,12,14,15,12,14,7,5,14,11,12,14,9,14,13,18,12,14,13,16,12,17,12,12,14,11,12,14,16,15,15,13,8,14,14,13,12,13,17,14,9,14,2,3,3,2,3,4,3,4,3,1,2,15,13,6,10,12,13,13,9,1,16,1,1,20,1,1,18,1,1,14,1,1,1,179,20,9,"£27,311,528",6900,6450,5600,MediterraneanHispanic,140,6,36571,24,3,"£25,494",78093159,12.3333333333333,13.25,14.5,13.3333333333333,13,14,6.5,13.8333333333333,3.5,13.25,14.5,13.8333333333333,3,2,2.5,3,"拉边
经常带球",#NAME?
Niclas Füllkrug,ST ,32,143,150,Germany,West Ham United,92018043,4,8,12,14,13,12,15,12,6,7,13,19,8,13,15,15,16,15,14,13,16,12,15,14,7,16,13,16,12,11,16,16,12,12,14,16,13,10,16,16,11,3,2,3,3,3,3,2,3,1,1,2,12,16,9,12,16,15,10,8,1,1,1,1,1,1,1,10,1,10,14,12,12,20,189,12,20,"£300,000,000",7150,7500,6750,NorthernEuropean,143,4,34009,24,14,"£125,000",92018043,7.33333333333333,14.25,12,12.6666666666667,14.3333333333333,12.6666666666667,15.5,15,2.5,14.25,12,15,2.5,3,3,2.5,,#NAME?
"Alexis Vega(Deportivo Toluca,Mexico)",AM/ST RLC,27,143,148,Mexico,Deportivo Toluca,51054788,12,12,15,14,13,13,13,15,7,5,12,11,7,15,13,14,13,13,12,13,11,13,14,14,13,12,11,12,14,14,14,13,10,13,12,14,13,11,12,15,12,3,1,1,2,3,2,1,1,2,3,2,12,11,6,14,10,14,9,16,1,1,1,1,1,1,1,14,1,12,20,15,18,17,174,11,20,"£9,364,650",7150,7150,5650,MediterraneanHispanic,136,10,35759,45,7,"£22,435",51054788,8.33333333333333,13.5,13.5,12,13.6666666666667,14.3333333333333,13,12.5,1,13.5,13.5,12.5,1,2,3,2,"喜欢连续过多人
从左路内切",#NAME?
Igor Paixão,M/AM/ST RL,25,143,148,Brazil,Olympique de Marseille,19383256,11,12,14,13,13,10,8,11,8,6,12,13,6,13,11,12,13,13,12,12,13,15,8,14,6,12,9,13,16,14,12,6,15,16,14,7,10,4,3,3,7,2,1,4,3,1,2,2,2,2,2,4,11,12,1,12,13,13,9,12,1,1,1,1,1,1,1,16,1,14,20,13,18,17,168,12,20,"£26,950,290",7150,6250,5250,AfricanCaribbean,132,14,36705,0,0,"£40,376",19383256,6,11.75,16,12,13.3333333333333,13.3333333333333,7,12.3333333333333,2,11.75,16,12.3333333333333,2.5,3,1.5,3,从左路内切,#NAME?
Julian Ryerson,D/WB RL,27,143,148,"Norway,United States",Borussia Dortmund,53113114,14,12,12,8,11,13,12,10,13,13,12,10,14,11,16,12,16,12,15,12,16,11,13,12,13,17,11,18,13,12,15,12,14,13,16,13,14,12,13,10,18,2,1,3,2,3,3,3,1,1,3,3,15,14,8,14,16,17,12,10,1,17,12,20,15,18,12,10,10,12,1,1,1,1,183,10,20,"£19,783,962",7150,6900,5650,NorthernEuropean,138,3,35751,34,1,"£82,868",53113114,13.3333333333333,14,13,11.3333333333333,10.6666666666667,11.3333333333333,12,14.6666666666667,2,14,13,14.6666666666667,2,2,2.5,3,"与裁判争论
利用脚下技术将球带出危险区",#NAME?
Matty Cash,D/WB R,27,143,148,"Poland,England",Aston Villa,29147447,10,12,13,12,14,10,12,12,17,9,13,8,13,13,16,15,14,12,11,12,15,11,9,15,12,16,11,16,14,14,13,10,15,14,15,12,13,14,10,13,13,2,4,1,1,2,3,2,1,3,1,3,13,13,2,13,12,13,12,13,1,1,1,20,1,17,1,1,12,15,1,1,14,1,185,14,20,"£36,932,500",7150,7150,5900,NorthernEuropean,138,5,35649,19,2,"£80,000",29147447,11.3333333333333,13.5,14,11.6666666666667,13,13.3333333333333,11,13.8333333333333,1.5,13.5,14,13.8333333333333,2.5,1,2,3,有机会就前插,#NAME?
Maximilian Arnold,DM/M C,31,143,148,Germany,VfL Wolfsburg,91100466,16,14,11,10,15,17,8,16,6,12,15,13,12,14,17,13,13,15,13,13,16,10,16,10,13,16,14,17,12,11,14,11,17,12,17,12,14,18,16,5,16,3,2,3,2,1,2,1,2,1,2,3,2,12,12,19,13,16,4,6,1,8,1,1,8,1,20,14,20,14,12,14,12,1,184,20,10,"£9,159,255",7100,6750,5750,NorthernEuropean,141,2,34481,3,0,"£74,581",91100466,12.3333333333333,13.5,12,13,11.6666666666667,13.3333333333333,9.5,14,1.5,13.5,12,14,2.5,2,2,2.5,"远射
激怒对手
与裁判争论
长距离传球
喜欢将球转移到边路",#NAME?
Igor Zubeldia,D C,28,143,147,"Spain,Pays Basque",Real San Sebastián,67215898,9,11,12,12,12,12,13,12,8,14,14,12,14,14,15,15,13,12,13,14,12,9,11,11,14,16,12,15,12,13,13,11,13,12,15,15,15,14,11,7,14,2,3,2,1,2,4,4,3,1,3,1,12,11,8,15,12,13,12,14,1,1,20,1,1,1,15,1,12,1,1,1,1,1,180,12,20,"£43,210,340",7150,7150,5650,MediterraneanHispanic,142,5,35519,0,0,"£48,142",67215898,14,14,12,11.6666666666667,11.6666666666667,12.6666666666667,12,13.8333333333333,3.5,14,12,13.8333333333333,2.5,1,2,2.5,,#NAME?
Luca Ranieri,D LC,26,143,146,Italy,ACF Fiorentina,43270506,6,12,11,7,11,7,15,7,7,14,12,7,15,12,15,15,15,13,14,14,14,10,14,14,14,16,11,15,14,13,13,14,14,14,14,14,13,13,12,9,13,2,1,2,3,1,3,2,1,1,2,1,11,13,10,13,12,16,9,9,1,15,20,1,14,1,1,1,1,1,1,1,1,1,187,20,8,"£17,517,686",7150,7100,5300,MediterraneanHispanic,144,2,36273,0,0,"£36,894",43270506,14.3333333333333,13.5,14,11,11.3333333333333,11.3333333333333,14.5,14.6666666666667,1.5,13.5,14,14.6666666666667,1.5,3,1.5,2,,#NAME?
"Rui Silva(Sporting Clube de Portugal,Portugal)",GK ,31,143,146,Portugal,Sporting Clube de Portugal,55067163,3,1,1,1,9,8,8,3,3,2,8,3,3,10,9,10,14,11,15,12,12,2,12,2,14,13,8,14,11,13,14,15,11,12,14,16,10,5,16,12,12,15,14,15,11,15,11,15,15,18,13,14,13,10,12,13,10,15,14,16,20,1,1,1,1,1,1,1,1,1,1,1,1,1,191,20,9,"£300,000,000",6900,6950,5000,MediterraneanHispanic,142,5,34372,1,0,"£25,494",55067163,6.33333333333333,14.25,11.5,6,4.66666666666667,6.66666666666667,11.5,12.6666666666667,15,14.25,11.5,12.6666666666667,14.5,11,15,12.5,,#NAME?
Vanja Milinković-Savić,GK ,28,143,146,Serbia,Torino,62142830,3,1,3,3,11,4,9,2,1,3,10,3,3,8,11,12,13,10,14,13,16,8,14,7,11,10,9,10,13,13,12,17,11,12,13,12,12,8,12,7,12,15,14,14,14,15,16,13,16,12,11,13,10,13,11,11,12,13,13,13,20,1,1,1,1,1,1,1,1,1,1,1,1,1,202,9,20,"£11,678,459",7150,6850,5400,NorthernEuropean,142,1,35481,18,0,"£52,351",62142830,5.66666666666667,12.5,12.5,9,6.66666666666667,7.33333333333333,13,13,14.5,12.5,12.5,13,14,14,15,14.5,与裁判争论,#NAME?
Frederik Rønnow,GK ,33,143,145,Denmark,1. FC Union Berlin,27014576,3,3,2,3,9,6,6,3,3,1,11,4,2,9,13,13,16,13,14,12,13,6,14,1,15,12,11,14,8,16,13,16,15,9,11,13,17,8,15,10,12,12,16,12,6,13,12,16,18,14,8,13,11,14,3,13,16,15,12,12,20,1,1,1,1,1,1,1,1,1,1,1,1,1,188,6,20,"£300,000,000",7000,6500,5400,NorthernEuropean,142,3,33820,10,0,"£41,434",27014576,6,13.25,8.5,9.33333333333333,5.66666666666667,6.66666666666667,11,13.3333333333333,17,13.25,8.5,13.3333333333333,14,6,12.5,12.5,,#NAME?
Pape Guèye,DM/M C,26,143,145,"Senegal,France",Villarreal,48043484,11,8,11,7,13,10,10,14,3,14,14,9,16,13,12,15,12,9,11,12,13,13,12,14,15,16,12,17,15,12,14,10,14,15,15,15,12,11,10,12,9,1,2,3,3,2,2,3,1,4,4,4,13,15,13,7,8,7,11,10,1,1,10,1,1,1,20,1,18,1,1,1,1,1,183,20,10,"£44,612,944",7150,6650,5650,AfricanCaribbean,143,17,36184,28,2,"£48,142",48043484,15,14,15,13,10,12.3333333333333,10,13.1666666666667,2,14,15,13.1666666666667,2.5,3,1.5,3,倒地铲球,#NAME?
Rasmus Kristensen,D/WB RC,28,143,145,Denmark,Eintracht Frankfurt,27100968,6,13,12,9,11,6,13,12,16,13,11,12,15,11,16,15,17,11,13,13,17,10,14,13,13,16,11,18,13,11,15,16,16,14,15,15,15,15,15,6,16,4,1,3,3,3,1,3,2,3,2,2,13,15,6,12,12,16,10,8,1,12,15,20,12,19,10,8,8,12,1,1,10,1,187,10,20,"£18,544,366",7100,7000,5750,NorthernEuropean,141,2,35622,28,2,"£41,434",27100968,13.6666666666667,14,13.5,10.6666666666667,11,11.3333333333333,14.5,15.1666666666667,2.5,14,13.5,15.1666666666667,2,3,3.5,1.5,"与裁判争论
倒地铲球
鼓动观众情绪",#NAME?
Tyrone Mings,D LC,32,143,145,"England,Barbados",Aston Villa,29074544,9,10,13,6,12,5,16,9,12,14,15,2,15,13,15,13,16,14,13,12,16,12,18,13,14,15,12,14,15,14,13,15,16,14,14,15,13,14,13,12,10,2,2,3,4,1,1,4,3,3,1,2,11,15,6,13,14,17,12,14,1,15,20,1,1,1,1,1,1,1,1,1,1,1,196,20,6,"£300,000,000",7150,7150,6000,MixedRace,146,13,34041,18,2,"£105,000",29074544,14.3333333333333,14,14.5,13,11,12.6666666666667,15.5,14.1666666666667,3.5,14,14.5,14.1666666666667,2.5,4,1.5,1.5,沿左路带球突进,#NAME?
"Oscar(SK Slavia Praha,Liberia)",M C,27,143,144,Liberia,SK Slavia Praha,13162051,7,11,14,8,14,12,7,7,8,8,16,12,10,13,12,16,11,15,16,16,12,15,7,11,17,16,14,15,15,15,11,7,8,15,15,9,14,8,12,12,16,1,2,3,1,3,4,2,1,3,3,1,8,12,9,9,6,12,12,13,1,13,1,12,14,1,14,12,20,9,7,9,7,7,174,20,11,"£10,157,400",7200,6500,4750,AfricanCaribbean,143,12,35995,46,3,"£3,180",13162051,11.6666666666667,12.5,15,15,11.3333333333333,13.6666666666667,7,14.5,1.5,12.5,15,14.5,2.5,1,2,2.5,"经常尝试传身后球
乐意把球传给位置更好的队友
而不是选择射门
经常带球",#NAME?
Hwang In-Beom,DM/M/AM C,28,143,143,South Korea,Feyenoord Rotterdam,66034886,12,11,14,9,15,12,8,12,5,9,16,11,8,16,13,14,11,14,14,16,15,13,13,14,12,18,14,16,13,14,12,8,12,11,15,8,15,6,16,9,10,1,1,4,2,4,2,3,1,2,1,3,14,13,3,13,13,16,17,12,1,1,1,1,1,1,16,1,20,1,1,16,1,1,177,12,20,"£35,051,416",7250,6350,5000,EastAsian,142,7,35328,60,6,"£17,284",66034886,9.66666666666667,12.25,12,14.3333333333333,12.3333333333333,15,8,14.6666666666667,2,12.25,12,14.6666666666667,2.5,2,2.5,2.5,"控制节奏
喜欢接脚下球",#NAME?
Lukáš Provod,AM LC,28,143,143,Czechia,SK Slavia Praha,25052345,11,13,13,12,13,11,12,15,13,12,14,14,11,12,13,12,14,11,14,14,13,13,11,12,12,10,13,15,14,12,14,14,10,15,15,16,13,12,14,13,17,1,3,1,2,1,2,2,2,2,3,3,13,13,10,12,11,13,10,9,1,10,1,5,12,6,8,14,14,8,20,16,14,6,191,20,10,"£10,246,500",7150,7150,4500,NorthernEuropean,143,1,35361,32,3,"£8,126",25052345,11.6666666666667,14.25,14.5,13.3333333333333,11.6666666666667,12.6666666666667,13,12.8333333333333,2,14.25,14.5,12.8333333333333,2,2,1,2.5,"大力射门
经常带球",#NAME?
Ola Aina,D/WB RL,28,143,143,"Nigeria,England",Nottingham Forest,28090452,5,12,12,7,11,4,11,6,12,9,11,5,12,12,11,9,9,12,12,13,12,14,7,11,9,13,10,15,18,13,12,11,16,17,14,10,12,11,12,7,16,1,1,1,2,2,2,3,3,1,3,3,12,14,7,10,11,15,14,15,1,19,10,19,19,20,8,15,1,15,1,1,1,1,184,15,20,"£29,546,000",7150,6650,5750,AfricanCaribbean,127,17,35346,46,0,"£80,000",28090452,10,12.25,17.5,11.6666666666667,10,11.6666666666667,11,11.3333333333333,3,12.25,17.5,11.3333333333333,1,2,1.5,2.5,"沿右路带球突进
趟球变向加速过人
经常带球",#NAME?
Endrick,ST R,19,142,-10,Brazil,R. Madrid,2000220941,7,10,14,15,14,11,11,13,4,6,13,11,6,15,16,13,15,14,12,12,13,17,8,14,6,11,13,13,16,14,14,7,18,15,14,15,10,14,13,8,10,2,3,2,3,4,1,3,2,2,4,3,14,16,10,12,11,15,7,9,1,1,1,1,1,1,1,1,1,1,12,11,15,20,173,20,14,"£96,229,420",7100,6850,6100,AfricanCaribbean,142,17,38919,14,3,"£67,408",2000220941,6,14.25,15.5,14.3333333333333,14.3333333333333,14.3333333333333,9,12.6666666666667,2.5,14.25,15.5,12.6666666666667,2.5,3,3,2,"喜欢盘过门将后射门
尝试倒勾球
尝试花式动作
经常带球",#NAME?
Leny Yoro,D C,19,142,-95,France,Manchester United,2000182819,5,5,12,6,14,5,15,9,5,13,13,10,13,13,12,14,13,14,13,13,16,11,10,8,14,13,12,13,16,14,13,15,12,15,14,13,12,7,17,5,8,1,1,3,3,4,2,2,3,1,3,2,13,14,6,14,15,16,12,12,1,1,20,1,1,1,10,1,1,1,1,1,1,1,190,12,20,"£66,181,668",7050,6900,5750,AfricanCaribbean,142,13,38669,0,0,"£113,000",2000182819,13.3333333333333,13.5,15.5,12,9.33333333333333,13,15,13.6666666666667,2.5,13.5,15.5,13.6666666666667,2,3,2.5,2,把球带出防守区域,#NAME?
Mario Götze,M/AM RLC,33,142,171,Germany,Eintracht Frankfurt,35017438,13,11,13,10,18,13,8,11,6,9,16,12,11,17,13,13,12,16,12,13,12,14,13,11,11,13,16,13,12,13,12,7,12,11,16,10,12,8,16,14,15,4,3,1,4,1,1,2,2,2,1,2,7,11,13,12,11,15,10,10,1,1,1,1,1,1,14,12,18,12,15,20,15,12,176,9,20,"£4,632,379",7000,6750,6000,NorthernEuropean,136,5,33758,64,16,"£58,008",35017438,10.3333333333333,12.75,11.5,15.3333333333333,12.3333333333333,16,7.5,12.5,2,12.75,11.5,12.5,2,4,2.5,1.5,"角度刁钻的射门
与裁判争论
撞墙式配合
喜欢接脚下球",#NAME?
Malo Gusto,D/WB R,22,142,-85,"France,Portugal,Martinique",Chelsea,49056280,6,15,10,6,12,6,10,9,10,12,12,6,13,13,13,12,14,12,9,14,14,12,8,14,11,17,11,17,17,14,12,10,15,16,15,12,11,12,9,8,15,1,1,3,3,1,1,3,1,3,1,3,13,12,8,10,12,11,10,16,1,12,1,20,1,20,10,1,10,10,1,5,1,1,179,10,20,"£75,734,000",7100,6900,5500,MixedRace,134,10,37760,3,0,"£90,000",49056280,12,13.25,16.5,11.6666666666667,10.6666666666667,11.6666666666667,10,13.3333333333333,2,13.25,16.5,13.3333333333333,2,3,1,2,,#NAME?
Marco Reus,M/AM RLC,36,142,170,Germany,LA Galaxy,91013383,14,13,14,13,16,16,8,15,7,8,15,13,10,16,14,16,12,16,13,13,16,15,13,16,10,15,15,14,12,14,14,8,14,11,11,9,12,8,14,15,16,2,1,1,3,3,2,2,2,3,2,1,9,16,12,20,15,18,10,10,1,1,1,1,1,1,12,14,18,10,18,20,15,14,180,13,20,"£300,000,000",7100,7000,7000,NorthernEuropean,144,2,32659,48,15,"£16,181",91013383,9.33333333333333,12,11.5,15,15,15.3333333333333,8,14.1666666666667,2,12,11.5,14.1666666666667,1,3,2.5,1.5,"跑肋部空间接球
喜欢盘过门将后射门
撞墙式配合",#NAME?
Zeno Debast,D C,21,142,168,Belgium,Sporting Clube de Portugal,18115016,13,12,10,7,14,12,14,12,8,14,16,9,12,14,8,12,11,14,12,12,14,13,13,10,13,13,16,12,14,14,11,17,10,15,13,12,11,8,12,5,13,3,1,2,3,3,3,1,3,4,3,2,10,14,10,14,8,14,10,12,1,1,20,1,1,1,14,1,10,1,1,1,1,1,191,13,20,"£69,136,544",6900,6900,5500,NorthernEuropean,141,2,37918,20,0,"£25,494",18115016,13,12.5,14.5,15,10.3333333333333,12.6666666666667,15.5,12.3333333333333,2,12.5,14.5,12.3333333333333,1.5,3,3,2.5,长距离传球,#NAME?
Álvaro Morata,ST ,32,142,166,Spain,Casciavit Milano,67117360,5,11,13,15,15,9,14,14,7,6,14,15,9,16,14,15,12,14,13,16,15,13,14,14,9,17,13,16,10,11,12,14,13,14,13,15,13,11,14,9,11,1,2,3,3,3,2,3,4,2,2,1,17,14,7,10,8,17,10,11,1,1,1,1,1,1,1,1,1,1,12,14,8,20,189,12,20,"£4,792,654",7100,7650,6500,MediterraneanHispanic,144,2,33900,86,37,"£138,439",67117360,8,12.75,12,13.3333333333333,14.3333333333333,14.6666666666667,14,14.6666666666667,3.5,12.75,12,14.6666666666667,2.5,3,2,1.5,"角度刁钻的射门
与裁判争论
撞墙式配合",#NAME?
Ben Chilwell,D/WB L,28,142,165,"England,New Zealand",RC Strasbourg Alsace,29128536,13,14,13,7,15,11,13,7,11,13,13,11,13,13,12,14,13,14,13,14,14,11,12,11,14,14,12,15,14,11,15,11,14,13,14,13,13,5,10,15,10,3,2,3,2,1,3,2,1,1,3,3,12,17,7,13,12,15,12,15,1,20,14,1,20,1,1,14,1,1,10,1,1,1,180,20,12,"£17,585,744",7100,7000,6400,NorthernEuropean,140,2,35420,21,1,"£31,420",29128536,13.3333333333333,13.25,13.5,12,10.6666666666667,13.6666666666667,12,13.6666666666667,1.5,13.25,13.5,13.6666666666667,2.5,2,2,3,"中路带球突进
趟球变向加速过人
尽早传中",#NAME?
Beraldo,D C,21,142,165,"Brazil,Italy",Paris Saint-Germain,2000094252,5,9,11,9,13,7,14,5,7,14,14,7,15,12,15,15,15,14,13,13,13,10,12,11,15,13,14,14,13,13,14,13,13,13,14,15,13,10,14,7,11,1,3,2,1,3,2,3,2,3,1,2,11,14,10,12,13,13,12,12,1,14,20,1,10,1,14,1,12,1,1,1,1,1,186,20,10,"£54,263,543",7100,6450,5750,MediterraneanHispanic,142,6,37949,4,0,"£54,345",2000094252,14.6666666666667,14,13,12.6666666666667,11.3333333333333,12,13.5,13.6666666666667,2.5,14,13,13.6666666666667,2.5,1,2,2,长距离传球,#NAME?
César Azpilicueta,D/WB RLC,35,142,165,"Spain,Pays Basque",Sevilla,67033300,8,13,11,6,11,7,11,9,11,14,13,8,14,12,14,15,14,15,16,14,18,8,17,11,14,17,11,16,13,11,12,11,15,11,12,12,15,9,15,9,17,1,3,3,3,1,3,2,1,1,1,1,12,14,3,18,17,19,16,17,1,16,19,20,15,17,1,1,1,12,1,1,10,1,178,12,20,"£2,411,712",7100,7100,6450,MediterraneanHispanic,132,2,32748,44,1,"£43,062",67033300,14,11.75,12,10.6666666666667,10.6666666666667,11.3333333333333,11,15.6666666666667,1.5,11.75,12,15.6666666666667,3,3,1,2,把球带出防守区域,#NAME?
Pablo Fornals,M/AM C,29,142,165,Spain,Real Hispalis,67214613,13,12,13,11,14,13,8,13,7,12,15,9,13,16,15,14,14,13,12,12,15,15,13,13,13,15,14,17,12,14,12,9,14,12,15,12,11,7,10,9,12,1,3,1,1,3,3,1,2,4,2,2,14,14,4,15,15,17,16,16,1,1,1,1,1,1,12,13,18,11,14,20,13,1,178,12,20,"£28,778,086",7100,7100,6350,MediterraneanHispanic,141,6,35117,6,1,"£43,210",67214613,12.6666666666667,13.25,12,14.6666666666667,12.3333333333333,14.3333333333333,8.5,13.6666666666667,1.5,13.25,12,13.6666666666667,2,1,2,2.5,,#NAME?
