id,display_name,display_name_zh,is_legend,pool,primary_role,secondary_role,secondary_role_source,source_main_position,source_alternative_positions,reference_overall,suggested_overall,suggested_grade,nationality,club,league,height_cm,age,preferred_foot,weak_foot,skill_moves,pace,shooting,passing,dribbling,defending,physical,source_id,source_rank,source_url,review_status
legend-courtois,库尔图瓦,库尔图瓦,true,GK,GK,,existing legend profile,GK,,89,90,S,比利时,皇家马德里,传奇,200,,left,,,47,,58,31,,,courtois,,https://www.ea.com/games/ea-sports-fc/ratings/player-ratings/thibaut-courtois/192119,EAFC26现役数据适配传奇强度
s4-fc26-212831,Alisson,,false,GK,GK,,none,GK,,89,89,A,Brazil,Liverpool,Premier League,193,33,right,3,1,86,85,86,89,56,90,212831,22,https://www.ea.com/games/ea-sports-fc/ratings/player-ratings/alisson/212831,待中文名与能力审阅
s4-fc26-230621,Gianluigi Donnarumma,,false,GK,GK,,none,GK,,89,89,A,Italy,Manchester City,Premier League,196,27,right,3,1,90,83,70,90,52,87,230621,18,https://www.ea.com/games/ea-sports-fc/ratings/player-ratings/gianluigi-donnarumma/230621,待中文名与能力审阅
s4-fc26-200389,Jan Oblak,,false,GK,GK,,none,GK,,88,89,A,Slovenia,Atlético de Madrid,LALIGA EA SPORTS,188,33,right,3,1,85,90,78,87,46,86,200389,43,https://www.ea.com/games/ea-sports-fc/ratings/player-ratings/jan-oblak/200389,待中文名与能力审阅
s4-fc26-215698,Mike Maignan,,false,GK,GK,,none,GK,,87,88,A,France,Milano FC,Serie A Enilive,191,30,right,4,1,84,83,85,88,64,84,215698,70,https://www.ea.com/games/ea-sports-fc/ratings/player-ratings/mike-maignan/215698,待中文名与能力审阅
s4-fc26-177683,Yann Sommer,,false,GK,GK,,none,GK,,87,88,A,Switzerland,Lombardia FC,Serie A Enilive,183,37,right,4,1,83,82,85,89,50,87,177683,58,https://www.ea.com/games/ea-sports-fc/ratings/player-ratings/yann-sommer/177683,待中文名与能力审阅
s4-fc26-220901,David Raya,,false,GK,GK,,none,GK,,87,87,A,Spain,Arsenal,Premier League,183,30,right,3,1,86,84,87,87,62,85,220901,74,https://www.ea.com/games/ea-sports-fc/ratings/player-ratings/david-raya/220901,待中文名与能力审阅
s4-fc26-235073,Gregor Kobel,,false,GK,GK,,none,GK,,86,87,A,Switzerland,Borussia Dortmund,Bundesliga,195,28,right,3,1,87,83,64,87,44,86,235073,103,https://www.ea.com/games/ea-sports-fc/ratings/player-ratings/gregor-kobel/235073,待中文名与能力审阅
s4-fc26-192448,Marc-André ter Stegen,,false,GK,GK,,none,GK,,86,87,A,Germany,FC Barcelona,LALIGA EA SPORTS,187,33,right,4,1,84,84,89,85,47,84,192448,101,https://www.ea.com/games/ea-sports-fc/ratings/player-ratings/marc-andre-ter-stegen/192448,待中文名与能力审阅
s4-fc26-210257,Ederson,,false,GK,GK,,none,GK,,85,86,A,Brazil,Fenerbahçe,Trendyol Süper Lig,188,32,left,3,1,83,82,91,83,64,83,210257,104,https://www.ea.com/games/ea-sports-fc/ratings/player-ratings/ederson/210257,待中文名与能力审阅
s4-fc26-202811,Emiliano Martínez,,false,GK,GK,,none,GK,,85,86,A,Argentina,Aston Villa,Premier League,195,33,right,4,1,83,82,82,85,56,85,202811,113,https://www.ea.com/games/ea-sports-fc/ratings/player-ratings/emiliano-martinez/202811,待中文名与能力审阅
s4-fc26-193080,De Gea,,false,GK,GK,,none,GK,,85,85,B,Spain,Fiorentina,Serie A Enilive,192,35,right,2,1,85,78,71,87,46,84,193080,133,https://www.ea.com/games/ea-sports-fc/ratings/player-ratings/de-gea/193080,待中文名与能力审阅
s4-fc26-185122,Péter Gulácsi,,false,GK,GK,,none,GK,,85,85,B,Hungary,RB Leipzig,Bundesliga,193,35,right,2,1,83,83,74,84,43,87,185122,129,https://www.ea.com/games/ea-sports-fc/ratings/player-ratings/peter-gulacsi/185122,待中文名与能力审阅
s4-fc26-230869,Unai Simón,,false,GK,GK,,none,GK,,85,85,B,Spain,Athletic Club,LALIGA EA SPORTS,190,28,right,3,1,84,80,76,85,49,84,230869,125,https://www.ea.com/games/ea-sports-fc/ratings/player-ratings/unai-simon/230869,待中文名与能力审阅
s4-fc26-204935,Jordan Pickford,,false,GK,GK,,none,GK,,84,85,B,England,Everton,Premier League,185,32,left,4,1,84,78,88,87,53,81,204935,173,https://www.ea.com/games/ea-sports-fc/ratings/player-ratings/jordan-pickford/204935,待中文名与能力审阅
s4-fc26-262621,Giorgi Mamardashvili,,false,GK,GK,,none,GK,,84,84,B,Georgia,Liverpool,Premier League,199,25,left,3,1,84,81,72,84,48,84,262621,198,https://www.ea.com/games/ea-sports-fc/ratings/player-ratings/giorgi-mamardashvili/262621,待中文名与能力审阅
s4-fc26-167495,Manuel Neuer,,false,GK,GK,,none,GK,,84,84,B,Germany,FC Bayern München,Bundesliga,193,40,right,4,1,81,81,90,81,31,86,167495,203,https://www.ea.com/games/ea-sports-fc/ratings/player-ratings/manuel-neuer/167495,待中文名与能力审阅
s4-fc26-186153,Wojciech Szczęsny,,false,GK,GK,,none,GK,,84,84,B,Poland,FC Barcelona,LALIGA EA SPORTS,196,35,right,3,1,82,83,75,84,48,84,186153,194,https://www.ea.com/games/ea-sports-fc/ratings/player-ratings/wojciech-szczesny/186153,待中文名与能力审阅
s4-fc26-234577,Diogo Costa,,false,GK,GK,,none,GK,,84,83,B,Portugal,FC Porto,Liga Portugal,187,26,right,2,1,83,78,82,86,35,83,234577,211,https://www.ea.com/games/ea-sports-fc/ratings/player-ratings/diogo-costa/234577,待中文名与能力审阅
s4-fc26-252154,Marco Carnesecchi,,false,GK,GK,,none,GK,,84,83,B,Italy,Bergamo Calcio,Serie A Enilive,191,25,right,3,1,86,83,71,86,30,85,252154,215,https://www.ea.com/games/ea-sports-fc/ratings/player-ratings/marco-carnesecchi/252154,待中文名与能力审阅
s4-fc26-259532,Joan García,,false,GK,GK,,none,GK,,83,83,B,Spain,FC Barcelona,LALIGA EA SPORTS,191,24,right,3,1,81,82,77,86,46,83,259532,254,https://www.ea.com/games/ea-sports-fc/ratings/player-ratings/joan-garcia/259532,待中文名与能力审阅
s4-fc26-227127,Álex Remiro,,false,GK,GK,,none,GK,,83,82,B,Spain,Real Sociedad,LALIGA EA SPORTS,191,31,right,4,1,83,78,80,84,45,84,227127,256,https://www.ea.com/games/ea-sports-fc/ratings/player-ratings/alex-remiro/227127,待中文名与能力审阅
s4-fc26-251752,Lucas Chevalier,,false,GK,GK,,none,GK,,83,82,B,France,Paris SG,Ligue 1 McDonald's,189,24,right,3,1,84,79,73,86,50,80,251752,262,https://www.ea.com/games/ea-sports-fc/ratings/player-ratings/lucas-chevalier/251752,待中文名与能力审阅
s4-fc26-199641,Matz Sels,,false,GK,GK,,none,GK,,83,82,B,Belgium,Nott'm Forest,Premier League,188,34,right,2,1,82,80,79,83,36,83,199641,278,https://www.ea.com/games/ea-sports-fc/ratings/player-ratings/matz-sels/199641,待中文名与能力审阅
s4-fc26-193698,Oliver Baumann,,false,GK,GK,,none,GK,,83,82,B,Germany,TSG Hoffenheim,Bundesliga,187,35,right,2,1,83,81,78,83,39,80,193698,275,https://www.ea.com/games/ea-sports-fc/ratings/player-ratings/oliver-baumann/193698,待中文名与能力审阅
s4-fc26-215316,Gerónimo Rulli,,false,GK,GK,,none,GK,,82,81,B,Argentina,OM,Ligue 1 McDonald's,189,33,right,3,1,82,77,80,83,54,81,215316,346,https://www.ea.com/games/ea-sports-fc/ratings/player-ratings/geronimo-rulli/215316,待中文名与能力审阅
s4-fc26-240091,Guglielmo Vicario,,false,GK,GK,,none,GK,,82,81,B,Italy,Spurs,Premier League,194,29,right,4,1,83,78,78,84,52,80,240091,349,https://www.ea.com/games/ea-sports-fc/ratings/player-ratings/guglielmo-vicario/240091,待中文名与能力审阅
s4-fc26-230872,Mile Svilar,,false,GK,GK,,none,GK,,82,81,B,Serbia,AS Roma,Serie A Enilive,189,26,right,3,1,80,80,77,85,58,82,230872,334,https://www.ea.com/games/ea-sports-fc/ratings/player-ratings/mile-svilar/230872,待中文名与能力审阅
s4-fc26-225116,Alex Meret,,false,GK,GK,,none,GK,,82,80,B,Italy,SSC Napoli,Serie A Enilive,192,29,left,3,1,81,79,74,85,44,84,225116,365,https://www.ea.com/games/ea-sports-fc/ratings/player-ratings/alex-meret/225116,待中文名与能力审阅
s4-fc26-224987,Ivan Provedel,,false,GK,GK,,none,GK,,82,80,B,Italy,Latium,Serie A Enilive,192,32,right,2,1,83,79,80,84,42,83,224987,353,https://www.ea.com/games/ea-sports-fc/ratings/player-ratings/ivan-provedel/224987,待中文名与能力审阅
s4-fc26-192984,Koen Casteels,,false,GK,GK,,none,GK,,82,80,B,Belgium,Al Qadsiah,ROSHN Saudi League,197,33,left,2,1,82,79,74,85,45,83,192984,361,https://www.ea.com/games/ea-sports-fc/ratings/player-ratings/koen-casteels/192984,待中文名与能力审阅
s4-fc26-209981,Yassine Bounou,,false,GK,GK,,none,GK,,82,79,C,Morocco,Al Hilal,ROSHN Saudi League,195,34,left,2,1,81,82,76,85,38,82,209981,371,https://www.ea.com/games/ea-sports-fc/ratings/player-ratings/yassine-bounou/209981,待中文名与能力审阅
s4-fc26-223885,Alexander Nübel,,false,GK,GK,,none,GK,,81,79,C,Germany,VfB Stuttgart,Bundesliga,193,29,right,4,1,81,76,84,82,48,78,223885,487,https://www.ea.com/games/ea-sports-fc/ratings/player-ratings/alexander-nubel/223885,待中文名与能力审阅
s4-fc26-233306,Dean Henderson,,false,GK,GK,,none,GK,,81,79,C,England,Crystal Palace,Premier League,188,29,right,3,1,82,78,77,82,55,80,233306,479,https://www.ea.com/games/ea-sports-fc/ratings/player-ratings/dean-henderson/233306,待中文名与能力审阅
s4-fc26-235840,Michele Di Gregorio,,false,GK,GK,,none,GK,,81,79,C,Italy,Juventus,Serie A Enilive,187,28,right,3,1,82,78,79,85,56,83,235840,461,https://www.ea.com/games/ea-sports-fc/ratings/player-ratings/michele-di-gregorio/235840,待中文名与能力审阅
s4-fc26-243952,Andriy Lunin,,false,GK,GK,,none,GK,,81,78,C,Ukraine,Real Madrid,LALIGA EA SPORTS,191,27,right,3,1,80,78,79,82,37,80,243952,521,https://www.ea.com/games/ea-sports-fc/ratings/player-ratings/andriy-lunin/243952,待中文名与能力审阅
s4-fc26-223952,David Soria,,false,GK,GK,,none,GK,,81,78,C,Spain,Getafe CF,LALIGA EA SPORTS,192,32,right,3,1,81,79,74,82,41,80,223952,516,https://www.ea.com/games/ea-sports-fc/ratings/player-ratings/david-soria/223952,待中文名与能力审阅
s4-fc26-188943,Kevin Trapp,,false,GK,GK,,none,GK,,81,78,C,Germany,Paris FC,Ligue 1 McDonald's,189,35,right,4,1,82,80,74,84,46,76,188943,504,https://www.ea.com/games/ea-sports-fc/ratings/player-ratings/kevin-trapp/188943,待中文名与能力审阅
s4-fc26-203841,Nick Pope,,false,GK,GK,,none,GK,,81,78,C,England,Newcastle Utd,Premier League,199,33,right,3,1,81,81,68,82,49,78,203841,513,https://www.ea.com/games/ea-sports-fc/ratings/player-ratings/nick-pope/203841,待中文名与能力审阅
s4-fc26-230670,Lucas Perri,,false,GK,GK,,none,GK,,81,77,C,Brazil,Leeds United,Premier League,197,28,right,2,1,80,79,79,82,35,80,230670,525,https://www.ea.com/games/ea-sports-fc/ratings/player-ratings/lucas-perri/230670,待中文名与能力审阅
s4-fc26-190941,Lukáš Hrádecký,,false,GK,GK,,none,GK,,81,77,C,Finland,AS Monaco,Ligue 1 McDonald's,192,36,right,3,1,83,79,64,83,40,81,190941,539,https://www.ea.com/games/ea-sports-fc/ratings/player-ratings/lukas-hradecky/190941,待中文名与能力审阅
s4-fc26-210385,Rui Silva,,false,GK,GK,,none,GK,,81,77,C,Portugal,Sporting CP,Liga Portugal,191,32,left,3,1,82,78,77,84,31,81,210385,531,https://www.ea.com/games/ea-sports-fc/ratings/player-ratings/rui-silva/210385,待中文名与能力审阅
s4-fc26-210676,Wladimiro Falcone,,false,GK,GK,,none,GK,,81,77,C,Italy,Lecce,Serie A Enilive,196,30,right,2,1,83,81,75,84,27,76,210676,545,https://www.ea.com/games/ea-sports-fc/ratings/player-ratings/wladimiro-falcone/210676,待中文名与能力审阅
s4-fc26-226753,André Onana,,false,GK,GK,,none,GK,,80,76,C,Cameroon,Man Utd,Premier League,190,30,right,3,1,81,75,85,83,61,77,226753,583,https://www.ea.com/games/ea-sports-fc/ratings/player-ratings/andre-onana/226753,待中文名与能力审阅
s4-fc26-192563,Bernd Leno,,false,GK,GK,,none,GK,,80,76,C,Germany,Fulham,Premier League,189,34,right,3,1,80,79,76,81,53,80,192563,609,https://www.ea.com/games/ea-sports-fc/ratings/player-ratings/bernd-leno/192563,待中文名与能力审阅
s4-fc26-204883,Brice Samba,,false,GK,GK,,none,GK,,80,76,C,France,Stade Rennais FC,Ligue 1 McDonald's,187,31,left,3,1,78,80,80,80,53,80,204883,605,https://www.ea.com/games/ea-sports-fc/ratings/player-ratings/brice-samba/204883,待中文名与能力审阅
s4-fc26-241671,Dominik Livaković,,false,GK,GK,,none,GK,,80,76,C,Croatia,Girona FC,LALIGA EA SPORTS,188,31,right,2,1,80,76,71,83,56,80,241671,617,https://www.ea.com/games/ea-sports-fc/ratings/player-ratings/dominik-livakovic/241671,待中文名与能力审阅
s4-fc26-250753,Anatoliy Trubin,,false,GK,GK,,none,GK,,80,75,C,Ukraine,SL Benfica,Liga Portugal,199,24,right,2,1,77,76,77,84,45,83,250753,630,https://www.ea.com/games/ea-sports-fc/ratings/player-ratings/anatoliy-trubin/250753,待中文名与能力审阅
s4-fc26-201269,Frederik Rønnow,,false,GK,GK,,none,GK,,80,75,C,Denmark,Union Berlin,Bundesliga,188,33,right,2,1,80,80,69,82,47,78,201269,645,https://www.ea.com/games/ea-sports-fc/ratings/player-ratings/frederik-r-nnow/201269,待中文名与能力审阅
s4-fc26-226300,Uğurcan Çakır,,false,GK,GK,,none,GK,,80,75,C,Turkey,Galatasaray,Trendyol Süper Lig,191,29,right,3,1,81,76,74,79,54,80,226300,621,https://www.ea.com/games/ea-sports-fc/ratings/player-ratings/ugurcan-cak-r/226300,待中文名与能力审阅
legend-beckenbauer,贝肯鲍尔,贝肯鲍尔,true,DEF,CB,DM,existing legend profile,CB,DM,95,95,S,德国,拜仁慕尼黑,传奇,181,,right,,,75,,78,49,,,beckenbauer,,,强制保留现有传奇
s4-fc26-203376,Virgil van Dijk,,false,DEF,CB,DM,game fallback,CB,,90,89,A,Holland,Liverpool,Premier League,193,34,right,3,2,73,60,72,72,90,87,203376,8,https://www.ea.com/games/ea-sports-fc/ratings/player-ratings/virgil-van-dijk/203376,待中文名与能力审阅
s4-fc26-235212,Achraf Hakimi,,false,DEF,RB,RM,FC26 alternative position,RB,RM,89,89,A,Morocco,Paris SG,Ligue 1 McDonald's,181,27,right,4,4,92,79,82,83,82,79,235212,12,https://www.ea.com/games/ea-sports-fc/ratings/player-ratings/achraf-hakimi/235212,待中文名与能力审阅
s4-fc26-232580,Gabriel,,false,DEF,CB,DM,game fallback,CB,,88,89,A,Brazil,Arsenal,Premier League,190,28,left,2,2,64,44,64,65,88,84,232580,38,https://www.ea.com/games/ea-sports-fc/ratings/player-ratings/gabriel/232580,待中文名与能力审阅
s4-fc26-237383,Alessandro Bastoni,,false,DEF,CB,DM,game fallback,CB,,87,89,A,Italy,Lombardia FC,Serie A Enilive,190,26,left,2,2,74,46,75,76,88,82,237383,47,https://www.ea.com/games/ea-sports-fc/ratings/player-ratings/alessandro-bastoni/237383,待中文名与能力审阅
s4-fc26-213331,Jonathan Tah,,false,DEF,CB,DM,game fallback,CB,,87,89,A,Germany,FC Bayern München,Bundesliga,195,30,right,3,2,63,38,60,63,87,86,213331,67,https://www.ea.com/games/ea-sports-fc/ratings/player-ratings/jonathan-tah/213331,待中文名与能力审阅
s4-fc26-241486,Jules Koundé,,false,DEF,RB,CB,FC26 alternative position,RB,CB|RM,87,89,A,France,FC Barcelona,LALIGA EA SPORTS,180,27,right,3,3,84,47,74,79,86,84,241486,62,https://www.ea.com/games/ea-sports-fc/ratings/player-ratings/jules-kounde/241486,待中文名与能力审阅
s4-fc26-207865,Marquinhos,,false,DEF,CB,DM,game fallback,CB,,87,89,A,Brazil,Paris SG,Ligue 1 McDonald's,183,31,right,3,3,78,56,75,74,89,80,207865,57,https://www.ea.com/games/ea-sports-fc/ratings/player-ratings/marquinhos/207865,待中文名与能力审阅
s4-fc26-243715,William Saliba,,false,DEF,CB,DM,game fallback,CB,,87,89,A,France,Arsenal,Premier League,193,25,right,3,2,77,39,68,72,87,83,243715,64,https://www.ea.com/games/ea-sports-fc/ratings/player-ratings/william-saliba/243715,待中文名与能力审阅
s4-fc26-205452,Antonio Rüdiger,,false,DEF,CB,DM,game fallback,CB,,86,88,A,Germany,Real Madrid,LALIGA EA SPORTS,190,33,right,3,2,79,55,72,70,84,86,205452,81,https://www.ea.com/games/ea-sports-fc/ratings/player-ratings/antonio-rudiger/205452,待中文名与能力审阅
s4-fc26-237678,Ibrahima Konaté,,false,DEF,CB,DM,game fallback,CB,,86,88,A,France,Liverpool,Premier League,194,26,right,3,3,77,34,63,69,86,85,237678,92,https://www.ea.com/games/ea-sports-fc/ratings/player-ratings/ibrahima-konate/237678,待中文名与能力审阅
s4-fc26-252145,Nuno Mendes,,false,DEF,LB,LM,FC26 alternative position,LB,LM,86,88,A,Portugal,Paris SG,Ligue 1 McDonald's,180,23,left,4,3,95,65,76,82,80,77,252145,79,https://www.ea.com/games/ea-sports-fc/ratings/player-ratings/nuno-mendes/252145,待中文名与能力审阅
s4-fc26-239818,Rúben Dias,,false,DEF,CB,DM,game fallback,CB,,86,88,A,Portugal,Manchester City,Premier League,187,28,right,4,2,59,39,69,69,86,84,239818,86,https://www.ea.com/games/ea-sports-fc/ratings/player-ratings/ruben-dias/239818,待中文名与能力审阅
s4-fc26-231281,Trent Alexander-Arnold,,false,DEF,RB,RM,FC26 alternative position,RB,RM,86,88,A,England,Real Madrid,LALIGA EA SPORTS,180,27,right,4,3,76,72,89,80,80,74,231281,85,https://www.ea.com/games/ea-sports-fc/ratings/player-ratings/trent-alexander-arnold/231281,待中文名与能力审阅
s4-fc26-256196,Willian Pacho,,false,DEF,CB,DM,game fallback,CB,,86,88,A,Ecuador,Paris SG,Ligue 1 McDonald's,188,24,left,3,2,80,34,62,62,86,86,256196,90,https://www.ea.com/games/ea-sports-fc/ratings/player-ratings/willian-pacho/256196,待中文名与能力审阅
s4-fc26-226268,Federico Dimarco,,false,DEF,LB,LM,FC26 alternative position,LB,LM,85,88,A,Italy,Lombardia FC,Serie A Enilive,175,28,left,4,3,80,78,84,82,79,77,226268,107,https://www.ea.com/games/ea-sports-fc/ratings/player-ratings/federico-dimarco/226268,待中文名与能力审阅
s4-fc26-239580,Bremer,,false,DEF,CB,DM,game fallback,CB,,85,87,A,Brazil,Juventus,Serie A Enilive,187,29,right,2,2,82,50,58,66,86,80,239580,157,https://www.ea.com/games/ea-sports-fc/ratings/player-ratings/bremer/239580,待中文名与能力审阅
s4-fc26-204963,Carvajal,,false,DEF,RB,RM,FC26 alternative position,RB,RM,85,87,A,Spain,Real Madrid,LALIGA EA SPORTS,173,34,right,3,3,80,58,79,81,81,79,204963,124,https://www.ea.com/games/ea-sports-fc/ratings/player-ratings/carvajal/204963,待中文名与能力审阅
s4-fc26-229558,Dayot Upamecano,,false,DEF,CB,DM,game fallback,CB,,85,87,A,France,FC Bayern München,Bundesliga,186,27,right,3,3,77,45,64,73,84,84,229558,154,https://www.ea.com/games/ea-sports-fc/ratings/player-ratings/dayot-upamecano/229558,待中文名与能力审阅
s4-fc26-204525,Iñigo Martínez,,false,DEF,CB,DM,game fallback,CB,,85,87,A,Spain,Al Nassr,ROSHN Saudi League,182,34,left,3,2,71,57,72,68,85,80,204525,150,https://www.ea.com/games/ea-sports-fc/ratings/player-ratings/inigo-martinez/204525,待中文名与能力审阅
s4-fc26-247819,Nico Schlotterbeck,,false,DEF,CB,DM,game fallback,CB,,85,87,A,Germany,Borussia Dortmund,Bundesliga,191,26,left,2,2,74,60,75,73,85,82,247819,134,https://www.ea.com/games/ea-sports-fc/ratings/player-ratings/nico-schlotterbeck/247819,待中文名与能力审阅
s4-fc26-210514,João Cancelo,,false,DEF,RB,LB,FC26 alternative position,RB,LB|RM,84,87,A,Portugal,Al Hilal,ROSHN Saudi League,182,31,right,4,4,83,73,84,84,78,74,210514,165,https://www.ea.com/games/ea-sports-fc/ratings/player-ratings/joao-cancelo/210514,待中文名与能力审阅
s4-fc26-226161,Marcos Llorente,,false,DEF,RB,AM,FC26 alternative position,RB,CM|RM,84,87,A,Spain,Atlético de Madrid,LALIGA EA SPORTS,184,31,right,4,3,89,79,78,81,78,82,226161,162,https://www.ea.com/games/ea-sports-fc/ratings/player-ratings/marcos-llorente/226161,待中文名与能力审阅
s4-fc26-232656,Theo Hernández,,false,DEF,LB,LM,FC26 alternative position,LB,LM,84,87,A,France,Al Hilal,ROSHN Saudi League,184,28,left,3,4,90,76,78,83,79,83,232656,161,https://www.ea.com/games/ea-sports-fc/ratings/player-ratings/theo-hernandez/232656,待中文名与能力审阅
s4-fc26-234396,Alphonso Davies,,false,DEF,LB,LM,FC26 alternative position,LB,LM,84,86,A,Canada,FC Bayern München,Bundesliga,185,25,left,3,4,94,66,78,85,74,76,234396,170,https://www.ea.com/games/ea-sports-fc/ratings/player-ratings/alphonso-davies/234396,待中文名与能力审阅
s4-fc26-226851,Benjamin Pavard,,false,DEF,CB,DM,game fallback,CB,,84,86,A,France,OM,Ligue 1 McDonald's,186,30,right,3,3,75,67,76,75,86,79,226851,191,https://www.ea.com/games/ea-sports-fc/ratings/player-ratings/benjamin-pavard/226851,待中文名与能力审阅
s4-fc26-233096,Denzel Dumfries,,false,DEF,RB,RM,FC26 alternative position,RB,RM,84,86,A,Holland,Lombardia FC,Serie A Enilive,188,29,right,3,2,84,70,75,79,79,84,233096,174,https://www.ea.com/games/ea-sports-fc/ratings/player-ratings/denzel-dumfries/233096,待中文名与能力审阅
s4-fc26-240130,Éder Militão,,false,DEF,CB,DM,game fallback,CB,,84,86,A,Brazil,Real Madrid,LALIGA EA SPORTS,186,28,right,3,2,82,50,69,71,85,82,240130,218,https://www.ea.com/games/ea-sports-fc/ratings/player-ratings/eder-militao/240130,待中文名与能力审阅
s4-fc26-251517,Joško Gvardiol,,false,DEF,LB,CB,FC26 alternative position,LB,CB|LM,84,86,A,Croatia,Manchester City,Premier League,185,24,left,5,3,78,71,75,78,84,82,251517,177,https://www.ea.com/games/ea-sports-fc/ratings/player-ratings/josko-gvardiol/251517,待中文名与能力审阅
s4-fc26-239231,Marc Cucurella,,false,DEF,LB,LM,game fallback,LB,,84,86,A,Spain,Chelsea,Premier League,174,27,left,3,3,75,64,79,80,82,79,239231,185,https://www.ea.com/games/ea-sports-fc/ratings/player-ratings/marc-cucurella/239231,待中文名与能力审阅
s4-fc26-248550,Vivian,,false,DEF,CB,DM,game fallback,CB,,84,86,A,Spain,Athletic Club,LALIGA EA SPORTS,183,26,right,2,2,79,50,63,72,84,83,248550,223,https://www.ea.com/games/ea-sports-fc/ratings/player-ratings/vivian/248550,待中文名与能力审阅
s4-fc26-199845,Francesco Acerbi,,false,DEF,CB,DM,game fallback,CB,,84,85,B,Italy,Lombardia FC,Serie A Enilive,192,38,left,3,3,57,50,65,65,87,81,199845,231,https://www.ea.com/games/ea-sports-fc/ratings/player-ratings/francesco-acerbi/199845,待中文名与能力审阅
s4-fc26-198176,Stefan de Vrij,,false,DEF,CB,DM,game fallback,CB,,84,85,B,Holland,Lombardia FC,Serie A Enilive,189,34,right,3,2,62,41,68,69,86,74,198176,232,https://www.ea.com/games/ea-sports-fc/ratings/player-ratings/stefan-de-vrij/198176,待中文名与能力审阅
s4-fc26-204638,Willi Orban,,false,DEF,CB,DM,game fallback,CB,,84,85,B,Hungary,RB Leipzig,Bundesliga,186,33,right,3,2,57,40,56,56,86,83,204638,233,https://www.ea.com/games/ea-sports-fc/ratings/player-ratings/willi-orban/204638,待中文名与能力审阅
s4-fc26-263578,Balde,,false,DEF,LB,LM,FC26 alternative position,LB,LM,83,85,B,Spain,FC Barcelona,LALIGA EA SPORTS,175,22,left,4,3,91,50,75,79,78,67,263578,281,https://www.ea.com/games/ea-sports-fc/ratings/player-ratings/balde/263578,待中文名与能力审阅
s4-fc26-247103,Dávid Hancko,,false,DEF,CB,LB,FC26 alternative position,CB,LB|LM,83,85,B,Slovakia,Atlético de Madrid,LALIGA EA SPORTS,188,28,left,3,2,77,66,73,74,82,82,247103,258,https://www.ea.com/games/ea-sports-fc/ratings/player-ratings/david-hancko/247103,待中文名与能力审阅
s4-fc26-217870,Giovanni Di Lorenzo,,false,DEF,RB,CB,FC26 alternative position,RB,CB|RM,83,85,B,Italy,SSC Napoli,Serie A Enilive,183,32,right,4,3,84,72,73,77,79,80,217870,241,https://www.ea.com/games/ea-sports-fc/ratings/player-ratings/giovanni-di-lorenzo/217870,待中文名与能力审阅
s4-fc26-253149,Jeremie Frimpong,,false,DEF,RB,RM,FC26 alternative position,RB,RM|RW,83,85,B,Holland,Liverpool,Premier League,172,25,right,3,3,94,62,74,84,72,63,253149,269,https://www.ea.com/games/ea-sports-fc/ratings/player-ratings/jeremie-frimpong/253149,待中文名与能力审阅
s4-fc26-278016,Murillo,,false,DEF,CB,DM,game fallback,CB,,83,85,B,Brazil,Nott'm Forest,Premier League,180,23,left,3,2,80,48,67,71,83,83,278016,288,https://www.ea.com/games/ea-sports-fc/ratings/player-ratings/murillo/278016,待中文名与能力审阅
s4-fc26-208920,Nathan Aké,,false,DEF,CB,LB,FC26 alternative position,CB,LB|LM,83,85,B,Holland,Manchester City,Premier League,180,31,left,3,2,72,53,72,75,84,74,208920,291,https://www.ea.com/games/ea-sports-fc/ratings/player-ratings/nathan-ake/208920,待中文名与能力审阅
s4-fc26-256197,Piero Hincapié,,false,DEF,CB,LB,FC26 alternative position,CB,LB|LM,83,85,B,Ecuador,Arsenal,Premier League,184,24,left,2,3,84,41,65,72,84,82,256197,294,https://www.ea.com/games/ea-sports-fc/ratings/player-ratings/piero-hincapie/256197,待中文名与能力审阅
s4-fc26-244263,Amir Rrahmani,,false,DEF,CB,DM,game fallback,CB,,83,84,B,Kosovo,SSC Napoli,Serie A Enilive,192,32,right,4,2,69,51,60,63,84,78,244263,310,https://www.ea.com/games/ea-sports-fc/ratings/player-ratings/amir-rrahmani/244263,待中文名与能力审阅
s4-fc26-231936,Benjamin White,,false,DEF,RB,RM,game fallback,RB,,83,84,B,England,Arsenal,Premier League,185,28,right,4,2,70,35,75,75,83,78,231936,305,https://www.ea.com/games/ea-sports-fc/ratings/player-ratings/benjamin-white/231936,待中文名与能力审阅
s4-fc26-229582,Gianluca Mancini,,false,DEF,CB,DM,game fallback,CB,,83,84,B,Italy,AS Roma,Serie A Enilive,190,29,right,3,2,70,50,57,64,85,82,229582,309,https://www.ea.com/games/ea-sports-fc/ratings/player-ratings/gianluca-mancini/229582,待中文名与能力审阅
s4-fc26-216460,José María Giménez,,false,DEF,CB,DM,game fallback,CB,,83,84,B,Uruguay,Atlético de Madrid,LALIGA EA SPORTS,185,31,right,3,2,73,46,60,62,85,82,216460,308,https://www.ea.com/games/ea-sports-fc/ratings/player-ratings/jose-maria-gimenez/216460,待中文名与能力审阅
s4-fc26-238095,Nikola Milenković,,false,DEF,CB,DM,game fallback,CB,,83,84,B,Serbia,Nott'm Forest,Premier League,195,28,right,3,2,57,46,63,62,84,86,238095,312,https://www.ea.com/games/ea-sports-fc/ratings/player-ratings/nikola-milenkovic/238095,待中文名与能力审阅
s4-fc26-233486,Robin Le Normand,,false,DEF,CB,DM,game fallback,CB,,83,84,B,Spain,Atlético de Madrid,LALIGA EA SPORTS,187,29,right,3,2,65,28,59,63,84,80,233486,313,https://www.ea.com/games/ea-sports-fc/ratings/player-ratings/robin-le-normand/233486,待中文名与能力审阅
s4-fc26-253163,Ronald Araujo,,false,DEF,CB,RB,FC26 alternative position,CB,RB,83,84,B,Uruguay,FC Barcelona,LALIGA EA SPORTS,188,27,right,3,2,80,53,63,61,81,83,253163,300,https://www.ea.com/games/ea-sports-fc/ratings/player-ratings/ronald-araujo/253163,待中文名与能力审阅
s4-fc26-208333,Emre Can,,false,DEF,CB,DM,FC26 alternative position,CB,CDM|CM,82,84,B,Germany,Borussia Dortmund,Bundesliga,186,32,right,4,3,77,76,72,74,82,84,208333,325,https://www.ea.com/games/ea-sports-fc/ratings/player-ratings/emre-can/208333,待中文名与能力审阅
s4-fc26-225375,Konrad Laimer,,false,DEF,RB,DM,FC26 alternative position,RB,CDM|CM|RM,82,84,B,Austria,FC Bayern München,Bundesliga,180,28,right,3,3,82,69,76,75,81,76,225375,340,https://www.ea.com/games/ea-sports-fc/ratings/player-ratings/konrad-laimer/225375,待中文名与能力审阅
s4-fc26-243576,Pedro Porro,,false,DEF,RB,RM,FC26 alternative position,RB,RM,82,84,B,Spain,Spurs,Premier League,173,26,right,3,3,78,73,81,80,77,76,243576,328,https://www.ea.com/games/ea-sports-fc/ratings/player-ratings/pedro-porro/243576,待中文名与能力审阅
s4-fc26-216267,Andrew Robertson,,false,DEF,LB,LM,FC26 alternative position,LB,LM,82,83,B,Scotland,Liverpool,Premier League,178,32,left,2,3,74,61,80,77,79,75,216267,367,https://www.ea.com/games/ea-sports-fc/ratings/player-ratings/andrew-robertson/216267,待中文名与能力审阅
s4-fc26-229348,Antonee Robinson,,false,DEF,LB,LM,FC26 alternative position,LB,LM,82,83,B,United States,Fulham,Premier League,183,28,left,3,3,88,46,75,77,78,80,229348,372,https://www.ea.com/games/ea-sports-fc/ratings/player-ratings/antonee-robinson/229348,待中文名与能力审阅
s4-fc26-197445,David Alaba,,false,DEF,CB,LB,FC26 alternative position,CB,LB|LM,82,83,B,Austria,Real Madrid,LALIGA EA SPORTS,180,33,left,4,3,68,71,82,79,82,75,197445,345,https://www.ea.com/games/ea-sports-fc/ratings/player-ratings/david-alaba/197445,待中文名与能力审阅
s4-fc26-236703,David Raum,,false,DEF,LB,LM,FC26 alternative position,LB,LM,82,83,B,Germany,RB Leipzig,Bundesliga,181,27,left,2,3,86,61,80,79,74,78,236703,344,https://www.ea.com/games/ea-sports-fc/ratings/player-ratings/david-raum/236703,待中文名与能力审阅
s4-fc26-220793,Davinson Sánchez,,false,DEF,CB,DM,game fallback,CB,,82,83,B,Colombia,Galatasaray,Trendyol Süper Lig,187,29,right,2,3,82,58,63,73,82,88,220793,368,https://www.ea.com/games/ea-sports-fc/ratings/player-ratings/davinson-sanchez/220793,待中文名与能力审阅
s4-fc26-227678,Ezri Konsa,,false,DEF,CB,RB,FC26 alternative position,CB,RB|RM,82,83,B,England,Aston Villa,Premier League,183,28,right,3,2,75,53,71,75,84,78,227678,384,https://www.ea.com/games/ea-sports-fc/ratings/player-ratings/ezri-konsa/227678,待中文名与能力审阅
s4-fc26-251805,Jurriën Timber,,false,DEF,RB,LB,FC26 alternative position,RB,LB|CB|RM,82,83,B,Holland,Arsenal,Premier League,179,24,right,3,3,76,48,72,77,82,80,251805,386,https://www.ea.com/games/ea-sports-fc/ratings/player-ratings/jurrien-timber/251805,待中文名与能力审阅
s4-fc26-227647,Maximilian Mittelstädt,,false,DEF,LB,LM,FC26 alternative position,LB,LM,82,83,B,Germany,VfB Stuttgart,Bundesliga,180,29,left,2,3,81,62,77,77,78,74,227647,358,https://www.ea.com/games/ea-sports-fc/ratings/player-ratings/maximilian-mittelstadt/227647,待中文名与能力审阅
s4-fc26-264453,Micky van de Ven,,false,DEF,CB,DM,game fallback,CB,,82,83,B,Holland,Spurs,Premier League,193,24,left,3,3,90,49,64,72,82,80,264453,380,https://www.ea.com/games/ea-sports-fc/ratings/player-ratings/micky-van-de-ven/264453,待中文名与能力审阅
s4-fc26-260908,Milos Kerkez,,false,DEF,LB,LM,FC26 alternative position,LB,LM,82,83,B,Hungary,Liverpool,Premier League,180,22,left,3,3,87,59,75,78,77,80,260908,348,https://www.ea.com/games/ea-sports-fc/ratings/player-ratings/milos-kerkez/260908,待中文名与能力审阅
s4-fc26-278349,Dean Huijsen,,false,DEF,CB,DM,game fallback,CB,,82,82,B,Spain,Real Madrid,LALIGA EA SPORTS,197,20,right,5,2,71,55,73,74,82,76,278349,397,https://www.ea.com/games/ea-sports-fc/ratings/player-ratings/dean-huijsen/278349,待中文名与能力审阅
s4-fc26-210047,Fabian Schär,,false,DEF,CB,DM,game fallback,CB,,82,82,B,Switzerland,Newcastle Utd,Premier League,188,34,right,3,2,51,68,76,73,84,80,210047,392,https://www.ea.com/games/ea-sports-fc/ratings/player-ratings/fabian-schar/210047,待中文名与能力审阅
s4-fc26-203574,John Stones,,false,DEF,CB,RB,FC26 alternative position,CB,RB,82,82,B,England,Manchester City,Premier League,188,31,right,4,3,64,58,74,75,84,72,203574,407,https://www.ea.com/games/ea-sports-fc/ratings/player-ratings/john-stones/203574,待中文名与能力审阅
s4-fc26-201024,Kalidou Koulibaly,,false,DEF,CB,DM,game fallback,CB,,82,82,B,Senegal,Al Hilal,ROSHN Saudi League,186,34,right,4,3,74,48,62,65,82,84,201024,426,https://www.ea.com/games/ea-sports-fc/ratings/player-ratings/kalidou-koulibaly/201024,待中文名与能力审阅
s4-fc26-229237,Manuel Akanji,,false,DEF,CB,DM,game fallback,CB,,82,82,B,Switzerland,Lombardia FC,Serie A Enilive,187,30,right,4,2,74,48,69,73,82,81,229237,408,https://www.ea.com/games/ea-sports-fc/ratings/player-ratings/manuel-akanji/229237,待中文名与能力审阅
s4-fc26-241159,Marc Guéhi,,false,DEF,CB,DM,game fallback,CB,,82,82,B,England,Crystal Palace,Premier League,182,25,right,5,2,69,39,69,73,83,78,241159,432,https://www.ea.com/games/ea-sports-fc/ratings/player-ratings/marc-guehi/241159,待中文名与能力审阅
s4-fc26-235243,Matthijs de Ligt,,false,DEF,CB,DM,game fallback,CB,,82,82,B,Holland,Man Utd,Premier League,189,26,right,3,2,62,61,62,67,82,83,235243,424,https://www.ea.com/games/ea-sports-fc/ratings/player-ratings/matthijs-de-ligt/235243,待中文名与能力审阅
s4-fc26-192366,Nicolás Otamendi,,false,DEF,CB,DM,game fallback,CB,,82,82,B,Argentina,SL Benfica,Liga Portugal,183,38,right,3,2,60,57,64,62,83,85,192366,431,https://www.ea.com/games/ea-sports-fc/ratings/player-ratings/nicolas-otamendi/192366,待中文名与能力审阅
s4-fc26-278046,Pau Cubarsí,,false,DEF,CB,DM,game fallback,CB,,82,82,B,Spain,FC Barcelona,LALIGA EA SPORTS,182,19,right,4,2,70,42,66,77,84,76,278046,429,https://www.ea.com/games/ea-sports-fc/ratings/player-ratings/pau-cubarsi/278046,待中文名与能力审阅
s4-fc26-229476,Waldemar Anton,,false,DEF,CB,DM,game fallback,CB,,82,82,B,Germany,Borussia Dortmund,Bundesliga,189,29,right,3,2,69,47,67,66,84,84,229476,423,https://www.ea.com/games/ea-sports-fc/ratings/player-ratings/waldemar-anton/229476,待中文名与能力审阅
s4-fc26-243241,Alessandro Buongiorno,,false,DEF,CB,DM,game fallback,CB,,82,81,B,Italy,SSC Napoli,Serie A Enilive,190,26,left,3,2,69,45,67,65,84,79,243241,436,https://www.ea.com/games/ea-sports-fc/ratings/player-ratings/alessandro-buongiorno/243241,待中文名与能力审阅
s4-fc26-210413,Alessio Romagnoli,,false,DEF,CB,DM,game fallback,CB,,82,81,B,Italy,Latium,Serie A Enilive,185,31,left,3,2,64,40,55,69,84,80,210413,448,https://www.ea.com/games/ea-sports-fc/ratings/player-ratings/alessio-romagnoli/210413,待中文名与能力审阅
s4-fc26-212218,Aymeric Laporte,,false,DEF,CB,DM,game fallback,CB,,82,81,B,Spain,Al Nassr,ROSHN Saudi League,189,31,left,3,2,51,50,74,70,83,77,212218,438,https://www.ea.com/games/ea-sports-fc/ratings/player-ratings/aymeric-laporte/212218,待中文名与能力审阅
s4-fc26-232488,Cristian Romero,,false,DEF,CB,DM,game fallback,CB,,82,81,B,Argentina,Spurs,Premier League,185,27,right,2,3,66,48,62,65,83,81,232488,439,https://www.ea.com/games/ea-sports-fc/ratings/player-ratings/cristian-romero/232488,待中文名与能力审阅
s4-fc26-247257,Ibañez,,false,DEF,CB,DM,game fallback,CB,,82,81,B,Brazil,Al Ahli,ROSHN Saudi League,185,27,right,2,3,87,32,47,61,83,85,247257,445,https://www.ea.com/games/ea-sports-fc/ratings/player-ratings/ibanez/247257,待中文名与能力审阅
s4-fc26-237086,Kim Min Jae,,false,DEF,CB,DM,game fallback,CB,,82,81,B,Korea Republic,FC Bayern München,Bundesliga,190,29,right,3,2,73,33,58,63,83,84,237086,447,https://www.ea.com/games/ea-sports-fc/ratings/player-ratings/kim-min-jae/237086,待中文名与能力审阅
s4-fc26-207862,Matthias Ginter,,false,DEF,CB,DM,game fallback,CB,,82,81,B,Germany,SC Freiburg,Bundesliga,190,32,right,3,2,55,58,71,66,85,75,207862,434,https://www.ea.com/games/ea-sports-fc/ratings/player-ratings/matthias-ginter/207862,待中文名与能力审阅
s4-fc26-200724,Nacho Fernández,,false,DEF,CB,LB,FC26 alternative position,CB,LB|RB|LM,82,81,B,Spain,Al Qadsiah,ROSHN Saudi League,180,36,right,4,2,73,37,68,71,82,79,200724,433,https://www.ea.com/games/ea-sports-fc/ratings/player-ratings/nacho-fernandez/200724,待中文名与能力审阅
s4-fc26-236532,Robin Koch,,false,DEF,CB,DM,game fallback,CB,,82,81,B,Germany,Frankfurt,Bundesliga,192,29,right,4,2,66,44,63,66,83,81,236532,442,https://www.ea.com/games/ea-sports-fc/ratings/player-ratings/robin-koch/236532,待中文名与能力审阅
s4-fc26-251809,Sven Botman,,false,DEF,CB,DM,game fallback,CB,,82,81,B,Holland,Newcastle Utd,Premier League,193,26,left,3,2,56,37,62,65,83,82,251809,449,https://www.ea.com/games/ea-sports-fc/ratings/player-ratings/sven-botman/251809,待中文名与能力审阅
s4-fc26-258648,Carlos Augusto,,false,DEF,LB,CB,FC26 alternative position,LB,CB|LM,81,80,B,Brazil,Lombardia FC,Serie A Enilive,184,27,left,2,3,78,72,77,79,79,76,258648,463,https://www.ea.com/games/ea-sports-fc/ratings/player-ratings/carlos-augusto/258648,待中文名与能力审阅
s4-fc26-237646,Daniel Muñoz,,false,DEF,RB,RM,FC26 alternative position,RB,RM,81,80,B,Colombia,Crystal Palace,Premier League,181,29,right,3,3,75,69,72,76,79,81,237646,481,https://www.ea.com/games/ea-sports-fc/ratings/player-ratings/daniel-munoz/237646,待中文名与能力审阅
s4-fc26-247263,Edmond Tapsoba,,false,DEF,CB,DM,game fallback,CB,,81,80,B,Burkina Faso,Leverkusen,Bundesliga,192,27,right,4,2,75,56,68,70,82,80,247263,535,https://www.ea.com/games/ea-sports-fc/ratings/player-ratings/edmond-tapsoba/247263,待中文名与能力审阅
s4-fc26-228618,Ferland Mendy,,false,DEF,LB,LM,FC26 alternative position,LB,LM,81,80,B,France,Real Madrid,LALIGA EA SPORTS,180,30,left,5,4,85,64,74,75,78,84,228618,465,https://www.ea.com/games/ea-sports-fc/ratings/player-ratings/ferland-mendy/228618,待中文名与能力审阅
s4-fc26-211688,Gayà,,false,DEF,LB,LM,FC26 alternative position,LB,LM,81,80,B,Spain,Valencia CF,LALIGA EA SPORTS,172,30,left,3,4,80,61,76,77,77,72,211688,501,https://www.ea.com/games/ea-sports-fc/ratings/player-ratings/gaya/211688,待中文名与能力审阅
s4-fc26-239301,Lisandro Martínez,,false,DEF,CB,DM,game fallback,CB,,81,80,B,Argentina,Man Utd,Premier League,178,28,left,3,3,67,59,75,75,81,80,239301,518,https://www.ea.com/games/ea-sports-fc/ratings/player-ratings/lisandro-martinez/239301,待中文名与能力审阅
s4-fc26-184392,Matteo Darmian,,false,DEF,RB,CB,FC26 alternative position,RB,CB|RM,81,80,B,Italy,Lombardia FC,Serie A Enilive,182,36,right,4,3,71,62,74,76,81,71,184392,523,https://www.ea.com/games/ea-sports-fc/ratings/player-ratings/matteo-darmian/184392,待中文名与能力审阅
s4-fc26-261865,Miguel Gutiérrez,,false,DEF,LB,LM,FC26 alternative position,LB,LM,81,80,B,Spain,SSC Napoli,Serie A Enilive,180,24,left,3,2,81,71,79,81,76,73,261865,464,https://www.ea.com/games/ea-sports-fc/ratings/player-ratings/miguel-gutierrez/261865,待中文名与能力审阅
s4-fc26-242641,Rayan Aït-Nouri,,false,DEF,LB,LM,FC26 alternative position,LB,LM,81,80,B,Algeria,Manchester City,Premier League,180,24,left,3,5,84,53,76,84,77,70,242641,499,https://www.ea.com/games/ea-sports-fc/ratings/player-ratings/rayan-ait-nouri/242641,待中文名与能力审阅
s4-fc26-238074,Reece James,,false,DEF,RB,RM,game fallback,RB,,81,80,B,England,Chelsea,Premier League,180,26,right,4,3,76,71,82,77,81,81,238074,452,https://www.ea.com/games/ea-sports-fc/ratings/player-ratings/reece-james/238074,待中文名与能力审阅
s4-fc26-200888,Danilo Pereira,,false,DEF,CB,DM,game fallback,CB,,81,79,C,Portugal,Al Ittihad,ROSHN Saudi League,188,34,right,3,3,47,64,68,71,82,84,200888,559,https://www.ea.com/games/ea-sports-fc/ratings/player-ratings/danilo-pereira/200888,待中文名与能力审阅
s4-fc26-236403,Evan Ndicka,,false,DEF,CB,DM,game fallback,CB,,81,79,C,Côte d'Ivoire,AS Roma,Serie A Enilive,192,26,left,3,2,74,53,69,69,81,82,236403,541,https://www.ea.com/games/ea-sports-fc/ratings/player-ratings/evan-ndicka/236403,待中文名与能力审阅
s4-fc26-232756,Fikayo Tomori,,false,DEF,CB,DM,game fallback,CB,,81,79,C,England,Milano FC,Serie A Enilive,185,28,right,4,2,81,40,60,67,82,78,232756,567,https://www.ea.com/games/ea-sports-fc/ratings/player-ratings/fikayo-tomori/232756,待中文名与能力审阅
s4-fc26-257179,Gonçalo Inácio,,false,DEF,CB,DM,game fallback,CB,,81,79,C,Portugal,Sporting CP,Liga Portugal,185,24,left,2,2,77,37,71,73,82,81,257179,551,https://www.ea.com/games/ea-sports-fc/ratings/player-ratings/goncalo-inacio/257179,待中文名与能力审阅
s4-fc26-242835,Leonardo Balerdi,,false,DEF,CB,DM,game fallback,CB,,81,79,C,Argentina,OM,Ligue 1 McDonald's,187,27,right,3,2,77,46,65,69,82,79,242835,554,https://www.ea.com/games/ea-sports-fc/ratings/player-ratings/leonardo-balerdi/242835,待中文名与能力审阅
s4-fc26-220814,Lucas Hernández,,false,DEF,CB,LB,FC26 alternative position,CB,LB|LM,81,79,C,France,Paris SG,Ligue 1 McDonald's,184,30,left,2,2,71,54,72,70,82,77,220814,546,https://www.ea.com/games/ea-sports-fc/ratings/player-ratings/lucas-hernandez/220814,待中文名与能力审阅
s4-fc26-232363,Milan Škriniar,,false,DEF,CB,DM,game fallback,CB,,81,79,C,Slovakia,Fenerbahçe,Trendyol Süper Lig,188,31,right,2,2,57,52,60,65,83,81,232363,572,https://www.ea.com/games/ea-sports-fc/ratings/player-ratings/milan-skriniar/232363,待中文名与能力审阅
s4-fc26-243854,Mohamed Simakan,,false,DEF,CB,RB,FC26 alternative position,CB,RB,81,79,C,France,Al Nassr,ROSHN Saudi League,187,25,right,3,2,76,43,65,69,82,82,243854,558,https://www.ea.com/games/ea-sports-fc/ratings/player-ratings/mohamed-simakan/243854,待中文名与能力审阅
s4-fc26-244749,Nayef Aguerd,,false,DEF,CB,DM,game fallback,CB,,81,79,C,Morocco,OM,Ligue 1 McDonald's,190,30,left,3,2,72,50,67,65,82,77,244749,564,https://www.ea.com/games/ea-sports-fc/ratings/player-ratings/nayef-aguerd/244749,待中文名与能力审阅
s4-fc26-212190,Niklas Süle,,false,DEF,CB,RB,FC26 alternative position,CB,RB|RM,81,79,C,Germany,Borussia Dortmund,Bundesliga,195,30,right,3,3,61,51,68,67,81,79,212190,568,https://www.ea.com/games/ea-sports-fc/ratings/player-ratings/niklas-sule/212190,待中文名与能力审阅
s4-fc26-228805,Raíllo,,false,DEF,CB,DM,game fallback,CB,,81,79,C,Spain,RCD Mallorca,LALIGA EA SPORTS,187,34,right,3,2,41,36,59,62,83,84,228805,577,https://www.ea.com/games/ea-sports-fc/ratings/player-ratings/raillo/228805,待中文名与能力审阅
s4-fc26-251479,Maxim De Cuyper,,false,DEF,LB,RB,FC26 alternative position,LB,RB|LM,80,79,C,Belgium,Brighton,Premier League,183,25,left,4,2,76,73,80,79,75,75,251479,590,https://www.ea.com/games/ea-sports-fc/ratings/player-ratings/maxim-de-cuyper/251479,待中文名与能力审阅
s4-fc26-268889,Álvaro Carreras,,false,DEF,LB,LM,FC26 alternative position,LB,LM,80,78,C,Spain,Real Madrid,LALIGA EA SPORTS,186,23,left,4,3,85,65,75,79,73,80,268889,593,https://www.ea.com/games/ea-sports-fc/ratings/player-ratings/alvaro-carreras/268889,待中文名与能力审阅
s4-fc26-259583,Destiny Udogie,,false,DEF,LB,LM,game fallback,LB,,80,78,C,Italy,Spurs,Premier League,186,23,left,3,3,88,64,73,78,76,79,259583,591,https://www.ea.com/games/ea-sports-fc/ratings/player-ratings/destiny-udogie/259583,待中文名与能力审阅
s4-fc26-231591,Javi Galán,,false,DEF,LB,LM,FC26 alternative position,LB,LM,80,78,C,Spain,Atlético de Madrid,LALIGA EA SPORTS,172,31,left,2,4,78,56,75,79,77,73,231591,640,https://www.ea.com/games/ea-sports-fc/ratings/player-ratings/javi-galan/231591,待中文名与能力审阅
s4-fc26-239093,Jonathan Clauss,,false,DEF,RB,RM,FC26 alternative position,RB,RM,80,78,C,France,OGC Nice,Ligue 1 McDonald's,178,33,right,3,3,85,69,76,78,73,69,239093,608,https://www.ea.com/games/ea-sports-fc/ratings/player-ratings/jonathan-clauss/239093,待中文名与能力审阅
s4-fc26-186345,Kieran Trippier,,false,DEF,RB,RM,FC26 alternative position,RB,RM,80,78,C,England,Newcastle Utd,Premier League,173,35,right,4,3,66,65,83,77,80,71,186345,628,https://www.ea.com/games/ea-sports-fc/ratings/player-ratings/kieran-trippier/186345,待中文名与能力审阅
s4-fc26-200458,Lucas Digne,,false,DEF,LB,LM,FC26 alternative position,LB,LM,80,78,C,France,Aston Villa,Premier League,178,32,left,1,3,69,68,79,76,77,74,200458,625,https://www.ea.com/games/ea-sports-fc/ratings/player-ratings/lucas-digne/200458,待中文名与能力审阅
s4-fc26-259694,Mingueza,,false,DEF,RB,RM,FC26 alternative position,RB,RM|LM,80,78,C,Spain,Celta,LALIGA EA SPORTS,184,26,right,3,2,80,66,77,77,76,76,259694,602,https://www.ea.com/games/ea-sports-fc/ratings/player-ratings/mingueza/259694,待中文名与能力审阅
s4-fc26-236401,Noussair Mazraoui,,false,DEF,RB,CB,FC26 alternative position,RB,CB|RM,80,78,C,Morocco,Man Utd,Premier League,183,28,right,3,3,75,66,76,80,77,72,236401,616,https://www.ea.com/games/ea-sports-fc/ratings/player-ratings/noussair-mazraoui/236401,待中文名与能力审阅
s4-fc26-224656,Ola Aina,,false,DEF,RB,LB,FC26 alternative position,RB,LB|RM,80,78,C,Nigeria,Nott'm Forest,Premier League,184,29,right,4,3,88,63,71,75,78,75,224656,607,https://www.ea.com/games/ea-sports-fc/ratings/player-ratings/ola-aina/224656,待中文名与能力审阅
s4-fc26-209889,Raphaël Guerreiro,,false,DEF,LB,AM,FC26 alternative position,LB,CM|RB|LM,80,78,C,Portugal,FC Bayern München,Bundesliga,170,32,left,2,4,69,78,85,88,74,54,209889,614,https://www.ea.com/games/ea-sports-fc/ratings/player-ratings/raphael-guerreiro/209889,待中文名与能力审阅
s4-fc26-223697,Robin Gosens,,false,DEF,LB,LM,FC26 alternative position,LB,LM,80,78,C,Germany,Fiorentina,Serie A Enilive,183,31,left,3,3,72,74,73,76,77,77,223697,610,https://www.ea.com/games/ea-sports-fc/ratings/player-ratings/robin-gosens/223697,待中文名与能力审阅
s4-fc26-252802,Wilfried Singo,,false,DEF,CB,RB,FC26 alternative position,CB,RB,80,78,C,Côte d'Ivoire,Galatasaray,Trendyol Süper Lig,190,25,right,2,3,80,59,70,73,79,84,252802,619,https://www.ea.com/games/ea-sports-fc/ratings/player-ratings/wilfried-singo/252802,待中文名与能力审阅
s4-fc26-229880,Aaron Wan-Bissaka,,false,DEF,RB,RM,FC26 alternative position,RB,RM,80,77,C,Congo DR,West Ham,Premier League,183,28,right,2,3,80,51,69,77,78,73,229880,677,https://www.ea.com/games/ea-sports-fc/ratings/player-ratings/aaron-wan-bissaka/229880,待中文名与能力审阅
s4-fc26-229905,Abdülkerim Bardakcı,,false,DEF,CB,LB,FC26 alternative position,CB,LB|LM,80,77,C,Turkey,Galatasaray,Trendyol Süper Lig,185,31,left,2,2,59,46,70,69,81,85,229905,722,https://www.ea.com/games/ea-sports-fc/ratings/player-ratings/abdulkerim-bardakc/229905,待中文名与能力审阅
s4-fc26-257278,Arthur Theate,,false,DEF,CB,LB,FC26 alternative position,CB,LB|LM,80,77,C,Belgium,Frankfurt,Bundesliga,185,25,left,3,2,67,40,70,71,80,82,257278,723,https://www.ea.com/games/ea-sports-fc/ratings/player-ratings/arthur-theate/257278,待中文名与能力审阅
s4-fc26-228579,Benjamin Henrichs,,false,DEF,RB,RM,FC26 alternative position,RB,RM|LB,80,77,C,Germany,RB Leipzig,Bundesliga,185,29,right,4,3,73,54,76,78,78,74,228579,658,https://www.ea.com/games/ea-sports-fc/ratings/player-ratings/benjamin-henrichs/228579,待中文名与能力审阅
s4-fc26-262138,Castello Lukeba,,false,DEF,CB,LB,FC26 alternative position,CB,LB,80,77,C,France,RB Leipzig,Bundesliga,183,23,left,2,2,72,43,68,73,81,75,262138,719,https://www.ea.com/games/ea-sports-fc/ratings/player-ratings/castello-lukeba/262138,待中文名与能力审阅
s4-fc26-258908,Jan Paul van Hecke,,false,DEF,CB,DM,game fallback,CB,,80,77,C,Holland,Brighton,Premier League,189,25,right,3,2,67,46,72,70,80,78,258908,715,https://www.ea.com/games/ea-sports-fc/ratings/player-ratings/jan-paul-van-hecke/258908,待中文名与能力审阅
s4-fc26-262859,Levi Colwill,,false,DEF,CB,DM,game fallback,CB,,80,77,C,England,Chelsea,Premier League,187,23,left,3,2,70,43,71,72,81,80,262859,709,https://www.ea.com/games/ea-sports-fc/ratings/player-ratings/levi-colwill/262859,待中文名与能力审阅
s4-fc26-266127,Lewis Hall,,false,DEF,LB,LM,game fallback,LB,,80,77,C,England,Newcastle Utd,Premier League,179,21,left,3,2,77,62,78,79,77,64,266127,644,https://www.ea.com/games/ea-sports-fc/ratings/player-ratings/lewis-hall/266127,待中文名与能力审阅
s4-fc26-229668,Mario Hermoso,,false,DEF,CB,DM,game fallback,CB,,80,77,C,Spain,AS Roma,Serie A Enilive,184,30,left,3,2,72,49,73,71,80,79,229668,684,https://www.ea.com/games/ea-sports-fc/ratings/player-ratings/mario-hermoso/229668,待中文名与能力审阅
s4-fc26-241464,Pau Torres,,false,DEF,CB,DM,game fallback,CB,,80,77,C,Spain,Aston Villa,Premier League,191,29,left,2,2,67,41,75,69,82,73,241464,726,https://www.ea.com/games/ea-sports-fc/ratings/player-ratings/pau-torres/241464,待中文名与能力审阅
s4-fc26-255654,Pierre Kalulu,,false,DEF,CB,DM,game fallback,CB,,80,77,C,France,Juventus,Serie A Enilive,182,25,right,3,2,80,53,68,70,81,76,255654,678,https://www.ea.com/games/ea-sports-fc/ratings/player-ratings/pierre-kalulu/255654,待中文名与能力审阅
s4-fc26-262118,Tino Livramento,,false,DEF,RB,LB,FC26 alternative position,RB,LB|RM,80,77,C,England,Newcastle Utd,Premier League,181,23,right,4,3,82,51,72,78,76,74,262118,659,https://www.ea.com/games/ea-sports-fc/ratings/player-ratings/tino-livramento/262118,待中文名与能力审阅
s4-fc26-269493,Alexsandro,,false,DEF,CB,DM,game fallback,CB,,80,76,C,Brazil,LOSC Lille,Ligue 1 McDonald's,191,26,left,5,2,66,40,63,59,80,81,269493,742,https://www.ea.com/games/ea-sports-fc/ratings/player-ratings/alexsandro/269493,待中文名与能力审阅
s4-fc26-213661,Andreas Christensen,,false,DEF,CB,AM,FC26 alternative position,CB,CM,80,76,C,Denmark,FC Barcelona,LALIGA EA SPORTS,187,29,right,3,2,64,32,67,70,81,74,213661,743,https://www.ea.com/games/ea-sports-fc/ratings/player-ratings/andreas-christensen/213661,待中文名与能力审阅
s4-fc26-189881,Chris Smalling,,false,DEF,CB,DM,game fallback,CB,,80,76,C,England,Al Fayha,ROSHN Saudi League,194,36,right,3,2,45,47,57,59,83,77,189881,747,https://www.ea.com/games/ea-sports-fc/ratings/player-ratings/chris-smalling/189881,待中文名与能力审阅
s4-fc26-220440,Clément Lenglet,,false,DEF,CB,DM,game fallback,CB,,80,76,C,France,Atlético de Madrid,LALIGA EA SPORTS,186,30,left,4,2,54,45,69,64,82,76,220440,739,https://www.ea.com/games/ea-sports-fc/ratings/player-ratings/clement-lenglet/220440,待中文名与能力审阅
s4-fc26-212602,Diego Llorente,,false,DEF,CB,DM,game fallback,CB,,80,76,C,Spain,Real Betis,LALIGA EA SPORTS,186,32,right,3,2,64,41,63,69,81,76,212602,736,https://www.ea.com/games/ea-sports-fc/ratings/player-ratings/diego-llorente/212602,待中文名与能力审阅
s4-fc26-266872,Federico Gatti,,false,DEF,CB,DM,game fallback,CB,,80,76,C,Italy,Juventus,Serie A Enilive,190,27,right,3,2,76,42,53,65,81,80,266872,735,https://www.ea.com/games/ea-sports-fc/ratings/player-ratings/federico-gatti/266872,待中文名与能力审阅
s4-fc26-203263,Harry Maguire,,false,DEF,CB,DM,game fallback,CB,,80,76,C,England,Man Utd,Premier League,193,33,right,3,2,35,57,70,65,80,82,203263,741,https://www.ea.com/games/ea-sports-fc/ratings/player-ratings/harry-maguire/203263,待中文名与能力审阅
s4-fc26-202695,James Tarkowski,,false,DEF,CB,DM,game fallback,CB,,80,76,C,England,Everton,Premier League,188,33,right,4,2,45,47,64,59,81,82,202695,745,https://www.ea.com/games/ea-sports-fc/ratings/player-ratings/james-tarkowski/202695,待中文名与能力审阅
s4-fc26-246875,Odilon Kossounou,,false,DEF,CB,DM,game fallback,CB,,80,76,C,Côte d'Ivoire,Bergamo Calcio,Serie A Enilive,191,25,right,3,2,80,32,64,67,81,78,246875,729,https://www.ea.com/games/ea-sports-fc/ratings/player-ratings/odilon-kossounou/246875,待中文名与能力审阅
s4-fc26-270531,Ousmane Diomande,,false,DEF,CB,DM,game fallback,CB,,80,76,C,Côte d'Ivoire,Sporting CP,Liga Portugal,190,22,right,3,2,80,26,51,70,79,86,270531,738,https://www.ea.com/games/ea-sports-fc/ratings/player-ratings/ousmane-diomande/270531,待中文名与能力审阅
s4-fc26-253124,Matheus Nunes,,false,DEF,RB,AM,FC26 alternative position,RB,CM|RM,79,76,C,Portugal,Manchester City,Premier League,184,27,right,3,3,85,70,76,79,73,76,253124,754,https://www.ea.com/games/ea-sports-fc/ratings/player-ratings/matheus-nunes/253124,待中文名与能力审阅
s4-fc26-183512,Yuri Berchiche,,false,DEF,LB,LM,FC26 alternative position,LB,LM,79,76,C,Spain,Athletic Club,LALIGA EA SPORTS,181,36,left,3,3,79,68,74,75,77,82,183512,757,https://www.ea.com/games/ea-sports-fc/ratings/player-ratings/yuri-berchiche/183512,待中文名与能力审阅
s4-fc26-258966,Andrea Cambiaso,,false,DEF,LB,RB,FC26 alternative position,LB,RB|LM,79,75,C,Italy,Juventus,Serie A Enilive,182,26,left,5,3,78,70,77,79,75,70,258966,768,https://www.ea.com/games/ea-sports-fc/ratings/player-ratings/andrea-cambiaso/258966,待中文名与能力审阅
s4-fc26-248165,Andrei Rațiu,,false,DEF,RB,RM,FC26 alternative position,RB,RM,79,75,C,Romania,Rayo Vallecano,LALIGA EA SPORTS,183,27,right,3,3,92,60,74,79,74,71,248165,764,https://www.ea.com/games/ea-sports-fc/ratings/player-ratings/andrei-ratiu/248165,待中文名与能力审阅
s4-fc26-220651,Angeliño,,false,DEF,LB,LM,FC26 alternative position,LB,LM,79,75,C,Spain,AS Roma,Serie A Enilive,171,29,left,3,4,69,70,81,80,74,69,220651,786,https://www.ea.com/games/ea-sports-fc/ratings/player-ratings/angelino/220651,待中文名与能力审阅
s4-fc26-234574,Diogo Dalot,,false,DEF,RB,LB,FC26 alternative position,RB,LB|RM,79,75,C,Portugal,Man Utd,Premier League,183,27,right,4,4,85,63,74,77,76,78,234574,758,https://www.ea.com/games/ea-sports-fc/ratings/player-ratings/diogo-dalot/234574,待中文名与能力审阅
s4-fc26-235152,Ferdi Kadıoğlu,,false,DEF,RB,LB,FC26 alternative position,RB,LB|RM,79,75,C,Turkey,Brighton,Premier League,174,26,right,4,3,82,68,74,80,76,67,235152,773,https://www.ea.com/games/ea-sports-fc/ratings/player-ratings/ferdi-kad-oglu/235152,待中文名与能力审阅
s4-fc26-248465,Ian Maatsen,,false,DEF,LB,LM,FC26 alternative position,LB,LM,79,75,C,Holland,Aston Villa,Premier League,178,24,left,2,3,87,65,75,81,73,63,248465,784,https://www.ea.com/games/ea-sports-fc/ratings/player-ratings/ian-maatsen/248465,待中文名与能力审阅
s4-fc26-188377,Kyle Walker,,false,DEF,RB,RM,FC26 alternative position,RB,RM,79,75,C,England,Burnley,Premier League,183,35,right,2,3,80,64,75,76,77,78,188377,762,https://www.ea.com/games/ea-sports-fc/ratings/player-ratings/kyle-walker/188377,待中文名与能力审阅
s4-fc26-233084,Nahuel Molina,,false,DEF,RB,RM,FC26 alternative position,RB,RM,79,75,C,Argentina,Atlético de Madrid,LALIGA EA SPORTS,175,27,right,3,3,82,67,73,76,75,71,233084,783,https://www.ea.com/games/ea-sports-fc/ratings/player-ratings/nahuel-molina/233084,待中文名与能力审阅
s4-fc26-224196,Ramy Bensebaini,,false,DEF,LB,CB,FC26 alternative position,LB,CB|LM,79,75,C,Algeria,Borussia Dortmund,Bundesliga,187,30,left,4,3,73,70,70,77,78,79,224196,772,https://www.ea.com/games/ea-sports-fc/ratings/player-ratings/ramy-bensebaini/224196,待中文名与能力审阅
s4-fc26-212091,Rodinei,,false,DEF,RB,RM,FC26 alternative position,RB,RM,79,75,C,Brazil,Olympiacos FC,Hellas Liga,177,34,right,3,3,81,66,73,79,74,77,212091,763,https://www.ea.com/games/ea-sports-fc/ratings/player-ratings/rodinei/212091,待中文名与能力审阅
s4-fc26-251804,Sergiño Dest,,false,DEF,RB,LB,FC26 alternative position,RB,LB|RM,79,75,C,United States,PSV,Eredivisie,173,25,right,4,4,87,60,75,83,72,72,251804,767,https://www.ea.com/games/ea-sports-fc/ratings/player-ratings/sergino-dest/251804,待中文名与能力审阅
legend-zidane,齐达内,齐达内,true,MID,AM,DM,existing legend profile,AM,DM,95,95,S,法国,皇家马德里,传奇,185,,both,,,82,,99,97,,,zidane,,,强制保留现有传奇
legend-ronaldinho,罗纳尔迪尼奥,罗纳尔迪尼奥,true,MID,AM,DM,existing legend profile,AM,LW,94,94,S,巴西,巴塞罗那,传奇,182,,right,,,82,,99,99,,,ronaldinho,,,强制保留现有传奇
legend-kroos,克罗斯,克罗斯,true,MID,DM,AM,existing legend profile,DM,LM,92,92,S,德国,皇家马德里,传奇,183,,right,,,71,,97,72,,,kroos,,,强制保留现有传奇
legend-beckham,贝克汉姆,贝克汉姆,true,MID,RM,DM,existing legend profile,RM,DM,91,91,S,英格兰,曼联,传奇,183,,right,,,86,,95,92,,,beckham,,,强制保留现有传奇
legend-modric,莫德里奇,莫德里奇,true,MID,AM,DM,existing legend profile,CM,CAM|CDM,83,91,S,克罗地亚,AC米兰,传奇,172,,right,,,80,,99,92,,,modric,,https://www.ea.com/games/ea-sports-fc/ratings/player-ratings/luka-modric/177003,EAFC26现役数据适配传奇强度
s4-fc26-209331,Mohamed Salah,,false,MID,RM,RW,FC26 alternative position,RM,RW,91,89,A,Egypt,Liverpool,Premier League,175,33,left,3,4,89,88,86,90,45,76,209331,1,https://www.ea.com/games/ea-sports-fc/ratings/player-ratings/mohamed-salah/209331,待中文名与能力审阅
s4-fc26-252371,Jude Bellingham,,false,MID,AM,DM,game fallback,CAM,CM,90,89,A,England,Real Madrid,LALIGA EA SPORTS,186,22,right,4,4,80,86,83,90,78,85,252371,9,https://www.ea.com/games/ea-sports-fc/ratings/player-ratings/jude-bellingham/252371,待中文名与能力审阅
s4-fc26-231866,Rodri,,false,MID,DM,AM,FC26 alternative position,CDM,CM,90,89,A,Spain,Manchester City,Premier League,190,29,right,4,3,65,80,86,84,86,85,231866,6,https://www.ea.com/games/ea-sports-fc/ratings/player-ratings/rodri/231866,待中文名与能力审阅
s4-fc26-212622,Joshua Kimmich,,false,MID,DM,RB,FC26 alternative position,CDM,RB|CM,89,89,A,Germany,FC Bayern München,Bundesliga,177,31,right,4,3,72,74,89,84,83,79,212622,20,https://www.ea.com/games/ea-sports-fc/ratings/player-ratings/joshua-kimmich/212622,待中文名与能力审阅
s4-fc26-277643,Lamine Yamal,,false,MID,RM,RW,FC26 alternative position,RM,RW,89,89,A,Spain,FC Barcelona,LALIGA EA SPORTS,180,18,left,3,5,85,81,86,90,23,53,277643,14,https://www.ea.com/games/ea-sports-fc/ratings/player-ratings/lamine-yamal/277643,待中文名与能力审阅
s4-fc26-251854,Pedri,,false,MID,AM,DM,FC26 alternative position,CM,CDM|CAM,89,89,A,Spain,FC Barcelona,LALIGA EA SPORTS,174,23,right,4,4,77,73,85,91,78,77,251854,19,https://www.ea.com/games/ea-sports-fc/ratings/player-ratings/pedri/251854,待中文名与能力审阅
s4-fc26-233419,Raphinha,,false,MID,LM,LW,FC26 alternative position,LM,LW,89,89,A,Brazil,FC Barcelona,LALIGA EA SPORTS,176,29,left,4,4,91,84,85,87,53,75,233419,11,https://www.ea.com/games/ea-sports-fc/ratings/player-ratings/raphinha/233419,待中文名与能力审阅
s4-fc26-255253,Vitinha,,false,MID,AM,DM,FC26 alternative position,CM,CDM|CAM,89,89,A,Portugal,Paris SG,Ligue 1 McDonald's,172,26,right,3,4,72,80,86,90,75,70,255253,15,https://www.ea.com/games/ea-sports-fc/ratings/player-ratings/vitinha/255253,待中文名与能力审阅
s4-fc26-239053,Federico Valverde,,false,MID,AM,DM,FC26 alternative position,CM,CDM|RB,89,88,A,Uruguay,Real Madrid,LALIGA EA SPORTS,182,27,right,4,3,88,84,84,84,83,85,239053,24,https://www.ea.com/games/ea-sports-fc/ratings/player-ratings/federico-valverde/239053,待中文名与能力审阅
s4-fc26-256630,Florian Wirtz,,false,MID,AM,ST,FC26 alternative position,CAM,ST|CM,89,88,A,Germany,Liverpool,Premier League,177,22,right,4,4,80,82,88,90,54,67,256630,27,https://www.ea.com/games/ea-sports-fc/ratings/player-ratings/florian-wirtz/256630,待中文名与能力审阅
s4-fc26-256790,Jamal Musiala,,false,MID,AM,LM,FC26 alternative position,CAM,LM|CM|ST,88,88,A,Germany,FC Bayern München,Bundesliga,184,23,right,4,5,80,82,80,90,66,65,256790,37,https://www.ea.com/games/ea-sports-fc/ratings/player-ratings/jamal-musiala/256790,待中文名与能力审阅
s4-fc26-257534,Cole Palmer,,false,MID,AM,RM,FC26 alternative position,CAM,RM|ST,87,88,A,England,Chelsea,Premier League,185,23,left,3,4,75,83,87,87,50,65,257534,44,https://www.ea.com/games/ea-sports-fc/ratings/player-ratings/cole-palmer/257534,待中文名与能力审阅
s4-fc26-228702,Frenkie de Jong,,false,MID,AM,DM,FC26 alternative position,CM,CDM,87,88,A,Holland,FC Barcelona,LALIGA EA SPORTS,181,28,right,3,4,82,71,85,87,78,77,228702,52,https://www.ea.com/games/ea-sports-fc/ratings/player-ratings/frenkie-de-jong/228702,待中文名与能力审阅
s4-fc26-192985,Kevin De Bruyne,,false,MID,AM,DM,game fallback,CM,CAM,87,88,A,Belgium,SSC Napoli,Serie A Enilive,181,34,right,5,4,66,83,92,84,65,72,192985,51,https://www.ea.com/games/ea-sports-fc/ratings/player-ratings/kevin-de-bruyne/192985,待中文名与能力审阅
s4-fc26-256079,Moisés Caicedo,,false,MID,DM,AM,FC26 alternative position,CDM,CM,87,88,A,Ecuador,Chelsea,Premier League,178,24,right,3,3,71,64,78,81,84,82,256079,54,https://www.ea.com/games/ea-sports-fc/ratings/player-ratings/moises-caicedo/256079,待中文名与能力审阅
s4-fc26-239837,Alexis Mac Allister,,false,MID,AM,DM,FC26 alternative position,CM,CDM,87,87,A,Argentina,Liverpool,Premier League,176,27,right,3,3,66,82,85,85,78,76,239837,68,https://www.ea.com/games/ea-sports-fc/ratings/player-ratings/alexis-mac-allister/239837,待中文名与能力审阅
s4-fc26-212198,Bruno Fernandes,,false,MID,AM,DM,game fallback,CAM,CM,87,87,A,Portugal,Man Utd,Premier League,179,31,right,4,4,67,83,89,83,65,75,212198,63,https://www.ea.com/games/ea-sports-fc/ratings/player-ratings/bruno-fernandes/212198,待中文名与能力审阅
s4-fc26-234378,Declan Rice,,false,MID,DM,AM,FC26 alternative position,CDM,CM,87,87,A,England,Arsenal,Premier League,185,27,right,3,3,72,73,84,80,83,83,234378,55,https://www.ea.com/games/ea-sports-fc/ratings/player-ratings/declan-rice/234378,待中文名与能力审阅
s4-fc26-222665,Martin Ødegaard,,false,MID,AM,DM,game fallback,CM,CAM,87,87,A,Norway,Arsenal,Premier League,178,27,left,2,5,68,79,88,87,67,65,222665,72,https://www.ea.com/games/ea-sports-fc/ratings/player-ratings/martin-degaard/222665,待中文名与能力审阅
s4-fc26-224232,Nicolò Barella,,false,MID,AM,DM,game fallback,CM,,87,87,A,Italy,Lombardia FC,Serie A Enilive,175,29,right,4,3,80,78,84,86,81,76,224232,77,https://www.ea.com/games/ea-sports-fc/ratings/player-ratings/nicolo-barella/224232,待中文名与能力审阅
s4-fc26-247851,Bruno Guimarães,,false,MID,AM,DM,FC26 alternative position,CM,CDM,86,87,A,Brazil,Newcastle Utd,Premier League,182,28,right,2,3,66,75,84,84,79,81,247851,88,https://www.ea.com/games/ea-sports-fc/ratings/player-ratings/bruno-guimaraes/247851,待中文名与能力审阅
s4-fc26-247827,Michael Olise,,false,MID,RM,RW,FC26 alternative position,RM,RW,86,87,A,France,FC Bayern München,Bundesliga,184,24,left,2,4,78,80,84,87,50,66,247827,83,https://www.ea.com/games/ea-sports-fc/ratings/player-ratings/michael-olise/247827,待中文名与能力审阅
s4-fc26-211110,Paulo Dybala,,false,MID,AM,ST,FC26 alternative position,CAM,ST,86,87,A,Argentina,AS Roma,Serie A Enilive,177,32,left,3,5,80,85,84,87,41,64,211110,87,https://www.ea.com/games/ea-sports-fc/ratings/player-ratings/paulo-dybala/211110,待中文名与能力审阅
s4-fc26-208128,Hakan Çalhanoğlu,,false,MID,DM,AM,FC26 alternative position,CDM,CM,86,86,A,Turkey,Lombardia FC,Serie A Enilive,178,32,right,5,4,71,81,87,82,81,73,208128,93,https://www.ea.com/games/ea-sports-fc/ratings/player-ratings/hakan-calhanoglu/208128,待中文名与能力审阅
s4-fc26-256516,Nico Williams,,false,MID,LM,RM,FC26 alternative position,LM,RM|LW,86,86,A,Spain,Athletic Club,LALIGA EA SPORTS,181,23,right,5,4,93,76,80,87,36,66,256516,97,https://www.ea.com/games/ea-sports-fc/ratings/player-ratings/nico-williams/256516,待中文名与能力审阅
s4-fc26-241096,Sandro Tonali,,false,MID,DM,AM,FC26 alternative position,CDM,CM,86,86,A,Italy,Newcastle Utd,Premier League,181,25,right,4,3,79,74,82,80,81,83,241096,96,https://www.ea.com/games/ea-sports-fc/ratings/player-ratings/sandro-tonali/241096,待中文名与能力审阅
s4-fc26-240638,Tijjani Reijnders,,false,MID,AM,DM,FC26 alternative position,CM,CDM|CAM,86,86,A,Holland,Manchester City,Premier League,185,27,right,4,4,79,79,82,85,77,77,240638,100,https://www.ea.com/games/ea-sports-fc/ratings/player-ratings/tijjani-reijnders/240638,待中文名与能力审阅
s4-fc26-272834,João Neves,,false,MID,AM,DM,FC26 alternative position,CM,CDM,85,86,A,Portugal,Paris SG,Ligue 1 McDonald's,174,21,right,4,3,74,69,80,84,82,83,272834,116,https://www.ea.com/games/ea-sports-fc/ratings/player-ratings/joao-neves/272834,待中文名与能力审阅
s4-fc26-246104,Ryan Gravenberch,,false,MID,DM,AM,FC26 alternative position,CDM,CM,85,86,A,Holland,Liverpool,Premier League,190,23,right,4,4,76,76,81,85,81,81,246104,109,https://www.ea.com/games/ea-sports-fc/ratings/player-ratings/ryan-gravenberch/246104,待中文名与能力审阅
s4-fc26-237238,Scott McTominay,,false,MID,AM,DM,game fallback,CM,CAM,85,86,A,Scotland,SSC Napoli,Serie A Enilive,193,29,right,3,3,76,82,77,80,80,85,237238,108,https://www.ea.com/games/ea-sports-fc/ratings/player-ratings/scott-mc-tominay/237238,待中文名与能力审阅
s4-fc26-244260,Dani Olmo,,false,MID,AM,ST,FC26 alternative position,CAM,CM|ST,85,85,B,Spain,FC Barcelona,LALIGA EA SPORTS,179,27,right,4,4,73,79,83,87,50,56,244260,153,https://www.ea.com/games/ea-sports-fc/ratings/player-ratings/dani-olmo/244260,待中文名与能力审阅
s4-fc26-226271,Fabián Ruiz,,false,MID,AM,DM,FC26 alternative position,CM,CDM,85,85,B,Spain,Paris SG,Ligue 1 McDonald's,189,29,left,3,3,61,77,80,81,75,72,226271,138,https://www.ea.com/games/ea-sports-fc/ratings/player-ratings/fabian-ruiz/226271,待中文名与能力审阅
s4-fc26-199503,Granit Xhaka,,false,MID,DM,AM,FC26 alternative position,CDM,CM,85,85,B,Switzerland,Sunderland,Premier League,186,33,left,3,3,47,75,85,74,78,82,199503,144,https://www.ea.com/games/ea-sports-fc/ratings/player-ratings/granit-xhaka/199503,待中文名与能力审阅
s4-fc26-241084,Luis Díaz,,false,MID,LM,LW,FC26 alternative position,LM,LW|ST,85,85,B,Colombia,FC Bayern München,Bundesliga,180,29,right,4,4,88,81,76,87,45,75,241084,132,https://www.ea.com/games/ea-sports-fc/ratings/player-ratings/luis-diaz/241084,待中文名与能力审阅
s4-fc26-215914,N'Golo Kanté,,false,MID,DM,AM,FC26 alternative position,CDM,CM,85,85,B,France,Al Ittihad,ROSHN Saudi League,168,35,right,3,2,77,65,73,80,85,79,215914,122,https://www.ea.com/games/ea-sports-fc/ratings/player-ratings/n-golo-kante/215914,待中文名与能力审阅
s4-fc26-216393,Youri Tielemans,,false,MID,AM,DM,FC26 alternative position,CM,CDM|CAM,85,85,B,Belgium,Aston Villa,Premier League,176,28,right,4,4,54,79,85,80,75,72,216393,139,https://www.ea.com/games/ea-sports-fc/ratings/player-ratings/youri-tielemans/216393,待中文名与能力审阅
s4-fc26-241637,Aurélien Tchouaméni,,false,MID,DM,AM,FC26 alternative position,CDM,CM|CB,84,85,B,France,Real Madrid,LALIGA EA SPORTS,187,26,right,3,3,71,69,79,78,81,82,241637,182,https://www.ea.com/games/ea-sports-fc/ratings/player-ratings/aurelien-tchouameni/241637,待中文名与能力审阅
s4-fc26-212616,Rodrigo De Paul,,false,MID,AM,DM,FC26 alternative position,CM,CDM|CAM,84,85,B,Argentina,Inter Miami CF,MLS,180,31,right,3,4,75,78,83,83,76,83,212616,164,https://www.ea.com/games/ea-sports-fc/ratings/player-ratings/rodrigo-de-paul/212616,待中文名与能力审阅
s4-fc26-244675,Sancet,,false,MID,AM,ST,FC26 alternative position,CAM,CM|ST,84,85,B,Spain,Athletic Club,LALIGA EA SPORTS,188,25,right,4,4,76,83,80,85,70,82,244675,166,https://www.ea.com/games/ea-sports-fc/ratings/player-ratings/sancet/244675,待中文名与能力审阅
s4-fc26-223848,Sergej Milinković-Savić,,false,MID,AM,DM,FC26 alternative position,CM,CDM|CAM,84,85,B,Serbia,Al Hilal,ROSHN Saudi League,192,31,right,5,4,62,80,81,81,78,88,223848,175,https://www.ea.com/games/ea-sports-fc/ratings/player-ratings/sergej-milinkovic-savic/223848,待中文名与能力审阅
s4-fc26-257279,Álex Baena,,false,MID,LM,ST,FC26 alternative position,LM,ST|LW,84,84,B,Spain,Atlético de Madrid,LALIGA EA SPORTS,175,24,right,4,3,79,76,84,82,65,68,257279,196,https://www.ea.com/games/ea-sports-fc/ratings/player-ratings/alex-baena/257279,待中文名与能力审阅
s4-fc26-218667,Bernardo Silva,,false,MID,AM,RM,FC26 alternative position,CM,RM|CDM|CAM,84,84,B,Portugal,Manchester City,Premier League,173,31,left,3,4,61,78,83,89,71,65,218667,208,https://www.ea.com/games/ea-sports-fc/ratings/player-ratings/bernardo-silva/218667,待中文名与能力审阅
s4-fc26-242516,Cody Gakpo,,false,MID,LM,LW,FC26 alternative position,LM,LW,84,84,B,Holland,Liverpool,Premier League,189,26,right,4,4,83,82,80,83,47,74,242516,207,https://www.ea.com/games/ea-sports-fc/ratings/player-ratings/cody-gakpo/242516,待中文名与能力审阅
s4-fc26-247090,Enzo Fernández,,false,MID,AM,DM,FC26 alternative position,CM,CDM|CAM,84,84,B,Argentina,Chelsea,Premier League,178,25,right,4,3,68,75,85,81,73,75,247090,193,https://www.ea.com/games/ea-sports-fc/ratings/player-ratings/enzo-fernandez/247090,待中文名与能力审阅
s4-fc26-231521,Exequiel Palacios,,false,MID,AM,DM,FC26 alternative position,CM,CDM,84,84,B,Argentina,Leverkusen,Bundesliga,178,27,right,4,3,62,76,80,82,81,71,231521,199,https://www.ea.com/games/ea-sports-fc/ratings/player-ratings/exequiel-palacios/231521,待中文名与能力审阅
s4-fc26-210035,Grimaldo,,false,MID,LM,LB,FC26 alternative position,LM,LB|LW,84,84,B,Spain,Leverkusen,Bundesliga,171,30,left,2,4,72,73,87,85,74,67,210035,190,https://www.ea.com/games/ea-sports-fc/ratings/player-ratings/grimaldo/210035,待中文名与能力审阅
s4-fc26-222077,Manuel Locatelli,,false,MID,DM,AM,FC26 alternative position,CDM,CM,84,84,B,Italy,Juventus,Serie A Enilive,185,28,right,4,3,63,69,80,76,81,78,222077,209,https://www.ea.com/games/ea-sports-fc/ratings/player-ratings/manuel-locatelli/222077,待中文名与能力审阅
s4-fc26-220502,Mattia Zaccagni,,false,MID,LM,LW,FC26 alternative position,LM,LW,84,84,B,Italy,Latium,Serie A Enilive,177,30,right,4,4,88,78,77,87,57,66,220502,197,https://www.ea.com/games/ea-sports-fc/ratings/player-ratings/mattia-zaccagni/220502,待中文名与能力审阅
s4-fc26-224293,Rúben Neves,,false,MID,DM,AM,FC26 alternative position,CDM,CM,84,84,B,Portugal,Al Hilal,ROSHN Saudi League,180,29,right,4,3,57,75,87,77,77,76,224293,206,https://www.ea.com/games/ea-sports-fc/ratings/player-ratings/ruben-neves/224293,待中文名与能力审阅
s4-fc26-245367,Xavi Simons,,false,MID,AM,LM,FC26 alternative position,CAM,LM|ST,84,84,B,Holland,Spurs,Premier League,179,22,right,3,4,77,77,80,87,61,70,245367,201,https://www.ea.com/games/ea-sports-fc/ratings/player-ratings/xavi-simons/245367,待中文名与能力审阅
s4-fc26-197781,Isco,,false,MID,AM,LM,FC26 alternative position,CAM,LM|CM,84,83,B,Spain,Real Betis,LALIGA EA SPORTS,176,33,right,4,4,66,79,85,85,59,60,197781,220,https://www.ea.com/games/ea-sports-fc/ratings/player-ratings/isco/197781,待中文名与能力审阅
s4-fc26-220697,James Maddison,,false,MID,AM,DM,FC26 alternative position,CM,CAM|CDM,84,83,B,England,Spurs,Premier League,175,29,right,4,4,67,81,86,85,58,64,220697,214,https://www.ea.com/games/ea-sports-fc/ratings/player-ratings/james-maddison/220697,待中文名与能力审阅
s4-fc26-241852,Moussa Diaby,,false,MID,RM,RW,FC26 alternative position,RM,RW,84,83,B,France,Al Ittihad,ROSHN Saudi League,170,26,left,3,4,95,75,77,87,44,54,241852,222,https://www.ea.com/games/ea-sports-fc/ratings/player-ratings/moussa-diaby/241852,待中文名与能力审阅
s4-fc26-204485,Riyad Mahrez,,false,MID,RM,RW,FC26 alternative position,RM,RW,84,83,B,Algeria,Al Ahli,ROSHN Saudi League,179,35,left,4,5,78,80,81,88,39,63,204485,225,https://www.ea.com/games/ea-sports-fc/ratings/player-ratings/riyad-mahrez/204485,待中文名与能力审阅
s4-fc26-210008,Adrien Rabiot,,false,MID,AM,DM,game fallback,CAM,CM,83,83,B,France,Milano FC,Serie A Enilive,191,30,left,3,3,81,79,81,80,77,84,210008,234,https://www.ea.com/games/ea-sports-fc/ratings/player-ratings/adrien-rabiot/210008,待中文名与能力审阅
s4-fc26-236772,Dominik Szoboszlai,,false,MID,AM,DM,game fallback,CAM,CM,83,83,B,Hungary,Liverpool,Premier League,186,25,right,4,4,79,82,84,82,67,76,236772,236,https://www.ea.com/games/ea-sports-fc/ratings/player-ratings/dominik-szoboszlai/236772,待中文名与能力审阅
s4-fc26-248243,Eduardo Camavinga,,false,MID,AM,DM,FC26 alternative position,CM,CDM|LB,83,83,B,France,Real Madrid,LALIGA EA SPORTS,185,23,left,3,4,80,68,81,84,78,80,248243,235,https://www.ea.com/games/ea-sports-fc/ratings/player-ratings/eduardo-camavinga/248243,待中文名与能力审阅
s4-fc26-192883,Henrikh Mkhitaryan,,false,MID,AM,DM,game fallback,CM,,83,83,B,Armenia,Lombardia FC,Serie A Enilive,177,37,right,5,4,77,78,82,83,72,75,192883,237,https://www.ea.com/games/ea-sports-fc/ratings/player-ratings/henrikh-mkhitaryan/192883,待中文名与能力审阅
s4-fc26-223959,Lucas Torreira,,false,MID,DM,AM,FC26 alternative position,CDM,CM,83,83,B,Uruguay,Galatasaray,Trendyol Süper Lig,166,30,right,3,3,76,72,78,81,81,79,223959,238,https://www.ea.com/games/ea-sports-fc/ratings/player-ratings/lucas-torreira/223959,待中文名与能力审阅
s4-fc26-244669,Morten Hjulmand,,false,MID,DM,AM,FC26 alternative position,CDM,CM,83,83,B,Denmark,Sporting CP,Liga Portugal,185,26,right,4,3,70,76,78,77,80,84,244669,242,https://www.ea.com/games/ea-sports-fc/ratings/player-ratings/morten-hjulmand/244669,待中文名与能力审阅
s4-fc26-228813,Aleix García,,false,MID,AM,DM,FC26 alternative position,CM,CDM,83,82,B,Spain,Leverkusen,Bundesliga,173,28,right,3,3,65,75,85,84,75,66,228813,265,https://www.ea.com/games/ea-sports-fc/ratings/player-ratings/aleix-garcia/228813,待中文名与能力审阅
s4-fc26-247394,Dejan Kulusevski,,false,MID,AM,RW,FC26 alternative position,CM,RW|CAM,83,82,B,Sweden,Spurs,Premier League,186,25,left,3,4,74,79,84,85,62,81,247394,243,https://www.ea.com/games/ea-sports-fc/ratings/player-ratings/dejan-kulusevski/247394,待中文名与能力审阅
s4-fc26-216201,Iñaki Williams,,false,MID,RM,ST,FC26 alternative position,RM,ST|RW,83,82,B,Ghana,Athletic Club,LALIGA EA SPORTS,186,31,right,3,4,94,81,74,80,45,84,216201,249,https://www.ea.com/games/ea-sports-fc/ratings/player-ratings/inaki-williams/216201,待中文名与能力审阅
s4-fc26-207410,Mateo Kovačić,,false,MID,AM,DM,FC26 alternative position,CM,CDM|CAM,83,82,B,Croatia,Manchester City,Premier League,178,31,right,4,3,67,74,81,83,73,72,207410,264,https://www.ea.com/games/ea-sports-fc/ratings/player-ratings/mateo-kovacic/207410,待中文名与能力审阅
s4-fc26-240243,Matheus Cunha,,false,MID,AM,LW,FC26 alternative position,CAM,LW|ST,83,82,B,Brazil,Man Utd,Premier League,183,26,right,4,4,77,85,79,84,44,75,240243,276,https://www.ea.com/games/ea-sports-fc/ratings/player-ratings/matheus-cunha/240243,待中文名与能力审阅
s4-fc26-225193,Mikel Merino,,false,MID,AM,ST,FC26 alternative position,CM,ST,83,82,B,Spain,Arsenal,Premier League,189,29,left,3,3,63,79,80,80,81,80,225193,245,https://www.ea.com/games/ea-sports-fc/ratings/player-ratings/mikel-merino/225193,待中文名与能力审阅
s4-fc26-240950,Pedro Gonçalves,,false,MID,AM,LM,FC26 alternative position,CAM,LM|CM,83,82,B,Portugal,Sporting CP,Liga Portugal,173,27,right,4,4,77,82,83,84,63,68,240950,250,https://www.ea.com/games/ea-sports-fc/ratings/player-ratings/pedro-goncalves/240950,待中文名与能力审阅
s4-fc26-208722,Sadio Mané,,false,MID,LM,RM,FC26 alternative position,LM,RM|ST|LW,83,82,B,Senegal,Al Nassr,ROSHN Saudi League,174,33,right,4,4,82,81,78,85,44,75,208722,274,https://www.ea.com/games/ea-sports-fc/ratings/player-ratings/sadio-mane/208722,待中文名与能力审阅
s4-fc26-216435,Stanislav Lobotka,,false,MID,AM,DM,FC26 alternative position,CM,CDM,83,82,B,Slovakia,SSC Napoli,Serie A Enilive,170,31,right,4,3,71,69,80,82,76,71,216435,267,https://www.ea.com/games/ea-sports-fc/ratings/player-ratings/stanislav-lobotka/216435,待中文名与能力审阅
s4-fc26-209989,Thomas Partey,,false,MID,DM,AM,FC26 alternative position,CDM,CM|RB,83,82,B,Ghana,Villarreal CF,LALIGA EA SPORTS,185,32,right,3,3,59,71,80,77,80,82,209989,266,https://www.ea.com/games/ea-sports-fc/ratings/player-ratings/thomas-partey/209989,待中文名与能力审阅
s4-fc26-250959,Angelo Stiller,,false,MID,DM,AM,FC26 alternative position,CDM,CM,83,81,B,Germany,VfB Stuttgart,Bundesliga,183,24,left,3,3,56,58,83,84,76,71,250959,293,https://www.ea.com/games/ea-sports-fc/ratings/player-ratings/angelo-stiller/250959,待中文名与能力审阅
s4-fc26-236987,Boubacar Kamara,,false,MID,DM,AM,FC26 alternative position,CDM,CM,83,81,B,France,Aston Villa,Premier League,184,26,right,3,3,64,55,74,75,83,80,236987,290,https://www.ea.com/games/ea-sports-fc/ratings/player-ratings/boubacar-kamara/236987,待中文名与能力审阅
s4-fc26-235794,Eberechi Eze,,false,MID,AM,LW,FC26 alternative position,CAM,LW|ST,83,81,B,England,Arsenal,Premier League,178,27,right,4,4,74,80,81,87,50,68,235794,280,https://www.ea.com/games/ea-sports-fc/ratings/player-ratings/eberechi-eze/235794,待中文名与能力审阅
s4-fc26-264240,Gavi,,false,MID,AM,DM,game fallback,CM,CAM,83,81,B,Spain,FC Barcelona,LALIGA EA SPORTS,173,21,right,3,3,76,66,78,85,68,70,264240,279,https://www.ea.com/games/ea-sports-fc/ratings/player-ratings/gavi/264240,待中文名与能力审阅
s4-fc26-186942,İlkay Gündoğan,,false,MID,AM,DM,FC26 alternative position,CM,CDM|CAM,83,81,B,Germany,Galatasaray,Trendyol Süper Lig,180,35,right,4,3,54,79,83,80,74,67,186942,282,https://www.ea.com/games/ea-sports-fc/ratings/player-ratings/ilkay-gundogan/186942,待中文名与能力审阅
s4-fc26-224371,Jarrod Bowen,,false,MID,RM,ST,FC26 alternative position,RM,ST|RW,83,81,B,England,West Ham,Premier League,175,29,left,4,4,76,81,78,82,46,70,224371,286,https://www.ea.com/games/ea-sports-fc/ratings/player-ratings/jarrod-bowen/224371,待中文名与能力审阅
s4-fc26-212194,Julian Brandt,,false,MID,AM,DM,game fallback,CAM,CM,83,81,B,Germany,Borussia Dortmund,Bundesliga,185,29,right,4,4,74,78,83,84,44,70,212194,285,https://www.ea.com/games/ea-sports-fc/ratings/player-ratings/julian-brandt/212194,待中文名与能力审阅
s4-fc26-213345,Kingsley Coman,,false,MID,LM,RM,FC26 alternative position,LM,RM|LW,83,81,B,France,Al Nassr,ROSHN Saudi League,181,29,right,3,5,87,75,79,87,30,61,213345,301,https://www.ea.com/games/ea-sports-fc/ratings/player-ratings/kingsley-coman/213345,待中文名与能力审阅
s4-fc26-229391,Palhinha,,false,MID,DM,AM,FC26 alternative position,CDM,CM,83,81,B,Portugal,Spurs,Premier League,190,30,right,4,2,56,68,70,72,84,85,229391,284,https://www.ea.com/games/ea-sports-fc/ratings/player-ratings/palhinha/229391,待中文名与能力审阅
s4-fc26-248148,Zubimendi,,false,MID,DM,AM,FC26 alternative position,CDM,CM,83,81,B,Spain,Arsenal,Premier League,180,27,right,4,3,66,67,79,79,80,73,248148,277,https://www.ea.com/games/ea-sports-fc/ratings/player-ratings/zubimendi/248148,待中文名与能力审阅
s4-fc26-227236,André-Franck Zambo Anguissa,,false,MID,AM,DM,game fallback,CM,CAM,82,80,B,Cameroon,SSC Napoli,Serie A Enilive,184,30,right,3,3,75,75,75,79,79,85,227236,323,https://www.ea.com/games/ea-sports-fc/ratings/player-ratings/andre-franck-zambo-anguissa/227236,待中文名与能力审阅
s4-fc26-229261,Denis Zakaria,,false,MID,DM,AM,FC26 alternative position,CDM,CM,82,80,B,Switzerland,AS Monaco,Ligue 1 McDonald's,190,29,right,3,3,80,67,74,77,80,85,229261,330,https://www.ea.com/games/ea-sports-fc/ratings/player-ratings/denis-zakaria/229261,待中文名与能力审阅
s4-fc26-266866,Éderson,,false,MID,AM,DM,game fallback,CM,,82,80,B,Brazil,Bergamo Calcio,Serie A Enilive,182,26,right,3,3,78,72,77,80,80,81,266866,324,https://www.ea.com/games/ea-sports-fc/ratings/player-ratings/ederson/266866,待中文名与能力审阅
s4-fc26-246863,Felix Nmecha,,false,MID,DM,AM,FC26 alternative position,CDM,CM,82,80,B,Germany,Borussia Dortmund,Bundesliga,194,25,right,3,4,82,74,73,81,80,86,246863,320,https://www.ea.com/games/ea-sports-fc/ratings/player-ratings/felix-nmecha/246863,待中文名与能力审阅
s4-fc26-223334,Joelinton,,false,MID,AM,LW,FC26 alternative position,CM,LW|LM,82,80,B,Brazil,Newcastle Utd,Premier League,186,29,right,3,3,74,73,77,81,82,90,223334,316,https://www.ea.com/games/ea-sports-fc/ratings/player-ratings/joelinton/223334,待中文名与能力审阅
s4-fc26-209658,Leon Goretzka,,false,MID,AM,DM,FC26 alternative position,CM,CDM|CAM,82,80,B,Germany,FC Bayern München,Bundesliga,189,31,right,4,3,77,78,80,80,80,82,209658,315,https://www.ea.com/games/ea-sports-fc/ratings/player-ratings/leon-goretzka/209658,待中文名与能力审阅
s4-fc26-256853,Malik Tillman,,false,MID,AM,LW,FC26 alternative position,CAM,LW|CM,82,80,B,United States,Leverkusen,Bundesliga,187,23,right,3,4,84,76,77,83,65,77,256853,335,https://www.ea.com/games/ea-sports-fc/ratings/player-ratings/malik-tillman/256853,待中文名与能力审阅
s4-fc26-260247,Morgan Rogers,,false,MID,AM,RM,FC26 alternative position,CAM,RM|LM|CM,82,80,B,England,Aston Villa,Premier League,188,23,right,4,4,77,77,79,84,67,79,260247,332,https://www.ea.com/games/ea-sports-fc/ratings/player-ratings/morgan-rogers/260247,待中文名与能力审阅
s4-fc26-243245,Orkun Kökçü,,false,MID,AM,DM,FC26 alternative position,CM,CAM|CDM,82,80,B,Turkey,Beşiktaş,Trendyol Süper Lig,175,25,right,5,3,72,80,84,80,70,79,243245,327,https://www.ea.com/games/ea-sports-fc/ratings/player-ratings/orkun-kokcu/243245,待中文名与能力审阅
s4-fc26-210411,Otávio,,false,MID,AM,RM,FC26 alternative position,CAM,CM|RM,82,80,B,Portugal,Al Qadsiah,ROSHN Saudi League,171,31,right,3,4,78,71,82,85,70,75,210411,336,https://www.ea.com/games/ea-sports-fc/ratings/player-ratings/otavio/210411,待中文名与能力审阅
s4-fc26-225201,Álex Berenguer,,false,MID,LM,RM,FC26 alternative position,LM,RM|CAM|LW,82,79,C,Spain,Athletic Club,LALIGA EA SPORTS,175,30,right,4,3,84,77,79,84,65,69,225201,343,https://www.ea.com/games/ea-sports-fc/ratings/player-ratings/alex-berenguer/225201,待中文名与能力审阅
s4-fc26-209499,Fabinho,,false,MID,DM,AM,FC26 alternative position,CDM,CM,82,79,C,Brazil,Al Ittihad,ROSHN Saudi League,188,32,right,2,3,53,69,78,77,81,80,209499,378,https://www.ea.com/games/ea-sports-fc/ratings/player-ratings/fabinho/209499,待中文名与能力审阅
s4-fc26-226226,Giovani Lo Celso,,false,MID,AM,DM,FC26 alternative position,CAM,CM|CDM,82,79,C,Argentina,Real Betis,LALIGA EA SPORTS,177,29,left,3,4,68,81,82,84,68,71,226226,350,https://www.ea.com/games/ea-sports-fc/ratings/player-ratings/giovani-lo-celso/226226,待中文名与能力审阅
s4-fc26-255565,Kaoru Mitoma,,false,MID,LM,LW,FC26 alternative position,LM,LW,82,79,C,Japan,Brighton,Premier League,178,28,right,4,4,87,73,76,86,57,64,255565,373,https://www.ea.com/games/ea-sports-fc/ratings/player-ratings/kaoru-mitoma/255565,待中文名与能力审阅
s4-fc26-222492,Leroy Sané,,false,MID,RM,LM,FC26 alternative position,RM,LM|RW,82,79,C,Germany,Galatasaray,Trendyol Süper Lig,183,30,left,2,4,87,81,78,85,37,68,222492,383,https://www.ea.com/games/ea-sports-fc/ratings/player-ratings/leroy-sane/222492,待中文名与能力审阅
s4-fc26-222737,Malcom,,false,MID,AM,RM,FC26 alternative position,CAM,RM|LM|CM,82,79,C,Brazil,Al Hilal,ROSHN Saudi League,172,29,left,3,4,89,78,79,84,43,73,222737,369,https://www.ea.com/games/ea-sports-fc/ratings/player-ratings/malcom/222737,待中文名与能力审阅
s4-fc26-236496,Mattéo Guendouzi,,false,MID,DM,AM,FC26 alternative position,CDM,CM,82,79,C,France,Latium,Serie A Enilive,185,26,right,3,4,72,73,80,80,77,77,236496,341,https://www.ea.com/games/ea-sports-fc/ratings/player-ratings/matteo-guendouzi/236496,待中文名与能力审阅
s4-fc26-236015,Morgan Gibbs-White,,false,MID,AM,ST,FC26 alternative position,CAM,ST,82,79,C,England,Nott'm Forest,Premier League,179,26,right,3,4,75,77,82,84,60,72,236015,356,https://www.ea.com/games/ea-sports-fc/ratings/player-ratings/morgan-gibbs-white/236015,待中文名与能力审阅
s4-fc26-272449,Pablo Barrios,,false,MID,AM,DM,FC26 alternative position,CM,CDM,82,79,C,Spain,Atlético de Madrid,LALIGA EA SPORTS,181,22,right,3,3,80,70,74,80,74,71,272449,360,https://www.ea.com/games/ea-sports-fc/ratings/player-ratings/pablo-barrios/272449,待中文名与能力审阅
s4-fc26-233556,Riccardo Orsolini,,false,MID,RM,RW,FC26 alternative position,RM,RW,82,79,C,Italy,Bologna,Serie A Enilive,183,29,left,4,4,79,81,79,83,49,67,233556,379,https://www.ea.com/games/ea-sports-fc/ratings/player-ratings/riccardo-orsolini/233556,待中文名与能力审阅
s4-fc26-210602,Salem Al Dawsari,,false,MID,LM,LW,FC26 alternative position,LM,LW,82,79,C,Saudi Arabia,Al Hilal,ROSHN Saudi League,173,34,right,5,4,87,75,75,84,57,81,210602,339,https://www.ea.com/games/ea-sports-fc/ratings/player-ratings/salem-al-dawsari/210602,待中文名与能力审阅
s4-fc26-251470,Charles De Ketelaere,,false,MID,AM,ST,FC26 alternative position,CAM,ST|CM,82,78,C,Belgium,Bergamo Calcio,Serie A Enilive,192,25,left,3,4,70,79,80,83,56,68,251470,385,https://www.ea.com/games/ea-sports-fc/ratings/player-ratings/charles-de-ketelaere/251470,待中文名与能力审阅
s4-fc26-231416,Dodi Lukébakio,,false,MID,RM,RW,FC26 alternative position,RM,RW|ST,82,78,C,Belgium,SL Benfica,Liga Portugal,187,28,left,3,4,87,81,76,83,31,64,231416,415,https://www.ea.com/games/ea-sports-fc/ratings/player-ratings/dodi-lukebakio/231416,待中文名与能力审阅
s4-fc26-192318,Mario Götze,,false,MID,AM,RM,FC26 alternative position,CM,CAM|RM|CDM,82,78,C,Germany,Frankfurt,Bundesliga,176,33,right,4,4,60,75,85,85,56,67,192318,404,https://www.ea.com/games/ea-sports-fc/ratings/player-ratings/mario-gotze/192318,待中文名与能力审阅
s4-fc26-246147,Mason Greenwood,,false,MID,RM,AM,FC26 alternative position,RM,CAM|RW,82,78,C,England,OM,Ligue 1 McDonald's,181,24,left,5,4,83,83,77,83,37,63,246147,410,https://www.ea.com/games/ea-sports-fc/ratings/player-ratings/mason-greenwood/246147,待中文名与能力审阅
s4-fc26-189513,Parejo,,false,MID,AM,DM,FC26 alternative position,CM,CDM,82,78,C,Spain,Villarreal CF,LALIGA EA SPORTS,182,36,right,4,3,39,80,87,78,74,67,189513,411,https://www.ea.com/games/ea-sports-fc/ratings/player-ratings/parejo/189513,待中文名与能力审阅
s4-fc26-213648,Pierre-Emile Højbjerg,,false,MID,DM,AM,FC26 alternative position,CDM,CM,82,78,C,Denmark,OM,Ligue 1 McDonald's,187,30,right,4,3,49,73,78,74,78,80,213648,393,https://www.ea.com/games/ea-sports-fc/ratings/player-ratings/pierre-emile-h-jbjerg/213648,待中文名与能力审阅
s4-fc26-216547,Rafa,,false,MID,AM,ST,FC26 alternative position,CAM,ST|LM,82,78,C,Portugal,Beşiktaş,Trendyol Süper Lig,172,32,right,2,4,89,75,78,85,48,55,216547,398,https://www.ea.com/games/ea-sports-fc/ratings/player-ratings/rafa/216547,待中文名与能力审阅
s4-fc26-232639,Ritsu Doan,,false,MID,RM,RB,FC26 alternative position,RM,RB,82,78,C,Japan,Frankfurt,Bundesliga,172,27,left,3,4,82,71,78,85,41,64,232639,417,https://www.ea.com/games/ea-sports-fc/ratings/player-ratings/ritsu-doan/232639,待中文名与能力审阅
s4-fc26-206113,Serge Gnabry,,false,MID,LM,RM,FC26 alternative position,LM,RM|ST|LW,82,78,C,Germany,FC Bayern München,Bundesliga,176,30,right,4,4,79,83,78,84,43,66,206113,389,https://www.ea.com/games/ea-sports-fc/ratings/player-ratings/serge-gnabry/206113,待中文名与能力审阅
s4-fc26-237681,Takefusa Kubo,,false,MID,RM,RW,FC26 alternative position,RM,RW,82,78,C,Japan,Real Sociedad,LALIGA EA SPORTS,173,24,left,4,4,86,77,78,85,40,64,237681,400,https://www.ea.com/games/ea-sports-fc/ratings/player-ratings/takefusa-kubo/237681,待中文名与能力审阅
s4-fc26-244778,Trincão,,false,MID,AM,RM,FC26 alternative position,CAM,RM|RW|ST,82,78,C,Portugal,Sporting CP,Liga Portugal,184,26,left,2,4,80,80,79,84,40,71,244778,388,https://www.ea.com/games/ea-sports-fc/ratings/player-ratings/trincao/244778,待中文名与能力审阅
s4-fc26-231410,Brahim,,false,MID,RM,LM,FC26 alternative position,RM,LM|CAM|RW,82,77,C,Morocco,Real Madrid,LALIGA EA SPORTS,170,26,right,5,4,82,74,79,85,31,58,231410,435,https://www.ea.com/games/ea-sports-fc/ratings/player-ratings/brahim/231410,待中文名与能力审阅
s4-fc26-272500,Carlos Baleba,,false,MID,DM,AM,FC26 alternative position,CDM,CM,81,77,C,Cameroon,Brighton,Premier League,183,22,left,3,3,74,70,75,80,79,79,272500,472,https://www.ea.com/games/ea-sports-fc/ratings/player-ratings/carlos-baleba/272500,待中文名与能力审阅
s4-fc26-238216,Conor Gallagher,,false,MID,AM,LM,FC26 alternative position,CM,CAM|LM,81,77,C,England,Atlético de Madrid,LALIGA EA SPORTS,182,26,right,4,3,75,76,80,78,79,84,238216,451,https://www.ea.com/games/ea-sports-fc/ratings/player-ratings/conor-gallagher/238216,待中文名与能力审阅
s4-fc26-219683,Corentin Tolisso,,false,MID,AM,DM,FC26 alternative position,CM,CDM|CAM,81,77,C,France,OL,Ligue 1 McDonald's,181,31,right,2,3,68,78,78,76,77,79,219683,473,https://www.ea.com/games/ea-sports-fc/ratings/player-ratings/corentin-tolisso/219683,待中文名与能力审阅
s4-fc26-239807,Davide Frattesi,,false,MID,AM,DM,game fallback,CM,,81,77,C,Italy,Lombardia FC,Serie A Enilive,178,26,right,4,3,82,77,78,82,73,72,239807,459,https://www.ea.com/games/ea-sports-fc/ratings/player-ratings/davide-frattesi/239807,待中文名与能力审阅
s4-fc26-208574,Filip Kostić,,false,MID,LM,LB,FC26 alternative position,LM,LB|LW,81,77,C,Serbia,Juventus,Serie A Enilive,184,33,left,2,3,82,76,81,80,70,77,208574,454,https://www.ea.com/games/ea-sports-fc/ratings/player-ratings/filip-kostic/208574,待中文名与能力审阅
s4-fc26-210881,John McGinn,,false,MID,LM,RM,FC26 alternative position,LM,RM|CAM|LB,81,77,C,Scotland,Aston Villa,Premier League,178,31,left,2,3,69,77,78,80,77,83,210881,457,https://www.ea.com/games/ea-sports-fc/ratings/player-ratings/john-mc-ginn/210881,待中文名与能力审阅
s4-fc26-247246,Khéphren Thuram,,false,MID,AM,DM,FC26 alternative position,CM,CDM,81,77,C,France,Juventus,Serie A Enilive,192,25,right,3,3,78,76,77,80,81,81,247246,450,https://www.ea.com/games/ea-sports-fc/ratings/player-ratings/khephren-thuram/247246,待中文名与能力审阅
s4-fc26-202648,Sergi Darder,,false,MID,LM,AM,FC26 alternative position,LM,CM|CDM|LW,81,77,C,Spain,RCD Mallorca,LALIGA EA SPORTS,180,32,right,3,3,77,76,81,80,73,77,202648,456,https://www.ea.com/games/ea-sports-fc/ratings/player-ratings/sergi-darder/202648,待中文名与能力审阅
s4-fc26-240679,Teun Koopmeiners,,false,MID,AM,DM,game fallback,CAM,CM,81,77,C,Holland,Juventus,Serie A Enilive,183,28,left,2,3,70,79,83,78,75,75,240679,466,https://www.ea.com/games/ea-sports-fc/ratings/player-ratings/teun-koopmeiners/240679,待中文名与能力审阅
s4-fc26-234060,Yangel Herrera,,false,MID,AM,DM,FC26 alternative position,CM,CDM|CAM,81,77,C,Venezuela,Real Sociedad,LALIGA EA SPORTS,184,28,right,3,3,65,76,77,79,80,81,234060,471,https://www.ea.com/games/ea-sports-fc/ratings/player-ratings/yangel-herrera/234060,待中文名与能力审阅
s4-fc26-212523,Anderson Talisca,,false,MID,AM,ST,FC26 alternative position,CAM,ST|RW|CM,81,76,C,Brazil,Fenerbahçe,Trendyol Süper Lig,191,32,left,4,4,76,86,80,81,45,74,212523,505,https://www.ea.com/games/ea-sports-fc/ratings/player-ratings/anderson-talisca/212523,待中文名与能力审阅
s4-fc26-235944,Brais Méndez,,false,MID,AM,RM,FC26 alternative position,CM,RM|CAM,81,76,C,Spain,Real Sociedad,LALIGA EA SPORTS,187,29,left,3,4,70,80,82,81,65,73,235944,484,https://www.ea.com/games/ea-sports-fc/ratings/player-ratings/brais-mendez/235944,待中文名与能力审阅
s4-fc26-235805,Federico Chiesa,,false,MID,RM,LM,FC26 alternative position,RM,LM|ST|RW,81,76,C,Italy,Liverpool,Premier League,175,28,right,4,4,87,80,75,83,44,68,235805,517,https://www.ea.com/games/ea-sports-fc/ratings/player-ratings/federico-chiesa/235805,待中文名与能力审阅
s4-fc26-253396,Giuliano Simeone,,false,MID,RM,ST,FC26 alternative position,RM,ST|LM|RW,81,76,C,Argentina,Atlético de Madrid,LALIGA EA SPORTS,173,23,right,3,3,91,73,72,81,45,81,253396,503,https://www.ea.com/games/ea-sports-fc/ratings/player-ratings/giuliano-simeone/253396,待中文名与能力审阅
s4-fc26-259516,Johnny Cardoso,,false,MID,DM,AM,FC26 alternative position,CDM,CM,81,76,C,United States,Atlético de Madrid,LALIGA EA SPORTS,185,24,right,2,3,72,67,76,78,80,77,259516,485,https://www.ea.com/games/ea-sports-fc/ratings/player-ratings/johnny-cardoso/259516,待中文名与能力审阅
s4-fc26-193747,Koke,,false,MID,AM,DM,FC26 alternative position,CM,CDM,81,76,C,Spain,Atlético de Madrid,LALIGA EA SPORTS,176,34,right,4,3,61,72,83,78,76,77,193747,494,https://www.ea.com/games/ea-sports-fc/ratings/player-ratings/koke/193747,待中文名与能力审阅
s4-fc26-216352,Marcelo Brozović,,false,MID,DM,AM,FC26 alternative position,CDM,CM,81,76,C,Croatia,Al Nassr,ROSHN Saudi League,181,33,right,4,3,63,73,78,79,78,80,216352,483,https://www.ea.com/games/ea-sports-fc/ratings/player-ratings/marcelo-brozovic/216352,待中文名与能力审阅
s4-fc26-208461,Marten de Roon,,false,MID,AM,DM,FC26 alternative position,CM,CDM,81,76,C,Holland,Bergamo Calcio,Serie A Enilive,186,35,right,3,3,61,74,77,76,83,80,208461,482,https://www.ea.com/games/ea-sports-fc/ratings/player-ratings/marten-de-roon/208461,待中文名与能力审阅
s4-fc26-225309,Nadiem Amiri,,false,MID,AM,DM,game fallback,CM,CAM,81,76,C,Germany,1. FSV Mainz 05,Bundesliga,180,29,right,3,4,65,79,82,82,62,72,225309,506,https://www.ea.com/games/ea-sports-fc/ratings/player-ratings/nadiem-amiri/225309,待中文名与能力审阅
s4-fc26-212242,Robert Andrich,,false,MID,DM,AM,FC26 alternative position,CDM,CM|CB,81,76,C,Germany,Leverkusen,Bundesliga,186,31,right,4,2,57,77,76,73,83,81,212242,495,https://www.ea.com/games/ea-sports-fc/ratings/player-ratings/robert-andrich/212242,待中文名与能力审阅
s4-fc26-245630,Youssouf Fofana,,false,MID,DM,AM,FC26 alternative position,CDM,CM,81,76,C,France,Milano FC,Serie A Enilive,181,27,right,3,3,68,68,75,78,79,77,245630,498,https://www.ea.com/games/ea-sports-fc/ratings/player-ratings/youssouf-fofana/245630,待中文名与能力审阅
s4-fc26-216354,Andrej Kramarić,,false,MID,AM,DM,game fallback,CAM,CM,81,75,C,Croatia,TSG Hoffenheim,Bundesliga,177,34,right,4,4,67,82,78,84,33,73,216354,556,https://www.ea.com/games/ea-sports-fc/ratings/player-ratings/andrej-kramaric/216354,待中文名与能力审阅
s4-fc26-264309,Arda Güler,,false,MID,RM,AM,FC26 alternative position,RM,CAM|RW,81,75,C,Turkey,Real Madrid,LALIGA EA SPORTS,175,21,left,3,4,70,77,83,83,52,50,264309,560,https://www.ea.com/games/ea-sports-fc/ratings/player-ratings/arda-guler/264309,待中文名与能力审阅
s4-fc26-232411,Christopher Nkunku,,false,MID,AM,LM,FC26 alternative position,CAM,LM|ST|CM,81,75,C,France,Milano FC,Serie A Enilive,177,28,right,3,5,77,79,80,82,40,59,232411,557,https://www.ea.com/games/ea-sports-fc/ratings/player-ratings/christopher-nkunku/232411,待中文名与能力审阅
s4-fc26-222509,Dani Ceballos,,false,MID,AM,DM,FC26 alternative position,CM,CDM,81,75,C,Spain,Real Madrid,LALIGA EA SPORTS,179,29,right,3,4,61,71,80,82,72,67,222509,532,https://www.ea.com/games/ea-sports-fc/ratings/player-ratings/dani-ceballos/222509,待中文名与能力审阅
s4-fc26-239482,Galeno,,false,MID,LM,LW,FC26 alternative position,LM,LW,81,75,C,Brazil,Al Ahli,ROSHN Saudi League,179,28,right,3,4,93,75,71,83,45,69,239482,520,https://www.ea.com/games/ea-sports-fc/ratings/player-ratings/galeno/239482,待中文名与能力审阅
s4-fc26-232498,Isi,,false,MID,AM,RM,FC26 alternative position,CAM,RM|ST|CM,81,75,C,Spain,Rayo Vallecano,LALIGA EA SPORTS,169,31,left,3,3,84,77,80,82,39,65,232498,543,https://www.ea.com/games/ea-sports-fc/ratings/player-ratings/isi/232498,待中文名与能力审阅
s4-fc26-251852,Karim Adeyemi,,false,MID,RM,LW,FC26 alternative position,RM,LW|CAM|RW,81,75,C,Germany,Borussia Dortmund,Bundesliga,180,24,left,4,4,96,76,72,82,36,69,251852,536,https://www.ea.com/games/ea-sports-fc/ratings/player-ratings/karim-adeyemi/251852,待中文名与能力审阅
s4-fc26-202024,Remo Freuler,,false,MID,DM,AM,FC26 alternative position,CDM,CM,81,75,C,Switzerland,Bologna,Serie A Enilive,180,33,right,3,4,58,72,76,77,77,74,202024,527,https://www.ea.com/games/ea-sports-fc/ratings/player-ratings/remo-freuler/202024,待中文名与能力审阅
s4-fc26-213516,Ricardo Horta,,false,MID,AM,LM,FC26 alternative position,CAM,LM|RM|CM,81,75,C,Portugal,SC Braga,Liga Portugal,173,31,right,4,3,78,81,81,82,43,69,213516,528,https://www.ea.com/games/ea-sports-fc/ratings/player-ratings/ricardo-horta/213516,待中文名与能力审阅
s4-fc26-263205,Barış Alper Yılmaz,,false,MID,LM,RM,FC26 alternative position,LM,RM|LW,80,75,C,Turkey,Galatasaray,Trendyol Süper Lig,186,25,right,3,4,93,77,72,79,69,90,263205,578,https://www.ea.com/games/ea-sports-fc/ratings/player-ratings/bar-s-alper-y-lmaz/263205,待中文名与能力审阅
s4-fc26-213666,Ruben Loftus-Cheek,,false,MID,AM,DM,FC26 alternative position,CM,CAM|CDM,80,75,C,England,Milano FC,Serie A Enilive,191,30,right,4,4,81,76,79,80,76,80,213666,579,https://www.ea.com/games/ea-sports-fc/ratings/player-ratings/ruben-loftus-cheek/213666,待中文名与能力审阅
legend-pele,贝利,贝利,true,ATT,ST,AM,existing legend profile,ST,AM,97,97,S,巴西,桑托斯,传奇,173,,right,,,91,,84,89,,,pele,,,强制保留现有传奇
legend-maradona,马拉多纳,马拉多纳,true,ATT,ST,RW,existing legend profile,ST,AM,97,97,S,阿根廷,那不勒斯,传奇,165,,left,,,91,,80,97,,,maradona,,,强制保留现有传奇
legend-ronaldo-nazario,大罗,大罗,true,ATT,ST,LW,existing legend profile,ST,LW,96,96,S,巴西,国际米兰,传奇,183,,right,,,98,,79,95,,,ronaldo-nazario,,,强制保留现有传奇
legend-messi,梅西,梅西,true,ATT,RW,RM,existing legend profile,RW,ST|CAM|RM,86,96,S,阿根廷,迈阿密国际,传奇,170,,left,,,98,,93,99,,,messi,,https://www.ea.com/games/ea-sports-fc/ratings/player-ratings/lionel-messi/158023,EAFC26现役数据适配传奇强度
legend-cristiano-ronaldo,C罗,C罗,true,ATT,ST,AM,existing legend profile,ST,,85,94,S,葡萄牙,利雅得胜利,传奇,187,,right,,,89,,79,87,,,cristiano-ronaldo,,https://www.ea.com/games/ea-sports-fc/ratings/player-ratings/cristiano-ronaldo/20801,EAFC26现役数据适配传奇强度
legend-mbappe,姆巴佩,姆巴佩,true,ATT,ST,LW,existing legend profile,ST,LW|LM,91,93,S,法国,皇家马德里,传奇,178,,right,,,96,,77,90,,,mbappe,,https://www.ea.com/games/ea-sports-fc/ratings/player-ratings/kylian-mbappe/231747,EAFC26现役数据适配传奇强度
legend-haaland,哈兰德,哈兰德,true,ATT,ST,AM,existing legend profile,ST,,90,92,S,挪威,曼城,传奇,195,,left,,,93,,73,85,,,haaland,,https://www.ea.com/games/ea-sports-fc/ratings/player-ratings/erling-haaland/239085,EAFC26现役数据适配传奇强度
s4-fc26-231443,Ousmane Dembélé,,false,ATT,ST,RW,FC26 alternative position,ST,RW|CAM,90,89,A,France,Paris SG,Ligue 1 McDonald's,178,28,left,5,5,91,88,83,93,50,69,231443,5,https://www.ea.com/games/ea-sports-fc/ratings/player-ratings/ousmane-dembele/231443,待中文名与能力审阅
s4-fc26-202126,Harry Kane,,false,ATT,ST,AM,game fallback,ST,,89,89,A,England,FC Bayern München,Bundesliga,188,32,right,4,3,64,92,83,82,48,82,202126,23,https://www.ea.com/games/ea-sports-fc/ratings/player-ratings/harry-kane/202126,待中文名与能力审阅
s4-fc26-238794,Vini Jr.,,false,ATT,LW,ST,FC26 alternative position,LW,ST|LM,89,89,A,Brazil,Real Madrid,LALIGA EA SPORTS,176,25,right,4,5,95,84,81,91,29,69,238794,26,https://www.ea.com/games/ea-sports-fc/ratings/player-ratings/vini-jr/238794,待中文名与能力审阅
s4-fc26-233731,Alexander Isak,,false,ATT,ST,AM,game fallback,ST,,88,89,A,Sweden,Liverpool,Premier League,192,26,right,4,4,83,89,73,85,39,76,233731,35,https://www.ea.com/games/ea-sports-fc/ratings/player-ratings/alexander-isak/233731,待中文名与能力审阅
s4-fc26-246669,Bukayo Saka,,false,ATT,RW,RM,FC26 alternative position,RW,RM,88,89,A,England,Arsenal,Premier League,178,24,left,4,3,84,82,85,88,60,73,246669,41,https://www.ea.com/games/ea-sports-fc/ratings/player-ratings/bukayo-saka/246669,待中文名与能力审阅
s4-fc26-231478,Lautaro Martínez,,false,ATT,ST,AM,game fallback,ST,,88,89,A,Argentina,Lombardia FC,Serie A Enilive,174,28,right,4,4,81,88,75,84,51,83,231478,34,https://www.ea.com/games/ea-sports-fc/ratings/player-ratings/lautaro-martinez/231478,待中文名与能力审阅
s4-fc26-188545,Robert Lewandowski,,false,ATT,ST,AM,game fallback,ST,,88,89,A,Poland,FC Barcelona,LALIGA EA SPORTS,185,37,right,4,4,74,89,79,85,44,84,188545,30,https://www.ea.com/games/ea-sports-fc/ratings/player-ratings/robert-lewandowski/188545,待中文名与能力审阅
s4-fc26-247635,Khvicha Kvaratskhelia,,false,ATT,LW,RW,FC26 alternative position,LW,RW|LM,87,89,A,Georgia,Paris SG,Ligue 1 McDonald's,183,25,right,5,5,86,80,83,88,58,78,247635,45,https://www.ea.com/games/ea-sports-fc/ratings/player-ratings/khvicha-kvaratskhelia/247635,待中文名与能力审阅
s4-fc26-246191,Julián Alvarez,,false,ATT,ST,AM,game fallback,ST,,87,88,A,Argentina,Atlético de Madrid,LALIGA EA SPORTS,170,26,right,4,4,85,87,81,87,57,79,246191,66,https://www.ea.com/games/ea-sports-fc/ratings/player-ratings/julian-alvarez/246191,待中文名与能力审阅
s4-fc26-215441,Serhou Guirassy,,false,ATT,ST,AM,game fallback,ST,,87,88,A,Guinea,Borussia Dortmund,Bundesliga,187,30,right,4,3,72,88,76,83,45,83,215441,50,https://www.ea.com/games/ea-sports-fc/ratings/player-ratings/serhou-guirassy/215441,待中文名与能力审阅
s4-fc26-232293,Victor Osimhen,,false,ATT,ST,AM,game fallback,ST,,87,88,A,Nigeria,Galatasaray,Trendyol Süper Lig,186,27,right,4,3,92,84,65,81,42,84,232293,78,https://www.ea.com/games/ea-sports-fc/ratings/player-ratings/victor-osimhen/232293,待中文名与能力审阅
s4-fc26-241651,Viktor Gyökeres,,false,ATT,ST,AM,game fallback,ST,,87,88,A,Sweden,Arsenal,Premier League,189,27,right,4,3,90,86,73,81,36,91,241651,75,https://www.ea.com/games/ea-sports-fc/ratings/player-ratings/viktor-gyokeres/241651,待中文名与能力审阅
s4-fc26-194765,Antoine Griezmann,,false,ATT,ST,LM,FC26 alternative position,ST,LM|CAM,85,88,A,France,Atlético de Madrid,LALIGA EA SPORTS,176,35,left,3,4,77,86,85,88,59,73,194765,117,https://www.ea.com/games/ea-sports-fc/ratings/player-ratings/antoine-griezmann/194765,待中文名与能力审阅
s4-fc26-243014,Bryan Mbeumo,,false,ATT,RW,RM,FC26 alternative position,RW,RM|ST,85,88,A,Cameroon,Man Utd,Premier League,171,26,left,2,4,88,84,79,84,49,76,243014,121,https://www.ea.com/games/ea-sports-fc/ratings/player-ratings/bryan-mbeumo/243014,待中文名与能力审阅
s4-fc26-271421,Désiré Doué,,false,ATT,RW,LW,FC26 alternative position,RW,LW|CM|RM,85,88,A,France,Paris SG,Ligue 1 McDonald's,181,20,right,4,5,83,80,77,90,55,74,271421,123,https://www.ea.com/games/ea-sports-fc/ratings/player-ratings/desire-doue/271421,待中文名与能力审阅
s4-fc26-200104,Heung Min Son,,false,ATT,LW,ST,FC26 alternative position,LW,ST|LM,85,87,A,Korea Republic,LAFC,MLS,183,33,right,5,4,84,84,81,83,42,73,200104,136,https://www.ea.com/games/ea-sports-fc/ratings/player-ratings/heung-min-son/200104,待中文名与能力审阅
s4-fc26-165153,Karim Benzema,,false,ATT,ST,AM,FC26 alternative position,ST,CAM,85,87,A,France,Al Ittihad,ROSHN Saudi League,185,38,right,4,4,75,84,81,83,38,77,165153,146,https://www.ea.com/games/ea-sports-fc/ratings/player-ratings/karim-benzema/165153,待中文名与能力审阅
s4-fc26-228093,Marcus Thuram,,false,ATT,ST,AM,game fallback,ST,,85,87,A,France,Lombardia FC,Serie A Enilive,192,28,right,4,3,86,83,76,82,50,80,228093,127,https://www.ea.com/games/ea-sports-fc/ratings/player-ratings/marcus-thuram/228093,待中文名与能力审阅
s4-fc26-234236,Patrik Schick,,false,ATT,ST,AM,game fallback,ST,,85,87,A,Czech Republic,Leverkusen,Bundesliga,191,30,left,3,3,72,83,71,81,38,77,234236,156,https://www.ea.com/games/ea-sports-fc/ratings/player-ratings/patrik-schick/234236,待中文名与能力审阅
s4-fc26-237692,Phil Foden,,false,ATT,RW,AM,FC26 alternative position,RW,CM|LW|RM,85,87,A,England,Manchester City,Premier League,171,25,left,3,4,81,81,82,89,57,57,237692,137,https://www.ea.com/games/ea-sports-fc/ratings/player-ratings/phil-foden/237692,待中文名与能力审阅
s4-fc26-243812,Rodrygo,,false,ATT,RW,ST,FC26 alternative position,RW,ST|RM,85,87,A,Brazil,Real Madrid,LALIGA EA SPORTS,174,25,right,4,4,88,80,79,87,31,64,243812,152,https://www.ea.com/games/ea-sports-fc/ratings/player-ratings/rodrygo/243812,待中文名与能力审阅
s4-fc26-227796,Christian Pulisic,,false,ATT,RW,RM,FC26 alternative position,RW,RM|CAM,84,87,A,United States,Milano FC,Serie A Enilive,178,27,right,5,4,88,82,80,86,46,65,227796,210,https://www.ea.com/games/ea-sports-fc/ratings/player-ratings/christian-pulisic/227796,待中文名与能力审阅
s4-fc26-221697,Ollie Watkins,,false,ATT,ST,AM,game fallback,ST,,84,87,A,England,Aston Villa,Premier League,180,30,right,4,3,77,83,73,80,50,80,221697,213,https://www.ea.com/games/ea-sports-fc/ratings/player-ratings/ollie-watkins/221697,待中文名与能力审阅
s4-fc26-230899,Ademola Lookman,,false,ATT,ST,AM,FC26 alternative position,ST,CAM,84,86,A,Nigeria,Bergamo Calcio,Serie A Enilive,174,28,right,4,4,86,84,73,88,32,67,230899,224,https://www.ea.com/games/ea-sports-fc/ratings/player-ratings/ademola-lookman/230899,待中文名与能力审阅
s4-fc26-216549,Alexander Sørloth,,false,ATT,ST,RW,FC26 alternative position,ST,RW|RM,84,86,A,Norway,Atlético de Madrid,LALIGA EA SPORTS,195,30,left,4,3,77,82,71,76,36,85,216549,226,https://www.ea.com/games/ea-sports-fc/ratings/player-ratings/alexander-s-rloth/216549,待中文名与能力审阅
s4-fc26-264652,Bradley Barcola,,false,ATT,LW,RW,FC26 alternative position,LW,RW|LM,84,86,A,France,Paris SG,Ligue 1 McDonald's,188,23,right,4,4,90,77,78,84,39,66,264652,221,https://www.ea.com/games/ea-sports-fc/ratings/player-ratings/bradley-barcola/264652,待中文名与能力审阅
s4-fc26-256675,Omar Marmoush,,false,ATT,ST,AM,FC26 alternative position,ST,CAM|LW,84,86,A,Egypt,Manchester City,Premier League,183,27,right,3,4,89,85,76,86,34,71,256675,216,https://www.ea.com/games/ea-sports-fc/ratings/player-ratings/omar-marmoush/256675,待中文名与能力审阅
s4-fc26-241721,Rafael Leão,,false,ATT,LW,LM,FC26 alternative position,LW,LM,84,86,A,Portugal,Milano FC,Serie A Enilive,188,26,right,4,5,93,78,80,86,28,75,241721,217,https://www.ea.com/games/ea-sports-fc/ratings/player-ratings/rafael-leao/241721,待中文名与能力审阅
s4-fc26-192505,Romelu Lukaku,,false,ATT,ST,AM,game fallback,ST,,84,86,A,Belgium,SSC Napoli,Serie A Enilive,191,32,left,4,3,79,82,75,75,41,84,192505,219,https://www.ea.com/games/ea-sports-fc/ratings/player-ratings/romelu-lukaku/192505,待中文名与能力审阅
s4-fc26-215590,Ayoze,,false,ATT,ST,AM,FC26 alternative position,ST,CAM,83,86,A,Spain,Villarreal CF,LALIGA EA SPORTS,178,32,right,4,4,86,83,80,83,59,67,215590,248,https://www.ea.com/games/ea-sports-fc/ratings/player-ratings/ayoze/215590,待中文名与能力审阅
s4-fc26-242964,Anthony Gordon,,false,ATT,LW,RW,FC26 alternative position,LW,RW|LM,83,85,B,England,Newcastle Utd,Premier League,183,25,right,3,3,91,79,78,83,50,71,242964,261,https://www.ea.com/games/ea-sports-fc/ratings/player-ratings/anthony-gordon/242964,待中文名与能力审阅
s4-fc26-242458,Artem Dovbyk,,false,ATT,ST,AM,game fallback,ST,,83,85,B,Ukraine,AS Roma,Serie A Enilive,189,28,left,4,3,83,84,68,78,34,79,242458,295,https://www.ea.com/games/ea-sports-fc/ratings/player-ratings/artem-dovbyk/242458,待中文名与能力审阅
s4-fc26-241461,Ferran Torres,,false,ATT,LW,RW,FC26 alternative position,LW,RW|ST|LM,83,85,B,Spain,FC Barcelona,LALIGA EA SPORTS,184,26,right,4,4,83,81,79,83,35,68,241461,292,https://www.ea.com/games/ea-sports-fc/ratings/player-ratings/ferran-torres/241461,待中文名与能力审阅
s4-fc26-257289,Hugo Ekitiké,,false,ATT,ST,AM,FC26 alternative position,ST,CAM,83,85,B,France,Liverpool,Premier League,189,23,right,3,4,86,78,69,85,33,73,257289,297,https://www.ea.com/games/ea-sports-fc/ratings/player-ratings/hugo-ekitike/257289,待中文名与能力审阅
s4-fc26-192629,Iago Aspas,,false,ATT,RW,ST,FC26 alternative position,RW,ST|RM,83,85,B,Spain,Celta,LALIGA EA SPORTS,176,38,left,4,3,77,84,80,84,35,62,192629,298,https://www.ea.com/games/ea-sports-fc/ratings/player-ratings/iago-aspas/192629,待中文名与能力审阅
s4-fc26-207421,Leandro Trossard,,false,ATT,LW,ST,FC26 alternative position,LW,ST|LM,83,85,B,Belgium,Arsenal,Premier League,171,31,right,5,4,80,81,80,85,30,60,207421,304,https://www.ea.com/games/ea-sports-fc/ratings/player-ratings/leandro-trossard/207421,待中文名与能力审阅
s4-fc26-243580,Loïs Openda,,false,ATT,ST,AM,game fallback,ST,,83,85,B,Belgium,Juventus,Serie A Enilive,175,26,right,4,3,95,81,69,81,31,80,243580,283,https://www.ea.com/games/ea-sports-fc/ratings/player-ratings/lois-openda/243580,待中文名与能力审阅
s4-fc26-241850,Mateo Retegui,,false,ATT,ST,AM,game fallback,ST,,83,85,B,Italy,Al Qadsiah,ROSHN Saudi League,186,26,right,3,3,72,83,67,78,37,76,241850,306,https://www.ea.com/games/ea-sports-fc/ratings/player-ratings/mateo-retegui/241850,待中文名与能力审阅
s4-fc26-236610,Moise Kean,,false,ATT,ST,AM,game fallback,ST,,83,85,B,Italy,Fiorentina,Serie A Enilive,183,26,right,3,3,86,82,58,81,40,74,236610,299,https://www.ea.com/games/ea-sports-fc/ratings/player-ratings/moise-kean/236610,待中文名与能力审阅
s4-fc26-229188,Vangelis Pavlidis,,false,ATT,ST,AM,FC26 alternative position,ST,CAM,82,85,B,Greece,SL Benfica,Liga Portugal,186,27,right,4,3,79,82,71,80,47,82,229188,376,https://www.ea.com/games/ea-sports-fc/ratings/player-ratings/vangelis-pavlidis/229188,待中文名与能力审阅
s4-fc26-183898,Ángel Di María,,false,ATT,RW,RM,FC26 alternative position,RW,RM,82,84,B,Argentina,Rosario Central,LPF,180,38,left,2,5,73,80,85,85,43,62,183898,403,https://www.ea.com/games/ea-sports-fc/ratings/player-ratings/angel-di-maria/183898,待中文名与能力审阅
s4-fc26-210935,Domenico Berardi,,false,ATT,RW,RM,FC26 alternative position,RW,RM,82,84,B,Italy,Sassuolo,Serie A Enilive,183,31,left,3,4,82,80,79,84,35,68,210935,405,https://www.ea.com/games/ea-sports-fc/ratings/player-ratings/domenico-berardi/210935,待中文名与能力审阅
s4-fc26-246430,Dušan Vlahović,,false,ATT,ST,AM,game fallback,ST,,82,84,B,Serbia,Juventus,Serie A Enilive,190,26,left,4,3,78,84,69,77,29,82,246430,420,https://www.ea.com/games/ea-sports-fc/ratings/player-ratings/dusan-vlahovic/246430,待中文名与能力审阅
s4-fc26-236461,Jean-Philippe Mateta,,false,ATT,ST,AM,game fallback,ST,,82,84,B,France,Crystal Palace,Premier League,192,28,right,5,3,75,84,70,77,41,81,236461,406,https://www.ea.com/games/ea-sports-fc/ratings/player-ratings/jean-philippe-mateta/236461,待中文名与能力审阅
s4-fc26-244257,Jonathan Burkardt,,false,ATT,ST,AM,game fallback,ST,,82,84,B,Germany,Frankfurt,Bundesliga,181,25,right,4,3,83,82,67,81,44,76,244257,390,https://www.ea.com/games/ea-sports-fc/ratings/player-ratings/jonathan-burkardt/244257,待中文名与能力审阅
s4-fc26-243630,Jonathan David,,false,ATT,ST,AM,game fallback,ST,,82,84,B,Canada,Juventus,Serie A Enilive,178,26,right,5,3,81,82,71,80,34,78,243630,409,https://www.ea.com/games/ea-sports-fc/ratings/player-ratings/jonathan-david/243630,待中文名与能力审阅
s4-fc26-235790,Kai Havertz,,false,ATT,ST,AM,FC26 alternative position,ST,CM|CAM,82,84,B,Germany,Arsenal,Premier League,193,26,left,4,4,72,79,78,81,48,74,235790,395,https://www.ea.com/games/ea-sports-fc/ratings/player-ratings/kai-havertz/235790,待中文名与能力审阅
s4-fc26-230142,Oyarzabal,,false,ATT,ST,LM,FC26 alternative position,ST,LM|LW,82,84,B,Spain,Real Sociedad,LALIGA EA SPORTS,181,28,left,3,3,77,83,81,82,42,65,230142,399,https://www.ea.com/games/ea-sports-fc/ratings/player-ratings/oyarzabal/230142,待中文名与能力审阅
s4-fc26-234824,Yoane Wissa,,false,ATT,ST,AM,game fallback,ST,,82,84,B,Congo DR,Newcastle Utd,Premier League,176,29,right,3,3,85,82,70,80,31,71,234824,419,https://www.ea.com/games/ea-sports-fc/ratings/player-ratings/yoane-wissa/234824,待中文名与能力审阅
s4-fc26-235410,Youssef En-Nesyri,,false,ATT,ST,AM,game fallback,ST,,82,84,B,Morocco,Fenerbahçe,Trendyol Süper Lig,188,28,left,3,3,79,81,65,75,35,80,235410,427,https://www.ea.com/games/ea-sports-fc/ratings/player-ratings/youssef-en-nesyri/235410,待中文名与能力审阅
s4-fc26-188335,Ante Budimir,,false,ATT,ST,AM,game fallback,ST,,82,83,B,Croatia,CA Osasuna,LALIGA EA SPORTS,190,34,left,4,3,59,84,63,76,35,80,188335,443,https://www.ea.com/games/ea-sports-fc/ratings/player-ratings/ante-budimir/188335,待中文名与能力审阅
s4-fc26-192123,Chris Wood,,false,ATT,ST,AM,game fallback,ST,,82,83,B,New Zealand,Nott'm Forest,Premier League,191,34,right,3,2,53,83,68,72,40,81,192123,444,https://www.ea.com/games/ea-sports-fc/ratings/player-ratings/chris-wood/192123,待中文名与能力审阅
s4-fc26-215333,Duván Zapata,,false,ATT,ST,AM,game fallback,ST,,82,83,B,Colombia,Torino,Serie A Enilive,188,35,right,4,3,74,81,64,77,35,82,215333,430,https://www.ea.com/games/ea-sports-fc/ratings/player-ratings/duvan-zapata/215333,待中文名与能力审阅
s4-fc26-270409,Savinho,,false,ATT,RW,LW,FC26 alternative position,RW,LW|RM,82,83,B,Brazil,Manchester City,Premier League,176,21,left,2,4,87,71,78,86,30,53,270409,441,https://www.ea.com/games/ea-sports-fc/ratings/player-ratings/savinho/270409,待中文名与能力审阅
s4-fc26-255475,Antony,,false,ATT,RW,RM,FC26 alternative position,RW,RM,81,83,B,Brazil,Real Betis,LALIGA EA SPORTS,172,26,left,1,5,84,78,78,83,43,70,255475,522,https://www.ea.com/games/ea-sports-fc/ratings/player-ratings/antony/255475,待中文名与能力审阅
s4-fc26-251566,Gabriel Martinelli,,false,ATT,LW,LM,FC26 alternative position,LW,LM,81,83,B,Brazil,Arsenal,Premier League,178,24,right,3,4,90,77,75,83,46,72,251566,502,https://www.ea.com/games/ea-sports-fc/ratings/player-ratings/gabriel-martinelli/251566,待中文名与能力审阅
s4-fc26-181458,Ivan Perišić,,false,ATT,RW,LW,FC26 alternative position,RW,LW|RM,81,83,B,Croatia,PSV,Eredivisie,186,37,right,5,4,75,80,81,79,69,75,181458,469,https://www.ea.com/games/ea-sports-fc/ratings/player-ratings/ivan-perisic/181458,待中文名与能力审阅
s4-fc26-212228,Ivan Toney,,false,ATT,ST,AM,game fallback,ST,,81,83,B,England,Al Ahli,ROSHN Saudi League,187,30,right,3,3,78,82,71,75,51,81,212228,514,https://www.ea.com/games/ea-sports-fc/ratings/player-ratings/ivan-toney/212228,待中文名与能力审阅
s4-fc26-206085,Jacob Murphy,,false,ATT,RW,RM,FC26 alternative position,RW,RM,81,83,B,England,Newcastle Utd,Premier League,179,31,right,4,3,82,77,78,80,61,70,206085,488,https://www.ea.com/games/ea-sports-fc/ratings/player-ratings/jacob-murphy/206085,待中文名与能力审阅
s4-fc26-208418,Yannick Carrasco,,false,ATT,LW,LM,FC26 alternative position,LW,LM,81,83,B,Belgium,Al Shabab,ROSHN Saudi League,181,32,right,4,4,87,80,77,85,58,67,208418,478,https://www.ea.com/games/ea-sports-fc/ratings/player-ratings/yannick-carrasco/208418,待中文名与能力审阅
s4-fc26-257470,Anthony Elanga,,false,ATT,RW,RM,FC26 alternative position,RW,RM,81,82,B,Sweden,Newcastle Utd,Premier League,178,23,right,5,3,92,72,76,82,39,70,257470,537,https://www.ea.com/games/ea-sports-fc/ratings/player-ratings/anthony-elanga/257470,待中文名与能力审阅
s4-fc26-236632,David Neres,,false,ATT,LW,LM,FC26 alternative position,LW,LM,81,82,B,Brazil,SSC Napoli,Serie A Enilive,175,29,left,3,5,86,76,75,86,46,61,236632,540,https://www.ea.com/games/ea-sports-fc/ratings/player-ratings/david-neres/236632,待中文名与能力审阅
s4-fc26-208093,Gerard Moreno,,false,ATT,ST,RW,FC26 alternative position,ST,RW|CAM,81,82,B,Spain,Villarreal CF,LALIGA EA SPORTS,180,33,left,4,3,77,82,77,80,46,71,208093,530,https://www.ea.com/games/ea-sports-fc/ratings/player-ratings/gerard-moreno/208093,待中文名与能力审阅
s4-fc26-216409,Matteo Politano,,false,ATT,RW,RM,FC26 alternative position,RW,RM,81,82,B,Italy,SSC Napoli,Serie A Enilive,171,32,left,4,4,80,78,80,83,59,55,216409,524,https://www.ea.com/games/ea-sports-fc/ratings/player-ratings/matteo-politano/216409,待中文名与能力审阅
s4-fc26-201153,Morata,,false,ATT,ST,AM,FC26 alternative position,ST,CAM,81,82,B,Spain,Como,Serie A Enilive,190,33,right,4,3,78,81,74,80,31,78,201153,548,https://www.ea.com/games/ea-sports-fc/ratings/player-ratings/morata/201153,待中文名与能力审阅
s4-fc26-188567,Pierre-Emerick Aubameyang,,false,ATT,ST,AM,game fallback,ST,,81,82,B,Gabon,OM,Ligue 1 McDonald's,187,36,right,4,4,82,83,72,78,36,63,188567,561,https://www.ea.com/games/ea-sports-fc/ratings/player-ratings/pierre-emerick-aubameyang/188567,待中文名与能力审阅
s4-fc26-237679,Randal Kolo Muani,,false,ATT,ST,AM,game fallback,ST,,81,82,B,France,Spurs,Premier League,187,27,right,4,3,90,79,71,80,38,65,237679,547,https://www.ea.com/games/ea-sports-fc/ratings/player-ratings/randal-kolo-muani/237679,待中文名与能力审阅
s4-fc26-231652,Simon Banza,,false,ATT,ST,AM,game fallback,ST,,81,82,B,Congo DR,SC Braga,Liga Portugal,189,29,right,3,3,79,81,62,77,36,79,231652,563,https://www.ea.com/games/ea-sports-fc/ratings/player-ratings/simon-banza/231652,待中文名与能力审阅
s4-fc26-214096,Tim Kleindienst,,false,ATT,ST,AM,game fallback,ST,,81,82,B,Germany,M'gladbach,Bundesliga,194,30,left,5,2,67,82,62,70,45,88,214096,562,https://www.ea.com/games/ea-sports-fc/ratings/player-ratings/tim-kleindienst/214096,待中文名与能力审阅
s4-fc26-247679,Victor Boniface,,false,ATT,ST,AM,game fallback,ST,,81,82,B,Nigeria,SV Werder Bremen,Bundesliga,190,25,right,3,4,67,83,66,80,38,79,247679,565,https://www.ea.com/games/ea-sports-fc/ratings/player-ratings/victor-boniface/247679,待中文名与能力审阅
s4-fc26-180930,Edin Džeko,,false,ATT,ST,AM,game fallback,ST,,81,81,B,Bosnia and Herzegovina,Fiorentina,Serie A Enilive,193,40,right,5,3,55,82,74,77,40,72,180930,571,https://www.ea.com/games/ea-sports-fc/ratings/player-ratings/edin-dzeko/180930,待中文名与能力审阅
s4-fc26-201399,Mauro Icardi,,false,ATT,ST,AM,game fallback,ST,,81,81,B,Argentina,Galatasaray,Trendyol Süper Lig,181,33,right,4,3,67,82,71,76,40,73,201399,566,https://www.ea.com/games/ea-sports-fc/ratings/player-ratings/mauro-icardi/201399,待中文名与能力审阅
s4-fc26-251570,Rayan Cherki,,false,ATT,RW,RM,FC26 alternative position,RW,RM|CAM,81,81,B,France,Manchester City,Premier League,177,22,left,5,5,75,75,80,88,21,65,251570,569,https://www.ea.com/games/ea-sports-fc/ratings/player-ratings/rayan-cherki/251570,待中文名与能力审阅
s4-fc26-260592,Benjamin Šeško,,false,ATT,ST,AM,game fallback,ST,,80,81,B,Slovenia,Man Utd,Premier League,195,22,right,4,4,83,80,65,78,46,80,260592,661,https://www.ea.com/games/ea-sports-fc/ratings/player-ratings/benjamin-sesko/260592,待中文名与能力审阅
s4-fc26-206517,Jack Grealish,,false,ATT,LW,LM,FC26 alternative position,LW,LM,80,81,B,England,Everton,Premier League,180,30,right,3,4,72,76,80,85,53,67,206517,657,https://www.ea.com/games/ea-sports-fc/ratings/player-ratings/jack-grealish/206517,待中文名与能力审阅
s4-fc26-234579,Julian Quiñones,,false,ATT,ST,LW,FC26 alternative position,ST,LW|LM,80,81,B,Mexico,Al Qadsiah,ROSHN Saudi League,180,29,right,3,4,88,79,70,79,36,83,234579,653,https://www.ea.com/games/ea-sports-fc/ratings/player-ratings/julian-quinones/234579,待中文名与能力审阅
s4-fc26-264697,Mohamed Amoura,,false,ATT,ST,LW,FC26 alternative position,ST,LW|LM|CAM,80,81,B,Algeria,VfL Wolfsburg,Bundesliga,170,25,right,3,4,90,81,71,86,47,61,264697,646,https://www.ea.com/games/ea-sports-fc/ratings/player-ratings/mohamed-amoura/264697,待中文名与能力审阅
s4-fc26-245155,Mohammed Kudus,,false,ATT,RW,LW,FC26 alternative position,RW,LW|ST|RM,80,81,B,Ghana,Spurs,Premier League,177,25,left,3,4,89,76,72,86,60,74,245155,592,https://www.ea.com/games/ea-sports-fc/ratings/player-ratings/mohammed-kudus/245155,待中文名与能力审阅
s4-fc26-239380,Noa Lang,,false,ATT,LW,LM,FC26 alternative position,LW,LM,80,81,B,Holland,SSC Napoli,Serie A Enilive,179,26,right,3,5,80,77,73,84,50,68,239380,660,https://www.ea.com/games/ea-sports-fc/ratings/player-ratings/noa-lang/239380,待中文名与能力审阅
s4-fc26-254796,Noni Madueke,,false,ATT,RW,RM,FC26 alternative position,RW,RM,80,81,B,England,Arsenal,Premier League,182,24,left,3,4,88,75,74,83,45,69,254796,655,https://www.ea.com/games/ea-sports-fc/ratings/player-ratings/noni-madueke/254796,待中文名与能力审阅
s4-fc26-243586,Ayoub El Kaabi,,false,ATT,ST,AM,game fallback,ST,,80,80,B,Morocco,Olympiacos FC,Hellas Liga,182,32,left,2,3,82,82,62,75,46,77,243586,688,https://www.ea.com/games/ea-sports-fc/ratings/player-ratings/ayoub-el-kaabi/243586,待中文名与能力审阅
s4-fc26-246242,Boulaye Dia,,false,ATT,ST,AM,FC26 alternative position,ST,CAM,80,80,B,Senegal,Latium,Serie A Enilive,180,29,right,4,3,84,81,67,78,43,73,246242,683,https://www.ea.com/games/ea-sports-fc/ratings/player-ratings/boulaye-dia/246242,待中文名与能力审阅
s4-fc26-225539,Dominic Solanke,,false,ATT,ST,AM,game fallback,ST,,80,80,B,England,Spurs,Premier League,187,28,right,2,3,71,80,66,77,42,83,225539,703,https://www.ea.com/games/ea-sports-fc/ratings/player-ratings/dominic-solanke/225539,待中文名与能力审阅
s4-fc26-238900,Ermedin Demirović,,false,ATT,ST,AM,game fallback,ST,,80,80,B,Bosnia and Herzegovina,VfB Stuttgart,Bundesliga,185,28,right,3,3,72,81,73,78,42,78,238900,686,https://www.ea.com/games/ea-sports-fc/ratings/player-ratings/ermedin-demirovic/238900,待中文名与能力审阅
s4-fc26-230666,Gabriel Jesus,,false,ATT,ST,AM,FC26 alternative position,ST,CAM,80,80,B,Brazil,Arsenal,Premier League,175,28,right,3,4,81,79,74,86,39,71,230666,672,https://www.ea.com/games/ea-sports-fc/ratings/player-ratings/gabriel-jesus/230666,待中文名与能力审阅
s4-fc26-256903,Gonçalo Ramos,,false,ATT,ST,AM,game fallback,ST,,80,80,B,Portugal,Paris SG,Ligue 1 McDonald's,185,24,right,4,2,73,79,64,77,48,79,256903,700,https://www.ea.com/games/ea-sports-fc/ratings/player-ratings/goncalo-ramos/256903,待中文名与能力审阅
s4-fc26-234742,Harvey Barnes,,false,ATT,LW,LM,FC26 alternative position,LW,LM,80,80,B,England,Newcastle Utd,Premier League,185,28,right,4,3,83,80,75,81,43,68,234742,673,https://www.ea.com/games/ea-sports-fc/ratings/player-ratings/harvey-barnes/234742,待中文名与能力审阅
s4-fc26-246420,Jérémy Doku,,false,ATT,LW,RW,FC26 alternative position,LW,RW|LM,80,80,B,Belgium,Manchester City,Premier League,173,23,right,3,4,91,71,72,87,32,68,246420,697,https://www.ea.com/games/ea-sports-fc/ratings/player-ratings/jeremy-doku/246420,待中文名与能力审阅
s4-fc26-259197,Nicolas Jackson,,false,ATT,ST,AM,game fallback,ST,,80,80,B,Senegal,FC Bayern München,Bundesliga,187,24,right,3,3,82,77,69,79,40,77,259197,689,https://www.ea.com/games/ea-sports-fc/ratings/player-ratings/nicolas-jackson/259197,待中文名与能力审阅
s4-fc26-237712,Valentin Castellanos,,false,ATT,ST,AM,game fallback,ST,,80,80,B,Argentina,Latium,Serie A Enilive,178,27,right,3,3,75,80,71,81,45,75,237712,679,https://www.ea.com/games/ea-sports-fc/ratings/player-ratings/valentin-castellanos/237712,待中文名与能力审阅
s4-fc26-243593,Armand Laurienté,,false,ATT,LW,LM,FC26 alternative position,LW,LM,80,79,C,France,Sassuolo,Serie A Enilive,171,27,right,3,4,91,77,74,83,36,57,243593,707,https://www.ea.com/games/ea-sports-fc/ratings/player-ratings/armand-lauriente/243593,待中文名与能力审阅
s4-fc26-224179,Borja Iglesias,,false,ATT,ST,AM,game fallback,ST,,80,79,C,Spain,Celta,LALIGA EA SPORTS,187,33,right,3,3,62,82,71,74,40,77,224179,728,https://www.ea.com/games/ea-sports-fc/ratings/player-ratings/borja-iglesias/224179,待中文名与能力审阅
s4-fc26-244176,Deniz Undav,,false,ATT,ST,AM,FC26 alternative position,ST,CAM,80,79,C,Germany,VfB Stuttgart,Bundesliga,179,29,right,5,3,66,82,74,80,33,77,244176,717,https://www.ea.com/games/ea-sports-fc/ratings/player-ratings/deniz-undav/244176,待中文名与能力审阅
s4-fc26-256612,Evanilson,,false,ATT,ST,AM,game fallback,ST,,80,79,C,Brazil,AFC Bournemouth,Premier League,183,26,right,4,3,76,79,66,77,37,76,256612,721,https://www.ea.com/games/ea-sports-fc/ratings/player-ratings/evanilson/256612,待中文名与能力审阅
s4-fc26-233049,Jadon Sancho,,false,ATT,LW,RW,FC26 alternative position,LW,RW|LM,80,79,C,England,Aston Villa,Premier League,180,26,right,3,5,79,73,77,87,35,58,233049,724,https://www.ea.com/games/ea-sports-fc/ratings/player-ratings/jadon-sancho/233049,待中文名与能力审阅
s4-fc26-258580,Kerem Aktürkoğlu,,false,ATT,LW,LM,FC26 alternative position,LW,LM,80,79,C,Turkey,Fenerbahçe,Trendyol Süper Lig,173,27,right,3,4,85,75,74,81,41,58,258580,714,https://www.ea.com/games/ea-sports-fc/ratings/player-ratings/kerem-akturkoglu/258580,待中文名与能力审阅
s4-fc26-220834,Marco Asensio,,false,ATT,RW,AM,FC26 alternative position,RW,CAM|ST|RM,80,79,C,Spain,Fenerbahçe,Trendyol Süper Lig,182,30,left,3,4,70,78,81,82,43,60,220834,713,https://www.ea.com/games/ea-sports-fc/ratings/player-ratings/marco-asensio/220834,待中文名与能力审阅
s4-fc26-246172,Samuel Chukwueze,,false,ATT,RW,RM,FC26 alternative position,RW,RM,80,79,C,Nigeria,Fulham,Premier League,172,26,left,2,4,88,74,74,83,36,57,246172,718,https://www.ea.com/games/ea-sports-fc/ratings/player-ratings/samuel-chukwueze/246172,待中文名与能力审阅
s4-fc26-246321,Daizen Maeda,,false,ATT,LW,ST,FC26 alternative position,LW,ST|RW|LM,79,79,C,Japan,Celtic,Scottish Prem,173,28,right,4,2,92,79,70,76,65,79,246321,751,https://www.ea.com/games/ea-sports-fc/ratings/player-ratings/daizen-maeda/246321,待中文名与能力审阅
s4-fc26-253072,Darwin Núñez,,false,ATT,ST,AM,game fallback,ST,,79,79,C,Uruguay,Al Hilal,ROSHN Saudi League,187,26,right,3,3,88,79,72,76,49,82,253072,775,https://www.ea.com/games/ea-sports-fc/ratings/player-ratings/darwin-nunez/253072,待中文名与能力审阅
s4-fc26-225951,Denis Bouanga,,false,ATT,LW,ST,FC26 alternative position,LW,ST|LM,79,79,C,Gabon,LAFC,MLS,180,31,right,4,4,85,81,71,79,38,79,225951,836,https://www.ea.com/games/ea-sports-fc/ratings/player-ratings/denis-bouanga/225951,待中文名与能力审阅
s4-fc26-238004,Albert Guðmundsson,,false,ATT,ST,AM,FC26 alternative position,ST,CAM,79,78,C,Iceland,Fiorentina,Serie A Enilive,178,28,right,4,3,87,79,70,83,37,69,238004,864,https://www.ea.com/games/ea-sports-fc/ratings/player-ratings/albert-gu-mundsson/238004,待中文名与能力审阅
s4-fc26-193301,Alexandre Lacazette,,false,ATT,ST,AM,game fallback,ST,,79,78,C,France,Neom,ROSHN Saudi League,175,34,right,4,4,65,82,75,80,44,72,193301,894,https://www.ea.com/games/ea-sports-fc/ratings/player-ratings/alexandre-lacazette/193301,待中文名与能力审阅
s4-fc26-240753,Amine Gouiri,,false,ATT,ST,AM,FC26 alternative position,ST,CAM,79,78,C,Algeria,OM,Ligue 1 McDonald's,181,26,right,3,4,77,82,76,80,45,71,240753,842,https://www.ea.com/games/ea-sports-fc/ratings/player-ratings/amine-gouiri/240753,待中文名与能力审阅
s4-fc26-258444,Evann Guessand,,false,ATT,RW,ST,FC26 alternative position,RW,ST|RM,79,78,C,Côte d'Ivoire,Aston Villa,Premier League,188,24,right,3,3,83,76,73,79,36,77,258444,872,https://www.ea.com/games/ea-sports-fc/ratings/player-ratings/evann-guessand/258444,待中文名与能力审阅
s4-fc26-231184,Guruzeta,,false,ATT,ST,AM,game fallback,ST,,79,78,C,Spain,Athletic Club,LALIGA EA SPORTS,188,29,right,4,3,73,78,72,78,51,78,231184,847,https://www.ea.com/games/ea-sports-fc/ratings/player-ratings/guruzeta/231184,待中文名与能力审阅
s4-fc26-252042,João Pedro,,false,ATT,ST,AM,FC26 alternative position,ST,CAM,79,78,C,Brazil,Chelsea,Premier League,188,24,right,4,4,78,78,72,81,37,70,252042,908,https://www.ea.com/games/ea-sports-fc/ratings/player-ratings/joao-pedro/252042,待中文名与能力审阅
s4-fc26-243780,Lee Kang In,,false,ATT,RW,AM,FC26 alternative position,RW,CM|RM,79,78,C,Korea Republic,Paris SG,Ligue 1 McDonald's,173,25,left,3,4,72,75,80,82,50,64,243780,873,https://www.ea.com/games/ea-sports-fc/ratings/player-ratings/lee-kang-in/243780,待中文名与能力审阅
s4-fc26-205855,Marko Livaja,,false,ATT,ST,AM,FC26 alternative position,ST,CAM,79,78,C,Croatia,Hajduk Split,Liga Hrvatska,182,32,right,4,4,63,82,77,79,43,82,205855,859,https://www.ea.com/games/ea-sports-fc/ratings/player-ratings/marko-livaja/205855,待中文名与能力审阅
s4-fc26-236786,Martin Terrier,,false,ATT,ST,LM,FC26 alternative position,ST,LM|LW|CAM,79,78,C,France,Leverkusen,Bundesliga,184,29,right,3,3,78,79,75,80,36,71,236786,891,https://www.ea.com/games/ea-sports-fc/ratings/player-ratings/martin-terrier/236786,待中文名与能力审阅
s4-fc26-254117,Maximilian Beier,,false,ATT,ST,RM,FC26 alternative position,ST,RM|LM|RW,79,78,C,Germany,Borussia Dortmund,Bundesliga,185,23,right,3,4,86,79,68,80,43,62,254117,898,https://www.ea.com/games/ea-sports-fc/ratings/player-ratings/maximilian-beier/254117,待中文名与能力审阅
s4-fc26-245152,Santiago Giménez,,false,ATT,ST,AM,game fallback,ST,,79,78,C,Mexico,Milano FC,Serie A Enilive,183,24,left,4,3,78,80,70,77,46,69,245152,886,https://www.ea.com/games/ea-sports-fc/ratings/player-ratings/santiago-gimenez/245152,待中文名与能力审阅
s4-fc26-213761,Abderrazak Hamdallah,,false,ATT,ST,AM,FC26 alternative position,ST,CAM,79,77,C,Morocco,Al Shabab,ROSHN Saudi League,179,35,right,3,3,59,80,70,78,31,78,213761,947,https://www.ea.com/games/ea-sports-fc/ratings/player-ratings/abderrazak-hamdallah/213761,待中文名与能力审阅
s4-fc26-251421,Brennan Johnson,,false,ATT,RW,RM,FC26 alternative position,RW,RM,79,77,C,Wales,Spurs,Premier League,186,24,right,4,3,86,76,72,78,43,59,251421,913,https://www.ea.com/games/ea-sports-fc/ratings/player-ratings/brennan-johnson/251421,待中文名与能力审阅
s4-fc26-252037,Fábio Silva,,false,ATT,ST,LW,FC26 alternative position,ST,LW,79,77,C,Portugal,Borussia Dortmund,Bundesliga,185,23,right,3,4,81,77,64,79,32,79,252037,921,https://www.ea.com/games/ea-sports-fc/ratings/player-ratings/fabio-silva/252037,待中文名与能力审阅
s4-fc26-226710,Gianluca Scamacca,,false,ATT,ST,AM,game fallback,ST,,79,77,C,Italy,Bergamo Calcio,Serie A Enilive,196,27,right,3,3,65,81,67,74,36,70,226710,953,https://www.ea.com/games/ea-sports-fc/ratings/player-ratings/gianluca-scamacca/226710,待中文名与能力审阅
s4-fc26-247172,Jhon Durán,,false,ATT,ST,AM,game fallback,ST,,79,77,C,Colombia,Fenerbahçe,Trendyol Süper Lig,187,22,left,2,3,81,81,63,75,32,80,247172,920,https://www.ea.com/games/ea-sports-fc/ratings/player-ratings/jhon-duran/247172,待中文名与能力审阅
s4-fc26-176580,Luis Suárez,,false,ATT,ST,AM,FC26 alternative position,ST,CAM,79,77,C,Uruguay,Inter Miami CF,MLS,182,39,right,4,3,53,82,74,76,41,75,176580,943,https://www.ea.com/games/ea-sports-fc/ratings/player-ratings/luis-suarez/176580,待中文名与能力审阅
s4-fc26-254022,Nick Woltemade,,false,ATT,ST,AM,FC26 alternative position,ST,CAM,79,77,C,Germany,Newcastle Utd,Premier League,199,24,right,3,4,67,78,65,79,41,74,254022,933,https://www.ea.com/games/ea-sports-fc/ratings/player-ratings/nick-woltemade/254022,待中文名与能力审阅
s4-fc26-205431,Niclas Füllkrug,,false,ATT,ST,AM,game fallback,ST,,79,77,C,Germany,West Ham,Premier League,188,33,right,4,3,57,82,71,73,43,77,205431,934,https://www.ea.com/games/ea-sports-fc/ratings/player-ratings/niclas-fullkrug/205431,待中文名与能力审阅
s4-fc26-277581,Samu,,false,ATT,ST,AM,game fallback,ST,,79,77,C,Spain,FC Porto,Liga Portugal,193,21,right,3,3,79,79,58,68,36,83,277581,940,https://www.ea.com/games/ea-sports-fc/ratings/player-ratings/samu/277581,待中文名与能力审阅
s4-fc26-258911,Toluwalase Arokodare,,false,ATT,ST,AM,game fallback,ST,,79,77,C,Nigeria,Wolves,Premier League,197,25,right,3,2,75,80,57,70,31,81,258911,952,https://www.ea.com/games/ea-sports-fc/ratings/player-ratings/toluwalase-arokodare/258911,待中文名与能力审阅
s4-fc26-205175,Arkadiusz Milik,,false,ATT,ST,AM,game fallback,ST,,79,76,C,Poland,Juventus,Serie A Enilive,186,32,left,3,3,50,82,72,77,40,67,205175,956,https://www.ea.com/games/ea-sports-fc/ratings/player-ratings/arkadiusz-milik/205175,待中文名与能力审阅
s4-fc26-277797,Marcos Leonardo,,false,ATT,ST,AM,FC26 alternative position,ST,CAM|CM,79,76,C,Brazil,Al Hilal,ROSHN Saudi League,175,22,right,4,4,78,78,63,75,27,67,277797,957,https://www.ea.com/games/ea-sports-fc/ratings/player-ratings/marcos-leonardo/277797,待中文名与能力审阅
s4-fc26-178509,Olivier Giroud,,false,ATT,ST,AM,game fallback,ST,,79,76,C,France,LOSC Lille,Ligue 1 McDonald's,193,39,left,3,3,48,80,71,73,41,79,178509,954,https://www.ea.com/games/ea-sports-fc/ratings/player-ratings/olivier-giroud/178509,待中文名与能力审阅
s4-fc26-223710,Vedat Muriqi,,false,ATT,ST,AM,game fallback,ST,,79,76,C,Kosovo,RCD Mallorca,LALIGA EA SPORTS,194,31,left,3,3,50,81,63,71,29,82,223710,965,https://www.ea.com/games/ea-sports-fc/ratings/player-ratings/vedat-muriqi/223710,待中文名与能力审阅
s4-fc26-255223,Amine Adli,,false,ATT,ST,LM,FC26 alternative position,ST,LM|CAM,78,76,C,Morocco,AFC Bournemouth,Premier League,174,25,left,3,4,84,76,70,82,42,69,255223,1112,https://www.ea.com/games/ea-sports-fc/ratings/player-ratings/amine-adli/255223,待中文名与能力审阅
s4-fc26-237034,Cucho,,false,ATT,ST,AM,FC26 alternative position,ST,CAM,78,76,C,Colombia,Real Betis,LALIGA EA SPORTS,176,26,right,4,4,81,77,75,81,42,78,237034,1052,https://www.ea.com/games/ea-sports-fc/ratings/player-ratings/cucho/237034,待中文名与能力审阅
s4-fc26-225403,İrfan Can Kahveci,,false,ATT,RW,AM,FC26 alternative position,RW,CAM|CM|RM,78,76,C,Turkey,Fenerbahçe,Trendyol Süper Lig,176,30,left,3,3,73,77,81,80,58,67,225403,1035,https://www.ea.com/games/ea-sports-fc/ratings/player-ratings/irfan-can-kahveci/225403,待中文名与能力审阅
s4-fc26-241602,Jhon Arias,,false,ATT,RW,AM,FC26 alternative position,RW,CAM|LW|RM,78,76,C,Colombia,Wolves,Premier League,168,28,right,4,3,85,75,74,79,42,68,241602,1111,https://www.ea.com/games/ea-sports-fc/ratings/player-ratings/jhon-arias/241602,待中文名与能力审阅
s4-fc26-239977,Nicolas Kühn,,false,ATT,RW,RM,FC26 alternative position,RW,RM,78,76,C,Germany,Como,Serie A Enilive,175,26,left,5,4,91,73,70,81,46,71,239977,1062,https://www.ea.com/games/ea-sports-fc/ratings/player-ratings/nicolas-kuhn/239977,待中文名与能力审阅
s4-fc26-244622,Puado,,false,ATT,ST,LM,FC26 alternative position,ST,LM|CAM,78,76,C,Spain,RCD Espanyol,LALIGA EA SPORTS,177,27,right,3,4,80,77,72,78,49,74,244622,1073,https://www.ea.com/games/ea-sports-fc/ratings/player-ratings/puado/244622,待中文名与能力审阅
s4-fc26-231943,Richarlison,,false,ATT,ST,LW,FC26 alternative position,ST,LW|LM,78,76,C,Brazil,Spurs,Premier League,184,28,right,4,4,76,78,72,78,53,75,231943,1061,https://www.ea.com/games/ea-sports-fc/ratings/player-ratings/richarlison/231943,待中文名与能力审阅
s4-fc26-206467,Alassane Pléa,,false,ATT,ST,AM,FC26 alternative position,ST,CAM|LW,78,75,C,France,PSV,Eredivisie,181,33,right,3,4,73,78,80,80,38,69,206467,1141,https://www.ea.com/games/ea-sports-fc/ratings/player-ratings/alassane-plea/206467,待中文名与能力审阅
s4-fc26-211368,Bruma,,false,ATT,LW,LM,FC26 alternative position,LW,LM|CAM,78,75,C,Portugal,SL Benfica,Liga Portugal,173,31,right,3,4,88,77,71,81,32,61,211368,1182,https://www.ea.com/games/ea-sports-fc/ratings/player-ratings/bruma/211368,待中文名与能力审阅
s4-fc26-217998,Cristian Arango,,false,ATT,ST,AM,FC26 alternative position,ST,CAM|LW,78,75,C,Colombia,SJ Earthquakes,MLS,178,31,right,3,3,75,79,71,77,36,74,217998,1172,https://www.ea.com/games/ea-sports-fc/ratings/player-ratings/cristian-arango/217998,待中文名与能力审阅
s4-fc26-186146,Danny Welbeck,,false,ATT,ST,AM,game fallback,ST,,78,75,C,England,Brighton,Premier League,185,35,right,4,3,60,78,74,77,45,77,186146,1176,https://www.ea.com/games/ea-sports-fc/ratings/player-ratings/danny-welbeck/186146,待中文名与能力审阅
s4-fc26-221992,Hirving Lozano,,false,ATT,LW,RW,FC26 alternative position,LW,RW|LM,78,75,C,Mexico,San Diego FC,MLS,176,30,right,3,3,88,75,71,80,41,58,221992,1169,https://www.ea.com/games/ea-sports-fc/ratings/player-ratings/hirving-lozano/221992,待中文名与能力审阅
s4-fc26-243032,Hugo Duro,,false,ATT,ST,AM,game fallback,ST,,78,75,C,Spain,Valencia CF,LALIGA EA SPORTS,177,26,left,4,3,71,78,68,75,47,75,243032,1166,https://www.ea.com/games/ea-sports-fc/ratings/player-ratings/hugo-duro/243032,待中文名与能力审阅
s4-fc26-241788,Mehdi Taremi,,false,ATT,ST,AM,game fallback,ST,,78,75,C,Iran,Olympiacos FC,Hellas Liga,187,33,right,4,4,74,78,74,78,38,68,241788,1183,https://www.ea.com/games/ea-sports-fc/ratings/player-ratings/mehdi-taremi/241788,待中文名与能力审阅
s4-fc26-242374,Musa Barrow,,false,ATT,ST,LM,FC26 alternative position,ST,LM|LW|CAM,78,75,C,Gambia,Al Taawoun,ROSHN Saudi League,183,27,right,4,4,85,80,70,77,32,66,242374,1184,https://www.ea.com/games/ea-sports-fc/ratings/player-ratings/musa-barrow/242374,待中文名与能力审阅
s4-fc26-208919,Ryan Gauld,,false,ATT,LW,ST,FC26 alternative position,LW,ST|RW|LM,78,75,C,Scotland,Whitecaps FC,MLS,169,30,left,3,4,83,68,77,82,51,54,208919,1157,https://www.ea.com/games/ea-sports-fc/ratings/player-ratings/ryan-gauld/208919,待中文名与能力审阅
s4-fc26-200260,Steven Berghuis,,false,ATT,RW,AM,FC26 alternative position,RW,CAM|RM,78,75,C,Holland,Ajax,Eredivisie,182,34,left,2,3,71,77,82,77,39,68,200260,1163,https://www.ea.com/games/ea-sports-fc/ratings/player-ratings/steven-berghuis/200260,待中文名与能力审阅
